ISO-10303-21;
HEADER;
FILE_DESCRIPTION(('STEP AP242'),'1');
FILE_NAME('m20-9750246.stp','2025-09-27T03:11:00',('TraceParts'),('TraceParts S.A.S.'),'Spatial InterOp 3D',' ',' ');
FILE_SCHEMA(('AP242_MANAGED_MODEL_BASED_3D_ENGINEERING_MIM_LF  {1 0 10303 442 1 1 4}'));
ENDSEC;
DATA;
#1=MECHANICAL_DESIGN_GEOMETRIC_PRESENTATION_REPRESENTATION(' ',(#12,#13,#14),#8);
#2=PRODUCT_DEFINITION_CONTEXT('',#15,'design');
#3=APPLICATION_PROTOCOL_DEFINITION('INTERNATIONAL STANDARD','ap242_managed_model_based_3d_engineering',2014,#15);
#4=PRODUCT_CATEGORY_RELATIONSHIP('NONE','NONE',#16,#17);
#5=SHAPE_DEFINITION_REPRESENTATION(#18,#19);
#6=SHAPE_DEFINITION_REPRESENTATION(#18,#20);
#7=SHAPE_DEFINITION_REPRESENTATION(#18,#21);
#8= (GEOMETRIC_REPRESENTATION_CONTEXT(3)GLOBAL_UNCERTAINTY_ASSIGNED_CONTEXT((#24))GLOBAL_UNIT_ASSIGNED_CONTEXT((#26,#27,#28))REPRESENTATION_CONTEXT('NONE','WORKSPACE'));
#12=STYLED_ITEM('',(#30),#31);
#13=STYLED_ITEM('',(#32),#33);
#14=STYLED_ITEM('',(#34),#35);
#15=APPLICATION_CONTEXT('managed model based 3d engineering');
#16=PRODUCT_CATEGORY('part','NONE');
#17=PRODUCT_RELATED_PRODUCT_CATEGORY('detail',' ',(#36));
#18=PRODUCT_DEFINITION_SHAPE('NONE','NONE',#37);
#19=ADVANCED_BREP_SHAPE_REPRESENTATION('M20-9750246_asm.stp|M20-9750246_asm:1#M20-975_ASM|M20-975-MOULD_912#M20-975-MOULD;Solide1',(#31,#38),#8);
#20=ADVANCED_BREP_SHAPE_REPRESENTATION('M20-9750246_asm.stp|M20-9750246_asm:1#M20-975_ASM|M20-975-PIN_913#M20-975-PIN;Solide1',(#33,#39),#8);
#21=ADVANCED_BREP_SHAPE_REPRESENTATION('M20-9750246_asm.stp|M20-9750246_asm:1#M20-975_ASM|M20-975-PIN_914#M20-975-PIN;Solide1',(#35,#40),#8);
#24=UNCERTAINTY_MEASURE_WITH_UNIT(LENGTH_MEASURE(1.0E-06),#26,'','');
#26= (CONVERSION_BASED_UNIT('MILLIMETRE',#43)LENGTH_UNIT()NAMED_UNIT(#46));
#27= (NAMED_UNIT(#48)PLANE_ANGLE_UNIT()SI_UNIT($,.RADIAN.));
#28= (NAMED_UNIT(#48)SOLID_ANGLE_UNIT()SI_UNIT($,.STERADIAN.));
#30=PRESENTATION_STYLE_ASSIGNMENT((#54));
#31=MANIFOLD_SOLID_BREP('M20-9750246_asm.stp|M20-9750246_asm:1#M20-975_ASM|M20-975-MOULD_912#M20-975-MOULD;Solide1',#55);
#32=PRESENTATION_STYLE_ASSIGNMENT((#56));
#33=MANIFOLD_SOLID_BREP('M20-9750246_asm.stp|M20-9750246_asm:1#M20-975_ASM|M20-975-PIN_913#M20-975-PIN;Solide1',#57);
#34=PRESENTATION_STYLE_ASSIGNMENT((#58));
#35=MANIFOLD_SOLID_BREP('M20-9750246_asm.stp|M20-9750246_asm:1#M20-975_ASM|M20-975-PIN_914#M20-975-PIN;Solide1',#59);
#36=PRODUCT('M20-9750246_asm.stp|M20-9750246_asm:1#M20-975_ASM|M20-975-MOULD_912#M20-975-MOULD;Solide1','','PART--DESC',(#60));
#37=PRODUCT_DEFINITION('','NONE',#61,#2);
#38=AXIS2_PLACEMENT_3D('',#62,#63,#64);
#39=AXIS2_PLACEMENT_3D('',#65,#66,#67);
#40=AXIS2_PLACEMENT_3D('',#68,#69,#70);
#43=LENGTH_MEASURE_WITH_UNIT(LENGTH_MEASURE(1.0),#71);
#46=DIMENSIONAL_EXPONENTS(1.0,0.0,0.0,0.0,0.0,0.0,0.0);
#48=DIMENSIONAL_EXPONENTS(0.0,0.0,0.0,0.0,0.0,0.0,0.0);
#54=SURFACE_STYLE_USAGE(.BOTH.,#72);
#55=CLOSED_SHELL('',(#73,#74,#75,#76,#77,#78,#79,#80,#81,#82,#83,#84,#85,#86,#87,#88,#89,#90,#91,#92,#93,#94,#95,#96,#97,#98,#99,#100,#101,#102,#103,#104,#105,#106,#107,#108,#109,#110,#111,#112,#113,#114,#115,#116,#117,#118,#119,#120,#121,#122));
#56=SURFACE_STYLE_USAGE(.BOTH.,#123);
#57=CLOSED_SHELL('',(#124,#125,#126,#127,#128,#129,#130,#131,#132,#133,#134,#135,#136,#137,#138,#139,#140,#141));
#58=SURFACE_STYLE_USAGE(.BOTH.,#142);
#59=CLOSED_SHELL('',(#143,#144,#145,#146,#147,#148,#149,#150,#151,#152,#153,#154,#155,#156,#157,#158,#159,#160));
#60=PRODUCT_CONTEXT('',#15,'mechanical');
#61=PRODUCT_DEFINITION_FORMATION_WITH_SPECIFIED_SOURCE(' ','NONE',#36,.NOT_KNOWN.);
#62=CARTESIAN_POINT('',(0.0,0.0,0.0));
#63=DIRECTION('',(0.0,0.0,1.0));
#64=DIRECTION('',(1.0,0.0,0.0));
#65=CARTESIAN_POINT('',(0.0,0.0,0.0));
#66=DIRECTION('',(0.0,0.0,1.0));
#67=DIRECTION('',(1.0,0.0,0.0));
#68=CARTESIAN_POINT('',(0.0,0.0,0.0));
#69=DIRECTION('',(0.0,0.0,1.0));
#70=DIRECTION('',(1.0,0.0,0.0));
#71= (NAMED_UNIT(#46)LENGTH_UNIT()SI_UNIT(.MILLI.,.METRE.));
#72=SURFACE_SIDE_STYLE('',(#162));
#73=ADVANCED_FACE('',(#163,#164),#165,.F.);
#74=ADVANCED_FACE('',(#166),#167,.T.);
#75=ADVANCED_FACE('',(#168),#169,.T.);
#76=ADVANCED_FACE('',(#170,#171),#172,.F.);
#77=ADVANCED_FACE('',(#173),#174,.T.);
#78=ADVANCED_FACE('',(#175),#176,.T.);
#79=ADVANCED_FACE('',(#177,#178),#179,.T.);
#80=ADVANCED_FACE('',(#180),#181,.T.);
#81=ADVANCED_FACE('',(#182),#183,.T.);
#82=ADVANCED_FACE('',(#184),#185,.T.);
#83=ADVANCED_FACE('',(#186),#187,.T.);
#84=ADVANCED_FACE('',(#188),#189,.F.);
#85=ADVANCED_FACE('',(#190),#191,.T.);
#86=ADVANCED_FACE('',(#192),#193,.T.);
#87=ADVANCED_FACE('',(#194),#195,.F.);
#88=ADVANCED_FACE('',(#196),#197,.F.);
#89=ADVANCED_FACE('',(#198),#199,.F.);
#90=ADVANCED_FACE('',(#200),#201,.T.);
#91=ADVANCED_FACE('',(#202),#203,.F.);
#92=ADVANCED_FACE('',(#204),#205,.F.);
#93=ADVANCED_FACE('',(#206),#207,.T.);
#94=ADVANCED_FACE('',(#208),#209,.T.);
#95=ADVANCED_FACE('',(#210),#211,.T.);
#96=ADVANCED_FACE('',(#212),#213,.F.);
#97=ADVANCED_FACE('',(#214),#215,.T.);
#98=ADVANCED_FACE('',(#216),#217,.T.);
#99=ADVANCED_FACE('',(#218),#219,.F.);
#100=ADVANCED_FACE('',(#220),#221,.T.);
#101=ADVANCED_FACE('',(#222),#223,.F.);
#102=ADVANCED_FACE('',(#224),#225,.F.);
#103=ADVANCED_FACE('',(#226,#227),#228,.T.);
#104=ADVANCED_FACE('',(#229),#230,.T.);
#105=ADVANCED_FACE('',(#231),#232,.T.);
#106=ADVANCED_FACE('',(#233),#234,.T.);
#107=ADVANCED_FACE('',(#235),#236,.T.);
#108=ADVANCED_FACE('',(#237),#238,.F.);
#109=ADVANCED_FACE('',(#239),#240,.F.);
#110=ADVANCED_FACE('',(#241),#242,.T.);
#111=ADVANCED_FACE('',(#243),#244,.T.);
#112=ADVANCED_FACE('',(#245),#246,.T.);
#113=ADVANCED_FACE('',(#247),#248,.T.);
#114=ADVANCED_FACE('',(#249),#250,.T.);
#115=ADVANCED_FACE('',(#251),#252,.F.);
#116=ADVANCED_FACE('',(#253),#254,.F.);
#117=ADVANCED_FACE('',(#255),#256,.F.);
#118=ADVANCED_FACE('',(#257),#258,.F.);
#119=ADVANCED_FACE('',(#259),#260,.F.);
#120=ADVANCED_FACE('',(#261),#262,.F.);
#121=ADVANCED_FACE('',(#263),#264,.F.);
#122=ADVANCED_FACE('',(#265),#266,.F.);
#123=SURFACE_SIDE_STYLE('',(#267));
#124=ADVANCED_FACE('',(#268),#269,.F.);
#125=ADVANCED_FACE('',(#270),#271,.T.);
#126=ADVANCED_FACE('',(#272),#273,.T.);
#127=ADVANCED_FACE('',(#274),#275,.T.);
#128=ADVANCED_FACE('',(#276),#277,.T.);
#129=ADVANCED_FACE('',(#278),#279,.T.);
#130=ADVANCED_FACE('',(#280),#281,.T.);
#131=ADVANCED_FACE('',(#282),#283,.T.);
#132=ADVANCED_FACE('',(#284),#285,.T.);
#133=ADVANCED_FACE('',(#286),#287,.T.);
#134=ADVANCED_FACE('',(#288),#289,.T.);
#135=ADVANCED_FACE('',(#290),#291,.F.);
#136=ADVANCED_FACE('',(#292),#293,.T.);
#137=ADVANCED_FACE('',(#294),#295,.F.);
#138=ADVANCED_FACE('',(#296),#297,.F.);
#139=ADVANCED_FACE('',(#298),#299,.T.);
#140=ADVANCED_FACE('',(#300),#301,.F.);
#141=ADVANCED_FACE('',(#302),#303,.F.);
#142=SURFACE_SIDE_STYLE('',(#304));
#143=ADVANCED_FACE('',(#305),#306,.F.);
#144=ADVANCED_FACE('',(#307),#308,.T.);
#145=ADVANCED_FACE('',(#309),#310,.T.);
#146=ADVANCED_FACE('',(#311),#312,.T.);
#147=ADVANCED_FACE('',(#313),#314,.T.);
#148=ADVANCED_FACE('',(#315),#316,.T.);
#149=ADVANCED_FACE('',(#317),#318,.T.);
#150=ADVANCED_FACE('',(#319),#320,.T.);
#151=ADVANCED_FACE('',(#321),#322,.T.);
#152=ADVANCED_FACE('',(#323),#324,.T.);
#153=ADVANCED_FACE('',(#325),#326,.T.);
#154=ADVANCED_FACE('',(#327),#328,.F.);
#155=ADVANCED_FACE('',(#329),#330,.T.);
#156=ADVANCED_FACE('',(#331),#332,.F.);
#157=ADVANCED_FACE('',(#333),#334,.F.);
#158=ADVANCED_FACE('',(#335),#336,.T.);
#159=ADVANCED_FACE('',(#337),#338,.F.);
#160=ADVANCED_FACE('',(#339),#340,.F.);
#162=SURFACE_STYLE_FILL_AREA(#341);
#163=FACE_OUTER_BOUND('',#342,.T.);
#164=FACE_BOUND('',#343,.T.);
#165=PLANE('',#344);
#166=FACE_OUTER_BOUND('',#345,.T.);
#167=PLANE('',#346);
#168=FACE_OUTER_BOUND('',#347,.T.);
#169=PLANE('',#348);
#170=FACE_OUTER_BOUND('',#349,.T.);
#171=FACE_BOUND('',#350,.T.);
#172=PLANE('',#351);
#173=FACE_OUTER_BOUND('',#352,.T.);
#174=PLANE('',#353);
#175=FACE_OUTER_BOUND('',#354,.T.);
#176=PLANE('',#355);
#177=FACE_OUTER_BOUND('',#356,.T.);
#178=FACE_BOUND('',#357,.T.);
#179=PLANE('',#358);
#180=FACE_OUTER_BOUND('',#359,.T.);
#181=PLANE('',#360);
#182=FACE_OUTER_BOUND('',#361,.T.);
#183=PLANE('',#362);
#184=FACE_OUTER_BOUND('',#363,.T.);
#185=PLANE('',#364);
#186=FACE_OUTER_BOUND('',#365,.T.);
#187=PLANE('',#366);
#188=FACE_OUTER_BOUND('',#367,.T.);
#189=PLANE('',#368);
#190=FACE_OUTER_BOUND('',#369,.T.);
#191=PLANE('',#370);
#192=FACE_OUTER_BOUND('',#371,.T.);
#193=PLANE('',#372);
#194=FACE_OUTER_BOUND('',#373,.T.);
#195=PLANE('',#374);
#196=FACE_OUTER_BOUND('',#375,.T.);
#197=PLANE('',#376);
#198=FACE_OUTER_BOUND('',#377,.T.);
#199=PLANE('',#378);
#200=FACE_OUTER_BOUND('',#379,.T.);
#201=PLANE('',#380);
#202=FACE_OUTER_BOUND('',#381,.T.);
#203=PLANE('',#382);
#204=FACE_OUTER_BOUND('',#383,.T.);
#205=PLANE('',#384);
#206=FACE_OUTER_BOUND('',#385,.T.);
#207=PLANE('',#386);
#208=FACE_OUTER_BOUND('',#387,.T.);
#209=PLANE('',#388);
#210=FACE_OUTER_BOUND('',#389,.T.);
#211=PLANE('',#390);
#212=FACE_OUTER_BOUND('',#391,.T.);
#213=PLANE('',#392);
#214=FACE_OUTER_BOUND('',#393,.T.);
#215=PLANE('',#394);
#216=FACE_OUTER_BOUND('',#395,.T.);
#217=PLANE('',#396);
#218=FACE_OUTER_BOUND('',#397,.T.);
#219=PLANE('',#398);
#220=FACE_OUTER_BOUND('',#399,.T.);
#221=PLANE('',#400);
#222=FACE_OUTER_BOUND('',#401,.T.);
#223=PLANE('',#402);
#224=FACE_OUTER_BOUND('',#403,.T.);
#225=PLANE('',#404);
#226=FACE_OUTER_BOUND('',#405,.T.);
#227=FACE_BOUND('',#406,.T.);
#228=PLANE('',#407);
#229=FACE_OUTER_BOUND('',#408,.T.);
#230=PLANE('',#409);
#231=FACE_OUTER_BOUND('',#410,.T.);
#232=PLANE('',#411);
#233=FACE_OUTER_BOUND('',#412,.T.);
#234=PLANE('',#413);
#235=FACE_OUTER_BOUND('',#414,.T.);
#236=PLANE('',#415);
#237=FACE_OUTER_BOUND('',#416,.T.);
#238=PLANE('',#417);
#239=FACE_OUTER_BOUND('',#418,.T.);
#240=PLANE('',#419);
#241=FACE_OUTER_BOUND('',#420,.T.);
#242=PLANE('',#421);
#243=FACE_OUTER_BOUND('',#422,.T.);
#244=PLANE('',#423);
#245=FACE_OUTER_BOUND('',#424,.T.);
#246=PLANE('',#425);
#247=FACE_OUTER_BOUND('',#426,.T.);
#248=PLANE('',#427);
#249=FACE_OUTER_BOUND('',#428,.T.);
#250=PLANE('',#429);
#251=FACE_OUTER_BOUND('',#430,.T.);
#252=PLANE('',#431);
#253=FACE_OUTER_BOUND('',#432,.T.);
#254=PLANE('',#433);
#255=FACE_OUTER_BOUND('',#434,.T.);
#256=PLANE('',#435);
#257=FACE_OUTER_BOUND('',#436,.T.);
#258=PLANE('',#437);
#259=FACE_OUTER_BOUND('',#438,.T.);
#260=PLANE('',#439);
#261=FACE_OUTER_BOUND('',#440,.T.);
#262=PLANE('',#441);
#263=FACE_OUTER_BOUND('',#442,.T.);
#264=PLANE('',#443);
#265=FACE_OUTER_BOUND('',#444,.T.);
#266=PLANE('',#445);
#267=SURFACE_STYLE_FILL_AREA(#446);
#268=FACE_OUTER_BOUND('',#447,.T.);
#269=PLANE('',#448);
#270=FACE_OUTER_BOUND('',#449,.T.);
#271=PLANE('',#450);
#272=FACE_OUTER_BOUND('',#451,.T.);
#273=PLANE('',#452);
#274=FACE_OUTER_BOUND('',#453,.T.);
#275=PLANE('',#454);
#276=FACE_OUTER_BOUND('',#455,.T.);
#277=PLANE('',#456);
#278=FACE_OUTER_BOUND('',#457,.T.);
#279=PLANE('',#458);
#280=FACE_OUTER_BOUND('',#459,.T.);
#281=PLANE('',#460);
#282=FACE_OUTER_BOUND('',#461,.T.);
#283=PLANE('',#462);
#284=FACE_OUTER_BOUND('',#463,.T.);
#285=PLANE('',#464);
#286=FACE_OUTER_BOUND('',#465,.T.);
#287=CYLINDRICAL_SURFACE('',#466,1.64);
#288=FACE_OUTER_BOUND('',#467,.T.);
#289=PLANE('',#468);
#290=FACE_OUTER_BOUND('',#469,.T.);
#291=PLANE('',#470);
#292=FACE_OUTER_BOUND('',#471,.T.);
#293=PLANE('',#472);
#294=FACE_OUTER_BOUND('',#473,.T.);
#295=PLANE('',#474);
#296=FACE_OUTER_BOUND('',#475,.T.);
#297=PLANE('',#476);
#298=FACE_OUTER_BOUND('',#477,.T.);
#299=PLANE('',#478);
#300=FACE_OUTER_BOUND('',#479,.T.);
#301=CYLINDRICAL_SURFACE('',#480,1.0);
#302=FACE_OUTER_BOUND('',#481,.T.);
#303=PLANE('',#482);
#304=SURFACE_STYLE_FILL_AREA(#483);
#305=FACE_OUTER_BOUND('',#484,.T.);
#306=PLANE('',#485);
#307=FACE_OUTER_BOUND('',#486,.T.);
#308=PLANE('',#487);
#309=FACE_OUTER_BOUND('',#488,.T.);
#310=PLANE('',#489);
#311=FACE_OUTER_BOUND('',#490,.T.);
#312=PLANE('',#491);
#313=FACE_OUTER_BOUND('',#492,.T.);
#314=PLANE('',#493);
#315=FACE_OUTER_BOUND('',#494,.T.);
#316=PLANE('',#495);
#317=FACE_OUTER_BOUND('',#496,.T.);
#318=PLANE('',#497);
#319=FACE_OUTER_BOUND('',#498,.T.);
#320=PLANE('',#499);
#321=FACE_OUTER_BOUND('',#500,.T.);
#322=PLANE('',#501);
#323=FACE_OUTER_BOUND('',#502,.T.);
#324=CYLINDRICAL_SURFACE('',#503,1.64);
#325=FACE_OUTER_BOUND('',#504,.T.);
#326=PLANE('',#505);
#327=FACE_OUTER_BOUND('',#506,.T.);
#328=PLANE('',#507);
#329=FACE_OUTER_BOUND('',#508,.T.);
#330=PLANE('',#509);
#331=FACE_OUTER_BOUND('',#510,.T.);
#332=PLANE('',#511);
#333=FACE_OUTER_BOUND('',#512,.T.);
#334=PLANE('',#513);
#335=FACE_OUTER_BOUND('',#514,.T.);
#336=PLANE('',#515);
#337=FACE_OUTER_BOUND('',#516,.T.);
#338=CYLINDRICAL_SURFACE('',#517,1.0);
#339=FACE_OUTER_BOUND('',#518,.T.);
#340=PLANE('',#519);
#341=FILL_AREA_STYLE('',(#520));
#342=EDGE_LOOP('',(#521,#522,#523,#524,#525,#526,#527,#528));
#343=EDGE_LOOP('',(#529,#530,#531,#532));
#344=AXIS2_PLACEMENT_3D('',#533,#534,#535);
#345=EDGE_LOOP('',(#536,#537,#538,#539));
#346=AXIS2_PLACEMENT_3D('',#540,#541,#542);
#347=EDGE_LOOP('',(#543,#544,#545,#546));
#348=AXIS2_PLACEMENT_3D('',#547,#548,#549);
#349=EDGE_LOOP('',(#550,#551,#552,#553,#554,#555,#556,#557));
#350=EDGE_LOOP('',(#558,#559,#560,#561));
#351=AXIS2_PLACEMENT_3D('',#562,#563,#564);
#352=EDGE_LOOP('',(#565,#566,#567,#568));
#353=AXIS2_PLACEMENT_3D('',#569,#570,#571);
#354=EDGE_LOOP('',(#572,#573,#574,#575,#576,#577));
#355=AXIS2_PLACEMENT_3D('',#578,#579,#580);
#356=EDGE_LOOP('',(#581,#582,#583,#584,#585,#586,#587,#588,#589,#590,#591,#592));
#357=EDGE_LOOP('',(#593,#594,#595,#596));
#358=AXIS2_PLACEMENT_3D('',#597,#598,#599);
#359=EDGE_LOOP('',(#600,#601,#602,#603));
#360=AXIS2_PLACEMENT_3D('',#604,#605,#606);
#361=EDGE_LOOP('',(#607,#608,#609,#610));
#362=AXIS2_PLACEMENT_3D('',#611,#612,#613);
#363=EDGE_LOOP('',(#614,#615,#616,#617,#618,#619));
#364=AXIS2_PLACEMENT_3D('',#620,#621,#622);
#365=EDGE_LOOP('',(#623,#624,#625,#626,#627,#628));
#366=AXIS2_PLACEMENT_3D('',#629,#630,#631);
#367=EDGE_LOOP('',(#632,#633,#634,#635));
#368=AXIS2_PLACEMENT_3D('',#636,#637,#638);
#369=EDGE_LOOP('',(#639,#640,#641,#642));
#370=AXIS2_PLACEMENT_3D('',#643,#644,#645);
#371=EDGE_LOOP('',(#646,#647,#648,#649));
#372=AXIS2_PLACEMENT_3D('',#650,#651,#652);
#373=EDGE_LOOP('',(#653,#654,#655,#656));
#374=AXIS2_PLACEMENT_3D('',#657,#658,#659);
#375=EDGE_LOOP('',(#660,#661,#662,#663));
#376=AXIS2_PLACEMENT_3D('',#664,#665,#666);
#377=EDGE_LOOP('',(#667,#668,#669,#670));
#378=AXIS2_PLACEMENT_3D('',#671,#672,#673);
#379=EDGE_LOOP('',(#674,#675,#676,#677,#678,#679));
#380=AXIS2_PLACEMENT_3D('',#680,#681,#682);
#381=EDGE_LOOP('',(#683,#684,#685,#686));
#382=AXIS2_PLACEMENT_3D('',#687,#688,#689);
#383=EDGE_LOOP('',(#690,#691,#692,#693));
#384=AXIS2_PLACEMENT_3D('',#694,#695,#696);
#385=EDGE_LOOP('',(#697,#698,#699,#700,#701,#702));
#386=AXIS2_PLACEMENT_3D('',#703,#704,#705);
#387=EDGE_LOOP('',(#706,#707,#708,#709,#710,#711));
#388=AXIS2_PLACEMENT_3D('',#712,#713,#714);
#389=EDGE_LOOP('',(#715,#716,#717,#718,#719,#720));
#390=AXIS2_PLACEMENT_3D('',#721,#722,#723);
#391=EDGE_LOOP('',(#724,#725,#726,#727));
#392=AXIS2_PLACEMENT_3D('',#728,#729,#730);
#393=EDGE_LOOP('',(#731,#732,#733,#734));
#394=AXIS2_PLACEMENT_3D('',#735,#736,#737);
#395=EDGE_LOOP('',(#738,#739,#740,#741));
#396=AXIS2_PLACEMENT_3D('',#742,#743,#744);
#397=EDGE_LOOP('',(#745,#746,#747,#748));
#398=AXIS2_PLACEMENT_3D('',#749,#750,#751);
#399=EDGE_LOOP('',(#752,#753,#754,#755,#756,#757));
#400=AXIS2_PLACEMENT_3D('',#758,#759,#760);
#401=EDGE_LOOP('',(#761,#762,#763,#764));
#402=AXIS2_PLACEMENT_3D('',#765,#766,#767);
#403=EDGE_LOOP('',(#768,#769,#770,#771));
#404=AXIS2_PLACEMENT_3D('',#772,#773,#774);
#405=EDGE_LOOP('',(#775,#776,#777,#778,#779,#780,#781,#782,#783,#784,#785,#786));
#406=EDGE_LOOP('',(#787,#788,#789,#790));
#407=AXIS2_PLACEMENT_3D('',#791,#792,#793);
#408=EDGE_LOOP('',(#794,#795,#796,#797));
#409=AXIS2_PLACEMENT_3D('',#798,#799,#800);
#410=EDGE_LOOP('',(#801,#802,#803,#804));
#411=AXIS2_PLACEMENT_3D('',#805,#806,#807);
#412=EDGE_LOOP('',(#808,#809,#810,#811,#812,#813));
#413=AXIS2_PLACEMENT_3D('',#814,#815,#816);
#414=EDGE_LOOP('',(#817,#818,#819,#820,#821,#822));
#415=AXIS2_PLACEMENT_3D('',#823,#824,#825);
#416=EDGE_LOOP('',(#826,#827,#828,#829));
#417=AXIS2_PLACEMENT_3D('',#830,#831,#832);
#418=EDGE_LOOP('',(#833,#834,#835,#836));
#419=AXIS2_PLACEMENT_3D('',#837,#838,#839);
#420=EDGE_LOOP('',(#840,#841,#842,#843,#844,#845));
#421=AXIS2_PLACEMENT_3D('',#846,#847,#848);
#422=EDGE_LOOP('',(#849,#850,#851,#852));
#423=AXIS2_PLACEMENT_3D('',#853,#854,#855);
#424=EDGE_LOOP('',(#856,#857,#858,#859,#860,#861));
#425=AXIS2_PLACEMENT_3D('',#862,#863,#864);
#426=EDGE_LOOP('',(#865,#866,#867,#868));
#427=AXIS2_PLACEMENT_3D('',#869,#870,#871);
#428=EDGE_LOOP('',(#872,#873,#874,#875));
#429=AXIS2_PLACEMENT_3D('',#876,#877,#878);
#430=EDGE_LOOP('',(#879,#880,#881,#882));
#431=AXIS2_PLACEMENT_3D('',#883,#884,#885);
#432=EDGE_LOOP('',(#886,#887,#888,#889));
#433=AXIS2_PLACEMENT_3D('',#890,#891,#892);
#434=EDGE_LOOP('',(#893,#894,#895,#896));
#435=AXIS2_PLACEMENT_3D('',#897,#898,#899);
#436=EDGE_LOOP('',(#900,#901,#902,#903));
#437=AXIS2_PLACEMENT_3D('',#904,#905,#906);
#438=EDGE_LOOP('',(#907,#908,#909,#910));
#439=AXIS2_PLACEMENT_3D('',#911,#912,#913);
#440=EDGE_LOOP('',(#914,#915,#916,#917));
#441=AXIS2_PLACEMENT_3D('',#918,#919,#920);
#442=EDGE_LOOP('',(#921,#922,#923,#924));
#443=AXIS2_PLACEMENT_3D('',#925,#926,#927);
#444=EDGE_LOOP('',(#928,#929,#930,#931));
#445=AXIS2_PLACEMENT_3D('',#932,#933,#934);
#446=FILL_AREA_STYLE('',(#935));
#447=EDGE_LOOP('',(#936,#937,#938,#939));
#448=AXIS2_PLACEMENT_3D('',#940,#941,#942);
#449=EDGE_LOOP('',(#943,#944,#945,#946));
#450=AXIS2_PLACEMENT_3D('',#947,#948,#949);
#451=EDGE_LOOP('',(#950,#951,#952,#953));
#452=AXIS2_PLACEMENT_3D('',#954,#955,#956);
#453=EDGE_LOOP('',(#957,#958,#959,#960));
#454=AXIS2_PLACEMENT_3D('',#961,#962,#963);
#455=EDGE_LOOP('',(#964,#965,#966,#967));
#456=AXIS2_PLACEMENT_3D('',#968,#969,#970);
#457=EDGE_LOOP('',(#971,#972,#973,#974,#975,#976,#977,#978));
#458=AXIS2_PLACEMENT_3D('',#979,#980,#981);
#459=EDGE_LOOP('',(#982,#983,#984,#985));
#460=AXIS2_PLACEMENT_3D('',#986,#987,#988);
#461=EDGE_LOOP('',(#989,#990,#991,#992,#993,#994,#995,#996));
#462=AXIS2_PLACEMENT_3D('',#997,#998,#999);
#463=EDGE_LOOP('',(#1000,#1001,#1002,#1003));
#464=AXIS2_PLACEMENT_3D('',#1004,#1005,#1006);
#465=EDGE_LOOP('',(#1007,#1008,#1009,#1010));
#466=AXIS2_PLACEMENT_3D('',#1011,#1012,#1013);
#467=EDGE_LOOP('',(#1014,#1015,#1016,#1017));
#468=AXIS2_PLACEMENT_3D('',#1018,#1019,#1020);
#469=EDGE_LOOP('',(#1021,#1022,#1023,#1024));
#470=AXIS2_PLACEMENT_3D('',#1025,#1026,#1027);
#471=EDGE_LOOP('',(#1028,#1029,#1030,#1031));
#472=AXIS2_PLACEMENT_3D('',#1032,#1033,#1034);
#473=EDGE_LOOP('',(#1035,#1036,#1037,#1038));
#474=AXIS2_PLACEMENT_3D('',#1039,#1040,#1041);
#475=EDGE_LOOP('',(#1042,#1043,#1044,#1045));
#476=AXIS2_PLACEMENT_3D('',#1046,#1047,#1048);
#477=EDGE_LOOP('',(#1049,#1050,#1051,#1052));
#478=AXIS2_PLACEMENT_3D('',#1053,#1054,#1055);
#479=EDGE_LOOP('',(#1056,#1057,#1058,#1059));
#480=AXIS2_PLACEMENT_3D('',#1060,#1061,#1062);
#481=EDGE_LOOP('',(#1063,#1064,#1065,#1066));
#482=AXIS2_PLACEMENT_3D('',#1067,#1068,#1069);
#483=FILL_AREA_STYLE('',(#1070));
#484=EDGE_LOOP('',(#1071,#1072,#1073,#1074));
#485=AXIS2_PLACEMENT_3D('',#1075,#1076,#1077);
#486=EDGE_LOOP('',(#1078,#1079,#1080,#1081));
#487=AXIS2_PLACEMENT_3D('',#1082,#1083,#1084);
#488=EDGE_LOOP('',(#1085,#1086,#1087,#1088));
#489=AXIS2_PLACEMENT_3D('',#1089,#1090,#1091);
#490=EDGE_LOOP('',(#1092,#1093,#1094,#1095));
#491=AXIS2_PLACEMENT_3D('',#1096,#1097,#1098);
#492=EDGE_LOOP('',(#1099,#1100,#1101,#1102));
#493=AXIS2_PLACEMENT_3D('',#1103,#1104,#1105);
#494=EDGE_LOOP('',(#1106,#1107,#1108,#1109,#1110,#1111,#1112,#1113));
#495=AXIS2_PLACEMENT_3D('',#1114,#1115,#1116);
#496=EDGE_LOOP('',(#1117,#1118,#1119,#1120));
#497=AXIS2_PLACEMENT_3D('',#1121,#1122,#1123);
#498=EDGE_LOOP('',(#1124,#1125,#1126,#1127,#1128,#1129,#1130,#1131));
#499=AXIS2_PLACEMENT_3D('',#1132,#1133,#1134);
#500=EDGE_LOOP('',(#1135,#1136,#1137,#1138));
#501=AXIS2_PLACEMENT_3D('',#1139,#1140,#1141);
#502=EDGE_LOOP('',(#1142,#1143,#1144,#1145));
#503=AXIS2_PLACEMENT_3D('',#1146,#1147,#1148);
#504=EDGE_LOOP('',(#1149,#1150,#1151,#1152));
#505=AXIS2_PLACEMENT_3D('',#1153,#1154,#1155);
#506=EDGE_LOOP('',(#1156,#1157,#1158,#1159));
#507=AXIS2_PLACEMENT_3D('',#1160,#1161,#1162);
#508=EDGE_LOOP('',(#1163,#1164,#1165,#1166));
#509=AXIS2_PLACEMENT_3D('',#1167,#1168,#1169);
#510=EDGE_LOOP('',(#1170,#1171,#1172,#1173));
#511=AXIS2_PLACEMENT_3D('',#1174,#1175,#1176);
#512=EDGE_LOOP('',(#1177,#1178,#1179,#1180));
#513=AXIS2_PLACEMENT_3D('',#1181,#1182,#1183);
#514=EDGE_LOOP('',(#1184,#1185,#1186,#1187));
#515=AXIS2_PLACEMENT_3D('',#1188,#1189,#1190);
#516=EDGE_LOOP('',(#1191,#1192,#1193,#1194));
#517=AXIS2_PLACEMENT_3D('',#1195,#1196,#1197);
#518=EDGE_LOOP('',(#1198,#1199,#1200,#1201));
#519=AXIS2_PLACEMENT_3D('',#1202,#1203,#1204);
#520=FILL_AREA_STYLE_COLOUR('',#1205);
#521=ORIENTED_EDGE('',*,*,#1206,.F.);
#522=ORIENTED_EDGE('',*,*,#1207,.T.);
#523=ORIENTED_EDGE('',*,*,#1208,.F.);
#524=ORIENTED_EDGE('',*,*,#1209,.T.);
#525=ORIENTED_EDGE('',*,*,#1210,.F.);
#526=ORIENTED_EDGE('',*,*,#1211,.T.);
#527=ORIENTED_EDGE('',*,*,#1212,.F.);
#528=ORIENTED_EDGE('',*,*,#1213,.T.);
#529=ORIENTED_EDGE('',*,*,#1214,.F.);
#530=ORIENTED_EDGE('',*,*,#1215,.F.);
#531=ORIENTED_EDGE('',*,*,#1216,.F.);
#532=ORIENTED_EDGE('',*,*,#1217,.F.);
#533=CARTESIAN_POINT('',(0.0,0.0,0.0));
#534=DIRECTION('',(0.0,-1.0,0.0));
#535=DIRECTION('',(0.0,0.0,-1.0));
#536=ORIENTED_EDGE('',*,*,#1218,.T.);
#537=ORIENTED_EDGE('',*,*,#1219,.F.);
#538=ORIENTED_EDGE('',*,*,#1206,.T.);
#539=ORIENTED_EDGE('',*,*,#1220,.T.);
#540=CARTESIAN_POINT('',(3.56,0.0,-1.02));
#541=DIRECTION('',(0.707106781186548,0.707106781186548,0.0));
#542=DIRECTION('',(0.0,0.0,-1.0));
#543=ORIENTED_EDGE('',*,*,#1221,.T.);
#544=ORIENTED_EDGE('',*,*,#1222,.T.);
#545=ORIENTED_EDGE('',*,*,#1218,.F.);
#546=ORIENTED_EDGE('',*,*,#1223,.F.);
#547=CARTESIAN_POINT('',(4.06,0.0,1.02));
#548=DIRECTION('',(-0.707106781186548,0.707106781186548,0.0));
#549=DIRECTION('',(0.0,0.0,1.0));
#550=ORIENTED_EDGE('',*,*,#1224,.F.);
#551=ORIENTED_EDGE('',*,*,#1225,.T.);
#552=ORIENTED_EDGE('',*,*,#1226,.F.);
#553=ORIENTED_EDGE('',*,*,#1227,.T.);
#554=ORIENTED_EDGE('',*,*,#1221,.F.);
#555=ORIENTED_EDGE('',*,*,#1228,.T.);
#556=ORIENTED_EDGE('',*,*,#1229,.F.);
#557=ORIENTED_EDGE('',*,*,#1230,.T.);
#558=ORIENTED_EDGE('',*,*,#1231,.F.);
#559=ORIENTED_EDGE('',*,*,#1232,.F.);
#560=ORIENTED_EDGE('',*,*,#1233,.F.);
#561=ORIENTED_EDGE('',*,*,#1234,.F.);
#562=CARTESIAN_POINT('',(0.0,0.0,0.0));
#563=DIRECTION('',(0.0,-1.0,0.0));
#564=DIRECTION('',(0.0,0.0,-1.0));
#565=ORIENTED_EDGE('',*,*,#1224,.T.);
#566=ORIENTED_EDGE('',*,*,#1235,.T.);
#567=ORIENTED_EDGE('',*,*,#1236,.F.);
#568=ORIENTED_EDGE('',*,*,#1237,.F.);
#569=CARTESIAN_POINT('',(6.1,0.0,-1.02));
#570=DIRECTION('',(0.707106781186548,0.707106781186548,0.0));
#571=DIRECTION('',(0.0,0.0,-1.0));
#572=ORIENTED_EDGE('',*,*,#1238,.T.);
#573=ORIENTED_EDGE('',*,*,#1239,.F.);
#574=ORIENTED_EDGE('',*,*,#1225,.F.);
#575=ORIENTED_EDGE('',*,*,#1237,.T.);
#576=ORIENTED_EDGE('',*,*,#1240,.T.);
#577=ORIENTED_EDGE('',*,*,#1241,.T.);
#578=CARTESIAN_POINT('',(6.35,0.0,-0.77));
#579=DIRECTION('',(0.707106781186548,0.0,-0.707106781186548));
#580=DIRECTION('',(0.0,-1.0,0.0));
#581=ORIENTED_EDGE('',*,*,#1242,.T.);
#582=ORIENTED_EDGE('',*,*,#1243,.F.);
#583=ORIENTED_EDGE('',*,*,#1244,.T.);
#584=ORIENTED_EDGE('',*,*,#1245,.T.);
#585=ORIENTED_EDGE('',*,*,#1246,.T.);
#586=ORIENTED_EDGE('',*,*,#1247,.F.);
#587=ORIENTED_EDGE('',*,*,#1248,.T.);
#588=ORIENTED_EDGE('',*,*,#1249,.F.);
#589=ORIENTED_EDGE('',*,*,#1250,.T.);
#590=ORIENTED_EDGE('',*,*,#1251,.T.);
#591=ORIENTED_EDGE('',*,*,#1252,.T.);
#592=ORIENTED_EDGE('',*,*,#1238,.F.);
#593=ORIENTED_EDGE('',*,*,#1253,.T.);
#594=ORIENTED_EDGE('',*,*,#1254,.T.);
#595=ORIENTED_EDGE('',*,*,#1255,.T.);
#596=ORIENTED_EDGE('',*,*,#1256,.T.);
#597=CARTESIAN_POINT('',(0.0,-1.94,0.0));
#598=DIRECTION('',(0.0,-1.0,0.0));
#599=DIRECTION('',(0.0,0.0,-1.0));
#600=ORIENTED_EDGE('',*,*,#1257,.T.);
#601=ORIENTED_EDGE('',*,*,#1258,.T.);
#602=ORIENTED_EDGE('',*,*,#1242,.F.);
#603=ORIENTED_EDGE('',*,*,#1241,.F.);
#604=CARTESIAN_POINT('',(6.35,-1.69,-0.77));
#605=DIRECTION('',(0.707106781186548,-0.707106781186548,0.0));
#606=DIRECTION('',(0.0,0.0,-1.0));
#607=ORIENTED_EDGE('',*,*,#1257,.F.);
#608=ORIENTED_EDGE('',*,*,#1240,.F.);
#609=ORIENTED_EDGE('',*,*,#1236,.T.);
#610=ORIENTED_EDGE('',*,*,#1259,.T.);
#611=CARTESIAN_POINT('',(6.35,0.0,-1.27));
#612=DIRECTION('',(1.0,0.0,0.0));
#613=DIRECTION('',(0.0,1.0,0.0));
#614=ORIENTED_EDGE('',*,*,#1243,.T.);
#615=ORIENTED_EDGE('',*,*,#1258,.F.);
#616=ORIENTED_EDGE('',*,*,#1259,.F.);
#617=ORIENTED_EDGE('',*,*,#1235,.F.);
#618=ORIENTED_EDGE('',*,*,#1230,.F.);
#619=ORIENTED_EDGE('',*,*,#1260,.T.);
#620=CARTESIAN_POINT('',(5.85,0.0,1.27));
#621=DIRECTION('',(0.707106781186548,0.0,0.707106781186548));
#622=DIRECTION('',(0.0,-1.0,0.0));
#623=ORIENTED_EDGE('',*,*,#1261,.T.);
#624=ORIENTED_EDGE('',*,*,#1260,.F.);
#625=ORIENTED_EDGE('',*,*,#1229,.T.);
#626=ORIENTED_EDGE('',*,*,#1262,.T.);
#627=ORIENTED_EDGE('',*,*,#1263,.F.);
#628=ORIENTED_EDGE('',*,*,#1264,.F.);
#629=CARTESIAN_POINT('',(6.35,0.0,1.27));
#630=DIRECTION('',(0.0,0.0,1.0));
#631=DIRECTION('',(1.0,0.0,0.0));
#632=ORIENTED_EDGE('',*,*,#1265,.T.);
#633=ORIENTED_EDGE('',*,*,#1266,.T.);
#634=ORIENTED_EDGE('',*,*,#1244,.F.);
#635=ORIENTED_EDGE('',*,*,#1261,.F.);
#636=CARTESIAN_POINT('',(5.85,-2.54,1.27));
#637=DIRECTION('',(-1.0,0.0,0.0));
#638=DIRECTION('',(0.0,0.0,1.0));
#639=ORIENTED_EDGE('',*,*,#1265,.F.);
#640=ORIENTED_EDGE('',*,*,#1264,.T.);
#641=ORIENTED_EDGE('',*,*,#1267,.T.);
#642=ORIENTED_EDGE('',*,*,#1268,.F.);
#643=CARTESIAN_POINT('',(0.0,-2.54,0.0));
#644=DIRECTION('',(0.0,-1.0,0.0));
#645=DIRECTION('',(0.0,0.0,-1.0));
#646=ORIENTED_EDGE('',*,*,#1269,.F.);
#647=ORIENTED_EDGE('',*,*,#1270,.T.);
#648=ORIENTED_EDGE('',*,*,#1271,.T.);
#649=ORIENTED_EDGE('',*,*,#1272,.F.);
#650=CARTESIAN_POINT('',(0.0,-2.54,0.0));
#651=DIRECTION('',(0.0,-1.0,0.0));
#652=DIRECTION('',(0.0,0.0,-1.0));
#653=ORIENTED_EDGE('',*,*,#1268,.T.);
#654=ORIENTED_EDGE('',*,*,#1273,.T.);
#655=ORIENTED_EDGE('',*,*,#1245,.F.);
#656=ORIENTED_EDGE('',*,*,#1266,.F.);
#657=CARTESIAN_POINT('',(5.85,-2.54,0.77));
#658=DIRECTION('',(0.0,0.0,1.0));
#659=DIRECTION('',(1.0,0.0,0.0));
#660=ORIENTED_EDGE('',*,*,#1267,.F.);
#661=ORIENTED_EDGE('',*,*,#1263,.T.);
#662=ORIENTED_EDGE('',*,*,#1246,.F.);
#663=ORIENTED_EDGE('',*,*,#1273,.F.);
#664=CARTESIAN_POINT('',(4.31,-2.54,0.77));
#665=DIRECTION('',(1.0,0.0,0.0));
#666=DIRECTION('',(0.0,1.0,0.0));
#667=ORIENTED_EDGE('',*,*,#1269,.T.);
#668=ORIENTED_EDGE('',*,*,#1274,.T.);
#669=ORIENTED_EDGE('',*,*,#1250,.F.);
#670=ORIENTED_EDGE('',*,*,#1275,.F.);
#671=CARTESIAN_POINT('',(4.31,-2.54,-1.27));
#672=DIRECTION('',(1.0,0.0,0.0));
#673=DIRECTION('',(0.0,1.0,0.0));
#674=ORIENTED_EDGE('',*,*,#1275,.T.);
#675=ORIENTED_EDGE('',*,*,#1276,.F.);
#676=ORIENTED_EDGE('',*,*,#1226,.T.);
#677=ORIENTED_EDGE('',*,*,#1239,.T.);
#678=ORIENTED_EDGE('',*,*,#1277,.F.);
#679=ORIENTED_EDGE('',*,*,#1270,.F.);
#680=CARTESIAN_POINT('',(3.81,0.0,-1.27));
#681=DIRECTION('',(0.0,0.0,-1.0));
#682=DIRECTION('',(0.0,-1.0,0.0));
#683=ORIENTED_EDGE('',*,*,#1271,.F.);
#684=ORIENTED_EDGE('',*,*,#1277,.T.);
#685=ORIENTED_EDGE('',*,*,#1252,.F.);
#686=ORIENTED_EDGE('',*,*,#1278,.F.);
#687=CARTESIAN_POINT('',(5.85,-2.54,-0.77));
#688=DIRECTION('',(-1.0,0.0,0.0));
#689=DIRECTION('',(0.0,0.0,1.0));
#690=ORIENTED_EDGE('',*,*,#1272,.T.);
#691=ORIENTED_EDGE('',*,*,#1278,.T.);
#692=ORIENTED_EDGE('',*,*,#1251,.F.);
#693=ORIENTED_EDGE('',*,*,#1274,.F.);
#694=CARTESIAN_POINT('',(4.31,-2.54,-0.77));
#695=DIRECTION('',(0.0,0.0,-1.0));
#696=DIRECTION('',(0.0,-1.0,0.0));
#697=ORIENTED_EDGE('',*,*,#1249,.T.);
#698=ORIENTED_EDGE('',*,*,#1279,.F.);
#699=ORIENTED_EDGE('',*,*,#1280,.F.);
#700=ORIENTED_EDGE('',*,*,#1222,.F.);
#701=ORIENTED_EDGE('',*,*,#1227,.F.);
#702=ORIENTED_EDGE('',*,*,#1276,.T.);
#703=CARTESIAN_POINT('',(4.31,0.0,-1.27));
#704=DIRECTION('',(-0.707106781186548,0.0,-0.707106781186548));
#705=DIRECTION('',(-0.707106781186548,0.0,0.707106781186548));
#706=ORIENTED_EDGE('',*,*,#1280,.T.);
#707=ORIENTED_EDGE('',*,*,#1281,.T.);
#708=ORIENTED_EDGE('',*,*,#1282,.T.);
#709=ORIENTED_EDGE('',*,*,#1283,.F.);
#710=ORIENTED_EDGE('',*,*,#1207,.F.);
#711=ORIENTED_EDGE('',*,*,#1219,.T.);
#712=CARTESIAN_POINT('',(3.81,0.0,-0.77));
#713=DIRECTION('',(0.707106781186548,0.0,-0.707106781186548));
#714=DIRECTION('',(0.0,-1.0,0.0));
#715=ORIENTED_EDGE('',*,*,#1284,.T.);
#716=ORIENTED_EDGE('',*,*,#1285,.F.);
#717=ORIENTED_EDGE('',*,*,#1208,.T.);
#718=ORIENTED_EDGE('',*,*,#1283,.T.);
#719=ORIENTED_EDGE('',*,*,#1286,.F.);
#720=ORIENTED_EDGE('',*,*,#1287,.F.);
#721=CARTESIAN_POINT('',(1.27,0.0,-1.27));
#722=DIRECTION('',(0.0,0.0,-1.0));
#723=DIRECTION('',(0.0,-1.0,0.0));
#724=ORIENTED_EDGE('',*,*,#1288,.T.);
#725=ORIENTED_EDGE('',*,*,#1289,.T.);
#726=ORIENTED_EDGE('',*,*,#1290,.F.);
#727=ORIENTED_EDGE('',*,*,#1284,.F.);
#728=CARTESIAN_POINT('',(1.77,-2.54,-1.27));
#729=DIRECTION('',(1.0,0.0,0.0));
#730=DIRECTION('',(0.0,1.0,0.0));
#731=ORIENTED_EDGE('',*,*,#1291,.F.);
#732=ORIENTED_EDGE('',*,*,#1292,.T.);
#733=ORIENTED_EDGE('',*,*,#1293,.T.);
#734=ORIENTED_EDGE('',*,*,#1294,.F.);
#735=CARTESIAN_POINT('',(0.0,-2.54,0.0));
#736=DIRECTION('',(0.0,-1.0,0.0));
#737=DIRECTION('',(0.0,0.0,-1.0));
#738=ORIENTED_EDGE('',*,*,#1288,.F.);
#739=ORIENTED_EDGE('',*,*,#1287,.T.);
#740=ORIENTED_EDGE('',*,*,#1295,.T.);
#741=ORIENTED_EDGE('',*,*,#1296,.F.);
#742=CARTESIAN_POINT('',(0.0,-2.54,0.0));
#743=DIRECTION('',(0.0,-1.0,0.0));
#744=DIRECTION('',(0.0,0.0,-1.0));
#745=ORIENTED_EDGE('',*,*,#1291,.T.);
#746=ORIENTED_EDGE('',*,*,#1297,.T.);
#747=ORIENTED_EDGE('',*,*,#1298,.F.);
#748=ORIENTED_EDGE('',*,*,#1299,.F.);
#749=CARTESIAN_POINT('',(3.31,-2.54,1.27));
#750=DIRECTION('',(-1.0,0.0,0.0));
#751=DIRECTION('',(0.0,0.0,1.0));
#752=ORIENTED_EDGE('',*,*,#1299,.T.);
#753=ORIENTED_EDGE('',*,*,#1300,.F.);
#754=ORIENTED_EDGE('',*,*,#1212,.T.);
#755=ORIENTED_EDGE('',*,*,#1301,.T.);
#756=ORIENTED_EDGE('',*,*,#1302,.F.);
#757=ORIENTED_EDGE('',*,*,#1292,.F.);
#758=CARTESIAN_POINT('',(3.81,0.0,1.27));
#759=DIRECTION('',(0.0,0.0,1.0));
#760=DIRECTION('',(1.0,0.0,0.0));
#761=ORIENTED_EDGE('',*,*,#1293,.F.);
#762=ORIENTED_EDGE('',*,*,#1302,.T.);
#763=ORIENTED_EDGE('',*,*,#1303,.F.);
#764=ORIENTED_EDGE('',*,*,#1304,.F.);
#765=CARTESIAN_POINT('',(1.77,-2.54,0.77));
#766=DIRECTION('',(1.0,0.0,0.0));
#767=DIRECTION('',(0.0,1.0,0.0));
#768=ORIENTED_EDGE('',*,*,#1294,.T.);
#769=ORIENTED_EDGE('',*,*,#1304,.T.);
#770=ORIENTED_EDGE('',*,*,#1305,.F.);
#771=ORIENTED_EDGE('',*,*,#1297,.F.);
#772=CARTESIAN_POINT('',(3.31,-2.54,0.77));
#773=DIRECTION('',(0.0,0.0,1.0));
#774=DIRECTION('',(1.0,0.0,0.0));
#775=ORIENTED_EDGE('',*,*,#1306,.T.);
#776=ORIENTED_EDGE('',*,*,#1307,.F.);
#777=ORIENTED_EDGE('',*,*,#1298,.T.);
#778=ORIENTED_EDGE('',*,*,#1305,.T.);
#779=ORIENTED_EDGE('',*,*,#1303,.T.);
#780=ORIENTED_EDGE('',*,*,#1308,.F.);
#781=ORIENTED_EDGE('',*,*,#1309,.T.);
#782=ORIENTED_EDGE('',*,*,#1310,.F.);
#783=ORIENTED_EDGE('',*,*,#1290,.T.);
#784=ORIENTED_EDGE('',*,*,#1311,.T.);
#785=ORIENTED_EDGE('',*,*,#1312,.T.);
#786=ORIENTED_EDGE('',*,*,#1282,.F.);
#787=ORIENTED_EDGE('',*,*,#1313,.T.);
#788=ORIENTED_EDGE('',*,*,#1314,.T.);
#789=ORIENTED_EDGE('',*,*,#1315,.T.);
#790=ORIENTED_EDGE('',*,*,#1316,.T.);
#791=CARTESIAN_POINT('',(0.0,-1.94,0.0));
#792=DIRECTION('',(0.0,-1.0,0.0));
#793=DIRECTION('',(0.0,0.0,-1.0));
#794=ORIENTED_EDGE('',*,*,#1317,.F.);
#795=ORIENTED_EDGE('',*,*,#1318,.T.);
#796=ORIENTED_EDGE('',*,*,#1306,.F.);
#797=ORIENTED_EDGE('',*,*,#1281,.F.);
#798=CARTESIAN_POINT('',(3.81,-1.69,-0.77));
#799=DIRECTION('',(0.707106781186548,-0.707106781186548,0.0));
#800=DIRECTION('',(0.0,0.0,-1.0));
#801=ORIENTED_EDGE('',*,*,#1317,.T.);
#802=ORIENTED_EDGE('',*,*,#1279,.T.);
#803=ORIENTED_EDGE('',*,*,#1248,.F.);
#804=ORIENTED_EDGE('',*,*,#1319,.F.);
#805=CARTESIAN_POINT('',(3.81,-1.69,0.77));
#806=DIRECTION('',(-0.707106781186548,-0.707106781186548,0.0));
#807=DIRECTION('',(-0.707106781186548,0.707106781186548,0.0));
#808=ORIENTED_EDGE('',*,*,#1247,.T.);
#809=ORIENTED_EDGE('',*,*,#1262,.F.);
#810=ORIENTED_EDGE('',*,*,#1228,.F.);
#811=ORIENTED_EDGE('',*,*,#1223,.T.);
#812=ORIENTED_EDGE('',*,*,#1320,.T.);
#813=ORIENTED_EDGE('',*,*,#1319,.T.);
#814=CARTESIAN_POINT('',(3.81,0.0,0.77));
#815=DIRECTION('',(-0.707106781186548,0.0,0.707106781186548));
#816=DIRECTION('',(0.0,1.0,0.0));
#817=ORIENTED_EDGE('',*,*,#1320,.F.);
#818=ORIENTED_EDGE('',*,*,#1220,.F.);
#819=ORIENTED_EDGE('',*,*,#1213,.F.);
#820=ORIENTED_EDGE('',*,*,#1300,.T.);
#821=ORIENTED_EDGE('',*,*,#1307,.T.);
#822=ORIENTED_EDGE('',*,*,#1318,.F.);
#823=CARTESIAN_POINT('',(3.31,0.0,1.27));
#824=DIRECTION('',(0.707106781186548,0.0,0.707106781186548));
#825=DIRECTION('',(0.0,-1.0,0.0));
#826=ORIENTED_EDGE('',*,*,#1295,.F.);
#827=ORIENTED_EDGE('',*,*,#1286,.T.);
#828=ORIENTED_EDGE('',*,*,#1312,.F.);
#829=ORIENTED_EDGE('',*,*,#1321,.F.);
#830=CARTESIAN_POINT('',(3.31,-2.54,-0.77));
#831=DIRECTION('',(-1.0,0.0,0.0));
#832=DIRECTION('',(0.0,0.0,1.0));
#833=ORIENTED_EDGE('',*,*,#1296,.T.);
#834=ORIENTED_EDGE('',*,*,#1321,.T.);
#835=ORIENTED_EDGE('',*,*,#1311,.F.);
#836=ORIENTED_EDGE('',*,*,#1289,.F.);
#837=CARTESIAN_POINT('',(1.77,-2.54,-0.77));
#838=DIRECTION('',(0.0,0.0,-1.0));
#839=DIRECTION('',(0.0,-1.0,0.0));
#840=ORIENTED_EDGE('',*,*,#1310,.T.);
#841=ORIENTED_EDGE('',*,*,#1322,.F.);
#842=ORIENTED_EDGE('',*,*,#1323,.F.);
#843=ORIENTED_EDGE('',*,*,#1324,.F.);
#844=ORIENTED_EDGE('',*,*,#1209,.F.);
#845=ORIENTED_EDGE('',*,*,#1285,.T.);
#846=CARTESIAN_POINT('',(1.77,0.0,-1.27));
#847=DIRECTION('',(-0.707106781186548,0.0,-0.707106781186548));
#848=DIRECTION('',(-0.707106781186548,0.0,0.707106781186548));
#849=ORIENTED_EDGE('',*,*,#1210,.T.);
#850=ORIENTED_EDGE('',*,*,#1324,.T.);
#851=ORIENTED_EDGE('',*,*,#1325,.F.);
#852=ORIENTED_EDGE('',*,*,#1326,.F.);
#853=CARTESIAN_POINT('',(1.52,0.0,1.02));
#854=DIRECTION('',(-0.707106781186548,0.707106781186548,0.0));
#855=DIRECTION('',(0.0,0.0,1.0));
#856=ORIENTED_EDGE('',*,*,#1308,.T.);
#857=ORIENTED_EDGE('',*,*,#1301,.F.);
#858=ORIENTED_EDGE('',*,*,#1211,.F.);
#859=ORIENTED_EDGE('',*,*,#1326,.T.);
#860=ORIENTED_EDGE('',*,*,#1327,.T.);
#861=ORIENTED_EDGE('',*,*,#1328,.T.);
#862=CARTESIAN_POINT('',(1.27,0.0,0.77));
#863=DIRECTION('',(-0.707106781186548,0.0,0.707106781186548));
#864=DIRECTION('',(0.0,1.0,0.0));
#865=ORIENTED_EDGE('',*,*,#1329,.T.);
#866=ORIENTED_EDGE('',*,*,#1322,.T.);
#867=ORIENTED_EDGE('',*,*,#1309,.F.);
#868=ORIENTED_EDGE('',*,*,#1328,.F.);
#869=CARTESIAN_POINT('',(1.27,-1.69,0.77));
#870=DIRECTION('',(-0.707106781186548,-0.707106781186548,0.0));
#871=DIRECTION('',(-0.707106781186548,0.707106781186548,0.0));
#872=ORIENTED_EDGE('',*,*,#1329,.F.);
#873=ORIENTED_EDGE('',*,*,#1327,.F.);
#874=ORIENTED_EDGE('',*,*,#1325,.T.);
#875=ORIENTED_EDGE('',*,*,#1323,.T.);
#876=CARTESIAN_POINT('',(1.27,0.0,1.27));
#877=DIRECTION('',(-1.0,0.0,0.0));
#878=DIRECTION('',(0.0,0.0,1.0));
#879=ORIENTED_EDGE('',*,*,#1214,.T.);
#880=ORIENTED_EDGE('',*,*,#1330,.T.);
#881=ORIENTED_EDGE('',*,*,#1313,.F.);
#882=ORIENTED_EDGE('',*,*,#1331,.F.);
#883=CARTESIAN_POINT('',(2.2225,0.0,-0.3175));
#884=DIRECTION('',(-1.0,0.0,0.0));
#885=DIRECTION('',(0.0,0.0,1.0));
#886=ORIENTED_EDGE('',*,*,#1215,.T.);
#887=ORIENTED_EDGE('',*,*,#1331,.T.);
#888=ORIENTED_EDGE('',*,*,#1316,.F.);
#889=ORIENTED_EDGE('',*,*,#1332,.F.);
#890=CARTESIAN_POINT('',(2.8575,0.0,-0.3175));
#891=DIRECTION('',(0.0,0.0,-1.0));
#892=DIRECTION('',(0.0,-1.0,0.0));
#893=ORIENTED_EDGE('',*,*,#1216,.T.);
#894=ORIENTED_EDGE('',*,*,#1332,.T.);
#895=ORIENTED_EDGE('',*,*,#1315,.F.);
#896=ORIENTED_EDGE('',*,*,#1333,.F.);
#897=CARTESIAN_POINT('',(2.8575,0.0,0.3175));
#898=DIRECTION('',(1.0,0.0,0.0));
#899=DIRECTION('',(0.0,1.0,0.0));
#900=ORIENTED_EDGE('',*,*,#1217,.T.);
#901=ORIENTED_EDGE('',*,*,#1333,.T.);
#902=ORIENTED_EDGE('',*,*,#1314,.F.);
#903=ORIENTED_EDGE('',*,*,#1330,.F.);
#904=CARTESIAN_POINT('',(2.2225,0.0,0.3175));
#905=DIRECTION('',(0.0,0.0,1.0));
#906=DIRECTION('',(1.0,0.0,0.0));
#907=ORIENTED_EDGE('',*,*,#1231,.T.);
#908=ORIENTED_EDGE('',*,*,#1334,.T.);
#909=ORIENTED_EDGE('',*,*,#1253,.F.);
#910=ORIENTED_EDGE('',*,*,#1335,.F.);
#911=CARTESIAN_POINT('',(4.7625,0.0,-0.3175));
#912=DIRECTION('',(-1.0,0.0,0.0));
#913=DIRECTION('',(0.0,0.0,1.0));
#914=ORIENTED_EDGE('',*,*,#1232,.T.);
#915=ORIENTED_EDGE('',*,*,#1335,.T.);
#916=ORIENTED_EDGE('',*,*,#1256,.F.);
#917=ORIENTED_EDGE('',*,*,#1336,.F.);
#918=CARTESIAN_POINT('',(5.3975,0.0,-0.3175));
#919=DIRECTION('',(0.0,0.0,-1.0));
#920=DIRECTION('',(0.0,-1.0,0.0));
#921=ORIENTED_EDGE('',*,*,#1233,.T.);
#922=ORIENTED_EDGE('',*,*,#1336,.T.);
#923=ORIENTED_EDGE('',*,*,#1255,.F.);
#924=ORIENTED_EDGE('',*,*,#1337,.F.);
#925=CARTESIAN_POINT('',(5.3975,0.0,0.3175));
#926=DIRECTION('',(1.0,0.0,0.0));
#927=DIRECTION('',(0.0,1.0,0.0));
#928=ORIENTED_EDGE('',*,*,#1234,.T.);
#929=ORIENTED_EDGE('',*,*,#1337,.T.);
#930=ORIENTED_EDGE('',*,*,#1254,.F.);
#931=ORIENTED_EDGE('',*,*,#1334,.F.);
#932=CARTESIAN_POINT('',(4.7625,0.0,0.3175));
#933=DIRECTION('',(0.0,0.0,1.0));
#934=DIRECTION('',(1.0,0.0,0.0));
#935=FILL_AREA_STYLE_COLOUR('',#1338);
#936=ORIENTED_EDGE('',*,*,#1339,.F.);
#937=ORIENTED_EDGE('',*,*,#1340,.F.);
#938=ORIENTED_EDGE('',*,*,#1341,.F.);
#939=ORIENTED_EDGE('',*,*,#1342,.F.);
#940=CARTESIAN_POINT('',(2.54,5.8,0.0));
#941=DIRECTION('',(0.0,-1.0,0.0));
#942=DIRECTION('',(0.0,0.0,1.0));
#943=ORIENTED_EDGE('',*,*,#1339,.T.);
#944=ORIENTED_EDGE('',*,*,#1343,.T.);
#945=ORIENTED_EDGE('',*,*,#1344,.F.);
#946=ORIENTED_EDGE('',*,*,#1345,.F.);
#947=CARTESIAN_POINT('',(2.86,5.8,0.195));
#948=DIRECTION('',(0.0,0.500000000000017,0.866025403784429));
#949=DIRECTION('',(-1.0,0.0,0.0));
#950=ORIENTED_EDGE('',*,*,#1340,.T.);
#951=ORIENTED_EDGE('',*,*,#1345,.T.);
#952=ORIENTED_EDGE('',*,*,#1346,.F.);
#953=ORIENTED_EDGE('',*,*,#1347,.F.);
#954=CARTESIAN_POINT('',(2.735,5.8,-0.32));
#955=DIRECTION('',(0.866025403784429,0.500000000000017,-0.0));
#956=DIRECTION('',(0.0,0.0,1.0));
#957=ORIENTED_EDGE('',*,*,#1341,.T.);
#958=ORIENTED_EDGE('',*,*,#1347,.T.);
#959=ORIENTED_EDGE('',*,*,#1348,.F.);
#960=ORIENTED_EDGE('',*,*,#1349,.F.);
#961=CARTESIAN_POINT('',(2.22,5.8,-0.195));
#962=DIRECTION('',(0.0,0.500000000000017,-0.866025403784429));
#963=DIRECTION('',(1.0,0.0,0.0));
#964=ORIENTED_EDGE('',*,*,#1342,.T.);
#965=ORIENTED_EDGE('',*,*,#1349,.T.);
#966=ORIENTED_EDGE('',*,*,#1350,.F.);
#967=ORIENTED_EDGE('',*,*,#1343,.F.);
#968=CARTESIAN_POINT('',(2.345,5.8,0.32));
#969=DIRECTION('',(-0.866025403784429,0.500000000000017,0.0));
#970=DIRECTION('',(0.0,0.0,-1.0));
#971=ORIENTED_EDGE('',*,*,#1350,.T.);
#972=ORIENTED_EDGE('',*,*,#1351,.T.);
#973=ORIENTED_EDGE('',*,*,#1352,.T.);
#974=ORIENTED_EDGE('',*,*,#1353,.T.);
#975=ORIENTED_EDGE('',*,*,#1354,.F.);
#976=ORIENTED_EDGE('',*,*,#1355,.F.);
#977=ORIENTED_EDGE('',*,*,#1356,.F.);
#978=ORIENTED_EDGE('',*,*,#1357,.F.);
#979=CARTESIAN_POINT('',(2.22,5.8,0.32));
#980=DIRECTION('',(-1.0,0.0,0.0));
#981=DIRECTION('',(0.0,1.0,0.0));
#982=ORIENTED_EDGE('',*,*,#1344,.T.);
#983=ORIENTED_EDGE('',*,*,#1357,.T.);
#984=ORIENTED_EDGE('',*,*,#1358,.F.);
#985=ORIENTED_EDGE('',*,*,#1359,.F.);
#986=CARTESIAN_POINT('',(2.86,5.8,0.32));
#987=DIRECTION('',(0.0,0.0,1.0));
#988=DIRECTION('',(0.0,-1.0,0.0));
#989=ORIENTED_EDGE('',*,*,#1346,.T.);
#990=ORIENTED_EDGE('',*,*,#1359,.T.);
#991=ORIENTED_EDGE('',*,*,#1360,.T.);
#992=ORIENTED_EDGE('',*,*,#1361,.T.);
#993=ORIENTED_EDGE('',*,*,#1362,.F.);
#994=ORIENTED_EDGE('',*,*,#1363,.F.);
#995=ORIENTED_EDGE('',*,*,#1364,.F.);
#996=ORIENTED_EDGE('',*,*,#1365,.F.);
#997=CARTESIAN_POINT('',(2.86,5.8,-0.32));
#998=DIRECTION('',(1.0,0.0,0.0));
#999=DIRECTION('',(0.0,0.0,-1.0));
#1000=ORIENTED_EDGE('',*,*,#1348,.T.);
#1001=ORIENTED_EDGE('',*,*,#1365,.T.);
#1002=ORIENTED_EDGE('',*,*,#1366,.F.);
#1003=ORIENTED_EDGE('',*,*,#1351,.F.);
#1004=CARTESIAN_POINT('',(2.22,5.8,-0.32));
#1005=DIRECTION('',(0.0,0.0,-1.0));
#1006=DIRECTION('',(1.0,0.0,0.0));
#1007=ORIENTED_EDGE('',*,*,#1366,.T.);
#1008=ORIENTED_EDGE('',*,*,#1364,.T.);
#1009=ORIENTED_EDGE('',*,*,#1367,.F.);
#1010=ORIENTED_EDGE('',*,*,#1352,.F.);
#1011=CARTESIAN_POINT('',(3.54,-2.58,1.32));
#1012=DIRECTION('',(1.0,0.0,-0.0));
#1013=DIRECTION('',(0.0,0.0,1.0));
#1014=ORIENTED_EDGE('',*,*,#1367,.T.);
#1015=ORIENTED_EDGE('',*,*,#1363,.T.);
#1016=ORIENTED_EDGE('',*,*,#1368,.F.);
#1017=ORIENTED_EDGE('',*,*,#1353,.F.);
#1018=CARTESIAN_POINT('',(2.22,-4.22,1.32));
#1019=DIRECTION('',(0.0,-1.0,0.0));
#1020=DIRECTION('',(0.0,0.0,1.0));
#1021=ORIENTED_EDGE('',*,*,#1369,.F.);
#1022=ORIENTED_EDGE('',*,*,#1370,.T.);
#1023=ORIENTED_EDGE('',*,*,#1368,.T.);
#1024=ORIENTED_EDGE('',*,*,#1371,.F.);
#1025=CARTESIAN_POINT('',(2.22,-4.095,4.27));
#1026=DIRECTION('',(0.0,0.866025403784429,-0.500000000000017));
#1027=DIRECTION('',(1.0,0.0,0.0));
#1028=ORIENTED_EDGE('',*,*,#1372,.T.);
#1029=ORIENTED_EDGE('',*,*,#1373,.T.);
#1030=ORIENTED_EDGE('',*,*,#1369,.T.);
#1031=ORIENTED_EDGE('',*,*,#1374,.T.);
#1032=CARTESIAN_POINT('',(2.54,-3.9,4.27));
#1033=DIRECTION('',(0.0,0.0,1.0));
#1034=DIRECTION('',(0.0,-1.0,0.0));
#1035=ORIENTED_EDGE('',*,*,#1372,.F.);
#1036=ORIENTED_EDGE('',*,*,#1375,.T.);
#1037=ORIENTED_EDGE('',*,*,#1376,.T.);
#1038=ORIENTED_EDGE('',*,*,#1377,.F.);
#1039=CARTESIAN_POINT('',(2.86,-3.705,4.27));
#1040=DIRECTION('',(-0.0,-0.866025403784429,-0.500000000000017));
#1041=DIRECTION('',(-1.0,0.0,0.0));
#1042=ORIENTED_EDGE('',*,*,#1373,.F.);
#1043=ORIENTED_EDGE('',*,*,#1377,.T.);
#1044=ORIENTED_EDGE('',*,*,#1354,.T.);
#1045=ORIENTED_EDGE('',*,*,#1370,.F.);
#1046=CARTESIAN_POINT('',(2.345,-3.58,4.27));
#1047=DIRECTION('',(0.866025403784429,0.0,-0.500000000000017));
#1048=DIRECTION('',(0.0,-1.0,0.0));
#1049=ORIENTED_EDGE('',*,*,#1378,.T.);
#1050=ORIENTED_EDGE('',*,*,#1355,.T.);
#1051=ORIENTED_EDGE('',*,*,#1376,.F.);
#1052=ORIENTED_EDGE('',*,*,#1361,.F.);
#1053=CARTESIAN_POINT('',(2.86,-3.58,1.32));
#1054=DIRECTION('',(-0.0,1.0,0.0));
#1055=DIRECTION('',(1.0,0.0,0.0));
#1056=ORIENTED_EDGE('',*,*,#1358,.T.);
#1057=ORIENTED_EDGE('',*,*,#1356,.T.);
#1058=ORIENTED_EDGE('',*,*,#1378,.F.);
#1059=ORIENTED_EDGE('',*,*,#1360,.F.);
#1060=CARTESIAN_POINT('',(3.54,-2.58,1.32));
#1061=DIRECTION('',(1.0,0.0,-0.0));
#1062=DIRECTION('',(0.0,0.0,1.0));
#1063=ORIENTED_EDGE('',*,*,#1374,.F.);
#1064=ORIENTED_EDGE('',*,*,#1371,.T.);
#1065=ORIENTED_EDGE('',*,*,#1362,.T.);
#1066=ORIENTED_EDGE('',*,*,#1375,.F.);
#1067=CARTESIAN_POINT('',(2.735,-4.22,4.27));
#1068=DIRECTION('',(-0.866025403784429,0.0,-0.500000000000017));
#1069=DIRECTION('',(0.0,1.0,0.0));
#1070=FILL_AREA_STYLE_COLOUR('',#1379);
#1071=ORIENTED_EDGE('',*,*,#1380,.F.);
#1072=ORIENTED_EDGE('',*,*,#1381,.F.);
#1073=ORIENTED_EDGE('',*,*,#1382,.F.);
#1074=ORIENTED_EDGE('',*,*,#1383,.F.);
#1075=CARTESIAN_POINT('',(5.08,5.8,0.0));
#1076=DIRECTION('',(0.0,-1.0,0.0));
#1077=DIRECTION('',(0.0,0.0,1.0));
#1078=ORIENTED_EDGE('',*,*,#1380,.T.);
#1079=ORIENTED_EDGE('',*,*,#1384,.T.);
#1080=ORIENTED_EDGE('',*,*,#1385,.F.);
#1081=ORIENTED_EDGE('',*,*,#1386,.F.);
#1082=CARTESIAN_POINT('',(5.4,5.8,0.195));
#1083=DIRECTION('',(0.0,0.500000000000017,0.866025403784429));
#1084=DIRECTION('',(-1.0,0.0,0.0));
#1085=ORIENTED_EDGE('',*,*,#1381,.T.);
#1086=ORIENTED_EDGE('',*,*,#1386,.T.);
#1087=ORIENTED_EDGE('',*,*,#1387,.F.);
#1088=ORIENTED_EDGE('',*,*,#1388,.F.);
#1089=CARTESIAN_POINT('',(5.275,5.8,-0.32));
#1090=DIRECTION('',(0.866025403784429,0.500000000000017,-0.0));
#1091=DIRECTION('',(0.0,0.0,1.0));
#1092=ORIENTED_EDGE('',*,*,#1382,.T.);
#1093=ORIENTED_EDGE('',*,*,#1388,.T.);
#1094=ORIENTED_EDGE('',*,*,#1389,.F.);
#1095=ORIENTED_EDGE('',*,*,#1390,.F.);
#1096=CARTESIAN_POINT('',(4.76,5.8,-0.195));
#1097=DIRECTION('',(0.0,0.500000000000017,-0.866025403784429));
#1098=DIRECTION('',(1.0,0.0,0.0));
#1099=ORIENTED_EDGE('',*,*,#1383,.T.);
#1100=ORIENTED_EDGE('',*,*,#1390,.T.);
#1101=ORIENTED_EDGE('',*,*,#1391,.F.);
#1102=ORIENTED_EDGE('',*,*,#1384,.F.);
#1103=CARTESIAN_POINT('',(4.885,5.8,0.32));
#1104=DIRECTION('',(-0.866025403784429,0.500000000000017,0.0));
#1105=DIRECTION('',(0.0,0.0,-1.0));
#1106=ORIENTED_EDGE('',*,*,#1391,.T.);
#1107=ORIENTED_EDGE('',*,*,#1392,.T.);
#1108=ORIENTED_EDGE('',*,*,#1393,.T.);
#1109=ORIENTED_EDGE('',*,*,#1394,.T.);
#1110=ORIENTED_EDGE('',*,*,#1395,.F.);
#1111=ORIENTED_EDGE('',*,*,#1396,.F.);
#1112=ORIENTED_EDGE('',*,*,#1397,.F.);
#1113=ORIENTED_EDGE('',*,*,#1398,.F.);
#1114=CARTESIAN_POINT('',(4.76,5.8,0.32));
#1115=DIRECTION('',(-1.0,0.0,0.0));
#1116=DIRECTION('',(0.0,1.0,0.0));
#1117=ORIENTED_EDGE('',*,*,#1385,.T.);
#1118=ORIENTED_EDGE('',*,*,#1398,.T.);
#1119=ORIENTED_EDGE('',*,*,#1399,.F.);
#1120=ORIENTED_EDGE('',*,*,#1400,.F.);
#1121=CARTESIAN_POINT('',(5.4,5.8,0.32));
#1122=DIRECTION('',(0.0,0.0,1.0));
#1123=DIRECTION('',(0.0,-1.0,0.0));
#1124=ORIENTED_EDGE('',*,*,#1387,.T.);
#1125=ORIENTED_EDGE('',*,*,#1400,.T.);
#1126=ORIENTED_EDGE('',*,*,#1401,.T.);
#1127=ORIENTED_EDGE('',*,*,#1402,.T.);
#1128=ORIENTED_EDGE('',*,*,#1403,.F.);
#1129=ORIENTED_EDGE('',*,*,#1404,.F.);
#1130=ORIENTED_EDGE('',*,*,#1405,.F.);
#1131=ORIENTED_EDGE('',*,*,#1406,.F.);
#1132=CARTESIAN_POINT('',(5.4,5.8,-0.32));
#1133=DIRECTION('',(1.0,0.0,0.0));
#1134=DIRECTION('',(0.0,0.0,-1.0));
#1135=ORIENTED_EDGE('',*,*,#1389,.T.);
#1136=ORIENTED_EDGE('',*,*,#1406,.T.);
#1137=ORIENTED_EDGE('',*,*,#1407,.F.);
#1138=ORIENTED_EDGE('',*,*,#1392,.F.);
#1139=CARTESIAN_POINT('',(4.76,5.8,-0.32));
#1140=DIRECTION('',(0.0,0.0,-1.0));
#1141=DIRECTION('',(1.0,0.0,0.0));
#1142=ORIENTED_EDGE('',*,*,#1407,.T.);
#1143=ORIENTED_EDGE('',*,*,#1405,.T.);
#1144=ORIENTED_EDGE('',*,*,#1408,.F.);
#1145=ORIENTED_EDGE('',*,*,#1393,.F.);
#1146=CARTESIAN_POINT('',(6.08,-2.58,1.32));
#1147=DIRECTION('',(1.0,0.0,-0.0));
#1148=DIRECTION('',(0.0,0.0,1.0));
#1149=ORIENTED_EDGE('',*,*,#1408,.T.);
#1150=ORIENTED_EDGE('',*,*,#1404,.T.);
#1151=ORIENTED_EDGE('',*,*,#1409,.F.);
#1152=ORIENTED_EDGE('',*,*,#1394,.F.);
#1153=CARTESIAN_POINT('',(4.76,-4.22,1.32));
#1154=DIRECTION('',(0.0,-1.0,0.0));
#1155=DIRECTION('',(0.0,0.0,1.0));
#1156=ORIENTED_EDGE('',*,*,#1410,.F.);
#1157=ORIENTED_EDGE('',*,*,#1411,.T.);
#1158=ORIENTED_EDGE('',*,*,#1409,.T.);
#1159=ORIENTED_EDGE('',*,*,#1412,.F.);
#1160=CARTESIAN_POINT('',(4.76,-4.095,4.27));
#1161=DIRECTION('',(0.0,0.866025403784429,-0.500000000000017));
#1162=DIRECTION('',(1.0,0.0,0.0));
#1163=ORIENTED_EDGE('',*,*,#1413,.T.);
#1164=ORIENTED_EDGE('',*,*,#1414,.T.);
#1165=ORIENTED_EDGE('',*,*,#1410,.T.);
#1166=ORIENTED_EDGE('',*,*,#1415,.T.);
#1167=CARTESIAN_POINT('',(5.08,-3.9,4.27));
#1168=DIRECTION('',(0.0,0.0,1.0));
#1169=DIRECTION('',(0.0,-1.0,0.0));
#1170=ORIENTED_EDGE('',*,*,#1413,.F.);
#1171=ORIENTED_EDGE('',*,*,#1416,.T.);
#1172=ORIENTED_EDGE('',*,*,#1417,.T.);
#1173=ORIENTED_EDGE('',*,*,#1418,.F.);
#1174=CARTESIAN_POINT('',(5.4,-3.705,4.27));
#1175=DIRECTION('',(-0.0,-0.866025403784429,-0.500000000000017));
#1176=DIRECTION('',(-1.0,0.0,0.0));
#1177=ORIENTED_EDGE('',*,*,#1414,.F.);
#1178=ORIENTED_EDGE('',*,*,#1418,.T.);
#1179=ORIENTED_EDGE('',*,*,#1395,.T.);
#1180=ORIENTED_EDGE('',*,*,#1411,.F.);
#1181=CARTESIAN_POINT('',(4.885,-3.58,4.27));
#1182=DIRECTION('',(0.866025403784429,0.0,-0.500000000000017));
#1183=DIRECTION('',(0.0,-1.0,0.0));
#1184=ORIENTED_EDGE('',*,*,#1419,.T.);
#1185=ORIENTED_EDGE('',*,*,#1396,.T.);
#1186=ORIENTED_EDGE('',*,*,#1417,.F.);
#1187=ORIENTED_EDGE('',*,*,#1402,.F.);
#1188=CARTESIAN_POINT('',(5.4,-3.58,1.32));
#1189=DIRECTION('',(-0.0,1.0,0.0));
#1190=DIRECTION('',(1.0,0.0,0.0));
#1191=ORIENTED_EDGE('',*,*,#1399,.T.);
#1192=ORIENTED_EDGE('',*,*,#1397,.T.);
#1193=ORIENTED_EDGE('',*,*,#1419,.F.);
#1194=ORIENTED_EDGE('',*,*,#1401,.F.);
#1195=CARTESIAN_POINT('',(6.08,-2.58,1.32));
#1196=DIRECTION('',(1.0,0.0,-0.0));
#1197=DIRECTION('',(0.0,0.0,1.0));
#1198=ORIENTED_EDGE('',*,*,#1415,.F.);
#1199=ORIENTED_EDGE('',*,*,#1412,.T.);
#1200=ORIENTED_EDGE('',*,*,#1403,.T.);
#1201=ORIENTED_EDGE('',*,*,#1416,.F.);
#1202=CARTESIAN_POINT('',(5.275,-4.22,4.27));
#1203=DIRECTION('',(-0.866025403784429,0.0,-0.500000000000017));
#1204=DIRECTION('',(0.0,1.0,0.0));
#1205=COLOUR_RGB('',0.298039227724075,0.298039227724075,0.298039227724075);
#1206=EDGE_CURVE('',#1420,#1421,#1422,.T.);
#1207=EDGE_CURVE('',#1420,#1423,#1424,.T.);
#1208=EDGE_CURVE('',#1425,#1423,#1426,.T.);
#1209=EDGE_CURVE('',#1425,#1427,#1428,.T.);
#1210=EDGE_CURVE('',#1429,#1427,#1430,.T.);
#1211=EDGE_CURVE('',#1429,#1431,#1432,.T.);
#1212=EDGE_CURVE('',#1433,#1431,#1434,.T.);
#1213=EDGE_CURVE('',#1433,#1421,#1435,.T.);
#1214=EDGE_CURVE('',#1436,#1437,#1438,.T.);
#1215=EDGE_CURVE('',#1439,#1436,#1440,.T.);
#1216=EDGE_CURVE('',#1441,#1439,#1442,.T.);
#1217=EDGE_CURVE('',#1437,#1441,#1443,.T.);
#1218=EDGE_CURVE('',#1444,#1445,#1446,.T.);
#1219=EDGE_CURVE('',#1420,#1445,#1447,.T.);
#1220=EDGE_CURVE('',#1421,#1444,#1448,.T.);
#1221=EDGE_CURVE('',#1449,#1450,#1451,.T.);
#1222=EDGE_CURVE('',#1450,#1445,#1452,.T.);
#1223=EDGE_CURVE('',#1449,#1444,#1453,.T.);
#1224=EDGE_CURVE('',#1454,#1455,#1456,.T.);
#1225=EDGE_CURVE('',#1454,#1457,#1458,.T.);
#1226=EDGE_CURVE('',#1459,#1457,#1460,.T.);
#1227=EDGE_CURVE('',#1459,#1450,#1461,.T.);
#1228=EDGE_CURVE('',#1449,#1462,#1463,.T.);
#1229=EDGE_CURVE('',#1464,#1462,#1465,.T.);
#1230=EDGE_CURVE('',#1464,#1455,#1466,.T.);
#1231=EDGE_CURVE('',#1467,#1468,#1469,.T.);
#1232=EDGE_CURVE('',#1470,#1467,#1471,.T.);
#1233=EDGE_CURVE('',#1472,#1470,#1473,.T.);
#1234=EDGE_CURVE('',#1468,#1472,#1474,.T.);
#1235=EDGE_CURVE('',#1455,#1475,#1476,.T.);
#1236=EDGE_CURVE('',#1477,#1475,#1478,.T.);
#1237=EDGE_CURVE('',#1454,#1477,#1479,.T.);
#1238=EDGE_CURVE('',#1480,#1481,#1482,.T.);
#1239=EDGE_CURVE('',#1457,#1481,#1483,.T.);
#1240=EDGE_CURVE('',#1477,#1484,#1485,.T.);
#1241=EDGE_CURVE('',#1484,#1480,#1486,.T.);
#1242=EDGE_CURVE('',#1480,#1487,#1488,.T.);
#1243=EDGE_CURVE('',#1489,#1487,#1490,.T.);
#1244=EDGE_CURVE('',#1489,#1491,#1492,.T.);
#1245=EDGE_CURVE('',#1491,#1493,#1494,.T.);
#1246=EDGE_CURVE('',#1493,#1495,#1496,.T.);
#1247=EDGE_CURVE('',#1497,#1495,#1498,.T.);
#1248=EDGE_CURVE('',#1497,#1499,#1500,.T.);
#1249=EDGE_CURVE('',#1501,#1499,#1502,.T.);
#1250=EDGE_CURVE('',#1501,#1503,#1504,.T.);
#1251=EDGE_CURVE('',#1503,#1505,#1506,.T.);
#1252=EDGE_CURVE('',#1505,#1481,#1507,.T.);
#1253=EDGE_CURVE('',#1508,#1509,#1510,.T.);
#1254=EDGE_CURVE('',#1509,#1511,#1512,.T.);
#1255=EDGE_CURVE('',#1511,#1513,#1514,.T.);
#1256=EDGE_CURVE('',#1513,#1508,#1515,.T.);
#1257=EDGE_CURVE('',#1484,#1516,#1517,.T.);
#1258=EDGE_CURVE('',#1516,#1487,#1518,.T.);
#1259=EDGE_CURVE('',#1475,#1516,#1519,.T.);
#1260=EDGE_CURVE('',#1464,#1489,#1520,.T.);
#1261=EDGE_CURVE('',#1521,#1489,#1522,.T.);
#1262=EDGE_CURVE('',#1462,#1495,#1523,.T.);
#1263=EDGE_CURVE('',#1524,#1495,#1525,.T.);
#1264=EDGE_CURVE('',#1521,#1524,#1526,.T.);
#1265=EDGE_CURVE('',#1521,#1527,#1528,.T.);
#1266=EDGE_CURVE('',#1527,#1491,#1529,.T.);
#1267=EDGE_CURVE('',#1524,#1530,#1531,.T.);
#1268=EDGE_CURVE('',#1527,#1530,#1532,.T.);
#1269=EDGE_CURVE('',#1533,#1534,#1535,.T.);
#1270=EDGE_CURVE('',#1533,#1536,#1537,.T.);
#1271=EDGE_CURVE('',#1536,#1538,#1539,.T.);
#1272=EDGE_CURVE('',#1534,#1538,#1540,.T.);
#1273=EDGE_CURVE('',#1530,#1493,#1541,.T.);
#1274=EDGE_CURVE('',#1534,#1503,#1542,.T.);
#1275=EDGE_CURVE('',#1533,#1501,#1543,.T.);
#1276=EDGE_CURVE('',#1459,#1501,#1544,.T.);
#1277=EDGE_CURVE('',#1536,#1481,#1545,.T.);
#1278=EDGE_CURVE('',#1538,#1505,#1546,.T.);
#1279=EDGE_CURVE('',#1547,#1499,#1548,.T.);
#1280=EDGE_CURVE('',#1445,#1547,#1549,.T.);
#1281=EDGE_CURVE('',#1547,#1550,#1551,.T.);
#1282=EDGE_CURVE('',#1550,#1552,#1553,.T.);
#1283=EDGE_CURVE('',#1423,#1552,#1554,.T.);
#1284=EDGE_CURVE('',#1555,#1556,#1557,.T.);
#1285=EDGE_CURVE('',#1425,#1556,#1558,.T.);
#1286=EDGE_CURVE('',#1559,#1552,#1560,.T.);
#1287=EDGE_CURVE('',#1555,#1559,#1561,.T.);
#1288=EDGE_CURVE('',#1555,#1562,#1563,.T.);
#1289=EDGE_CURVE('',#1562,#1564,#1565,.T.);
#1290=EDGE_CURVE('',#1556,#1564,#1566,.T.);
#1291=EDGE_CURVE('',#1567,#1568,#1569,.T.);
#1292=EDGE_CURVE('',#1567,#1570,#1571,.T.);
#1293=EDGE_CURVE('',#1570,#1572,#1573,.T.);
#1294=EDGE_CURVE('',#1568,#1572,#1574,.T.);
#1295=EDGE_CURVE('',#1559,#1575,#1576,.T.);
#1296=EDGE_CURVE('',#1562,#1575,#1577,.T.);
#1297=EDGE_CURVE('',#1568,#1578,#1579,.T.);
#1298=EDGE_CURVE('',#1580,#1578,#1581,.T.);
#1299=EDGE_CURVE('',#1567,#1580,#1582,.T.);
#1300=EDGE_CURVE('',#1433,#1580,#1583,.T.);
#1301=EDGE_CURVE('',#1431,#1584,#1585,.T.);
#1302=EDGE_CURVE('',#1570,#1584,#1586,.T.);
#1303=EDGE_CURVE('',#1587,#1584,#1588,.T.);
#1304=EDGE_CURVE('',#1572,#1587,#1589,.T.);
#1305=EDGE_CURVE('',#1578,#1587,#1590,.T.);
#1306=EDGE_CURVE('',#1550,#1591,#1592,.T.);
#1307=EDGE_CURVE('',#1580,#1591,#1593,.T.);
#1308=EDGE_CURVE('',#1594,#1584,#1595,.T.);
#1309=EDGE_CURVE('',#1594,#1596,#1597,.T.);
#1310=EDGE_CURVE('',#1556,#1596,#1598,.T.);
#1311=EDGE_CURVE('',#1564,#1599,#1600,.T.);
#1312=EDGE_CURVE('',#1599,#1552,#1601,.T.);
#1313=EDGE_CURVE('',#1602,#1603,#1604,.T.);
#1314=EDGE_CURVE('',#1603,#1605,#1606,.T.);
#1315=EDGE_CURVE('',#1605,#1607,#1608,.T.);
#1316=EDGE_CURVE('',#1607,#1602,#1609,.T.);
#1317=EDGE_CURVE('',#1610,#1547,#1611,.T.);
#1318=EDGE_CURVE('',#1610,#1591,#1612,.T.);
#1319=EDGE_CURVE('',#1610,#1497,#1613,.T.);
#1320=EDGE_CURVE('',#1444,#1610,#1614,.T.);
#1321=EDGE_CURVE('',#1575,#1599,#1615,.T.);
#1322=EDGE_CURVE('',#1616,#1596,#1617,.T.);
#1323=EDGE_CURVE('',#1618,#1616,#1619,.T.);
#1324=EDGE_CURVE('',#1427,#1618,#1620,.T.);
#1325=EDGE_CURVE('',#1621,#1618,#1622,.T.);
#1326=EDGE_CURVE('',#1429,#1621,#1623,.T.);
#1327=EDGE_CURVE('',#1621,#1624,#1625,.T.);
#1328=EDGE_CURVE('',#1624,#1594,#1626,.T.);
#1329=EDGE_CURVE('',#1624,#1616,#1627,.T.);
#1330=EDGE_CURVE('',#1437,#1603,#1628,.T.);
#1331=EDGE_CURVE('',#1436,#1602,#1629,.T.);
#1332=EDGE_CURVE('',#1439,#1607,#1630,.T.);
#1333=EDGE_CURVE('',#1441,#1605,#1631,.T.);
#1334=EDGE_CURVE('',#1468,#1509,#1632,.T.);
#1335=EDGE_CURVE('',#1467,#1508,#1633,.T.);
#1336=EDGE_CURVE('',#1470,#1513,#1634,.T.);
#1337=EDGE_CURVE('',#1472,#1511,#1635,.T.);
#1338=COLOUR_RGB('',0.925490200519562,0.925490200519562,0.925490200519562);
#1339=EDGE_CURVE('',#1636,#1637,#1638,.T.);
#1340=EDGE_CURVE('',#1639,#1636,#1640,.T.);
#1341=EDGE_CURVE('',#1641,#1639,#1642,.T.);
#1342=EDGE_CURVE('',#1637,#1641,#1643,.T.);
#1343=EDGE_CURVE('',#1637,#1644,#1645,.T.);
#1344=EDGE_CURVE('',#1646,#1644,#1647,.T.);
#1345=EDGE_CURVE('',#1636,#1646,#1648,.T.);
#1346=EDGE_CURVE('',#1649,#1646,#1650,.T.);
#1347=EDGE_CURVE('',#1639,#1649,#1651,.T.);
#1348=EDGE_CURVE('',#1652,#1649,#1653,.T.);
#1349=EDGE_CURVE('',#1641,#1652,#1654,.T.);
#1350=EDGE_CURVE('',#1644,#1652,#1655,.T.);
#1351=EDGE_CURVE('',#1652,#1656,#1657,.T.);
#1352=EDGE_CURVE('',#1656,#1658,#1659,.T.);
#1353=EDGE_CURVE('',#1658,#1660,#1661,.T.);
#1354=EDGE_CURVE('',#1662,#1660,#1663,.T.);
#1355=EDGE_CURVE('',#1664,#1662,#1665,.T.);
#1356=EDGE_CURVE('',#1666,#1664,#1667,.T.);
#1357=EDGE_CURVE('',#1644,#1666,#1668,.T.);
#1358=EDGE_CURVE('',#1669,#1666,#1670,.T.);
#1359=EDGE_CURVE('',#1646,#1669,#1671,.T.);
#1360=EDGE_CURVE('',#1669,#1672,#1673,.T.);
#1361=EDGE_CURVE('',#1672,#1674,#1675,.T.);
#1362=EDGE_CURVE('',#1676,#1674,#1677,.T.);
#1363=EDGE_CURVE('',#1678,#1676,#1679,.T.);
#1364=EDGE_CURVE('',#1680,#1678,#1681,.T.);
#1365=EDGE_CURVE('',#1649,#1680,#1682,.T.);
#1366=EDGE_CURVE('',#1656,#1680,#1683,.T.);
#1367=EDGE_CURVE('',#1658,#1678,#1684,.T.);
#1368=EDGE_CURVE('',#1660,#1676,#1685,.T.);
#1369=EDGE_CURVE('',#1686,#1687,#1688,.T.);
#1370=EDGE_CURVE('',#1686,#1660,#1689,.T.);
#1371=EDGE_CURVE('',#1687,#1676,#1690,.T.);
#1372=EDGE_CURVE('',#1691,#1692,#1693,.T.);
#1373=EDGE_CURVE('',#1692,#1686,#1694,.T.);
#1374=EDGE_CURVE('',#1687,#1691,#1695,.T.);
#1375=EDGE_CURVE('',#1691,#1674,#1696,.T.);
#1376=EDGE_CURVE('',#1674,#1662,#1697,.T.);
#1377=EDGE_CURVE('',#1692,#1662,#1698,.T.);
#1378=EDGE_CURVE('',#1672,#1664,#1699,.T.);
#1379=COLOUR_RGB('',0.925490200519562,0.925490200519562,0.925490200519562);
#1380=EDGE_CURVE('',#1700,#1701,#1702,.T.);
#1381=EDGE_CURVE('',#1703,#1700,#1704,.T.);
#1382=EDGE_CURVE('',#1705,#1703,#1706,.T.);
#1383=EDGE_CURVE('',#1701,#1705,#1707,.T.);
#1384=EDGE_CURVE('',#1701,#1708,#1709,.T.);
#1385=EDGE_CURVE('',#1710,#1708,#1711,.T.);
#1386=EDGE_CURVE('',#1700,#1710,#1712,.T.);
#1387=EDGE_CURVE('',#1713,#1710,#1714,.T.);
#1388=EDGE_CURVE('',#1703,#1713,#1715,.T.);
#1389=EDGE_CURVE('',#1716,#1713,#1717,.T.);
#1390=EDGE_CURVE('',#1705,#1716,#1718,.T.);
#1391=EDGE_CURVE('',#1708,#1716,#1719,.T.);
#1392=EDGE_CURVE('',#1716,#1720,#1721,.T.);
#1393=EDGE_CURVE('',#1720,#1722,#1723,.T.);
#1394=EDGE_CURVE('',#1722,#1724,#1725,.T.);
#1395=EDGE_CURVE('',#1726,#1724,#1727,.T.);
#1396=EDGE_CURVE('',#1728,#1726,#1729,.T.);
#1397=EDGE_CURVE('',#1730,#1728,#1731,.T.);
#1398=EDGE_CURVE('',#1708,#1730,#1732,.T.);
#1399=EDGE_CURVE('',#1733,#1730,#1734,.T.);
#1400=EDGE_CURVE('',#1710,#1733,#1735,.T.);
#1401=EDGE_CURVE('',#1733,#1736,#1737,.T.);
#1402=EDGE_CURVE('',#1736,#1738,#1739,.T.);
#1403=EDGE_CURVE('',#1740,#1738,#1741,.T.);
#1404=EDGE_CURVE('',#1742,#1740,#1743,.T.);
#1405=EDGE_CURVE('',#1744,#1742,#1745,.T.);
#1406=EDGE_CURVE('',#1713,#1744,#1746,.T.);
#1407=EDGE_CURVE('',#1720,#1744,#1747,.T.);
#1408=EDGE_CURVE('',#1722,#1742,#1748,.T.);
#1409=EDGE_CURVE('',#1724,#1740,#1749,.T.);
#1410=EDGE_CURVE('',#1750,#1751,#1752,.T.);
#1411=EDGE_CURVE('',#1750,#1724,#1753,.T.);
#1412=EDGE_CURVE('',#1751,#1740,#1754,.T.);
#1413=EDGE_CURVE('',#1755,#1756,#1757,.T.);
#1414=EDGE_CURVE('',#1756,#1750,#1758,.T.);
#1415=EDGE_CURVE('',#1751,#1755,#1759,.T.);
#1416=EDGE_CURVE('',#1755,#1738,#1760,.T.);
#1417=EDGE_CURVE('',#1738,#1726,#1761,.T.);
#1418=EDGE_CURVE('',#1756,#1726,#1762,.T.);
#1419=EDGE_CURVE('',#1736,#1728,#1763,.T.);
#1420=VERTEX_POINT('',#1764);
#1421=VERTEX_POINT('',#1765);
#1422=LINE('',#1766,#1767);
#1423=VERTEX_POINT('',#1768);
#1424=LINE('',#1769,#1770);
#1425=VERTEX_POINT('',#1771);
#1426=LINE('',#1772,#1773);
#1427=VERTEX_POINT('',#1774);
#1428=LINE('',#1775,#1776);
#1429=VERTEX_POINT('',#1777);
#1430=LINE('',#1778,#1779);
#1431=VERTEX_POINT('',#1780);
#1432=LINE('',#1781,#1782);
#1433=VERTEX_POINT('',#1783);
#1434=LINE('',#1784,#1785);
#1435=LINE('',#1786,#1787);
#1436=VERTEX_POINT('',#1788);
#1437=VERTEX_POINT('',#1789);
#1438=LINE('',#1790,#1791);
#1439=VERTEX_POINT('',#1792);
#1440=LINE('',#1793,#1794);
#1441=VERTEX_POINT('',#1795);
#1442=LINE('',#1796,#1797);
#1443=LINE('',#1798,#1799);
#1444=VERTEX_POINT('',#1800);
#1445=VERTEX_POINT('',#1801);
#1446=LINE('',#1802,#1803);
#1447=LINE('',#1804,#1805);
#1448=LINE('',#1806,#1807);
#1449=VERTEX_POINT('',#1808);
#1450=VERTEX_POINT('',#1809);
#1451=LINE('',#1810,#1811);
#1452=LINE('',#1812,#1813);
#1453=LINE('',#1814,#1815);
#1454=VERTEX_POINT('',#1816);
#1455=VERTEX_POINT('',#1817);
#1456=LINE('',#1818,#1819);
#1457=VERTEX_POINT('',#1820);
#1458=LINE('',#1821,#1822);
#1459=VERTEX_POINT('',#1823);
#1460=LINE('',#1824,#1825);
#1461=LINE('',#1826,#1827);
#1462=VERTEX_POINT('',#1828);
#1463=LINE('',#1829,#1830);
#1464=VERTEX_POINT('',#1831);
#1465=LINE('',#1832,#1833);
#1466=LINE('',#1834,#1835);
#1467=VERTEX_POINT('',#1836);
#1468=VERTEX_POINT('',#1837);
#1469=LINE('',#1838,#1839);
#1470=VERTEX_POINT('',#1840);
#1471=LINE('',#1841,#1842);
#1472=VERTEX_POINT('',#1843);
#1473=LINE('',#1844,#1845);
#1474=LINE('',#1846,#1847);
#1475=VERTEX_POINT('',#1848);
#1476=LINE('',#1849,#1850);
#1477=VERTEX_POINT('',#1851);
#1478=LINE('',#1852,#1853);
#1479=LINE('',#1854,#1855);
#1480=VERTEX_POINT('',#1856);
#1481=VERTEX_POINT('',#1857);
#1482=LINE('',#1858,#1859);
#1483=LINE('',#1860,#1861);
#1484=VERTEX_POINT('',#1862);
#1485=LINE('',#1863,#1864);
#1486=LINE('',#1865,#1866);
#1487=VERTEX_POINT('',#1867);
#1488=LINE('',#1868,#1869);
#1489=VERTEX_POINT('',#1870);
#1490=LINE('',#1871,#1872);
#1491=VERTEX_POINT('',#1873);
#1492=LINE('',#1874,#1875);
#1493=VERTEX_POINT('',#1876);
#1494=LINE('',#1877,#1878);
#1495=VERTEX_POINT('',#1879);
#1496=LINE('',#1880,#1881);
#1497=VERTEX_POINT('',#1882);
#1498=LINE('',#1883,#1884);
#1499=VERTEX_POINT('',#1885);
#1500=LINE('',#1886,#1887);
#1501=VERTEX_POINT('',#1888);
#1502=LINE('',#1889,#1890);
#1503=VERTEX_POINT('',#1891);
#1504=LINE('',#1892,#1893);
#1505=VERTEX_POINT('',#1894);
#1506=LINE('',#1895,#1896);
#1507=LINE('',#1897,#1898);
#1508=VERTEX_POINT('',#1899);
#1509=VERTEX_POINT('',#1900);
#1510=LINE('',#1901,#1902);
#1511=VERTEX_POINT('',#1903);
#1512=LINE('',#1904,#1905);
#1513=VERTEX_POINT('',#1906);
#1514=LINE('',#1907,#1908);
#1515=LINE('',#1909,#1910);
#1516=VERTEX_POINT('',#1911);
#1517=LINE('',#1912,#1913);
#1518=LINE('',#1914,#1915);
#1519=LINE('',#1916,#1917);
#1520=LINE('',#1918,#1919);
#1521=VERTEX_POINT('',#1920);
#1522=LINE('',#1921,#1922);
#1523=LINE('',#1923,#1924);
#1524=VERTEX_POINT('',#1925);
#1525=LINE('',#1926,#1927);
#1526=LINE('',#1928,#1929);
#1527=VERTEX_POINT('',#1930);
#1528=LINE('',#1931,#1932);
#1529=LINE('',#1933,#1934);
#1530=VERTEX_POINT('',#1935);
#1531=LINE('',#1936,#1937);
#1532=LINE('',#1938,#1939);
#1533=VERTEX_POINT('',#1940);
#1534=VERTEX_POINT('',#1941);
#1535=LINE('',#1942,#1943);
#1536=VERTEX_POINT('',#1944);
#1537=LINE('',#1945,#1946);
#1538=VERTEX_POINT('',#1947);
#1539=LINE('',#1948,#1949);
#1540=LINE('',#1950,#1951);
#1541=LINE('',#1952,#1953);
#1542=LINE('',#1954,#1955);
#1543=LINE('',#1956,#1957);
#1544=LINE('',#1958,#1959);
#1545=LINE('',#1960,#1961);
#1546=LINE('',#1962,#1963);
#1547=VERTEX_POINT('',#1964);
#1548=LINE('',#1965,#1966);
#1549=LINE('',#1967,#1968);
#1550=VERTEX_POINT('',#1969);
#1551=LINE('',#1970,#1971);
#1552=VERTEX_POINT('',#1972);
#1553=LINE('',#1973,#1974);
#1554=LINE('',#1975,#1976);
#1555=VERTEX_POINT('',#1977);
#1556=VERTEX_POINT('',#1978);
#1557=LINE('',#1979,#1980);
#1558=LINE('',#1981,#1982);
#1559=VERTEX_POINT('',#1983);
#1560=LINE('',#1984,#1985);
#1561=LINE('',#1986,#1987);
#1562=VERTEX_POINT('',#1988);
#1563=LINE('',#1989,#1990);
#1564=VERTEX_POINT('',#1991);
#1565=LINE('',#1992,#1993);
#1566=LINE('',#1994,#1995);
#1567=VERTEX_POINT('',#1996);
#1568=VERTEX_POINT('',#1997);
#1569=LINE('',#1998,#1999);
#1570=VERTEX_POINT('',#2000);
#1571=LINE('',#2001,#2002);
#1572=VERTEX_POINT('',#2003);
#1573=LINE('',#2004,#2005);
#1574=LINE('',#2006,#2007);
#1575=VERTEX_POINT('',#2008);
#1576=LINE('',#2009,#2010);
#1577=LINE('',#2011,#2012);
#1578=VERTEX_POINT('',#2013);
#1579=LINE('',#2014,#2015);
#1580=VERTEX_POINT('',#2016);
#1581=LINE('',#2017,#2018);
#1582=LINE('',#2019,#2020);
#1583=LINE('',#2021,#2022);
#1584=VERTEX_POINT('',#2023);
#1585=LINE('',#2024,#2025);
#1586=LINE('',#2026,#2027);
#1587=VERTEX_POINT('',#2028);
#1588=LINE('',#2029,#2030);
#1589=LINE('',#2031,#2032);
#1590=LINE('',#2033,#2034);
#1591=VERTEX_POINT('',#2035);
#1592=LINE('',#2036,#2037);
#1593=LINE('',#2038,#2039);
#1594=VERTEX_POINT('',#2040);
#1595=LINE('',#2041,#2042);
#1596=VERTEX_POINT('',#2043);
#1597=LINE('',#2044,#2045);
#1598=LINE('',#2046,#2047);
#1599=VERTEX_POINT('',#2048);
#1600=LINE('',#2049,#2050);
#1601=LINE('',#2051,#2052);
#1602=VERTEX_POINT('',#2053);
#1603=VERTEX_POINT('',#2054);
#1604=LINE('',#2055,#2056);
#1605=VERTEX_POINT('',#2057);
#1606=LINE('',#2058,#2059);
#1607=VERTEX_POINT('',#2060);
#1608=LINE('',#2061,#2062);
#1609=LINE('',#2063,#2064);
#1610=VERTEX_POINT('',#2065);
#1611=LINE('',#2066,#2067);
#1612=LINE('',#2068,#2069);
#1613=LINE('',#2070,#2071);
#1614=LINE('',#2072,#2073);
#1615=LINE('',#2074,#2075);
#1616=VERTEX_POINT('',#2076);
#1617=LINE('',#2077,#2078);
#1618=VERTEX_POINT('',#2079);
#1619=LINE('',#2080,#2081);
#1620=LINE('',#2082,#2083);
#1621=VERTEX_POINT('',#2084);
#1622=LINE('',#2085,#2086);
#1623=LINE('',#2087,#2088);
#1624=VERTEX_POINT('',#2089);
#1625=LINE('',#2090,#2091);
#1626=LINE('',#2092,#2093);
#1627=LINE('',#2094,#2095);
#1628=LINE('',#2096,#2097);
#1629=LINE('',#2098,#2099);
#1630=LINE('',#2100,#2101);
#1631=LINE('',#2102,#2103);
#1632=LINE('',#2104,#2105);
#1633=LINE('',#2106,#2107);
#1634=LINE('',#2108,#2109);
#1635=LINE('',#2110,#2111);
#1636=VERTEX_POINT('',#2112);
#1637=VERTEX_POINT('',#2113);
#1638=LINE('',#2114,#2115);
#1639=VERTEX_POINT('',#2116);
#1640=LINE('',#2117,#2118);
#1641=VERTEX_POINT('',#2119);
#1642=LINE('',#2120,#2121);
#1643=LINE('',#2122,#2123);
#1644=VERTEX_POINT('',#2124);
#1645=LINE('',#2125,#2126);
#1646=VERTEX_POINT('',#2127);
#1647=LINE('',#2128,#2129);
#1648=LINE('',#2130,#2131);
#1649=VERTEX_POINT('',#2132);
#1650=LINE('',#2133,#2134);
#1651=LINE('',#2135,#2136);
#1652=VERTEX_POINT('',#2137);
#1653=LINE('',#2138,#2139);
#1654=LINE('',#2140,#2141);
#1655=LINE('',#2142,#2143);
#1656=VERTEX_POINT('',#2144);
#1657=LINE('',#2145,#2146);
#1658=VERTEX_POINT('',#2147);
#1659=CIRCLE('',#2148,1.64);
#1660=VERTEX_POINT('',#2149);
#1661=LINE('',#2150,#2151);
#1662=VERTEX_POINT('',#2152);
#1663=LINE('',#2153,#2154);
#1664=VERTEX_POINT('',#2155);
#1665=LINE('',#2156,#2157);
#1666=VERTEX_POINT('',#2158);
#1667=CIRCLE('',#2159,1.0);
#1668=LINE('',#2160,#2161);
#1669=VERTEX_POINT('',#2162);
#1670=LINE('',#2163,#2164);
#1671=LINE('',#2165,#2166);
#1672=VERTEX_POINT('',#2167);
#1673=CIRCLE('',#2168,1.0);
#1674=VERTEX_POINT('',#2169);
#1675=LINE('',#2170,#2171);
#1676=VERTEX_POINT('',#2172);
#1677=LINE('',#2173,#2174);
#1678=VERTEX_POINT('',#2175);
#1679=LINE('',#2176,#2177);
#1680=VERTEX_POINT('',#2178);
#1681=CIRCLE('',#2179,1.64);
#1682=LINE('',#2180,#2181);
#1683=LINE('',#2182,#2183);
#1684=LINE('',#2184,#2185);
#1685=LINE('',#2186,#2187);
#1686=VERTEX_POINT('',#2188);
#1687=VERTEX_POINT('',#2189);
#1688=LINE('',#2190,#2191);
#1689=LINE('',#2192,#2193);
#1690=LINE('',#2194,#2195);
#1691=VERTEX_POINT('',#2196);
#1692=VERTEX_POINT('',#2197);
#1693=LINE('',#2198,#2199);
#1694=LINE('',#2200,#2201);
#1695=LINE('',#2202,#2203);
#1696=LINE('',#2204,#2205);
#1697=LINE('',#2206,#2207);
#1698=LINE('',#2208,#2209);
#1699=LINE('',#2210,#2211);
#1700=VERTEX_POINT('',#2212);
#1701=VERTEX_POINT('',#2213);
#1702=LINE('',#2214,#2215);
#1703=VERTEX_POINT('',#2216);
#1704=LINE('',#2217,#2218);
#1705=VERTEX_POINT('',#2219);
#1706=LINE('',#2220,#2221);
#1707=LINE('',#2222,#2223);
#1708=VERTEX_POINT('',#2224);
#1709=LINE('',#2225,#2226);
#1710=VERTEX_POINT('',#2227);
#1711=LINE('',#2228,#2229);
#1712=LINE('',#2230,#2231);
#1713=VERTEX_POINT('',#2232);
#1714=LINE('',#2233,#2234);
#1715=LINE('',#2235,#2236);
#1716=VERTEX_POINT('',#2237);
#1717=LINE('',#2238,#2239);
#1718=LINE('',#2240,#2241);
#1719=LINE('',#2242,#2243);
#1720=VERTEX_POINT('',#2244);
#1721=LINE('',#2245,#2246);
#1722=VERTEX_POINT('',#2247);
#1723=CIRCLE('',#2248,1.64);
#1724=VERTEX_POINT('',#2249);
#1725=LINE('',#2250,#2251);
#1726=VERTEX_POINT('',#2252);
#1727=LINE('',#2253,#2254);
#1728=VERTEX_POINT('',#2255);
#1729=LINE('',#2256,#2257);
#1730=VERTEX_POINT('',#2258);
#1731=CIRCLE('',#2259,1.0);
#1732=LINE('',#2260,#2261);
#1733=VERTEX_POINT('',#2262);
#1734=LINE('',#2263,#2264);
#1735=LINE('',#2265,#2266);
#1736=VERTEX_POINT('',#2267);
#1737=CIRCLE('',#2268,1.0);
#1738=VERTEX_POINT('',#2269);
#1739=LINE('',#2270,#2271);
#1740=VERTEX_POINT('',#2272);
#1741=LINE('',#2273,#2274);
#1742=VERTEX_POINT('',#2275);
#1743=LINE('',#2276,#2277);
#1744=VERTEX_POINT('',#2278);
#1745=CIRCLE('',#2279,1.64);
#1746=LINE('',#2280,#2281);
#1747=LINE('',#2282,#2283);
#1748=LINE('',#2284,#2285);
#1749=LINE('',#2286,#2287);
#1750=VERTEX_POINT('',#2288);
#1751=VERTEX_POINT('',#2289);
#1752=LINE('',#2290,#2291);
#1753=LINE('',#2292,#2293);
#1754=LINE('',#2294,#2295);
#1755=VERTEX_POINT('',#2296);
#1756=VERTEX_POINT('',#2297);
#1757=LINE('',#2298,#2299);
#1758=LINE('',#2300,#2301);
#1759=LINE('',#2302,#2303);
#1760=LINE('',#2304,#2305);
#1761=LINE('',#2306,#2307);
#1762=LINE('',#2308,#2309);
#1763=LINE('',#2310,#2311);
#1764=CARTESIAN_POINT('',(3.56,0.0,-1.02));
#1765=CARTESIAN_POINT('',(3.56,0.0,1.02));
#1766=CARTESIAN_POINT('',(3.56,0.0,-1.02));
#1767=VECTOR('',#2312,2.04);
#1768=CARTESIAN_POINT('',(3.31,0.0,-1.27));
#1769=CARTESIAN_POINT('',(3.56,0.0,-1.02));
#1770=VECTOR('',#2313,0.353553390593276);
#1771=CARTESIAN_POINT('',(1.77,0.0,-1.27));
#1772=CARTESIAN_POINT('',(1.77,0.0,-1.27));
#1773=VECTOR('',#2314,1.54);
#1774=CARTESIAN_POINT('',(1.52,0.0,-1.02));
#1775=CARTESIAN_POINT('',(1.77,0.0,-1.27));
#1776=VECTOR('',#2315,0.353553390593276);
#1777=CARTESIAN_POINT('',(1.52,0.0,1.02));
#1778=CARTESIAN_POINT('',(1.52,0.0,1.02));
#1779=VECTOR('',#2316,2.04);
#1780=CARTESIAN_POINT('',(1.77,0.0,1.27));
#1781=CARTESIAN_POINT('',(1.52,0.0,1.02));
#1782=VECTOR('',#2317,0.353553390593276);
#1783=CARTESIAN_POINT('',(3.31,0.0,1.27));
#1784=CARTESIAN_POINT('',(3.31,0.0,1.27));
#1785=VECTOR('',#2318,1.54);
#1786=CARTESIAN_POINT('',(3.31,0.0,1.27));
#1787=VECTOR('',#2319,0.353553390593276);
#1788=CARTESIAN_POINT('',(2.2225,0.0,-0.3175));
#1789=CARTESIAN_POINT('',(2.2225,0.0,0.3175));
#1790=CARTESIAN_POINT('',(2.2225,0.0,-0.3175));
#1791=VECTOR('',#2320,0.635);
#1792=CARTESIAN_POINT('',(2.8575,0.0,-0.3175));
#1793=CARTESIAN_POINT('',(2.8575,0.0,-0.3175));
#1794=VECTOR('',#2321,0.635);
#1795=CARTESIAN_POINT('',(2.8575,0.0,0.3175));
#1796=CARTESIAN_POINT('',(2.8575,0.0,0.3175));
#1797=VECTOR('',#2322,0.635);
#1798=CARTESIAN_POINT('',(2.2225,0.0,0.3175));
#1799=VECTOR('',#2323,0.635);
#1800=CARTESIAN_POINT('',(3.81,-0.25,0.77));
#1801=CARTESIAN_POINT('',(3.81,-0.25,-0.77));
#1802=CARTESIAN_POINT('',(3.81,-0.25,0.77));
#1803=VECTOR('',#2324,1.54);
#1804=CARTESIAN_POINT('',(3.56,0.0,-1.02));
#1805=VECTOR('',#2325,0.433012701892181);
#1806=CARTESIAN_POINT('',(3.56,0.0,1.02));
#1807=VECTOR('',#2326,0.433012701892181);
#1808=CARTESIAN_POINT('',(4.06,0.0,1.02));
#1809=CARTESIAN_POINT('',(4.06,0.0,-1.02));
#1810=CARTESIAN_POINT('',(4.06,0.0,1.02));
#1811=VECTOR('',#2327,2.04);
#1812=CARTESIAN_POINT('',(4.06,0.0,-1.02));
#1813=VECTOR('',#2328,0.433012701892181);
#1814=CARTESIAN_POINT('',(4.06,0.0,1.02));
#1815=VECTOR('',#2329,0.433012701892181);
#1816=CARTESIAN_POINT('',(6.1,0.0,-1.02));
#1817=CARTESIAN_POINT('',(6.1,0.0,1.02));
#1818=CARTESIAN_POINT('',(6.1,0.0,-1.02));
#1819=VECTOR('',#2330,2.04);
#1820=CARTESIAN_POINT('',(5.85,0.0,-1.27));
#1821=CARTESIAN_POINT('',(6.1,0.0,-1.02));
#1822=VECTOR('',#2331,0.353553390593276);
#1823=CARTESIAN_POINT('',(4.31,0.0,-1.27));
#1824=CARTESIAN_POINT('',(4.31,0.0,-1.27));
#1825=VECTOR('',#2332,1.54);
#1826=CARTESIAN_POINT('',(4.31,0.0,-1.27));
#1827=VECTOR('',#2333,0.353553390593276);
#1828=CARTESIAN_POINT('',(4.31,0.0,1.27));
#1829=CARTESIAN_POINT('',(4.06,0.0,1.02));
#1830=VECTOR('',#2334,0.353553390593276);
#1831=CARTESIAN_POINT('',(5.85,0.0,1.27));
#1832=CARTESIAN_POINT('',(5.85,0.0,1.27));
#1833=VECTOR('',#2335,1.54);
#1834=CARTESIAN_POINT('',(5.85,0.0,1.27));
#1835=VECTOR('',#2336,0.353553390593276);
#1836=CARTESIAN_POINT('',(4.7625,0.0,-0.3175));
#1837=CARTESIAN_POINT('',(4.7625,0.0,0.3175));
#1838=CARTESIAN_POINT('',(4.7625,0.0,-0.3175));
#1839=VECTOR('',#2337,0.635);
#1840=CARTESIAN_POINT('',(5.3975,0.0,-0.3175));
#1841=CARTESIAN_POINT('',(5.3975,0.0,-0.3175));
#1842=VECTOR('',#2338,0.635);
#1843=CARTESIAN_POINT('',(5.3975,0.0,0.3175));
#1844=CARTESIAN_POINT('',(5.3975,0.0,0.3175));
#1845=VECTOR('',#2339,0.635);
#1846=CARTESIAN_POINT('',(4.7625,0.0,0.3175));
#1847=VECTOR('',#2340,0.635);
#1848=CARTESIAN_POINT('',(6.35,-0.25,0.77));
#1849=CARTESIAN_POINT('',(6.1,0.0,1.02));
#1850=VECTOR('',#2341,0.433012701892181);
#1851=CARTESIAN_POINT('',(6.35,-0.25,-0.77));
#1852=CARTESIAN_POINT('',(6.35,-0.25,-0.77));
#1853=VECTOR('',#2342,1.54);
#1854=CARTESIAN_POINT('',(6.1,0.0,-1.02));
#1855=VECTOR('',#2343,0.433012701892181);
#1856=CARTESIAN_POINT('',(6.1,-1.94,-1.02));
#1857=CARTESIAN_POINT('',(5.85,-1.94,-1.27));
#1858=CARTESIAN_POINT('',(6.1,-1.94,-1.02));
#1859=VECTOR('',#2344,0.353553390593276);
#1860=CARTESIAN_POINT('',(5.85,0.0,-1.27));
#1861=VECTOR('',#2345,1.94);
#1862=CARTESIAN_POINT('',(6.35,-1.69,-0.77));
#1863=CARTESIAN_POINT('',(6.35,-0.25,-0.77));
#1864=VECTOR('',#2346,1.44);
#1865=CARTESIAN_POINT('',(6.35,-1.69,-0.77));
#1866=VECTOR('',#2347,0.433012701892181);
#1867=CARTESIAN_POINT('',(6.1,-1.94,1.02));
#1868=CARTESIAN_POINT('',(6.1,-1.94,-1.02));
#1869=VECTOR('',#2348,2.04);
#1870=CARTESIAN_POINT('',(5.85,-1.94,1.27));
#1871=CARTESIAN_POINT('',(5.85,-1.94,1.27));
#1872=VECTOR('',#2349,0.353553390593276);
#1873=CARTESIAN_POINT('',(5.85,-1.94,0.77));
#1874=CARTESIAN_POINT('',(5.85,-1.94,1.27));
#1875=VECTOR('',#2350,0.5);
#1876=CARTESIAN_POINT('',(4.31,-1.94,0.77));
#1877=CARTESIAN_POINT('',(5.85,-1.94,0.77));
#1878=VECTOR('',#2351,1.54);
#1879=CARTESIAN_POINT('',(4.31,-1.94,1.27));
#1880=CARTESIAN_POINT('',(4.31,-1.94,0.77));
#1881=VECTOR('',#2352,0.5);
#1882=CARTESIAN_POINT('',(4.06,-1.94,1.02));
#1883=CARTESIAN_POINT('',(4.06,-1.94,1.02));
#1884=VECTOR('',#2353,0.353553390593276);
#1885=CARTESIAN_POINT('',(4.06,-1.94,-1.02));
#1886=CARTESIAN_POINT('',(4.06,-1.94,1.02));
#1887=VECTOR('',#2354,2.04);
#1888=CARTESIAN_POINT('',(4.31,-1.94,-1.27));
#1889=CARTESIAN_POINT('',(4.31,-1.94,-1.27));
#1890=VECTOR('',#2355,0.353553390593276);
#1891=CARTESIAN_POINT('',(4.31,-1.94,-0.77));
#1892=CARTESIAN_POINT('',(4.31,-1.94,-1.27));
#1893=VECTOR('',#2356,0.5);
#1894=CARTESIAN_POINT('',(5.85,-1.94,-0.77));
#1895=CARTESIAN_POINT('',(4.31,-1.94,-0.77));
#1896=VECTOR('',#2357,1.54);
#1897=CARTESIAN_POINT('',(5.85,-1.94,-0.77));
#1898=VECTOR('',#2358,0.5);
#1899=CARTESIAN_POINT('',(4.7625,-1.94,-0.3175));
#1900=CARTESIAN_POINT('',(4.7625,-1.94,0.3175));
#1901=CARTESIAN_POINT('',(4.7625,-1.94,-0.3175));
#1902=VECTOR('',#2359,0.635);
#1903=CARTESIAN_POINT('',(5.3975,-1.94,0.3175));
#1904=CARTESIAN_POINT('',(4.7625,-1.94,0.3175));
#1905=VECTOR('',#2360,0.635);
#1906=CARTESIAN_POINT('',(5.3975,-1.94,-0.3175));
#1907=CARTESIAN_POINT('',(5.3975,-1.94,0.3175));
#1908=VECTOR('',#2361,0.635);
#1909=CARTESIAN_POINT('',(5.3975,-1.94,-0.3175));
#1910=VECTOR('',#2362,0.635);
#1911=CARTESIAN_POINT('',(6.35,-1.69,0.77));
#1912=CARTESIAN_POINT('',(6.35,-1.69,-0.77));
#1913=VECTOR('',#2363,1.54);
#1914=CARTESIAN_POINT('',(6.35,-1.69,0.77));
#1915=VECTOR('',#2364,0.433012701892181);
#1916=CARTESIAN_POINT('',(6.35,-0.25,0.77));
#1917=VECTOR('',#2365,1.44);
#1918=CARTESIAN_POINT('',(5.85,0.0,1.27));
#1919=VECTOR('',#2366,1.94);
#1920=CARTESIAN_POINT('',(5.85,-2.54,1.27));
#1921=CARTESIAN_POINT('',(5.85,-2.54,1.27));
#1922=VECTOR('',#2367,0.6);
#1923=CARTESIAN_POINT('',(4.31,0.0,1.27));
#1924=VECTOR('',#2368,1.94);
#1925=CARTESIAN_POINT('',(4.31,-2.54,1.27));
#1926=CARTESIAN_POINT('',(4.31,-2.54,1.27));
#1927=VECTOR('',#2369,0.6);
#1928=CARTESIAN_POINT('',(5.85,-2.54,1.27));
#1929=VECTOR('',#2370,1.54);
#1930=CARTESIAN_POINT('',(5.85,-2.54,0.77));
#1931=CARTESIAN_POINT('',(5.85,-2.54,1.27));
#1932=VECTOR('',#2371,0.5);
#1933=CARTESIAN_POINT('',(5.85,-2.54,0.77));
#1934=VECTOR('',#2372,0.6);
#1935=CARTESIAN_POINT('',(4.31,-2.54,0.77));
#1936=CARTESIAN_POINT('',(4.31,-2.54,1.27));
#1937=VECTOR('',#2373,0.5);
#1938=CARTESIAN_POINT('',(5.85,-2.54,0.77));
#1939=VECTOR('',#2374,1.54);
#1940=CARTESIAN_POINT('',(4.31,-2.54,-1.27));
#1941=CARTESIAN_POINT('',(4.31,-2.54,-0.77));
#1942=CARTESIAN_POINT('',(4.31,-2.54,-1.27));
#1943=VECTOR('',#2375,0.5);
#1944=CARTESIAN_POINT('',(5.85,-2.54,-1.27));
#1945=CARTESIAN_POINT('',(4.31,-2.54,-1.27));
#1946=VECTOR('',#2376,1.54);
#1947=CARTESIAN_POINT('',(5.85,-2.54,-0.77));
#1948=CARTESIAN_POINT('',(5.85,-2.54,-1.27));
#1949=VECTOR('',#2377,0.5);
#1950=CARTESIAN_POINT('',(4.31,-2.54,-0.77));
#1951=VECTOR('',#2378,1.54);
#1952=CARTESIAN_POINT('',(4.31,-2.54,0.77));
#1953=VECTOR('',#2379,0.6);
#1954=CARTESIAN_POINT('',(4.31,-2.54,-0.77));
#1955=VECTOR('',#2380,0.6);
#1956=CARTESIAN_POINT('',(4.31,-2.54,-1.27));
#1957=VECTOR('',#2381,0.6);
#1958=CARTESIAN_POINT('',(4.31,0.0,-1.27));
#1959=VECTOR('',#2382,1.94);
#1960=CARTESIAN_POINT('',(5.85,-2.54,-1.27));
#1961=VECTOR('',#2383,0.6);
#1962=CARTESIAN_POINT('',(5.85,-2.54,-0.77));
#1963=VECTOR('',#2384,0.6);
#1964=CARTESIAN_POINT('',(3.81,-1.69,-0.77));
#1965=CARTESIAN_POINT('',(3.81,-1.69,-0.77));
#1966=VECTOR('',#2385,0.433012701892181);
#1967=CARTESIAN_POINT('',(3.81,-0.25,-0.77));
#1968=VECTOR('',#2386,1.44);
#1969=CARTESIAN_POINT('',(3.56,-1.94,-1.02));
#1970=CARTESIAN_POINT('',(3.81,-1.69,-0.77));
#1971=VECTOR('',#2387,0.433012701892181);
#1972=CARTESIAN_POINT('',(3.31,-1.94,-1.27));
#1973=CARTESIAN_POINT('',(3.56,-1.94,-1.02));
#1974=VECTOR('',#2388,0.353553390593276);
#1975=CARTESIAN_POINT('',(3.31,0.0,-1.27));
#1976=VECTOR('',#2389,1.94);
#1977=CARTESIAN_POINT('',(1.77,-2.54,-1.27));
#1978=CARTESIAN_POINT('',(1.77,-1.94,-1.27));
#1979=CARTESIAN_POINT('',(1.77,-2.54,-1.27));
#1980=VECTOR('',#2390,0.6);
#1981=CARTESIAN_POINT('',(1.77,0.0,-1.27));
#1982=VECTOR('',#2391,1.94);
#1983=CARTESIAN_POINT('',(3.31,-2.54,-1.27));
#1984=CARTESIAN_POINT('',(3.31,-2.54,-1.27));
#1985=VECTOR('',#2392,0.6);
#1986=CARTESIAN_POINT('',(1.77,-2.54,-1.27));
#1987=VECTOR('',#2393,1.54);
#1988=CARTESIAN_POINT('',(1.77,-2.54,-0.77));
#1989=CARTESIAN_POINT('',(1.77,-2.54,-1.27));
#1990=VECTOR('',#2394,0.5);
#1991=CARTESIAN_POINT('',(1.77,-1.94,-0.77));
#1992=CARTESIAN_POINT('',(1.77,-2.54,-0.77));
#1993=VECTOR('',#2395,0.6);
#1994=CARTESIAN_POINT('',(1.77,-1.94,-1.27));
#1995=VECTOR('',#2396,0.5);
#1996=CARTESIAN_POINT('',(3.31,-2.54,1.27));
#1997=CARTESIAN_POINT('',(3.31,-2.54,0.77));
#1998=CARTESIAN_POINT('',(3.31,-2.54,1.27));
#1999=VECTOR('',#2397,0.5);
#2000=CARTESIAN_POINT('',(1.77,-2.54,1.27));
#2001=CARTESIAN_POINT('',(3.31,-2.54,1.27));
#2002=VECTOR('',#2398,1.54);
#2003=CARTESIAN_POINT('',(1.77,-2.54,0.77));
#2004=CARTESIAN_POINT('',(1.77,-2.54,1.27));
#2005=VECTOR('',#2399,0.5);
#2006=CARTESIAN_POINT('',(3.31,-2.54,0.77));
#2007=VECTOR('',#2400,1.54);
#2008=CARTESIAN_POINT('',(3.31,-2.54,-0.77));
#2009=CARTESIAN_POINT('',(3.31,-2.54,-1.27));
#2010=VECTOR('',#2401,0.5);
#2011=CARTESIAN_POINT('',(1.77,-2.54,-0.77));
#2012=VECTOR('',#2402,1.54);
#2013=CARTESIAN_POINT('',(3.31,-1.94,0.77));
#2014=CARTESIAN_POINT('',(3.31,-2.54,0.77));
#2015=VECTOR('',#2403,0.6);
#2016=CARTESIAN_POINT('',(3.31,-1.94,1.27));
#2017=CARTESIAN_POINT('',(3.31,-1.94,1.27));
#2018=VECTOR('',#2404,0.5);
#2019=CARTESIAN_POINT('',(3.31,-2.54,1.27));
#2020=VECTOR('',#2405,0.6);
#2021=CARTESIAN_POINT('',(3.31,0.0,1.27));
#2022=VECTOR('',#2406,1.94);
#2023=CARTESIAN_POINT('',(1.77,-1.94,1.27));
#2024=CARTESIAN_POINT('',(1.77,0.0,1.27));
#2025=VECTOR('',#2407,1.94);
#2026=CARTESIAN_POINT('',(1.77,-2.54,1.27));
#2027=VECTOR('',#2408,0.6);
#2028=CARTESIAN_POINT('',(1.77,-1.94,0.77));
#2029=CARTESIAN_POINT('',(1.77,-1.94,0.77));
#2030=VECTOR('',#2409,0.5);
#2031=CARTESIAN_POINT('',(1.77,-2.54,0.77));
#2032=VECTOR('',#2410,0.6);
#2033=CARTESIAN_POINT('',(3.31,-1.94,0.77));
#2034=VECTOR('',#2411,1.54);
#2035=CARTESIAN_POINT('',(3.56,-1.94,1.02));
#2036=CARTESIAN_POINT('',(3.56,-1.94,-1.02));
#2037=VECTOR('',#2412,2.04);
#2038=CARTESIAN_POINT('',(3.31,-1.94,1.27));
#2039=VECTOR('',#2413,0.353553390593276);
#2040=CARTESIAN_POINT('',(1.52,-1.94,1.02));
#2041=CARTESIAN_POINT('',(1.52,-1.94,1.02));
#2042=VECTOR('',#2414,0.353553390593276);
#2043=CARTESIAN_POINT('',(1.52,-1.94,-1.02));
#2044=CARTESIAN_POINT('',(1.52,-1.94,1.02));
#2045=VECTOR('',#2415,2.04);
#2046=CARTESIAN_POINT('',(1.77,-1.94,-1.27));
#2047=VECTOR('',#2416,0.353553390593276);
#2048=CARTESIAN_POINT('',(3.31,-1.94,-0.77));
#2049=CARTESIAN_POINT('',(1.77,-1.94,-0.77));
#2050=VECTOR('',#2417,1.54);
#2051=CARTESIAN_POINT('',(3.31,-1.94,-0.77));
#2052=VECTOR('',#2418,0.5);
#2053=CARTESIAN_POINT('',(2.2225,-1.94,-0.3175));
#2054=CARTESIAN_POINT('',(2.2225,-1.94,0.3175));
#2055=CARTESIAN_POINT('',(2.2225,-1.94,-0.3175));
#2056=VECTOR('',#2419,0.635);
#2057=CARTESIAN_POINT('',(2.8575,-1.94,0.3175));
#2058=CARTESIAN_POINT('',(2.2225,-1.94,0.3175));
#2059=VECTOR('',#2420,0.635);
#2060=CARTESIAN_POINT('',(2.8575,-1.94,-0.3175));
#2061=CARTESIAN_POINT('',(2.8575,-1.94,0.3175));
#2062=VECTOR('',#2421,0.635);
#2063=CARTESIAN_POINT('',(2.8575,-1.94,-0.3175));
#2064=VECTOR('',#2422,0.635);
#2065=CARTESIAN_POINT('',(3.81,-1.69,0.77));
#2066=CARTESIAN_POINT('',(3.81,-1.69,0.77));
#2067=VECTOR('',#2423,1.54);
#2068=CARTESIAN_POINT('',(3.81,-1.69,0.77));
#2069=VECTOR('',#2424,0.433012701892181);
#2070=CARTESIAN_POINT('',(3.81,-1.69,0.77));
#2071=VECTOR('',#2425,0.433012701892181);
#2072=CARTESIAN_POINT('',(3.81,-0.25,0.77));
#2073=VECTOR('',#2426,1.44);
#2074=CARTESIAN_POINT('',(3.31,-2.54,-0.77));
#2075=VECTOR('',#2427,0.6);
#2076=CARTESIAN_POINT('',(1.27,-1.69,-0.77));
#2077=CARTESIAN_POINT('',(1.27,-1.69,-0.77));
#2078=VECTOR('',#2428,0.433012701892181);
#2079=CARTESIAN_POINT('',(1.27,-0.25,-0.77));
#2080=CARTESIAN_POINT('',(1.27,-0.25,-0.77));
#2081=VECTOR('',#2429,1.44);
#2082=CARTESIAN_POINT('',(1.52,0.0,-1.02));
#2083=VECTOR('',#2430,0.433012701892181);
#2084=CARTESIAN_POINT('',(1.27,-0.25,0.77));
#2085=CARTESIAN_POINT('',(1.27,-0.25,0.77));
#2086=VECTOR('',#2431,1.54);
#2087=CARTESIAN_POINT('',(1.52,0.0,1.02));
#2088=VECTOR('',#2432,0.433012701892181);
#2089=CARTESIAN_POINT('',(1.27,-1.69,0.77));
#2090=CARTESIAN_POINT('',(1.27,-0.25,0.77));
#2091=VECTOR('',#2433,1.44);
#2092=CARTESIAN_POINT('',(1.27,-1.69,0.77));
#2093=VECTOR('',#2434,0.433012701892181);
#2094=CARTESIAN_POINT('',(1.27,-1.69,0.77));
#2095=VECTOR('',#2435,1.54);
#2096=CARTESIAN_POINT('',(2.2225,0.0,0.3175));
#2097=VECTOR('',#2436,1.94);
#2098=CARTESIAN_POINT('',(2.2225,0.0,-0.3175));
#2099=VECTOR('',#2437,1.94);
#2100=CARTESIAN_POINT('',(2.8575,0.0,-0.3175));
#2101=VECTOR('',#2438,1.94);
#2102=CARTESIAN_POINT('',(2.8575,0.0,0.3175));
#2103=VECTOR('',#2439,1.94);
#2104=CARTESIAN_POINT('',(4.7625,0.0,0.3175));
#2105=VECTOR('',#2440,1.94);
#2106=CARTESIAN_POINT('',(4.7625,0.0,-0.3175));
#2107=VECTOR('',#2441,1.94);
#2108=CARTESIAN_POINT('',(5.3975,0.0,-0.3175));
#2109=VECTOR('',#2442,1.94);
#2110=CARTESIAN_POINT('',(5.3975,0.0,0.3175));
#2111=VECTOR('',#2443,1.94);
#2112=CARTESIAN_POINT('',(2.735,5.8,0.195));
#2113=CARTESIAN_POINT('',(2.345,5.8,0.195));
#2114=CARTESIAN_POINT('',(2.735,5.8,0.195));
#2115=VECTOR('',#2444,0.39);
#2116=CARTESIAN_POINT('',(2.735,5.8,-0.195));
#2117=CARTESIAN_POINT('',(2.735,5.8,-0.195));
#2118=VECTOR('',#2445,0.39);
#2119=CARTESIAN_POINT('',(2.345,5.8,-0.195));
#2120=CARTESIAN_POINT('',(2.345,5.8,-0.195));
#2121=VECTOR('',#2446,0.39);
#2122=CARTESIAN_POINT('',(2.345,5.8,0.195));
#2123=VECTOR('',#2447,0.39);
#2124=CARTESIAN_POINT('',(2.22,5.583493649054,0.32));
#2125=CARTESIAN_POINT('',(2.345,5.8,0.195));
#2126=VECTOR('',#2448,0.279508497187514);
#2127=CARTESIAN_POINT('',(2.86,5.583493649054,0.32));
#2128=CARTESIAN_POINT('',(2.86,5.583493649054,0.32));
#2129=VECTOR('',#2449,0.64);
#2130=CARTESIAN_POINT('',(2.735,5.8,0.195));
#2131=VECTOR('',#2450,0.279508497187514);
#2132=CARTESIAN_POINT('',(2.86,5.583493649054,-0.32));
#2133=CARTESIAN_POINT('',(2.86,5.583493649054,-0.32));
#2134=VECTOR('',#2451,0.64);
#2135=CARTESIAN_POINT('',(2.735,5.8,-0.195));
#2136=VECTOR('',#2452,0.279508497187514);
#2137=CARTESIAN_POINT('',(2.22,5.583493649054,-0.32));
#2138=CARTESIAN_POINT('',(2.22,5.583493649054,-0.32));
#2139=VECTOR('',#2453,0.64);
#2140=CARTESIAN_POINT('',(2.345,5.8,-0.195));
#2141=VECTOR('',#2454,0.279508497187514);
#2142=CARTESIAN_POINT('',(2.22,5.583493649054,0.32));
#2143=VECTOR('',#2455,0.64);
#2144=CARTESIAN_POINT('',(2.22,-2.58,-0.32));
#2145=CARTESIAN_POINT('',(2.22,5.583493649054,-0.32));
#2146=VECTOR('',#2456,8.163493649054);
#2147=CARTESIAN_POINT('',(2.22,-4.22,1.32));
#2148=AXIS2_PLACEMENT_3D('',#2457,#2458,#2459);
#2149=CARTESIAN_POINT('',(2.22,-4.22,4.053493649054));
#2150=CARTESIAN_POINT('',(2.22,-4.22,1.32));
#2151=VECTOR('',#2460,2.733493649054);
#2152=CARTESIAN_POINT('',(2.22,-3.58,4.053493649054));
#2153=CARTESIAN_POINT('',(2.22,-3.58,4.053493649054));
#2154=VECTOR('',#2461,0.64);
#2155=CARTESIAN_POINT('',(2.22,-3.58,1.32));
#2156=CARTESIAN_POINT('',(2.22,-3.58,1.32));
#2157=VECTOR('',#2462,2.733493649054);
#2158=CARTESIAN_POINT('',(2.22,-2.58,0.32));
#2159=AXIS2_PLACEMENT_3D('',#2463,#2464,#2465);
#2160=CARTESIAN_POINT('',(2.22,5.583493649054,0.32));
#2161=VECTOR('',#2466,8.163493649054);
#2162=CARTESIAN_POINT('',(2.86,-2.58,0.32));
#2163=CARTESIAN_POINT('',(2.86,-2.58,0.32));
#2164=VECTOR('',#2467,0.64);
#2165=CARTESIAN_POINT('',(2.86,5.583493649054,0.32));
#2166=VECTOR('',#2468,8.163493649054);
#2167=CARTESIAN_POINT('',(2.86,-3.58,1.32));
#2168=AXIS2_PLACEMENT_3D('',#2469,#2470,#2471);
#2169=CARTESIAN_POINT('',(2.86,-3.58,4.053493649054));
#2170=CARTESIAN_POINT('',(2.86,-3.58,1.32));
#2171=VECTOR('',#2472,2.733493649054);
#2172=CARTESIAN_POINT('',(2.86,-4.22,4.053493649054));
#2173=CARTESIAN_POINT('',(2.86,-4.22,4.053493649054));
#2174=VECTOR('',#2473,0.64);
#2175=CARTESIAN_POINT('',(2.86,-4.22,1.32));
#2176=CARTESIAN_POINT('',(2.86,-4.22,1.32));
#2177=VECTOR('',#2474,2.733493649054);
#2178=CARTESIAN_POINT('',(2.86,-2.58,-0.32));
#2179=AXIS2_PLACEMENT_3D('',#2475,#2476,#2477);
#2180=CARTESIAN_POINT('',(2.86,5.583493649054,-0.32));
#2181=VECTOR('',#2478,8.163493649054);
#2182=CARTESIAN_POINT('',(2.22,-2.58,-0.32));
#2183=VECTOR('',#2479,0.64);
#2184=CARTESIAN_POINT('',(2.22,-4.22,1.32));
#2185=VECTOR('',#2480,0.64);
#2186=CARTESIAN_POINT('',(2.22,-4.22,4.053493649054));
#2187=VECTOR('',#2481,0.64);
#2188=CARTESIAN_POINT('',(2.345,-4.095,4.27));
#2189=CARTESIAN_POINT('',(2.735,-4.095,4.27));
#2190=CARTESIAN_POINT('',(2.345,-4.095,4.27));
#2191=VECTOR('',#2482,0.39);
#2192=CARTESIAN_POINT('',(2.345,-4.095,4.27));
#2193=VECTOR('',#2483,0.279508497187514);
#2194=CARTESIAN_POINT('',(2.735,-4.095,4.27));
#2195=VECTOR('',#2484,0.279508497187514);
#2196=CARTESIAN_POINT('',(2.735,-3.705,4.27));
#2197=CARTESIAN_POINT('',(2.345,-3.705,4.27));
#2198=CARTESIAN_POINT('',(2.735,-3.705,4.27));
#2199=VECTOR('',#2485,0.39);
#2200=CARTESIAN_POINT('',(2.345,-3.705,4.27));
#2201=VECTOR('',#2486,0.39);
#2202=CARTESIAN_POINT('',(2.735,-4.095,4.27));
#2203=VECTOR('',#2487,0.39);
#2204=CARTESIAN_POINT('',(2.735,-3.705,4.27));
#2205=VECTOR('',#2488,0.279508497187514);
#2206=CARTESIAN_POINT('',(2.86,-3.58,4.053493649054));
#2207=VECTOR('',#2489,0.64);
#2208=CARTESIAN_POINT('',(2.345,-3.705,4.27));
#2209=VECTOR('',#2490,0.279508497187514);
#2210=CARTESIAN_POINT('',(2.86,-3.58,1.32));
#2211=VECTOR('',#2491,0.64);
#2212=CARTESIAN_POINT('',(5.275,5.8,0.195));
#2213=CARTESIAN_POINT('',(4.885,5.8,0.195));
#2214=CARTESIAN_POINT('',(5.275,5.8,0.195));
#2215=VECTOR('',#2492,0.39);
#2216=CARTESIAN_POINT('',(5.275,5.8,-0.195));
#2217=CARTESIAN_POINT('',(5.275,5.8,-0.195));
#2218=VECTOR('',#2493,0.39);
#2219=CARTESIAN_POINT('',(4.885,5.8,-0.195));
#2220=CARTESIAN_POINT('',(4.885,5.8,-0.195));
#2221=VECTOR('',#2494,0.39);
#2222=CARTESIAN_POINT('',(4.885,5.8,0.195));
#2223=VECTOR('',#2495,0.39);
#2224=CARTESIAN_POINT('',(4.76,5.583493649054,0.32));
#2225=CARTESIAN_POINT('',(4.885,5.8,0.195));
#2226=VECTOR('',#2496,0.279508497187514);
#2227=CARTESIAN_POINT('',(5.4,5.583493649054,0.32));
#2228=CARTESIAN_POINT('',(5.4,5.583493649054,0.32));
#2229=VECTOR('',#2497,0.64);
#2230=CARTESIAN_POINT('',(5.275,5.8,0.195));
#2231=VECTOR('',#2498,0.279508497187514);
#2232=CARTESIAN_POINT('',(5.4,5.583493649054,-0.32));
#2233=CARTESIAN_POINT('',(5.4,5.583493649054,-0.32));
#2234=VECTOR('',#2499,0.64);
#2235=CARTESIAN_POINT('',(5.275,5.8,-0.195));
#2236=VECTOR('',#2500,0.279508497187514);
#2237=CARTESIAN_POINT('',(4.76,5.583493649054,-0.32));
#2238=CARTESIAN_POINT('',(4.76,5.583493649054,-0.32));
#2239=VECTOR('',#2501,0.64);
#2240=CARTESIAN_POINT('',(4.885,5.8,-0.195));
#2241=VECTOR('',#2502,0.279508497187514);
#2242=CARTESIAN_POINT('',(4.76,5.583493649054,0.32));
#2243=VECTOR('',#2503,0.64);
#2244=CARTESIAN_POINT('',(4.76,-2.58,-0.32));
#2245=CARTESIAN_POINT('',(4.76,5.583493649054,-0.32));
#2246=VECTOR('',#2504,8.163493649054);
#2247=CARTESIAN_POINT('',(4.76,-4.22,1.32));
#2248=AXIS2_PLACEMENT_3D('',#2505,#2506,#2507);
#2249=CARTESIAN_POINT('',(4.76,-4.22,4.053493649054));
#2250=CARTESIAN_POINT('',(4.76,-4.22,1.32));
#2251=VECTOR('',#2508,2.733493649054);
#2252=CARTESIAN_POINT('',(4.76,-3.58,4.053493649054));
#2253=CARTESIAN_POINT('',(4.76,-3.58,4.053493649054));
#2254=VECTOR('',#2509,0.64);
#2255=CARTESIAN_POINT('',(4.76,-3.58,1.32));
#2256=CARTESIAN_POINT('',(4.76,-3.58,1.32));
#2257=VECTOR('',#2510,2.733493649054);
#2258=CARTESIAN_POINT('',(4.76,-2.58,0.32));
#2259=AXIS2_PLACEMENT_3D('',#2511,#2512,#2513);
#2260=CARTESIAN_POINT('',(4.76,5.583493649054,0.32));
#2261=VECTOR('',#2514,8.163493649054);
#2262=CARTESIAN_POINT('',(5.4,-2.58,0.32));
#2263=CARTESIAN_POINT('',(5.4,-2.58,0.32));
#2264=VECTOR('',#2515,0.64);
#2265=CARTESIAN_POINT('',(5.4,5.583493649054,0.32));
#2266=VECTOR('',#2516,8.163493649054);
#2267=CARTESIAN_POINT('',(5.4,-3.58,1.32));
#2268=AXIS2_PLACEMENT_3D('',#2517,#2518,#2519);
#2269=CARTESIAN_POINT('',(5.4,-3.58,4.053493649054));
#2270=CARTESIAN_POINT('',(5.4,-3.58,1.32));
#2271=VECTOR('',#2520,2.733493649054);
#2272=CARTESIAN_POINT('',(5.4,-4.22,4.053493649054));
#2273=CARTESIAN_POINT('',(5.4,-4.22,4.053493649054));
#2274=VECTOR('',#2521,0.64);
#2275=CARTESIAN_POINT('',(5.4,-4.22,1.32));
#2276=CARTESIAN_POINT('',(5.4,-4.22,1.32));
#2277=VECTOR('',#2522,2.733493649054);
#2278=CARTESIAN_POINT('',(5.4,-2.58,-0.32));
#2279=AXIS2_PLACEMENT_3D('',#2523,#2524,#2525);
#2280=CARTESIAN_POINT('',(5.4,5.583493649054,-0.32));
#2281=VECTOR('',#2526,8.163493649054);
#2282=CARTESIAN_POINT('',(4.76,-2.58,-0.32));
#2283=VECTOR('',#2527,0.64);
#2284=CARTESIAN_POINT('',(4.76,-4.22,1.32));
#2285=VECTOR('',#2528,0.64);
#2286=CARTESIAN_POINT('',(4.76,-4.22,4.053493649054));
#2287=VECTOR('',#2529,0.64);
#2288=CARTESIAN_POINT('',(4.885,-4.095,4.27));
#2289=CARTESIAN_POINT('',(5.275,-4.095,4.27));
#2290=CARTESIAN_POINT('',(4.885,-4.095,4.27));
#2291=VECTOR('',#2530,0.39);
#2292=CARTESIAN_POINT('',(4.885,-4.095,4.27));
#2293=VECTOR('',#2531,0.279508497187514);
#2294=CARTESIAN_POINT('',(5.275,-4.095,4.27));
#2295=VECTOR('',#2532,0.279508497187514);
#2296=CARTESIAN_POINT('',(5.275,-3.705,4.27));
#2297=CARTESIAN_POINT('',(4.885,-3.705,4.27));
#2298=CARTESIAN_POINT('',(5.275,-3.705,4.27));
#2299=VECTOR('',#2533,0.39);
#2300=CARTESIAN_POINT('',(4.885,-3.705,4.27));
#2301=VECTOR('',#2534,0.39);
#2302=CARTESIAN_POINT('',(5.275,-4.095,4.27));
#2303=VECTOR('',#2535,0.39);
#2304=CARTESIAN_POINT('',(5.275,-3.705,4.27));
#2305=VECTOR('',#2536,0.279508497187514);
#2306=CARTESIAN_POINT('',(5.4,-3.58,4.053493649054));
#2307=VECTOR('',#2537,0.64);
#2308=CARTESIAN_POINT('',(4.885,-3.705,4.27));
#2309=VECTOR('',#2538,0.279508497187514);
#2310=CARTESIAN_POINT('',(5.4,-3.58,1.32));
#2311=VECTOR('',#2539,0.64);
#2312=DIRECTION('',(0.0,0.0,1.0));
#2313=DIRECTION('',(-0.707106781186548,0.0,-0.707106781186548));
#2314=DIRECTION('',(1.0,0.0,0.0));
#2315=DIRECTION('',(-0.707106781186548,0.0,0.707106781186548));
#2316=DIRECTION('',(0.0,0.0,-1.0));
#2317=DIRECTION('',(0.707106781186548,0.0,0.707106781186548));
#2318=DIRECTION('',(-1.0,0.0,0.0));
#2319=DIRECTION('',(0.707106781186548,0.0,-0.707106781186548));
#2320=DIRECTION('',(0.0,0.0,1.0));
#2321=DIRECTION('',(-1.0,0.0,0.0));
#2322=DIRECTION('',(0.0,0.0,-1.0));
#2323=DIRECTION('',(1.0,0.0,0.0));
#2324=DIRECTION('',(0.0,0.0,-1.0));
#2325=DIRECTION('',(0.577350269189626,-0.577350269189626,0.577350269189626));
#2326=DIRECTION('',(0.577350269189626,-0.577350269189626,-0.577350269189626));
#2327=DIRECTION('',(0.0,0.0,-1.0));
#2328=DIRECTION('',(-0.577350269189626,-0.577350269189626,0.577350269189626));
#2329=DIRECTION('',(-0.577350269189626,-0.577350269189626,-0.577350269189626));
#2330=DIRECTION('',(0.0,0.0,1.0));
#2331=DIRECTION('',(-0.707106781186548,0.0,-0.707106781186548));
#2332=DIRECTION('',(1.0,0.0,0.0));
#2333=DIRECTION('',(-0.707106781186548,0.0,0.707106781186548));
#2334=DIRECTION('',(0.707106781186548,0.0,0.707106781186548));
#2335=DIRECTION('',(-1.0,0.0,0.0));
#2336=DIRECTION('',(0.707106781186548,0.0,-0.707106781186548));
#2337=DIRECTION('',(0.0,0.0,1.0));
#2338=DIRECTION('',(-1.0,0.0,0.0));
#2339=DIRECTION('',(0.0,0.0,-1.0));
#2340=DIRECTION('',(1.0,0.0,0.0));
#2341=DIRECTION('',(0.577350269189626,-0.577350269189626,-0.577350269189626));
#2342=DIRECTION('',(0.0,0.0,1.0));
#2343=DIRECTION('',(0.577350269189626,-0.577350269189626,0.577350269189626));
#2344=DIRECTION('',(-0.707106781186548,0.0,-0.707106781186548));
#2345=DIRECTION('',(0.0,-1.0,0.0));
#2346=DIRECTION('',(0.0,-1.0,0.0));
#2347=DIRECTION('',(-0.577350269189626,-0.577350269189626,-0.577350269189626));
#2348=DIRECTION('',(0.0,0.0,1.0));
#2349=DIRECTION('',(0.707106781186548,0.0,-0.707106781186548));
#2350=DIRECTION('',(0.0,0.0,-1.0));
#2351=DIRECTION('',(-1.0,0.0,0.0));
#2352=DIRECTION('',(0.0,0.0,1.0));
#2353=DIRECTION('',(0.707106781186548,0.0,0.707106781186548));
#2354=DIRECTION('',(0.0,0.0,-1.0));
#2355=DIRECTION('',(-0.707106781186548,0.0,0.707106781186548));
#2356=DIRECTION('',(0.0,0.0,1.0));
#2357=DIRECTION('',(1.0,0.0,0.0));
#2358=DIRECTION('',(0.0,0.0,-1.0));
#2359=DIRECTION('',(0.0,0.0,1.0));
#2360=DIRECTION('',(1.0,0.0,0.0));
#2361=DIRECTION('',(0.0,0.0,-1.0));
#2362=DIRECTION('',(-1.0,0.0,0.0));
#2363=DIRECTION('',(0.0,0.0,1.0));
#2364=DIRECTION('',(-0.577350269189626,-0.577350269189626,0.577350269189626));
#2365=DIRECTION('',(0.0,-1.0,0.0));
#2366=DIRECTION('',(0.0,-1.0,0.0));
#2367=DIRECTION('',(0.0,1.0,0.0));
#2368=DIRECTION('',(0.0,-1.0,0.0));
#2369=DIRECTION('',(0.0,1.0,0.0));
#2370=DIRECTION('',(-1.0,0.0,0.0));
#2371=DIRECTION('',(0.0,0.0,-1.0));
#2372=DIRECTION('',(0.0,1.0,0.0));
#2373=DIRECTION('',(0.0,0.0,-1.0));
#2374=DIRECTION('',(-1.0,0.0,0.0));
#2375=DIRECTION('',(0.0,0.0,1.0));
#2376=DIRECTION('',(1.0,0.0,0.0));
#2377=DIRECTION('',(0.0,0.0,1.0));
#2378=DIRECTION('',(1.0,0.0,0.0));
#2379=DIRECTION('',(0.0,1.0,0.0));
#2380=DIRECTION('',(0.0,1.0,0.0));
#2381=DIRECTION('',(0.0,1.0,0.0));
#2382=DIRECTION('',(0.0,-1.0,0.0));
#2383=DIRECTION('',(0.0,1.0,0.0));
#2384=DIRECTION('',(0.0,1.0,0.0));
#2385=DIRECTION('',(0.577350269189626,-0.577350269189626,-0.577350269189626));
#2386=DIRECTION('',(0.0,-1.0,0.0));
#2387=DIRECTION('',(-0.577350269189626,-0.577350269189626,-0.577350269189626));
#2388=DIRECTION('',(-0.707106781186548,0.0,-0.707106781186548));
#2389=DIRECTION('',(0.0,-1.0,0.0));
#2390=DIRECTION('',(0.0,1.0,0.0));
#2391=DIRECTION('',(0.0,-1.0,0.0));
#2392=DIRECTION('',(0.0,1.0,0.0));
#2393=DIRECTION('',(1.0,0.0,0.0));
#2394=DIRECTION('',(0.0,0.0,1.0));
#2395=DIRECTION('',(0.0,1.0,0.0));
#2396=DIRECTION('',(0.0,0.0,1.0));
#2397=DIRECTION('',(0.0,0.0,-1.0));
#2398=DIRECTION('',(-1.0,0.0,0.0));
#2399=DIRECTION('',(0.0,0.0,-1.0));
#2400=DIRECTION('',(-1.0,0.0,0.0));
#2401=DIRECTION('',(0.0,0.0,1.0));
#2402=DIRECTION('',(1.0,0.0,0.0));
#2403=DIRECTION('',(0.0,1.0,0.0));
#2404=DIRECTION('',(0.0,0.0,-1.0));
#2405=DIRECTION('',(0.0,1.0,0.0));
#2406=DIRECTION('',(0.0,-1.0,0.0));
#2407=DIRECTION('',(0.0,-1.0,0.0));
#2408=DIRECTION('',(0.0,1.0,0.0));
#2409=DIRECTION('',(0.0,0.0,1.0));
#2410=DIRECTION('',(0.0,1.0,0.0));
#2411=DIRECTION('',(-1.0,0.0,0.0));
#2412=DIRECTION('',(0.0,0.0,1.0));
#2413=DIRECTION('',(0.707106781186548,0.0,-0.707106781186548));
#2414=DIRECTION('',(0.707106781186548,0.0,0.707106781186548));
#2415=DIRECTION('',(0.0,0.0,-1.0));
#2416=DIRECTION('',(-0.707106781186548,0.0,0.707106781186548));
#2417=DIRECTION('',(1.0,0.0,0.0));
#2418=DIRECTION('',(0.0,0.0,-1.0));
#2419=DIRECTION('',(0.0,0.0,1.0));
#2420=DIRECTION('',(1.0,0.0,0.0));
#2421=DIRECTION('',(0.0,0.0,-1.0));
#2422=DIRECTION('',(-1.0,0.0,0.0));
#2423=DIRECTION('',(0.0,0.0,-1.0));
#2424=DIRECTION('',(-0.577350269189626,-0.577350269189626,0.577350269189626));
#2425=DIRECTION('',(0.577350269189626,-0.577350269189626,0.577350269189626));
#2426=DIRECTION('',(0.0,-1.0,0.0));
#2427=DIRECTION('',(0.0,1.0,0.0));
#2428=DIRECTION('',(0.577350269189626,-0.577350269189626,-0.577350269189626));
#2429=DIRECTION('',(0.0,-1.0,0.0));
#2430=DIRECTION('',(-0.577350269189626,-0.577350269189626,0.577350269189626));
#2431=DIRECTION('',(0.0,0.0,-1.0));
#2432=DIRECTION('',(-0.577350269189626,-0.577350269189626,-0.577350269189626));
#2433=DIRECTION('',(0.0,-1.0,0.0));
#2434=DIRECTION('',(0.577350269189626,-0.577350269189626,0.577350269189626));
#2435=DIRECTION('',(0.0,0.0,-1.0));
#2436=DIRECTION('',(0.0,-1.0,0.0));
#2437=DIRECTION('',(0.0,-1.0,0.0));
#2438=DIRECTION('',(0.0,-1.0,0.0));
#2439=DIRECTION('',(0.0,-1.0,0.0));
#2440=DIRECTION('',(0.0,-1.0,0.0));
#2441=DIRECTION('',(0.0,-1.0,0.0));
#2442=DIRECTION('',(0.0,-1.0,0.0));
#2443=DIRECTION('',(0.0,-1.0,0.0));
#2444=DIRECTION('',(-1.0,0.0,0.0));
#2445=DIRECTION('',(0.0,0.0,1.0));
#2446=DIRECTION('',(1.0,0.0,0.0));
#2447=DIRECTION('',(0.0,0.0,-1.0));
#2448=DIRECTION('',(-0.447213595499977,-0.774596669241461,0.447213595499977));
#2449=DIRECTION('',(-1.0,0.0,0.0));
#2450=DIRECTION('',(0.447213595499977,-0.774596669241461,0.447213595499977));
#2451=DIRECTION('',(0.0,0.0,1.0));
#2452=DIRECTION('',(0.447213595499977,-0.774596669241461,-0.447213595499977));
#2453=DIRECTION('',(1.0,0.0,0.0));
#2454=DIRECTION('',(-0.447213595499977,-0.774596669241461,-0.447213595499977));
#2455=DIRECTION('',(0.0,0.0,-1.0));
#2456=DIRECTION('',(0.0,-1.0,0.0));
#2457=CARTESIAN_POINT('',(2.22,-2.58,1.32));
#2458=DIRECTION('',(-1.0,0.0,0.0));
#2459=DIRECTION('',(0.0,0.0,-1.0));
#2460=DIRECTION('',(0.0,0.0,1.0));
#2461=DIRECTION('',(0.0,-1.0,0.0));
#2462=DIRECTION('',(0.0,0.0,1.0));
#2463=CARTESIAN_POINT('',(2.22,-2.58,1.32));
#2464=DIRECTION('',(-1.0,0.0,0.0));
#2465=DIRECTION('',(0.0,0.0,-1.0));
#2466=DIRECTION('',(0.0,-1.0,0.0));
#2467=DIRECTION('',(-1.0,0.0,0.0));
#2468=DIRECTION('',(0.0,-1.0,0.0));
#2469=CARTESIAN_POINT('',(2.86,-2.58,1.32));
#2470=DIRECTION('',(-1.0,0.0,0.0));
#2471=DIRECTION('',(0.0,0.0,-1.0));
#2472=DIRECTION('',(0.0,0.0,1.0));
#2473=DIRECTION('',(0.0,1.0,0.0));
#2474=DIRECTION('',(0.0,0.0,1.0));
#2475=CARTESIAN_POINT('',(2.86,-2.58,1.32));
#2476=DIRECTION('',(-1.0,0.0,0.0));
#2477=DIRECTION('',(0.0,0.0,-1.0));
#2478=DIRECTION('',(0.0,-1.0,0.0));
#2479=DIRECTION('',(1.0,0.0,0.0));
#2480=DIRECTION('',(1.0,0.0,-1.075528555106E-14));
#2481=DIRECTION('',(1.0,0.0,0.0));
#2482=DIRECTION('',(1.0,0.0,0.0));
#2483=DIRECTION('',(-0.447213595499977,-0.447213595499977,-0.774596669241461));
#2484=DIRECTION('',(0.447213595499977,-0.447213595499977,-0.774596669241461));
#2485=DIRECTION('',(-1.0,0.0,0.0));
#2486=DIRECTION('',(0.0,-1.0,0.0));
#2487=DIRECTION('',(0.0,1.0,0.0));
#2488=DIRECTION('',(0.447213595499977,0.447213595499977,-0.774596669241461));
#2489=DIRECTION('',(-1.0,0.0,0.0));
#2490=DIRECTION('',(-0.447213595499977,0.447213595499977,-0.774596669241461));
#2491=DIRECTION('',(-1.0,0.0,0.0));
#2492=DIRECTION('',(-1.0,0.0,0.0));
#2493=DIRECTION('',(0.0,0.0,1.0));
#2494=DIRECTION('',(1.0,0.0,0.0));
#2495=DIRECTION('',(0.0,0.0,-1.0));
#2496=DIRECTION('',(-0.447213595499977,-0.774596669241461,0.447213595499977));
#2497=DIRECTION('',(-1.0,0.0,0.0));
#2498=DIRECTION('',(0.447213595499977,-0.774596669241461,0.447213595499977));
#2499=DIRECTION('',(0.0,0.0,1.0));
#2500=DIRECTION('',(0.447213595499977,-0.774596669241461,-0.447213595499977));
#2501=DIRECTION('',(1.0,0.0,0.0));
#2502=DIRECTION('',(-0.447213595499977,-0.774596669241461,-0.447213595499977));
#2503=DIRECTION('',(0.0,0.0,-1.0));
#2504=DIRECTION('',(0.0,-1.0,0.0));
#2505=CARTESIAN_POINT('',(4.76,-2.58,1.32));
#2506=DIRECTION('',(-1.0,0.0,0.0));
#2507=DIRECTION('',(0.0,0.0,-1.0));
#2508=DIRECTION('',(0.0,0.0,1.0));
#2509=DIRECTION('',(0.0,-1.0,0.0));
#2510=DIRECTION('',(0.0,0.0,1.0));
#2511=CARTESIAN_POINT('',(4.76,-2.58,1.32));
#2512=DIRECTION('',(-1.0,0.0,0.0));
#2513=DIRECTION('',(0.0,0.0,-1.0));
#2514=DIRECTION('',(0.0,-1.0,0.0));
#2515=DIRECTION('',(-1.0,0.0,0.0));
#2516=DIRECTION('',(0.0,-1.0,0.0));
#2517=CARTESIAN_POINT('',(5.4,-2.58,1.32));
#2518=DIRECTION('',(-1.0,0.0,0.0));
#2519=DIRECTION('',(0.0,0.0,-1.0));
#2520=DIRECTION('',(0.0,0.0,1.0));
#2521=DIRECTION('',(0.0,1.0,0.0));
#2522=DIRECTION('',(0.0,0.0,1.0));
#2523=CARTESIAN_POINT('',(5.4,-2.58,1.32));
#2524=DIRECTION('',(-1.0,0.0,0.0));
#2525=DIRECTION('',(0.0,0.0,-1.0));
#2526=DIRECTION('',(0.0,-1.0,0.0));
#2527=DIRECTION('',(1.0,0.0,0.0));
#2528=DIRECTION('',(1.0,0.0,-1.075528555106E-14));
#2529=DIRECTION('',(1.0,0.0,0.0));
#2530=DIRECTION('',(1.0,0.0,0.0));
#2531=DIRECTION('',(-0.447213595499977,-0.447213595499977,-0.774596669241461));
#2532=DIRECTION('',(0.447213595499977,-0.447213595499977,-0.774596669241461));
#2533=DIRECTION('',(-1.0,0.0,0.0));
#2534=DIRECTION('',(0.0,-1.0,0.0));
#2535=DIRECTION('',(0.0,1.0,0.0));
#2536=DIRECTION('',(0.447213595499977,0.447213595499977,-0.774596669241461));
#2537=DIRECTION('',(-1.0,0.0,0.0));
#2538=DIRECTION('',(-0.447213595499977,0.447213595499977,-0.774596669241461));
#2539=DIRECTION('',(-1.0,0.0,0.0));
#2540=PRESENTATION_LAYER_ASSIGNMENT('','',(#31,#33,#35,#73,#74,#75,#76,#77,#78,#79,#80,#81,#82,#83,#84,#85,#86,#87,#88,#89,#90,#91,#92,#93,#94,#95,#96,#97,#98,#99,#100,#101,#102,#103,#104,#105,#106,#107,#108,#109,#110,#111,#112,#113,#114,#115,#116,#117,#118,#119,#120,#121,#122,#124,#125,#126,#127,#128,#129,#130,#131,#132,#133,#134,#135,#136,#137,#138,#139,#140,#141,#143,#144,#145,#146,#147,#148,#149,#150,#151,#152,#153,#154,#155,#156,#157,#158,#159,#160,#1206,#1207,#1208,#1209,#1210,#1211,#1212,#1213,#1214,#1215,#1216,#1217,#1218,#1219,#1220,#1221,#1222,#1223,#1224,#1225,#1226,#1227,#1228,#1229,#1230,#1231,#1232,#1233,#1234,#1235,#1236,#1237,#1238,#1239,#1240,#1241,#1242,#1243,#1244,#1245,#1246,#1247,#1248,#1249,#1250,#1251,#1252,#1253,#1254,#1255,#1256,#1257,#1258,#1259,#1260,#1261,#1262,#1263,#1264,#1265,#1266,#1267,#1268,#1269,#1270,#1271,#1272,#1273,#1274,#1275,#1276,#1277,#1278,#1279,#1280,#1281,#1282,#1283,#1284,#1285,#1286,#1287,#1288,#1289,#1290,#1291,#1292,#1293,#1294,#1295,#1296,#1297,#1298,#1299,#1300,#1301,#1302,#1303,#1304,#1305,#1306,#1307,#1308,#1309,#1310,#1311,#1312,#1313,#1314,#1315,#1316,#1317,#1318,#1319,#1320,#1321,#1322,#1323,#1324,#1325,#1326,#1327,#1328,#1329,#1330,#1331,#1332,#1333,#1334,#1335,#1336,#1337,#1339,#1340,#1341,#1342,#1343,#1344,#1345,#1346,#1347,#1348,#1349,#1350,#1351,#1352,#1353,#1354,#1355,#1356,#1357,#1358,#1359,#1360,#1361,#1362,#1363,#1364,#1365,#1366,#1367,#1368,#1369,#1370,#1371,#1372,#1373,#1374,#1375,#1376,#1377,#1378,#1380,#1381,#1382,#1383,#1384,#1385,#1386,#1387,#1388,#1389,#1390,#1391,#1392,#1393,#1394,#1395,#1396,#1397,#1398,#1399,#1400,#1401,#1402,#1403,#1404,#1405,#1406,#1407,#1408,#1409,#1410,#1411,#1412,#1413,#1414,#1415,#1416,#1417,#1418,#1419,#1420,#1421,#1423,#1425,#1427,#1429,#1431,#1433,#1436,#1437,#1439,#1441,#1444,#1445,#1449,#1450,#1454,#1455,#1457,#1459,#1462,#1464,#1467,#1468,#1470,#1472,#1475,#1477,#1480,#1481,#1484,#1487,#1489,#1491,#1493,#1495,#1497,#1499,#1501,#1503,#1505,#1508,#1509,#1511,#1513,#1516,#1521,#1524,#1527,#1530,#1533,#1534,#1536,#1538,#1547,#1550,#1552,#1555,#1556,#1559,#1562,#1564,#1567,#1568,#1570,#1572,#1575,#1578,#1580,#1584,#1587,#1591,#1594,#1596,#1599,#1602,#1603,#1605,#1607,#1610,#1616,#1618,#1621,#1624,#1636,#1637,#1639,#1641,#1644,#1646,#1649,#1652,#1656,#1658,#1660,#1662,#1664,#1666,#1669,#1672,#1674,#1676,#1678,#1680,#1686,#1687,#1691,#1692,#1700,#1701,#1703,#1705,#1708,#1710,#1713,#1716,#1720,#1722,#1724,#1726,#1728,#1730,#1733,#1736,#1738,#1740,#1742,#1744,#1750,#1751,#1755,#1756));
ENDSEC;
END-ISO-10303-21;
