ISO-10303-21;
HEADER;
FILE_DESCRIPTION (( 'STEP AP214' ),
    '1' );
FILE_NAME ('D29E0DC9-5068-4971-9B44-6074E5159228.STEP',
    '2025-09-13T00:26:58',
    ( '' ),
    ( '' ),
    'SwSTEP 2.0',
    'SolidWorks 2022',
    '' );
FILE_SCHEMA (( 'AUTOMOTIVE_DESIGN' ));
ENDSEC;

DATA;
#1 = ORIENTED_EDGE ( 'NONE', *, *, #4985, .T. ) ;
#2 = VECTOR ( 'NONE', #9196, 1000.000000000000000 ) ;
#3 = ADVANCED_FACE ( 'NONE', ( #10346 ), #7668, .F. ) ;
#4 = LINE ( 'NONE', #3727, #2475 ) ;
#5 = ORIENTED_EDGE ( 'NONE', *, *, #11241, .F. ) ;
#6 = PLANE ( 'NONE',  #1047 ) ;
#7 = EDGE_CURVE ( 'NONE', #7056, #4831, #9369, .T. ) ;
#8 = LINE ( 'NONE', #8477, #4480 ) ;
#9 = CARTESIAN_POINT ( 'NONE',  ( 0.09999999999999971412, 0.4000000000000003553, 1.604999999999999760 ) ) ;
#10 = LINE ( 'NONE', #3803, #12088 ) ;
#11 = AXIS2_PLACEMENT_3D ( 'NONE', #415, #11655, #3117 ) ;
#12 = ORIENTED_EDGE ( 'NONE', *, *, #203, .F. ) ;
#13 = LINE ( 'NONE', #4801, #628 ) ;
#14 = ORIENTED_EDGE ( 'NONE', *, *, #6512, .F. ) ;
#15 = EDGE_LOOP ( 'NONE', ( #10211, #10539, #11715, #9576 ) ) ;
#16 = ORIENTED_EDGE ( 'NONE', *, *, #3249, .F. ) ;
#17 = AXIS2_PLACEMENT_3D ( 'NONE', #795, #4595, #3705 ) ;
#18 = DIRECTION ( 'NONE',  ( -1.000000000000000000, 0.0000000000000000000, 0.0000000000000000000 ) ) ;
#19 = DIRECTION ( 'NONE',  ( 0.0000000000000000000, 1.000000000000000000, -0.0000000000000000000 ) ) ;
#20 = LINE ( 'NONE', #5504, #9270 ) ;
#21 = CARTESIAN_POINT ( 'NONE',  ( -4.169999999999999929, 3.449999999999999734, 0.1250000000000000000 ) ) ;
#22 = ORIENTED_EDGE ( 'NONE', *, *, #11426, .F. ) ;
#23 = CARTESIAN_POINT ( 'NONE',  ( 4.169999999999999929, 3.575000000000000178, 0.1250000000000000000 ) ) ;
#24 = AXIS2_PLACEMENT_3D ( 'NONE', #9979, #5239, #9055 ) ;
#25 = FACE_OUTER_BOUND ( 'NONE', #3875, .T. ) ;
#26 = VERTEX_POINT ( 'NONE', #10457 ) ;
#27 = CARTESIAN_POINT ( 'NONE',  ( -1.969999999999999973, 1.249999999999999556, 1.504999999999999449 ) ) ;
#28 = CARTESIAN_POINT ( 'NONE',  ( -4.169999999999999929, 1.350000000000000089, 0.1499999999999999944 ) ) ;
#29 = VERTEX_POINT ( 'NONE', #3610 ) ;
#30 = DIRECTION ( 'NONE',  ( 0.0000000000000000000, -1.000000000000000000, 0.0000000000000000000 ) ) ;
#31 = EDGE_CURVE ( 'NONE', #11743, #10109, #10095, .T. ) ;
#32 = AXIS2_PLACEMENT_3D ( 'NONE', #10637, #3030, #67 ) ;
#33 = CYLINDRICAL_SURFACE ( 'NONE', #4385, 0.1000000000000000472 ) ;
#34 = LINE ( 'NONE', #8556, #11951 ) ;
#35 = DIRECTION ( 'NONE',  ( 0.0000000000000000000, 1.000000000000000000, 0.0000000000000000000 ) ) ;
#36 = CARTESIAN_POINT ( 'NONE',  ( 0.8999999999999999112, -0.5999999999999995337, 1.304999999999999494 ) ) ;
#37 = ORIENTED_EDGE ( 'NONE', *, *, #6605, .T. ) ;
#38 = CARTESIAN_POINT ( 'NONE',  ( 2.949999999999999734, 0.1000000000000000056, 1.504999999999999449 ) ) ;
#39 = CARTESIAN_POINT ( 'NONE',  ( -2.050446608846518082, 1.999999999999999556, 2.595000000000000195 ) ) ;
#40 = ORIENTED_EDGE ( 'NONE', *, *, #6149, .F. ) ;
#41 = VECTOR ( 'NONE', #7342, 1000.000000000000000 ) ;
#42 = DIRECTION ( 'NONE',  ( 0.0000000000000000000, 1.000000000000000000, 0.0000000000000000000 ) ) ;
#43 = LINE ( 'NONE', #12293, #1044 ) ;
#44 = VECTOR ( 'NONE', #492, 1000.000000000000000 ) ;
#45 = EDGE_LOOP ( 'NONE', ( #10509, #8954, #1757, #414 ) ) ;
#46 = VECTOR ( 'NONE', #9724, 1000.000000000000000 ) ;
#47 = ADVANCED_FACE ( 'NONE', ( #6554 ), #1934, .F. ) ;
#48 = CARTESIAN_POINT ( 'NONE',  ( -1.869999999999999662, 0.7500000000000000000, 1.504999999999999449 ) ) ;
#49 = ORIENTED_EDGE ( 'NONE', *, *, #4796, .T. ) ;
#50 = CARTESIAN_POINT ( 'NONE',  ( -3.219999999999999751, 1.349999999999999645, 1.346421356237309075 ) ) ;
#51 = DIRECTION ( 'NONE',  ( -0.0000000000000000000, 1.000000000000000000, 0.0000000000000000000 ) ) ;
#52 = VECTOR ( 'NONE', #2662, 1000.000000000000000 ) ;
#53 = CARTESIAN_POINT ( 'NONE',  ( 1.969999999999999973, 1.350000000000000089, 1.128071624551392021E-16 ) ) ;
#54 =( LENGTH_UNIT ( ) NAMED_UNIT ( * ) SI_UNIT ( .MILLI., .METRE. ) );
#55 = EDGE_CURVE ( 'NONE', #6695, #11374, #9429, .T. ) ;
#56 = ORIENTED_EDGE ( 'NONE', *, *, #11397, .F. ) ;
#57 = EDGE_CURVE ( 'NONE', #3810, #2710, #11277, .T. ) ;
#58 = ADVANCED_FACE ( 'NONE', ( #4803 ), #4690, .F. ) ;
#59 = DIRECTION ( 'NONE',  ( 1.000000000000000000, -0.0000000000000000000, -0.0000000000000000000 ) ) ;
#60 = EDGE_LOOP ( 'NONE', ( #7845, #10091, #11718, #10222 ) ) ;
#61 = FACE_BOUND ( 'NONE', #2616, .T. ) ;
#62 =( NAMED_UNIT ( * ) PLANE_ANGLE_UNIT ( ) SI_UNIT ( $, .RADIAN. ) );
#63 = DIRECTION ( 'NONE',  ( 1.244625060509296168E-16, 1.000000000000000000, -0.0000000000000000000 ) ) ;
#64 = CARTESIAN_POINT ( 'NONE',  ( 0.09999999999999950595, 0.4000000000000001887, 1.604999999999999760 ) ) ;
#65 = EDGE_CURVE ( 'NONE', #9924, #885, #3865, .T. ) ;
#66 = ORIENTED_EDGE ( 'NONE', *, *, #2831, .T. ) ;
#67 = DIRECTION ( 'NONE',  ( -1.000000000000000000, 0.0000000000000000000, 1.084202172485501673E-15 ) ) ;
#68 = VERTEX_POINT ( 'NONE', #12267 ) ;
#69 = DIRECTION ( 'NONE',  ( 1.000000000000000000, 0.0000000000000000000, 0.0000000000000000000 ) ) ;
#70 = EDGE_CURVE ( 'NONE', #11700, #1946, #4574, .T. ) ;
#71 = ORIENTED_EDGE ( 'NONE', *, *, #7665, .F. ) ;
#72 = CARTESIAN_POINT ( 'NONE',  ( 4.169999999999999929, 1.349999999999999645, 0.9714414002968976281 ) ) ;
#73 = DIRECTION ( 'NONE',  ( 0.0000000000000000000, 0.0000000000000000000, -1.000000000000000000 ) ) ;
#74 = CARTESIAN_POINT ( 'NONE',  ( -1.969999999999999973, 0.0000000000000000000, 1.304999999999999716 ) ) ;
#75 = ORIENTED_EDGE ( 'NONE', *, *, #6456, .T. ) ;
#76 = CARTESIAN_POINT ( 'NONE',  ( -0.6500000000000000222, 5.787332622142050909, -0.3750000000000000000 ) ) ;
#77 = AXIS2_PLACEMENT_3D ( 'NONE', #53, #6706, #7467 ) ;
#78 = FACE_OUTER_BOUND ( 'NONE', #9545, .T. ) ;
#79 = ORIENTED_EDGE ( 'NONE', *, *, #2347, .T. ) ;
#80 = PLANE ( 'NONE',  #10218 ) ;
#81 = EDGE_CURVE ( 'NONE', #5522, #7470, #833, .T. ) ;
#82 = VERTEX_POINT ( 'NONE', #3742 ) ;
#83 = EDGE_CURVE ( 'NONE', #1218, #8376, #7544, .T. ) ;
#84 = VERTEX_POINT ( 'NONE', #6608 ) ;
#85 = CARTESIAN_POINT ( 'NONE',  ( 4.128578643762690348, 0.1000000000000000194, 1.604999999999999316 ) ) ;
#86 = DIRECTION ( 'NONE',  ( 0.5773502691896202910, 0.5773502691896228445, 0.5773502691896341688 ) ) ;
#87 = AXIS2_PLACEMENT_3D ( 'NONE', #12008, #4250, #2372 ) ;
#88 = PLANE ( 'NONE',  #1038 ) ;
#89 = LINE ( 'NONE', #2011, #9084 ) ;
#90 = ORIENTED_EDGE ( 'NONE', *, *, #7495, .T. ) ;
#91 = SURFACE_STYLE_FILL_AREA ( #9621 ) ;
#92 = VECTOR ( 'NONE', #822, 1000.000000000000000 ) ;
#93 = VECTOR ( 'NONE', #9546, 1000.000000000000000 ) ;
#94 = ORIENTED_EDGE ( 'NONE', *, *, #9739, .T. ) ;
#95 = CARTESIAN_POINT ( 'NONE',  ( -3.219999999999999751, 2.000000000000000000, -0.3550000000000004818 ) ) ;
#96 = LINE ( 'NONE', #3058, #818 ) ;
#97 = VECTOR ( 'NONE', #3841, 1000.000000000000000 ) ;
#98 = VECTOR ( 'NONE', #11992, 1000.000000000000000 ) ;
#99 = ORIENTED_EDGE ( 'NONE', *, *, #1713, .F. ) ;
#100 = VERTEX_POINT ( 'NONE', #10401 ) ;
#101 = CARTESIAN_POINT ( 'NONE',  ( -3.219999999999999751, 1.899999999999999911, -1.205000000000000737 ) ) ;
#102 = CARTESIAN_POINT ( 'NONE',  ( -1.869999999999999885, 1.249999999999999112, 1.405000000000000027 ) ) ;
#103 = AXIS2_PLACEMENT_3D ( 'NONE', #2547, #6238, #7982 ) ;
#104 = VECTOR ( 'NONE', #2789, 1000.000000000000000 ) ;
#105 = CARTESIAN_POINT ( 'NONE',  ( 0.0000000000000000000, 0.0000000000000000000, 1.304999999999999494 ) ) ;
#106 = EDGE_LOOP ( 'NONE', ( #4405, #6096, #7142, #5874 ) ) ;
#107 = DIRECTION ( 'NONE',  ( 0.0000000000000000000, 0.0000000000000000000, -1.000000000000000000 ) ) ;
#108 = CARTESIAN_POINT ( 'NONE',  ( 4.169999999999999929, 0.0000000000000000000, 2.595000000000000195 ) ) ;
#109 = CARTESIAN_POINT ( 'NONE',  ( -2.750000000000000888, 7.299999999999999822, 1.604999999999999760 ) ) ;
#110 = EDGE_CURVE ( 'NONE', #8208, #8303, #5681, .T. ) ;
#111 = EDGE_CURVE ( 'NONE', #11374, #8553, #9901, .T. ) ;
#112 = FACE_OUTER_BOUND ( 'NONE', #3372, .T. ) ;
#113 = FACE_OUTER_BOUND ( 'NONE', #8323, .T. ) ;
#114 = AXIS2_PLACEMENT_3D ( 'NONE', #2285, #3620, #1370 ) ;
#115 = AXIS2_PLACEMENT_3D ( 'NONE', #8112, #4523, #8302 ) ;
#116 = ORIENTED_EDGE ( 'NONE', *, *, #5065, .T. ) ;
#117 = FACE_OUTER_BOUND ( 'NONE', #106, .T. ) ;
#118 = CARTESIAN_POINT ( 'NONE',  ( 4.169999999999999929, 4.299999999999999822, 2.295000000000000817 ) ) ;
#119 = CARTESIAN_POINT ( 'NONE',  ( 3.219999999999999307, 1.349999999999998979, 1.346421356237309741 ) ) ;
#120 = ORIENTED_EDGE ( 'NONE', *, *, #7411, .T. ) ;
#121 = CONICAL_SURFACE ( 'NONE', #7075, 1.099999999994888844, 0.5235987756318971620 ) ;
#122 = DIRECTION ( 'NONE',  ( -0.0000000000000000000, -0.0000000000000000000, -1.000000000000000000 ) ) ;
#123 = CARTESIAN_POINT ( 'NONE',  ( 1.050446608846517860, 2.499999999999999556, 2.595000000000000195 ) ) ;
#124 = CARTESIAN_POINT ( 'NONE',  ( 1.149999999999999467, 2.302902790585051207, -0.3750000000000000000 ) ) ;
#125 = DIRECTION ( 'NONE',  ( -1.000000000000000000, 0.0000000000000000000, 0.0000000000000000000 ) ) ;
#126 = LINE ( 'NONE', #2963, #6478 ) ;
#127 = PLANE ( 'NONE',  #4893 ) ;
#128 = EDGE_CURVE ( 'NONE', #3622, #4520, #4047, .T. ) ;
#129 = DIRECTION ( 'NONE',  ( -0.0000000000000000000, -0.0000000000000000000, 1.000000000000000000 ) ) ;
#130 = VERTEX_POINT ( 'NONE', #8730 ) ;
#131 = DIRECTION ( 'NONE',  ( -0.0000000000000000000, 0.0000000000000000000, 1.000000000000000000 ) ) ;
#132 = ORIENTED_EDGE ( 'NONE', *, *, #5765, .T. ) ;
#133 = CARTESIAN_POINT ( 'NONE',  ( -2.149999999999999911, 0.1000000000000000056, 1.504999999999999449 ) ) ;
#134 = ORIENTED_EDGE ( 'NONE', *, *, #6498, .F. ) ;
#135 = ADVANCED_FACE ( 'NONE', ( #4861 ), #8787, .T. ) ;
#136 = FACE_OUTER_BOUND ( 'NONE', #472, .T. ) ;
#137 = CARTESIAN_POINT ( 'NONE',  ( 4.121750233649830619, 1.364428222799070056, 0.7822221101040249813 ) ) ;
#138 = CARTESIAN_POINT ( 'NONE',  ( 3.219999999999999751, 7.040192378851398480, 1.305000000001054872 ) ) ;
#139 = CARTESIAN_POINT ( 'NONE',  ( -2.949999999999999734, -0.5999999999999993117, 1.304999999999999494 ) ) ;
#140 = EDGE_LOOP ( 'NONE', ( #5781, #3412, #12220, #12282 ) ) ;
#141 = PRESENTATION_LAYER_ASSIGNMENT (  '', '', ( #5512 ) ) ;
#142 = ADVANCED_FACE ( 'NONE', ( #1200 ), #251, .T. ) ;
#143 = EDGE_CURVE ( 'NONE', #4247, #5347, #3033, .T. ) ;
#144 = DIRECTION ( 'NONE',  ( 0.0000000000000000000, -1.000000000000000000, 0.0000000000000000000 ) ) ;
#145 = VERTEX_POINT ( 'NONE', #7846 ) ;
#146 = ORIENTED_EDGE ( 'NONE', *, *, #10251, .F. ) ;
#147 = CARTESIAN_POINT ( 'NONE',  ( 3.219999999999999751, 0.0000000000000000000, 1.504999999999999449 ) ) ;
#148 = ORIENTED_EDGE ( 'NONE', *, *, #1456, .F. ) ;
#149 = ORIENTED_EDGE ( 'NONE', *, *, #10157, .T. ) ;
#150 = ORIENTED_EDGE ( 'NONE', *, *, #6921, .F. ) ;
#151 = LINE ( 'NONE', #3695, #10738 ) ;
#152 = ADVANCED_FACE ( 'NONE', ( #11623 ), #10702, .T. ) ;
#153 = LINE ( 'NONE', #9509, #4996 ) ;
#154 = CARTESIAN_POINT ( 'NONE',  ( 4.469999999999999751, 1.200000000000000178, 0.1499999999999999944 ) ) ;
#155 = VERTEX_POINT ( 'NONE', #5990 ) ;
#156 = DIRECTION ( 'NONE',  ( 0.0000000000000000000, 0.0000000000000000000, -1.000000000000000000 ) ) ;
#157 = EDGE_CURVE ( 'NONE', #7674, #10719, #11752, .T. ) ;
#158 = CARTESIAN_POINT ( 'NONE',  ( -4.469999999999999751, 0.4000000000000001887, 1.604999999999999760 ) ) ;
#159 = CLOSED_SHELL ( 'NONE', ( #7780, #6656, #9293, #6970, #1795, #1821 ) ) ;
#160 = DIRECTION ( 'NONE',  ( 1.000000000000000000, 0.0000000000000000000, 0.0000000000000000000 ) ) ;
#161 = EDGE_LOOP ( 'NONE', ( #4819, #11062, #1677, #9094 ) ) ;
#162 = FACE_OUTER_BOUND ( 'NONE', #2421, .T. ) ;
#163 = EDGE_LOOP ( 'NONE', ( #1632, #7553, #10208, #8739 ) ) ;
#164 = DIRECTION ( 'NONE',  ( -1.000000000000000000, -0.0000000000000000000, -0.0000000000000000000 ) ) ;
#165 = AXIS2_PLACEMENT_3D ( 'NONE', #10640, #2241, #7978 ) ;
#166 = EDGE_CURVE ( 'NONE', #7456, #7443, #9783, .T. ) ;
#167 = LINE ( 'NONE', #11482, #1628 ) ;
#168 = DIRECTION ( 'NONE',  ( -1.000000000000000000, 0.0000000000000000000, -0.0000000000000000000 ) ) ;
#169 = DIRECTION ( 'NONE',  ( -0.0000000000000000000, -0.0000000000000000000, -1.000000000000000000 ) ) ;
#170 = DIRECTION ( 'NONE',  ( -0.7071067811865465735, 0.7071067811865485719, 0.0000000000000000000 ) ) ;
#171 = FACE_OUTER_BOUND ( 'NONE', #4400, .T. ) ;
#172 = PLANE ( 'NONE',  #4418 ) ;
#173 = DIRECTION ( 'NONE',  ( 0.0000000000000000000, 0.0000000000000000000, -1.000000000000000000 ) ) ;
#174 = CIRCLE ( 'NONE', #7128, 0.2999999999999999334 ) ;
#175 = CARTESIAN_POINT ( 'NONE',  ( 3.219999999999999751, 1.349999999999999867, 1.304999999999999716 ) ) ;
#176 = CARTESIAN_POINT ( 'NONE',  ( 0.9504466088465189921, 1.899999999999999689, -1.605000000000000648 ) ) ;
#177 = EDGE_CURVE ( 'NONE', #11262, #11378, #5938, .T. ) ;
#178 = PRESENTATION_LAYER_ASSIGNMENT (  '', '', ( #5553 ) ) ;
#179 = ORIENTED_EDGE ( 'NONE', *, *, #9954, .F. ) ;
#180 = CARTESIAN_POINT ( 'NONE',  ( -4.469999999999999751, 4.800000000000000711, 2.295000000000000817 ) ) ;
#181 = DIRECTION ( 'NONE',  ( -1.244625060509296168E-16, -1.000000000000000000, 0.0000000000000000000 ) ) ;
#182 = CARTESIAN_POINT ( 'NONE',  ( 4.069999999999999396, 0.1000000000000000056, -0.3549999999999996492 ) ) ;
#183 = ORIENTED_EDGE ( 'NONE', *, *, #8519, .F. ) ;
#184 = DIRECTION ( 'NONE',  ( 0.0000000000000000000, 0.0000000000000000000, -1.000000000000000000 ) ) ;
#185 = EDGE_LOOP ( 'NONE', ( #9456, #10413, #5178, #10656 ) ) ;
#186 = DIRECTION ( 'NONE',  ( 1.000000000000000000, 0.0000000000000000000, -0.0000000000000000000 ) ) ;
#187 = EDGE_CURVE ( 'NONE', #5330, #7266, #7911, .T. ) ;
#188 = EDGE_CURVE ( 'NONE', #7799, #9088, #569, .T. ) ;
#189 = ORIENTED_EDGE ( 'NONE', *, *, #6604, .T. ) ;
#190 = PLANE ( 'NONE',  #3269 ) ;
#191 = LINE ( 'NONE', #11023, #240 ) ;
#192 = CARTESIAN_POINT ( 'NONE',  ( 2.750000000000000888, 0.0000000000000000000, 1.504999999999999449 ) ) ;
#193 =( LENGTH_UNIT ( ) NAMED_UNIT ( * ) SI_UNIT ( .MILLI., .METRE. ) );
#194 = LINE ( 'NONE', #6058, #2695 ) ;
#195 = ORIENTED_EDGE ( 'NONE', *, *, #1376, .T. ) ;
#196 = LINE ( 'NONE', #258, #9627 ) ;
#197 = ORIENTED_EDGE ( 'NONE', *, *, #9877, .F. ) ;
#198 = DIRECTION ( 'NONE',  ( 0.0000000000000000000, 0.0000000000000000000, 1.000000000000000000 ) ) ;
#199 = ORIENTED_EDGE ( 'NONE', *, *, #3642, .T. ) ;
#200 = EDGE_CURVE ( 'NONE', #5752, #4583, #10080, .T. ) ;
#201 = VERTEX_POINT ( 'NONE', #8283 ) ;
#202 = ORIENTED_EDGE ( 'NONE', *, *, #1741, .F. ) ;
#203 = EDGE_CURVE ( 'NONE', #4213, #5714, #7160, .T. ) ;
#204 = ADVANCED_FACE ( 'NONE', ( #2310 ), #1573, .F. ) ;
#205 = DIRECTION ( 'NONE',  ( 0.0000000000000000000, -0.0000000000000000000, -1.000000000000000000 ) ) ;
#206 = DIRECTION ( 'NONE',  ( -0.0000000000000000000, 0.0000000000000000000, 1.000000000000000000 ) ) ;
#207 = VECTOR ( 'NONE', #8415, 1000.000000000000000 ) ;
#208 = CARTESIAN_POINT ( 'NONE',  ( -2.150000000000000355, 0.4000000000000003553, 1.604999999999999760 ) ) ;
#209 = LINE ( 'NONE', #4002, #11434 ) ;
#210 = EDGE_LOOP ( 'NONE', ( #2194, #10185, #6244, #7039 ) ) ;
#211 = DIRECTION ( 'NONE',  ( -1.000000000000000000, -0.0000000000000000000, -0.0000000000000000000 ) ) ;
#212 = CARTESIAN_POINT ( 'NONE',  ( 2.291421356237309137, 6.599999999999999645, 0.1000000000000000056 ) ) ;
#213 = PRESENTATION_LAYER_ASSIGNMENT (  '', '', ( #2592 ) ) ;
#214 = DIRECTION ( 'NONE',  ( 0.0000000000000000000, -0.0000000000000000000, -1.000000000000000000 ) ) ;
#215 = VERTEX_POINT ( 'NONE', #3535 ) ;
#216 = CARTESIAN_POINT ( 'NONE',  ( 4.169999999999999929, 2.000000000000000000, 1.504999999999999449 ) ) ;
#217 = DIRECTION ( 'NONE',  ( 0.0000000000000000000, 0.0000000000000000000, 1.000000000000000000 ) ) ;
#218 = DIRECTION ( 'NONE',  ( 0.0000000000000000000, -0.0000000000000000000, -1.000000000000000000 ) ) ;
#219 = EDGE_CURVE ( 'NONE', #8135, #6173, #1390, .T. ) ;
#220 = CYLINDRICAL_SURFACE ( 'NONE', #1041, 0.1499999999999999667 ) ;
#221 = VERTEX_POINT ( 'NONE', #4249 ) ;
#222 = ORIENTED_EDGE ( 'NONE', *, *, #1936, .F. ) ;
#223 = ADVANCED_FACE ( 'NONE', ( #2542 ), #4318, .T. ) ;
#224 = SURFACE_SIDE_STYLE ('',( #6576 ) ) ;
#225 = EDGE_CURVE ( 'NONE', #11220, #11108, #11879, .T. ) ;
#226 = CIRCLE ( 'NONE', #1429, 0.1499999999999999667 ) ;
#227 = DIRECTION ( 'NONE',  ( 1.000000000000000000, 0.0000000000000000000, -0.0000000000000000000 ) ) ;
#228 = VERTEX_POINT ( 'NONE', #2492 ) ;
#229 = DIRECTION ( 'NONE',  ( 0.0000000000000000000, 0.0000000000000000000, 1.000000000000000000 ) ) ;
#230 = FACE_OUTER_BOUND ( 'NONE', #12121, .T. ) ;
#231 = CARTESIAN_POINT ( 'NONE',  ( 1.399999999999999689, 0.4000000000000002998, 1.304999999999999494 ) ) ;
#232 = DIRECTION ( 'NONE',  ( 1.000000000000000000, 0.0000000000000000000, 0.0000000000000000000 ) ) ;
#233 = DIRECTION ( 'NONE',  ( 0.0000000000000000000, 0.0000000000000000000, -1.000000000000000000 ) ) ;
#234 = EDGE_CURVE ( 'NONE', #7706, #6164, #12003, .T. ) ;
#235 = VECTOR ( 'NONE', #2199, 1000.000000000000000 ) ;
#236 = ORIENTED_EDGE ( 'NONE', *, *, #7177, .T. ) ;
#237 = ORIENTED_EDGE ( 'NONE', *, *, #10347, .F. ) ;
#238 = VECTOR ( 'NONE', #9911, 1000.000000000000000 ) ;
#239 = ORIENTED_EDGE ( 'NONE', *, *, #2620, .F. ) ;
#240 = VECTOR ( 'NONE', #7164, 1000.000000000000000 ) ;
#241 = LINE ( 'NONE', #2114, #5281 ) ;
#242 = DIRECTION ( 'NONE',  ( -0.0000000000000000000, -1.000000000000000000, -0.0000000000000000000 ) ) ;
#243 = SURFACE_STYLE_FILL_AREA ( #8910 ) ;
#244 = ORIENTED_EDGE ( 'NONE', *, *, #12192, .T. ) ;
#245 = PLANE ( 'NONE',  #8941 ) ;
#246 = ORIENTED_EDGE ( 'NONE', *, *, #9771, .F. ) ;
#247 = ADVANCED_FACE ( 'NONE', ( #7344 ), #6539, .F. ) ;
#248 = DIRECTION ( 'NONE',  ( -0.0000000000000000000, 0.0000000000000000000, 1.000000000000000000 ) ) ;
#249 = ORIENTED_EDGE ( 'NONE', *, *, #7897, .T. ) ;
#250 = AXIS2_PLACEMENT_3D ( 'NONE', #10563, #2231, #11548 ) ;
#251 = CYLINDRICAL_SURFACE ( 'NONE', #8715, 0.2999999999999999334 ) ;
#252 = ORIENTED_EDGE ( 'NONE', *, *, #2912, .T. ) ;
#253 = CARTESIAN_POINT ( 'NONE',  ( -3.549999999999999822, 0.4000000000000003553, 1.604999999999999760 ) ) ;
#254 = DIRECTION ( 'NONE',  ( 0.0000000000000000000, 0.0000000000000000000, 1.000000000000000000 ) ) ;
#255 = DIRECTION ( 'NONE',  ( -0.0000000000000000000, -0.0000000000000000000, -1.000000000000000000 ) ) ;
#256 = DIRECTION ( 'NONE',  ( -1.000000000000000000, 0.0000000000000000000, 0.0000000000000000000 ) ) ;
#257 = DIRECTION ( 'NONE',  ( 1.000000000000000000, 0.0000000000000000000, 0.0000000000000000000 ) ) ;
#258 = CARTESIAN_POINT ( 'NONE',  ( 2.050446608846518082, 7.299999999999999822, 1.505000000000000115 ) ) ;
#259 = EDGE_CURVE ( 'NONE', #9664, #910, #4561, .T. ) ;
#260 = VECTOR ( 'NONE', #8114, 1000.000000000000000 ) ;
#261 = EDGE_CURVE ( 'NONE', #1215, #1614, #12256, .T. ) ;
#262 = DIRECTION ( 'NONE',  ( 1.000000000000000000, -0.0000000000000000000, -3.367087492191007655E-17 ) ) ;
#263 = ORIENTED_EDGE ( 'NONE', *, *, #3161, .F. ) ;
#264 = ORIENTED_EDGE ( 'NONE', *, *, #7425, .T. ) ;
#265 = CARTESIAN_POINT ( 'NONE',  ( -0.5999999999999997558, -0.5999999999999995337, 1.304999999999999494 ) ) ;
#266 = DIRECTION ( 'NONE',  ( -0.0000000000000000000, -1.000000000000000000, -0.0000000000000000000 ) ) ;
#267 = LINE ( 'NONE', #2202, #727 ) ;
#268 = VERTEX_POINT ( 'NONE', #881 ) ;
#269 = LINE ( 'NONE', #4072, #8295 ) ;
#270 = EDGE_CURVE ( 'NONE', #4997, #6753, #4672, .T. ) ;
#271 = LINE ( 'NONE', #6693, #6264 ) ;
#272 = DIRECTION ( 'NONE',  ( 1.000000000000000000, 0.0000000000000000000, 0.0000000000000000000 ) ) ;
#273 = ORIENTED_EDGE ( 'NONE', *, *, #4252, .F. ) ;
#274 = ADVANCED_FACE ( 'NONE', ( #8402 ), #7475, .T. ) ;
#275 = EDGE_CURVE ( 'NONE', #5632, #4846, #12191, .T. ) ;
#276 = LINE ( 'NONE', #8696, #5381 ) ;
#277 = LINE ( 'NONE', #410, #6171 ) ;
#278 = ADVANCED_FACE ( 'NONE', ( #9412 ), #6480, .T. ) ;
#279 = ORIENTED_EDGE ( 'NONE', *, *, #5702, .F. ) ;
#280 = AXIS2_PLACEMENT_3D ( 'NONE', #10104, #2511, #9250 ) ;
#281 = VECTOR ( 'NONE', #1679, 1000.000000000000000 ) ;
#282 = AXIS2_PLACEMENT_3D ( 'NONE', #4025, #4953, #8767 ) ;
#283 = EDGE_LOOP ( 'NONE', ( #1276, #11199, #5708, #11674, #7525, #7014 ) ) ;
#284 = DIRECTION ( 'NONE',  ( -0.0000000000000000000, -0.0000000000000000000, -1.000000000000000000 ) ) ;
#285 = VERTEX_POINT ( 'NONE', #3725 ) ;
#286 = CARTESIAN_POINT ( 'NONE',  ( -4.169999999999999929, 5.100000000000000533, 2.295000000000000817 ) ) ;
#287 = LINE ( 'NONE', #11851, #925 ) ;
#288 = EDGE_LOOP ( 'NONE', ( #12042, #9584, #1084, #3938, #9382, #4590, #2752, #2657 ) ) ;
#289 = AXIS2_PLACEMENT_3D ( 'NONE', #9975, #6241, #5236 ) ;
#290 = COLOUR_RGB ( '',0.9686274509803921573, 0.8784313725490195957, 0.5999999999999999778 ) ;
#291 = LINE ( 'NONE', #4839, #97 ) ;
#292 = LINE ( 'NONE', #9580, #3677 ) ;
#293 = VECTOR ( 'NONE', #3170, 1000.000000000000000 ) ;
#294 = FACE_OUTER_BOUND ( 'NONE', #8465, .T. ) ;
#295 = EDGE_CURVE ( 'NONE', #11926, #4930, #11318, .T. ) ;
#296 = CARTESIAN_POINT ( 'NONE',  ( -0.1500000000000002442, 2.302902790585058312, 0.3750000000000000000 ) ) ;
#297 = CARTESIAN_POINT ( 'NONE',  ( -3.549999999999999822, -0.5999999999999993117, 1.604999999999999760 ) ) ;
#298 = VERTEX_POINT ( 'NONE', #951 ) ;
#299 = EDGE_LOOP ( 'NONE', ( #7981, #40, #11230, #1629 ) ) ;
#300 = AXIS2_PLACEMENT_3D ( 'NONE', #11597, #229, #6885 ) ;
#301 = DIRECTION ( 'NONE',  ( 0.0000000000000000000, -0.0000000000000000000, 1.000000000000000000 ) ) ;
#302 = AXIS2_PLACEMENT_3D ( 'NONE', #1881, #8545, #18 ) ;
#303 = CIRCLE ( 'NONE', #6468, 1.099999999994889288 ) ;
#304 = CARTESIAN_POINT ( 'NONE',  ( -4.169999999999999929, 5.350000000000000533, 0.1250000000000000000 ) ) ;
#305 = UNCERTAINTY_MEASURE_WITH_UNIT (LENGTH_MEASURE( 1.000000000000000082E-05 ), #1393, 'distance_accuracy_value', 'NONE');
#306 = VECTOR ( 'NONE', #11564, 1000.000000000000000 ) ;
#307 = CARTESIAN_POINT ( 'NONE',  ( 1.899999999999999689, 7.299999999999999822, 1.604999999999999760 ) ) ;
#308 = DIRECTION ( 'NONE',  ( 0.0000000000000000000, -8.356086107788086850E-17, 1.000000000000000000 ) ) ;
#309 = ORIENTED_EDGE ( 'NONE', *, *, #2027, .F. ) ;
#310 = EDGE_CURVE ( 'NONE', #9704, #5197, #10446, .T. ) ;
#311 = CARTESIAN_POINT ( 'NONE',  ( 2.890000000000000124, 1.050000000000000044, 2.184999999999999165 ) ) ;
#312 = LINE ( 'NONE', #5980, #6059 ) ;
#313 = DIRECTION ( 'NONE',  ( 0.0000000000000000000, 0.0000000000000000000, -1.000000000000000000 ) ) ;
#314 = PRESENTATION_LAYER_ASSIGNMENT (  '', '', ( #1907 ) ) ;
#315 = LINE ( 'NONE', #3915, #10053 ) ;
#316 = EDGE_CURVE ( 'NONE', #6482, #4710, #11605, .T. ) ;
#317 = FACE_OUTER_BOUND ( 'NONE', #2318, .T. ) ;
#318 = ORIENTED_EDGE ( 'NONE', *, *, #3234, .T. ) ;
#319 = DIRECTION ( 'NONE',  ( -1.000000000000000000, -0.0000000000000000000, -0.0000000000000000000 ) ) ;
#320 = VERTEX_POINT ( 'NONE', #1317 ) ;
#321 = CARTESIAN_POINT ( 'NONE',  ( 0.0000000000000000000, 6.599999999999999645, -0.1000000000000000056 ) ) ;
#322 = EDGE_LOOP ( 'NONE', ( #4845, #608, #3103, #2195 ) ) ;
#323 = DIRECTION ( 'NONE',  ( 1.000000000000000000, 0.0000000000000000000, 0.0000000000000000000 ) ) ;
#324 = VECTOR ( 'NONE', #9141, 1000.000000000000000 ) ;
#325 = ORIENTED_EDGE ( 'NONE', *, *, #6471, .F. ) ;
#326 = DIRECTION ( 'NONE',  ( -1.000000000000000000, 0.0000000000000000000, 0.0000000000000000000 ) ) ;
#327 = CARTESIAN_POINT ( 'NONE',  ( -3.549999999999999822, -0.5999999999999993117, 1.304999999999999494 ) ) ;
#328 = DIRECTION ( 'NONE',  ( -1.244625060509296168E-16, -1.000000000000000000, 0.0000000000000000000 ) ) ;
#329 = CARTESIAN_POINT ( 'NONE',  ( -1.350000000000000533, 2.302902790585058312, 0.3750000000000000000 ) ) ;
#330 = CARTESIAN_POINT ( 'NONE',  ( 1.969999999999999973, 1.249999999999999778, 1.604999999999999538 ) ) ;
#331 = DIRECTION ( 'NONE',  ( -0.0000000000000000000, -0.0000000000000000000, -1.000000000000000000 ) ) ;
#332 = CARTESIAN_POINT ( 'NONE',  ( 4.069999999999999396, 1.249999999999999334, 1.504999999999999449 ) ) ;
#333 = ORIENTED_EDGE ( 'NONE', *, *, #10757, .T. ) ;
#334 = DIRECTION ( 'NONE',  ( 1.000000000000000000, 0.0000000000000000000, 0.0000000000000000000 ) ) ;
#335 = VERTEX_POINT ( 'NONE', #175 ) ;
#336 = ORIENTED_EDGE ( 'NONE', *, *, #11590, .F. ) ;
#337 = ORIENTED_EDGE ( 'NONE', *, *, #11579, .F. ) ;
#338 = DIRECTION ( 'NONE',  ( 0.7071067813875193675, 8.659560564816128346E-17, -0.7071067809855756670 ) ) ;
#339 = DIRECTION ( 'NONE',  ( -1.000000000000000000, 0.0000000000000000000, -0.0000000000000000000 ) ) ;
#340 = EDGE_CURVE ( 'NONE', #1016, #10406, #3132, .T. ) ;
#341 = DIRECTION ( 'NONE',  ( 0.0000000000000000000, 0.0000000000000000000, -1.000000000000000000 ) ) ;
#342 = ORIENTED_EDGE ( 'NONE', *, *, #8193, .T. ) ;
#343 = CARTESIAN_POINT ( 'NONE',  ( 3.219999999999999751, 0.1000000000000000056, 1.504999999999999449 ) ) ;
#344 =( BOUNDED_CURVE ( )  B_SPLINE_CURVE ( 3, ( #1552, #8078, #10120, #2822 ),
 .UNSPECIFIED., .F., .T. ) 
 B_SPLINE_CURVE_WITH_KNOTS ( ( 4, 4 ),
 ( 0.0000000000000000000, 1.000000000000000000 ),
 .UNSPECIFIED. ) 
 CURVE ( )  GEOMETRIC_REPRESENTATION_ITEM ( )  RATIONAL_B_SPLINE_CURVE ( ( 1.000000000000000000, 0.8047378541243652705, 0.8047378541243652705, 1.000000000000000000 ) ) 
 REPRESENTATION_ITEM ( '' )  );
#345 = CARTESIAN_POINT ( 'NONE',  ( 1.969999999999999973, 1.249999999999999778, 1.504999999999999005 ) ) ;
#346 = CARTESIAN_POINT ( 'NONE',  ( 2.350000000000000533, 6.399999999999999467, 0.3499999999999999223 ) ) ;
#347 = DIRECTION ( 'NONE',  ( 1.000000000000000000, 0.0000000000000000000, 0.0000000000000000000 ) ) ;
#348 = CARTESIAN_POINT ( 'NONE',  ( 4.169999999999999929, 5.100000000000000533, 0.0000000000000000000 ) ) ;
#349 = MECHANICAL_DESIGN_GEOMETRIC_PRESENTATION_REPRESENTATION (  '', ( #7907 ), #5110 ) ;
#350 = CYLINDRICAL_SURFACE ( 'NONE', #5600, 0.2999999999999999334 ) ;
#351 = ORIENTED_EDGE ( 'NONE', *, *, #7665, .T. ) ;
#352 = EDGE_LOOP ( 'NONE', ( #5264, #6147, #9543, #3596 ) ) ;
#353 = ORIENTED_EDGE ( 'NONE', *, *, #2333, .F. ) ;
#354 = CARTESIAN_POINT ( 'NONE',  ( -4.169999999999999929, 4.299999999999999822, 2.295000000000000817 ) ) ;
#355 = ADVANCED_FACE ( 'NONE', ( #3076 ), #9766, .F. ) ;
#356 = EDGE_LOOP ( 'NONE', ( #11684, #9515, #5618, #10449 ) ) ;
#357 = VECTOR ( 'NONE', #11248, 1000.000000000000000 ) ;
#358 = LINE ( 'NONE', #7134, #6650 ) ;
#359 = LINE ( 'NONE', #10523, #5886 ) ;
#360 = CARTESIAN_POINT ( 'NONE',  ( -4.169999999999999929, 1.450000000000000178, 0.3549999999999994271 ) ) ;
#361 = CARTESIAN_POINT ( 'NONE',  ( 4.070000000000000284, 2.000000000000000000, 0.8529184719828691863 ) ) ;
#362 = CARTESIAN_POINT ( 'NONE',  ( -1.399999999999999467, 0.4000000000000003553, 1.304999999999999494 ) ) ;
#363 = DIRECTION ( 'NONE',  ( 0.0000000000000000000, -1.000000000000000000, 0.0000000000000000000 ) ) ;
#364 = ORIENTED_EDGE ( 'NONE', *, *, #8071, .F. ) ;
#365 = ORIENTED_EDGE ( 'NONE', *, *, #11266, .F. ) ;
#366 = EDGE_CURVE ( 'NONE', #8686, #7132, #6889, .T. ) ;
#367 = LINE ( 'NONE', #4360, #8527 ) ;
#368 = CARTESIAN_POINT ( 'NONE',  ( -1.099999999999999867, -0.5999999999999995337, 1.304999999999999494 ) ) ;
#369 = LINE ( 'NONE', #3197, #7581 ) ;
#370 = EDGE_CURVE ( 'NONE', #82, #1664, #3850, .T. ) ;
#371 = ADVANCED_FACE ( 'NONE', ( #2165 ), #4904, .T. ) ;
#372 = LINE ( 'NONE', #8025, #11027 ) ;
#373 = ORIENTED_EDGE ( 'NONE', *, *, #5374, .F. ) ;
#374 = LINE ( 'NONE', #4172, #9015 ) ;
#375 = FACE_OUTER_BOUND ( 'NONE', #10312, .T. ) ;
#376 = VECTOR ( 'NONE', #612, 1000.000000000000000 ) ;
#377 = DIRECTION ( 'NONE',  ( 0.0000000000000000000, -1.000000000000000000, 0.0000000000000000000 ) ) ;
#378 = PLANE ( 'NONE',  #1965 ) ;
#379 = CARTESIAN_POINT ( 'NONE',  ( -3.220000000000000195, 4.065758146820641628E-17, -1.205000000000000293 ) ) ;
#380 = EDGE_LOOP ( 'NONE', ( #6191, #7870, #9615, #10731, #8571, #9885, #12128, #3090, #8889, #8321, #10455, #239, #5154, #9128, #4180, #832, #7909, #10792, #8201, #1410, #7159, #7432, #9352, #6268, #10007, #6617 ) ) ;
#381 = EDGE_CURVE ( 'NONE', #8868, #9388, #1249, .T. ) ;
#382 = CARTESIAN_POINT ( 'NONE',  ( 2.150000000000000355, 0.4000000000000004663, 1.304999999999999494 ) ) ;
#383 = AXIS2_PLACEMENT_3D ( 'NONE', #8913, #9039, #5224 ) ;
#384 = ADVANCED_FACE ( 'NONE', ( #117 ), #11490, .F. ) ;
#385 = FACE_OUTER_BOUND ( 'NONE', #3129, .T. ) ;
#386 = ORIENTED_EDGE ( 'NONE', *, *, #11669, .T. ) ;
#387 = PLANE ( 'NONE',  #11817 ) ;
#388 = CARTESIAN_POINT ( 'NONE',  ( 2.250000000000000888, 6.500000000000000888, 0.0000000000000000000 ) ) ;
#389 = LINE ( 'NONE', #7852, #5676 ) ;
#390 = LINE ( 'NONE', #6125, #7251 ) ;
#391 = DIRECTION ( 'NONE',  ( -0.0000000000000000000, -1.000000000000000000, -0.0000000000000000000 ) ) ;
#392 = DIRECTION ( 'NONE',  ( -1.000000000000000000, 0.0000000000000000000, 0.0000000000000000000 ) ) ;
#393 = DIRECTION ( 'NONE',  ( 1.000000000000000000, 0.0000000000000000000, 0.0000000000000000000 ) ) ;
#394 = CIRCLE ( 'NONE', #12096, 0.1499999999999999944 ) ;
#395 = ORIENTED_EDGE ( 'NONE', *, *, #5151, .F. ) ;
#396 = DIRECTION ( 'NONE',  ( 1.244625060509296168E-16, 1.000000000000000000, 0.0000000000000000000 ) ) ;
#397 = EDGE_LOOP ( 'NONE', ( #11461, #3387, #7779, #9368, #7652, #6679, #4586, #5320 ) ) ;
#398 = ORIENTED_EDGE ( 'NONE', *, *, #11377, .T. ) ;
#399 = VERTEX_POINT ( 'NONE', #1977 ) ;
#400 = LINE ( 'NONE', #4205, #8171 ) ;
#401 = VECTOR ( 'NONE', #7940, 1000.000000000000000 ) ;
#402 = CARTESIAN_POINT ( 'NONE',  ( -4.128578643762690348, 2.000000000000000000, 0.8872330470336311503 ) ) ;
#403 = CARTESIAN_POINT ( 'NONE',  ( -4.469999999999999751, 7.299999999999999822, 0.0000000000000000000 ) ) ;
#404 = CARTESIAN_POINT ( 'NONE',  ( 2.149999999999999467, 2.302902790585044546, -0.3750000000000000000 ) ) ;
#405 = ORIENTED_EDGE ( 'NONE', *, *, #5098, .F. ) ;
#406 = FACE_BOUND ( 'NONE', #5554, .T. ) ;
#407 = LINE ( 'NONE', #10795, #260 ) ;
#408 = ORIENTED_EDGE ( 'NONE', *, *, #1666, .T. ) ;
#409 = CARTESIAN_POINT ( 'NONE',  ( 4.170000000000000817, 0.1000000000000000472, -0.9114971157455600270 ) ) ;
#410 = CARTESIAN_POINT ( 'NONE',  ( 2.750000000000000888, 7.299999999999999822, 1.604999999999999760 ) ) ;
#411 = PLANE ( 'NONE',  #8785 ) ;
#412 = VECTOR ( 'NONE', #5443, 1000.000000000000000 ) ;
#413 = ADVANCED_FACE ( 'NONE', ( #2900 ), #1183, .F. ) ;
#414 = ORIENTED_EDGE ( 'NONE', *, *, #6235, .F. ) ;
#415 = CARTESIAN_POINT ( 'NONE',  ( -3.219999999999999751, 0.1000000000000000472, -0.3550000000000004818 ) ) ;
#416 = VERTEX_POINT ( 'NONE', #10558 ) ;
#417 = CARTESIAN_POINT ( 'NONE',  ( 1.500000000000000000, 5.787332622142040250, -0.3750000000000000000 ) ) ;
#418 = ORIENTED_EDGE ( 'NONE', *, *, #5626, .F. ) ;
#419 = AXIS2_PLACEMENT_3D ( 'NONE', #6069, #468, #205 ) ;
#420 = CARTESIAN_POINT ( 'NONE',  ( -1.350000000000000089, 5.787332622142050909, -0.3750000000000000000 ) ) ;
#421 = CARTESIAN_POINT ( 'NONE',  ( -4.128578643762690348, 1.308578643762690508, 1.604999999999999316 ) ) ;
#422 = CARTESIAN_POINT ( 'NONE',  ( -4.469999999999999751, 7.299999999999999822, 0.3549999999999996492 ) ) ;
#423 = DIRECTION ( 'NONE',  ( 1.244625060509296168E-16, 1.000000000000000000, -0.0000000000000000000 ) ) ;
#424 = ORIENTED_EDGE ( 'NONE', *, *, #8558, .T. ) ;
#425 = EDGE_LOOP ( 'NONE', ( #7265, #8003, #6444, #5821 ) ) ;
#426 = ADVANCED_FACE ( 'NONE', ( #2042 ), #4100, .F. ) ;
#427 = EDGE_CURVE ( 'NONE', #26, #11505, #10618, .T. ) ;
#428 = CARTESIAN_POINT ( 'NONE',  ( -0.9504466088465185480, 1.899999999999999689, -1.605000000000000648 ) ) ;
#429 = CARTESIAN_POINT ( 'NONE',  ( -4.169999999999999929, 1.450000000000000178, 0.3549999999999999267 ) ) ;
#430 = DIRECTION ( 'NONE',  ( 0.0000000000000000000, 0.0000000000000000000, 1.000000000000000000 ) ) ;
#431 = AXIS2_PLACEMENT_3D ( 'NONE', #11808, #10953, #7093 ) ;
#432 = DIRECTION ( 'NONE',  ( 0.0000000000000000000, -1.000000000000000000, 0.0000000000000000000 ) ) ;
#433 = ORIENTED_EDGE ( 'NONE', *, *, #5619, .T. ) ;
#434 = DIRECTION ( 'NONE',  ( 0.0000000000000000000, 0.0000000000000000000, 1.000000000000000000 ) ) ;
#435 = DIRECTION ( 'NONE',  ( 1.000000000000000000, 0.0000000000000000000, -0.0000000000000000000 ) ) ;
#436 = ORIENTED_EDGE ( 'NONE', *, *, #6484, .T. ) ;
#437 = DIRECTION ( 'NONE',  ( 0.0000000000000000000, 0.0000000000000000000, 1.000000000000000000 ) ) ;
#438 = CARTESIAN_POINT ( 'NONE',  ( -0.5999999999999997558, 0.4000000000000002998, 1.304999999999999494 ) ) ;
#439 = EDGE_CURVE ( 'NONE', #2138, #10308, #3743, .T. ) ;
#440 = VECTOR ( 'NONE', #732, 1000.000000000000000 ) ;
#441 = SHAPE_DEFINITION_REPRESENTATION ( #6621, #11702 ) ;
#442 = DIRECTION ( 'NONE',  ( 1.000000000000000000, 0.0000000000000000000, 0.0000000000000000000 ) ) ;
#443 = CARTESIAN_POINT ( 'NONE',  ( -1.399999999999999689, -0.5999999999999995337, 1.604999999999999760 ) ) ;
#444 = EDGE_LOOP ( 'NONE', ( #2157, #6876, #10723, #4141 ) ) ;
#445 = EDGE_CURVE ( 'NONE', #2309, #11505, #6341, .T. ) ;
#446 = ADVANCED_FACE ( 'NONE', ( #10936 ), #5333, .T. ) ;
#447 = CARTESIAN_POINT ( 'NONE',  ( -3.220000000000000195, 2.000000000000000444, -1.263578643762691467 ) ) ;
#448 = EDGE_CURVE ( 'NONE', #1366, #2526, #11064, .T. ) ;
#449 = ORIENTED_EDGE ( 'NONE', *, *, #12047, .T. ) ;
#450 = CARTESIAN_POINT ( 'NONE',  ( 1.952842712474618825, 0.8085786437626900636, 1.604999999999999316 ) ) ;
#451 = VECTOR ( 'NONE', #12260, 1000.000000000000000 ) ;
#452 = LINE ( 'NONE', #4316, #1691 ) ;
#453 = ORIENTED_EDGE ( 'NONE', *, *, #2198, .T. ) ;
#454 = SURFACE_STYLE_FILL_AREA ( #2313 ) ;
#455 = DIRECTION ( 'NONE',  ( -0.0000000000000000000, -0.0000000000000000000, 1.000000000000000000 ) ) ;
#456 = STYLED_ITEM ( 'NONE', ( #823 ), #3522 ) ;
#457 = LINE ( 'NONE', #4509, #5881 ) ;
#458 = DIRECTION ( 'NONE',  ( 0.0000000000000000000, -0.0000000000000000000, -1.000000000000000000 ) ) ;
#459 = DIRECTION ( 'NONE',  ( -1.000000000000000000, 0.0000000000000000000, 0.0000000000000000000 ) ) ;
#460 = ADVANCED_FACE ( 'NONE', ( #11734 ), #6279, .T. ) ;
#461 = CARTESIAN_POINT ( 'NONE',  ( -1.399999999999999689, -0.5999999999999995337, 1.304999999999999494 ) ) ;
#462 = CARTESIAN_POINT ( 'NONE',  ( 4.394049177309263988E-17, 2.499999999999999556, 1.304999999999999716 ) ) ;
#463 = ADVANCED_FACE ( 'NONE', ( #9095 ), #2415, .T. ) ;
#464 = VERTEX_POINT ( 'NONE', #3194 ) ;
#465 = ORIENTED_EDGE ( 'NONE', *, *, #4464, .F. ) ;
#466 = AXIS2_PLACEMENT_3D ( 'NONE', #10820, #5982, #181 ) ;
#467 = EDGE_LOOP ( 'NONE', ( #10796, #7356, #9371, #1360 ) ) ;
#468 = DIRECTION ( 'NONE',  ( 0.0000000000000000000, -1.000000000000000000, 0.0000000000000000000 ) ) ;
#469 = LINE ( 'NONE', #6007, #7993 ) ;
#470 = CARTESIAN_POINT ( 'NONE',  ( 3.219999999999999751, 2.000000000000000000, 0.3549999999999994271 ) ) ;
#471 = DIRECTION ( 'NONE',  ( 0.0000000000000000000, 0.0000000000000000000, -1.000000000000000000 ) ) ;
#472 = EDGE_LOOP ( 'NONE', ( #4127, #1753, #11391, #8728 ) ) ;
#473 = DIRECTION ( 'NONE',  ( 0.0000000000000000000, 0.0000000000000000000, -1.000000000000000000 ) ) ;
#474 = EDGE_CURVE ( 'NONE', #4997, #1366, #8204, .T. ) ;
#475 = MECHANICAL_DESIGN_GEOMETRIC_PRESENTATION_REPRESENTATION (  '', ( #10395 ), #7424 ) ;
#476 = CARTESIAN_POINT ( 'NONE',  ( 1.969999999999999973, 1.249999999999999778, 1.504999999999999005 ) ) ;
#477 = DIRECTION ( 'NONE',  ( 0.0000000000000000000, 1.000000000000000000, 0.0000000000000000000 ) ) ;
#478 = ORIENTED_EDGE ( 'NONE', *, *, #4618, .F. ) ;
#479 = DIRECTION ( 'NONE',  ( -1.000000000000000000, 0.0000000000000000000, 0.0000000000000000000 ) ) ;
#480 = CARTESIAN_POINT ( 'NONE',  ( -1.350000000000000533, 2.302902790585058312, -0.3750000000000000000 ) ) ;
#481 = SURFACE_SIDE_STYLE ('',( #1413 ) ) ;
#482 = ORIENTED_EDGE ( 'NONE', *, *, #5324, .T. ) ;
#483 = EDGE_LOOP ( 'NONE', ( #10781, #7028, #9082 ) ) ;
#484 = LINE ( 'NONE', #9817, #1609 ) ;
#485 = VERTEX_POINT ( 'NONE', #5334 ) ;
#486 = CARTESIAN_POINT ( 'NONE',  ( 4.069999999999999396, 1.349999999999999423, 1.504999999999999227 ) ) ;
#487 = ORIENTED_EDGE ( 'NONE', *, *, #10926, .T. ) ;
#488 = DIRECTION ( 'NONE',  ( 0.0000000000000000000, 0.0000000000000000000, -1.000000000000000000 ) ) ;
#489 = PLANE ( 'NONE',  #4834 ) ;
#490 = CIRCLE ( 'NONE', #4658, 0.2500000000000002220 ) ;
#491 = PLANE ( 'NONE',  #1102 ) ;
#492 = DIRECTION ( 'NONE',  ( 0.0000000000000000000, -0.0000000000000000000, -1.000000000000000000 ) ) ;
#493 = CIRCLE ( 'NONE', #6254, 0.1000000000000000472 ) ;
#494 = ORIENTED_EDGE ( 'NONE', *, *, #4227, .T. ) ;
#495 = EDGE_LOOP ( 'NONE', ( #465, #1759, #9308, #5218, #11904 ) ) ;
#496 = CARTESIAN_POINT ( 'NONE',  ( -0.5999999999999998668, 0.0000000000000000000, 1.504999999999999449 ) ) ;
#497 = FILL_AREA_STYLE ('',( #2354 ) ) ;
#498 = DIRECTION ( 'NONE',  ( -0.0000000000000000000, -0.0000000000000000000, 1.000000000000000000 ) ) ;
#499 = AXIS2_PLACEMENT_3D ( 'NONE', #4403, #488, #8194 ) ;
#500 = DIRECTION ( 'NONE',  ( -1.244625060509296168E-16, -1.000000000000000000, 0.0000000000000000000 ) ) ;
#501 = EDGE_LOOP ( 'NONE', ( #7642, #4161, #9401, #5585 ) ) ;
#502 = EDGE_CURVE ( 'NONE', #9388, #10975, #1616, .T. ) ;
#503 = CARTESIAN_POINT ( 'NONE',  ( -3.219999999999999751, 1.349999999999999645, 1.405000000000000027 ) ) ;
#504 = ORIENTED_EDGE ( 'NONE', *, *, #8210, .F. ) ;
#505 = DIRECTION ( 'NONE',  ( 0.0000000000000000000, 0.0000000000000000000, -1.000000000000000000 ) ) ;
#506 = DIRECTION ( 'NONE',  ( 0.0000000000000000000, 0.0000000000000000000, -1.000000000000000000 ) ) ;
#507 = FACE_OUTER_BOUND ( 'NONE', #3708, .T. ) ;
#508 = VECTOR ( 'NONE', #12071, 1000.000000000000000 ) ;
#509 = AXIS2_PLACEMENT_3D ( 'NONE', #2288, #5709, #7572 ) ;
#510 = FACE_OUTER_BOUND ( 'NONE', #930, .T. ) ;
#511 = MECHANICAL_DESIGN_GEOMETRIC_PRESENTATION_REPRESENTATION (  '', ( #1106 ), #10241 ) ;
#512 = AXIS2_PLACEMENT_3D ( 'NONE', #3524, #35, #2594 ) ;
#513 = CARTESIAN_POINT ( 'NONE',  ( 1.869999999999999662, 0.8499999999999992006, 1.504999999999999449 ) ) ;
#514 = ORIENTED_EDGE ( 'NONE', *, *, #7912, .T. ) ;
#515 = AXIS2_PLACEMENT_3D ( 'NONE', #1243, #169, #2892 ) ;
#516 =( NAMED_UNIT ( * ) SI_UNIT ( $, .STERADIAN. ) SOLID_ANGLE_UNIT ( ) );
#517 = DIRECTION ( 'NONE',  ( 0.0000000000000000000, 0.0000000000000000000, -1.000000000000000000 ) ) ;
#518 = CIRCLE ( 'NONE', #8256, 0.1000000000000000472 ) ;
#519 = EDGE_CURVE ( 'NONE', #10887, #485, #8022, .T. ) ;
#520 = AXIS2_PLACEMENT_3D ( 'NONE', #4241, #8276, #7212 ) ;
#521 = DIRECTION ( 'NONE',  ( 0.0000000000000000000, 0.0000000000000000000, 1.000000000000000000 ) ) ;
#522 = LINE ( 'NONE', #8105, #1416 ) ;
#523 = VECTOR ( 'NONE', #11566, 1000.000000000000000 ) ;
#524 = ORIENTED_EDGE ( 'NONE', *, *, #8683, .T. ) ;
#525 = VECTOR ( 'NONE', #9065, 1000.000000000000000 ) ;
#526 = EDGE_CURVE ( 'NONE', #10368, #9445, #367, .T. ) ;
#527 =( NAMED_UNIT ( * ) SI_UNIT ( $, .STERADIAN. ) SOLID_ANGLE_UNIT ( ) );
#528 = CARTESIAN_POINT ( 'NONE',  ( -3.219999999999999751, 2.000000000000000000, 1.263578643762690357 ) ) ;
#529 = ADVANCED_FACE ( 'NONE', ( #7005 ), #6107, .F. ) ;
#530 = EDGE_CURVE ( 'NONE', #1392, #11926, #8140, .T. ) ;
#531 = PLANE ( 'NONE',  #3871 ) ;
#532 = DIRECTION ( 'NONE',  ( -1.000000000000000000, -0.0000000000000000000, -0.0000000000000000000 ) ) ;
#533 = ORIENTED_EDGE ( 'NONE', *, *, #8736, .F. ) ;
#534 = CARTESIAN_POINT ( 'NONE',  ( 2.150446608846515062, 1.900000000000001465, 1.604999999999999760 ) ) ;
#535 = VECTOR ( 'NONE', #6188, 1000.000000000000000 ) ;
#536 = FACE_OUTER_BOUND ( 'NONE', #11435, .T. ) ;
#537 = LINE ( 'NONE', #11898, #782 ) ;
#538 = DIRECTION ( 'NONE',  ( 0.0000000000000000000, 1.000000000000000000, 0.0000000000000000000 ) ) ;
#539 = ORIENTED_EDGE ( 'NONE', *, *, #5394, .T. ) ;
#540 = DIRECTION ( 'NONE',  ( -0.0000000000000000000, -1.000000000000000000, -0.0000000000000000000 ) ) ;
#541 = ORIENTED_EDGE ( 'NONE', *, *, #6637, .F. ) ;
#542 = ORIENTED_EDGE ( 'NONE', *, *, #8447, .T. ) ;
#543 = CIRCLE ( 'NONE', #9296, 0.9500000000000002887 ) ;
#544 = EDGE_CURVE ( 'NONE', #130, #4538, #3268, .T. ) ;
#545 = CARTESIAN_POINT ( 'NONE',  ( 4.069999999999999396, 1.249999999999999778, 1.604999999999999760 ) ) ;
#546 = ORIENTED_EDGE ( 'NONE', *, *, #6741, .T. ) ;
#547 = CARTESIAN_POINT ( 'NONE',  ( 4.169999999999999929, 1.249999999999999112, 1.504999999999999227 ) ) ;
#548 = EDGE_CURVE ( 'NONE', #12195, #4354, #11987, .T. ) ;
#549 = LINE ( 'NONE', #2644, #5291 ) ;
#550 = ORIENTED_EDGE ( 'NONE', *, *, #259, .F. ) ;
#551 = FILL_AREA_STYLE_COLOUR ( '', #11417 ) ;
#552 = VECTOR ( 'NONE', #4389, 1000.000000000000000 ) ;
#553 = ORIENTED_EDGE ( 'NONE', *, *, #6821, .F. ) ;
#554 = VERTEX_POINT ( 'NONE', #7269 ) ;
#555 = ORIENTED_EDGE ( 'NONE', *, *, #10343, .T. ) ;
#556 = ADVANCED_FACE ( 'NONE', ( #3335 ), #7959, .T. ) ;
#557 = DIRECTION ( 'NONE',  ( 0.0000000000000000000, 0.0000000000000000000, -1.000000000000000000 ) ) ;
#558 = DIRECTION ( 'NONE',  ( 1.000000000000000000, 0.0000000000000000000, -0.0000000000000000000 ) ) ;
#559 = ORIENTED_EDGE ( 'NONE', *, *, #4090, .T. ) ;
#560 = CARTESIAN_POINT ( 'NONE',  ( 3.219999999999999751, 1.899999999999999911, 1.304999999999999716 ) ) ;
#561 = ORIENTED_EDGE ( 'NONE', *, *, #2198, .F. ) ;
#562 = CARTESIAN_POINT ( 'NONE',  ( 3.219999999999999751, 3.449999999999999734, 0.3549999999999994271 ) ) ;
#563 = LINE ( 'NONE', #5289, #3830 ) ;
#564 = CARTESIAN_POINT ( 'NONE',  ( 0.0000000000000000000, 6.500000000000000888, 0.1000000000000000056 ) ) ;
#565 = ORIENTED_EDGE ( 'NONE', *, *, #7545, .F. ) ;
#566 = DIRECTION ( 'NONE',  ( -5.503564327337586626E-17, -1.000000000000000000, 0.0000000000000000000 ) ) ;
#567 = CARTESIAN_POINT ( 'NONE',  ( -3.776497115745560240, 0.04142135623730913013, -1.305000000000001270 ) ) ;
#568 = EDGE_CURVE ( 'NONE', #5680, #2472, #1428, .T. ) ;
#569 = CIRCLE ( 'NONE', #3537, 0.09999999999999982514 ) ;
#570 = ORIENTED_EDGE ( 'NONE', *, *, #10335, .F. ) ;
#571 =( NAMED_UNIT ( * ) PLANE_ANGLE_UNIT ( ) SI_UNIT ( $, .RADIAN. ) );
#572 = DIRECTION ( 'NONE',  ( 1.000000000000000000, 0.0000000000000000000, 0.0000000000000000000 ) ) ;
#573 = DIRECTION ( 'NONE',  ( -0.0000000000000000000, -1.000000000000000000, -0.0000000000000000000 ) ) ;
#574 = EDGE_LOOP ( 'NONE', ( #11749, #2641, #3555, #11712 ) ) ;
#575 = CARTESIAN_POINT ( 'NONE',  ( 3.549999999999999822, -0.5999999999999993117, 1.604999999999999760 ) ) ;
#576 = CIRCLE ( 'NONE', #11305, 0.1000000000000000472 ) ;
#577 = VERTEX_POINT ( 'NONE', #496 ) ;
#578 = ORIENTED_EDGE ( 'NONE', *, *, #3286, .F. ) ;
#579 = EDGE_CURVE ( 'NONE', #3635, #4791, #3584, .T. ) ;
#580 = ADVANCED_FACE ( 'NONE', ( #3824 ), #6313, .T. ) ;
#581 = DIRECTION ( 'NONE',  ( 0.0000000000000000000, 0.0000000000000000000, -1.000000000000000000 ) ) ;
#582 = DIRECTION ( 'NONE',  ( 0.0000000000000000000, -8.356086107788088083E-17, 1.000000000000000000 ) ) ;
#583 = ORIENTED_EDGE ( 'NONE', *, *, #11927, .T. ) ;
#584 = LINE ( 'NONE', #3561, #7894 ) ;
#585 = VECTOR ( 'NONE', #2539, 1000.000000000000000 ) ;
#586 = CARTESIAN_POINT ( 'NONE',  ( -4.069999999999999396, 2.000000000000000000, -0.3550000000000002598 ) ) ;
#587 = DIRECTION ( 'NONE',  ( 0.0000000000000000000, -1.000000000000000000, 0.0000000000000000000 ) ) ;
#588 = EDGE_CURVE ( 'NONE', #10711, #4710, #8265, .T. ) ;
#589 = CARTESIAN_POINT ( 'NONE',  ( -0.3999999999999994671, 0.4000000000000001887, 1.604999999999999760 ) ) ;
#590 = ORIENTED_EDGE ( 'NONE', *, *, #11225, .T. ) ;
#591 = DIRECTION ( 'NONE',  ( 0.0000000000000000000, -0.0000000000000000000, -1.000000000000000000 ) ) ;
#592 = DIRECTION ( 'NONE',  ( -0.0000000000000000000, -0.0000000000000000000, -1.000000000000000000 ) ) ;
#593 = ORIENTED_EDGE ( 'NONE', *, *, #9593, .F. ) ;
#594 = EDGE_CURVE ( 'NONE', #8197, #100, #10472, .T. ) ;
#595 = EDGE_CURVE ( 'NONE', #6019, #8802, #8554, .T. ) ;
#596 = ORIENTED_EDGE ( 'NONE', *, *, #7624, .F. ) ;
#597 = VECTOR ( 'NONE', #4343, 1000.000000000000000 ) ;
#598 = CARTESIAN_POINT ( 'NONE',  ( -2.750000000000000888, -0.5999999999999993117, 1.304999999999999494 ) ) ;
#599 = PLANE ( 'NONE',  #7669 ) ;
#600 = ORIENTED_EDGE ( 'NONE', *, *, #3700, .T. ) ;
#601 =( NAMED_UNIT ( * ) SI_UNIT ( $, .STERADIAN. ) SOLID_ANGLE_UNIT ( ) );
#602 = AXIS2_PLACEMENT_3D ( 'NONE', #5015, #2222, #10613 ) ;
#603 = EDGE_CURVE ( 'NONE', #1685, #9652, #5815, .T. ) ;
#604 = VECTOR ( 'NONE', #9521, 1000.000000000000000 ) ;
#605 = EDGE_LOOP ( 'NONE', ( #4740, #9237, #7612, #10994, #7234 ) ) ;
#606 = CYLINDRICAL_SURFACE ( 'NONE', #9587, 0.1000000000000000472 ) ;
#607 = DIRECTION ( 'NONE',  ( -0.5773502691896260641, 0.5773502691896311712, 0.5773502691896199579 ) ) ;
#608 = ORIENTED_EDGE ( 'NONE', *, *, #637, .T. ) ;
#609 = ORIENTED_EDGE ( 'NONE', *, *, #11832, .F. ) ;
#610 = ADVANCED_FACE ( 'NONE', ( #677 ), #4478, .T. ) ;
#611 = ORIENTED_EDGE ( 'NONE', *, *, #6816, .T. ) ;
#612 = DIRECTION ( 'NONE',  ( -0.0000000000000000000, -0.0000000000000000000, -1.000000000000000000 ) ) ;
#613 = CARTESIAN_POINT ( 'NONE',  ( 3.140000000000000568, 1.050000000000000044, 2.284999999999999698 ) ) ;
#614 = VECTOR ( 'NONE', #6893, 1000.000000000000000 ) ;
#615 = DIRECTION ( 'NONE',  ( -1.000000000000000000, 0.0000000000000000000, 0.0000000000000000000 ) ) ;
#616 = LINE ( 'NONE', #6110, #12015 ) ;
#617 = ORIENTED_EDGE ( 'NONE', *, *, #649, .F. ) ;
#618 = AXIS2_PLACEMENT_3D ( 'NONE', #3608, #11211, #2681 ) ;
#619 = CARTESIAN_POINT ( 'NONE',  ( -3.868609925932228411, 1.350000000000000089, 1.249134564440577577 ) ) ;
#620 = ORIENTED_EDGE ( 'NONE', *, *, #11317, .F. ) ;
#621 = DIRECTION ( 'NONE',  ( 0.0000000000000000000, 0.0000000000000000000, 1.000000000000000000 ) ) ;
#622 = ADVANCED_FACE ( 'NONE', ( #2654 ), #10193, .T. ) ;
#623 = DIRECTION ( 'NONE',  ( -1.000000000000000000, 1.734723475976807341E-16, -0.0000000000000000000 ) ) ;
#624 = ORIENTED_EDGE ( 'NONE', *, *, #4185, .T. ) ;
#625 = AXIS2_PLACEMENT_3D ( 'NONE', #11190, #12244, #4656 ) ;
#626 = EDGE_LOOP ( 'NONE', ( #6983, #3954, #10858, #9936, #337 ) ) ;
#627 = CARTESIAN_POINT ( 'NONE',  ( 1.928578643762690614, 0.8499999999999989786, 1.563578643762689513 ) ) ;
#628 = VECTOR ( 'NONE', #960, 1000.000000000000000 ) ;
#629 = CARTESIAN_POINT ( 'NONE',  ( -2.950000000000000178, 0.1000000000000000056, 1.504999999999999449 ) ) ;
#630 = VERTEX_POINT ( 'NONE', #6464 ) ;
#631 = AXIS2_PLACEMENT_3D ( 'NONE', #10225, #9125, #3427 ) ;
#632 = DIRECTION ( 'NONE',  ( -0.0000000000000000000, -1.000000000000000000, -0.0000000000000000000 ) ) ;
#633 = CARTESIAN_POINT ( 'NONE',  ( -4.169999999999999929, 0.0000000000000000000, 2.595000000000000195 ) ) ;
#634 = CARTESIAN_POINT ( 'NONE',  ( -4.170000000000001705, 1.314009829437558841, 0.6608514542769928779 ) ) ;
#635 = CARTESIAN_POINT ( 'NONE',  ( -4.169999999999999929, 4.800000000000000711, 2.295000000000000817 ) ) ;
#636 = DIRECTION ( 'NONE',  ( -0.0000000000000000000, -1.000000000000000000, -0.0000000000000000000 ) ) ;
#637 = EDGE_CURVE ( 'NONE', #10870, #3643, #10260, .T. ) ;
#638 = CARTESIAN_POINT ( 'NONE',  ( -3.219999999999999751, 7.299999999999999822, 0.3549999999999994271 ) ) ;
#639 = VECTOR ( 'NONE', #7326, 1000.000000000000000 ) ;
#640 = VERTEX_POINT ( 'NONE', #5754 ) ;
#641 = DIRECTION ( 'NONE',  ( 0.0000000000000000000, 0.0000000000000000000, 1.000000000000000000 ) ) ;
#642 = ORIENTED_EDGE ( 'NONE', *, *, #11579, .T. ) ;
#643 = PLANE ( 'NONE',  #4601 ) ;
#644 = CARTESIAN_POINT ( 'NONE',  ( 1.399999999999999467, 0.0000000000000000000, 1.304999999999999494 ) ) ;
#645 = CARTESIAN_POINT ( 'NONE',  ( 2.750000000000000888, 0.4000000000000005218, 1.304999999999999494 ) ) ;
#646 = DIRECTION ( 'NONE',  ( 0.0000000000000000000, -0.0000000000000000000, 1.000000000000000000 ) ) ;
#647 = EDGE_LOOP ( 'NONE', ( #1088, #1073, #2238, #1602, #9256, #6504, #3972 ) ) ;
#648 = VECTOR ( 'NONE', #3796, 1000.000000000000000 ) ;
#649 = EDGE_CURVE ( 'NONE', #10719, #10717, #5700, .T. ) ;
#650 = ADVANCED_FACE ( 'NONE', ( #4765 ), #1467, .F. ) ;
#651 = LINE ( 'NONE', #11102, #6290 ) ;
#652 = DIRECTION ( 'NONE',  ( 1.000000000000000000, 0.0000000000000000000, 0.0000000000000000000 ) ) ;
#653 = FACE_OUTER_BOUND ( 'NONE', #5786, .T. ) ;
#654 = VERTEX_POINT ( 'NONE', #9070 ) ;
#655 = AXIS2_PLACEMENT_3D ( 'NONE', #11931, #1384, #10327 ) ;
#656 = LINE ( 'NONE', #11842, #9379 ) ;
#657 = FACE_OUTER_BOUND ( 'NONE', #10849, .T. ) ;
#658 = ORIENTED_EDGE ( 'NONE', *, *, #9723, .T. ) ;
#659 = ORIENTED_EDGE ( 'NONE', *, *, #111, .T. ) ;
#660 = VECTOR ( 'NONE', #11314, 1000.000000000000000 ) ;
#661 = LINE ( 'NONE', #7504, #8387 ) ;
#662 = VECTOR ( 'NONE', #5899, 1000.000000000000000 ) ;
#663 = DIRECTION ( 'NONE',  ( 0.0000000000000000000, 0.0000000000000000000, 1.000000000000000000 ) ) ;
#664 = ORIENTED_EDGE ( 'NONE', *, *, #4007, .F. ) ;
#665 = DIRECTION ( 'NONE',  ( 0.0000000000000000000, 0.0000000000000000000, -1.000000000000000000 ) ) ;
#666 = EDGE_CURVE ( 'NONE', #9665, #11814, #8180, .T. ) ;
#667 = EDGE_CURVE ( 'NONE', #5647, #5550, #1588, .T. ) ;
#668 = EDGE_CURVE ( 'NONE', #464, #11829, #2392, .T. ) ;
#669 = DIRECTION ( 'NONE',  ( -1.000000000000000000, 0.0000000000000000000, -0.0000000000000000000 ) ) ;
#670 = ORIENTED_EDGE ( 'NONE', *, *, #4073, .F. ) ;
#671 = DIRECTION ( 'NONE',  ( 0.0000000000000000000, -1.000000000000000000, 0.0000000000000000000 ) ) ;
#672 = CARTESIAN_POINT ( 'NONE',  ( 4.169999999999999929, 0.7500000000000000000, 2.595000000000000195 ) ) ;
#673 = DIRECTION ( 'NONE',  ( -1.000000000000000000, 0.0000000000000000000, -0.0000000000000000000 ) ) ;
#674 = EDGE_LOOP ( 'NONE', ( #6528, #11888, #8616, #2321 ) ) ;
#675 = ORIENTED_EDGE ( 'NONE', *, *, #9870, .T. ) ;
#676 =( BOUNDED_CURVE ( )  B_SPLINE_CURVE ( 3, ( #3204, #619, #5400, #503 ),
 .UNSPECIFIED., .F., .T. ) 
 B_SPLINE_CURVE_WITH_KNOTS ( ( 4, 4 ),
 ( 0.0000000000000000000, 1.000000000000000000 ),
 .UNSPECIFIED. ) 
 CURVE ( )  GEOMETRIC_REPRESENTATION_ITEM ( )  RATIONAL_B_SPLINE_CURVE ( ( 1.000000000000000000, 0.9272070662470277558, 0.9272070662470277558, 1.000000000000000000 ) ) 
 REPRESENTATION_ITEM ( '' )  );
#677 = FACE_OUTER_BOUND ( 'NONE', #12040, .T. ) ;
#678 = DIRECTION ( 'NONE',  ( -1.000000000000000000, 0.0000000000000000000, -0.0000000000000000000 ) ) ;
#679 = UNCERTAINTY_MEASURE_WITH_UNIT (LENGTH_MEASURE( 1.000000000000000082E-05 ), #9421, 'distance_accuracy_value', 'NONE');
#680 = EDGE_CURVE ( 'NONE', #399, #8121, #11839, .T. ) ;
#681 = CARTESIAN_POINT ( 'NONE',  ( 1.969999999999999973, 0.0000000000000000000, 0.0000000000000000000 ) ) ;
#682 = VERTEX_POINT ( 'NONE', #2679 ) ;
#683 = VECTOR ( 'NONE', #8865, 1000.000000000000000 ) ;
#684 = EDGE_CURVE ( 'NONE', #285, #5275, #8115, .T. ) ;
#685 = EDGE_CURVE ( 'NONE', #9773, #7805, #5549, .T. ) ;
#686 = DIRECTION ( 'NONE',  ( -1.000000000000000000, 0.0000000000000000000, -0.0000000000000000000 ) ) ;
#687 = DIRECTION ( 'NONE',  ( -1.000000000000000000, 8.673617379884027583E-16, 0.0000000000000000000 ) ) ;
#688 = FACE_OUTER_BOUND ( 'NONE', #1512, .T. ) ;
#689 = CARTESIAN_POINT ( 'NONE',  ( -2.950000000000000178, 0.1000000000000001305, 1.604999999999999760 ) ) ;
#690 = DIRECTION ( 'NONE',  ( -1.000000000000000000, 0.0000000000000000000, 0.0000000000000000000 ) ) ;
#691 = CARTESIAN_POINT ( 'NONE',  ( 0.5999999999999997558, 0.0000000000000000000, 1.604999999999999760 ) ) ;
#692 = ORIENTED_EDGE ( 'NONE', *, *, #5849, .F. ) ;
#693 = FACE_OUTER_BOUND ( 'NONE', #8988, .T. ) ;
#694 = DIRECTION ( 'NONE',  ( 0.0000000000000000000, 1.000000000000000000, 0.0000000000000000000 ) ) ;
#695 = VECTOR ( 'NONE', #12115, 1000.000000000000000 ) ;
#696 = ORIENTED_EDGE ( 'NONE', *, *, #6235, .T. ) ;
#697 = LINE ( 'NONE', #1635, #6314 ) ;
#698 = VECTOR ( 'NONE', #5170, 1000.000000000000000 ) ;
#699 = EDGE_CURVE ( 'NONE', #7078, #3317, #5142, .T. ) ;
#700 = CARTESIAN_POINT ( 'NONE',  ( 3.219999999999999307, 1.449999999999999734, 1.305000000000000160 ) ) ;
#701 = ORIENTED_EDGE ( 'NONE', *, *, #7817, .T. ) ;
#702 = DIRECTION ( 'NONE',  ( 0.0000000000000000000, 0.0000000000000000000, -1.000000000000000000 ) ) ;
#703 = CARTESIAN_POINT ( 'NONE',  ( -1.599999999999999867, 0.4000000000000003553, 1.604999999999999760 ) ) ;
#704 = CARTESIAN_POINT ( 'NONE',  ( -4.170000000000000817, 1.316004218660403513, 0.6554110056248745320 ) ) ;
#705 = LINE ( 'NONE', #1521, #9994 ) ;
#706 = CIRCLE ( 'NONE', #5463, 0.1000000000000000472 ) ;
#707 = VECTOR ( 'NONE', #8567, 1000.000000000000000 ) ;
#708 = DIRECTION ( 'NONE',  ( -0.0000000000000000000, -0.0000000000000000000, -1.000000000000000000 ) ) ;
#709 = FACE_OUTER_BOUND ( 'NONE', #8211, .T. ) ;
#710 = CIRCLE ( 'NONE', #6846, 0.3000000000000001554 ) ;
#711 = CYLINDRICAL_SURFACE ( 'NONE', #1810, 0.1000000000000000472 ) ;
#712 = LINE ( 'NONE', #575, #11328 ) ;
#713 = EDGE_LOOP ( 'NONE', ( #1551, #2928, #10362, #6860, #5508, #2397, #5202, #2229, #617, #6769, #4044, #4874, #183, #7827, #6040, #8439, #3644, #1953, #1610, #4325, #3352, #12000, #3512, #12108, #2929, #2005, #9107, #6880, #9534, #2876, #7505, #798, #6521, #5095, #2527, #11186, #10028, #3100, #4431, #11346, #3361, #11993, #12175, #9170, #146, #664, #5879, #5232, #11245, #4902, #4727, #202, #10019, #7638, #10840, #7169, #11010, #5804, #3768, #336, #2890, #9967, #593, #2614, #1156, #4932 ) ) ;
#714 = STYLED_ITEM ( 'NONE', ( #6639 ), #6272 ) ;
#715 = CARTESIAN_POINT ( 'NONE',  ( -2.069999999999999840, 0.8328427124746191623, 1.604999999999999316 ) ) ;
#716 = AXIS2_PLACEMENT_3D ( 'NONE', #7747, #984, #6809 ) ;
#717 = VECTOR ( 'NONE', #6187, 1000.000000000000000 ) ;
#718 = CARTESIAN_POINT ( 'NONE',  ( 1.099999999999999867, 0.0000000000000000000, 1.304999999999999494 ) ) ;
#719 = CARTESIAN_POINT ( 'NONE',  ( 3.350000000000000977, 0.0000000000000000000, 0.1000000000000000056 ) ) ;
#720 = CARTESIAN_POINT ( 'NONE',  ( 3.219999999999999751, 0.0000000000000000000, 1.504999999999999449 ) ) ;
#721 = VERTEX_POINT ( 'NONE', #11775 ) ;
#722 = DIRECTION ( 'NONE',  ( -0.0000000000000000000, -1.000000000000000000, -0.0000000000000000000 ) ) ;
#723 = CARTESIAN_POINT ( 'NONE',  ( -2.150000000000000355, 0.4000000000000005218, 1.304999999999999494 ) ) ;
#724 = CARTESIAN_POINT ( 'NONE',  ( -4.394049177309269535E-17, 2.499999999999999556, -1.305000000000001048 ) ) ;
#725 = VECTOR ( 'NONE', #6857, 1000.000000000000000 ) ;
#726 = CARTESIAN_POINT ( 'NONE',  ( -2.950000000000000178, 0.0000000000000000000, -0.3550000000000007039 ) ) ;
#727 = VECTOR ( 'NONE', #10591, 1000.000000000000000 ) ;
#728 = CARTESIAN_POINT ( 'NONE',  ( 2.949999999999999734, -0.5999999999999993117, 1.604999999999999760 ) ) ;
#729 = CARTESIAN_POINT ( 'NONE',  ( -0.9504466088465202134, 1.900000000000001465, 1.604999999999999760 ) ) ;
#730 = EDGE_LOOP ( 'NONE', ( #10979, #6645, #11474, #9666, #4144 ) ) ;
#731 = EDGE_CURVE ( 'NONE', #1401, #10954, #10978, .T. ) ;
#732 = DIRECTION ( 'NONE',  ( -1.000000000000000000, 0.0000000000000000000, 0.0000000000000000000 ) ) ;
#733 = CARTESIAN_POINT ( 'NONE',  ( 1.969999999999999973, 3.575000000000000178, 0.1250000000000000000 ) ) ;
#734 = ORIENTED_EDGE ( 'NONE', *, *, #259, .T. ) ;
#735 = LINE ( 'NONE', #12100, #10391 ) ;
#736 = DIRECTION ( 'NONE',  ( 1.000000000000000000, 0.0000000000000000000, 0.0000000000000000000 ) ) ;
#737 = EDGE_LOOP ( 'NONE', ( #1418, #11135, #4130, #5459, #9887 ) ) ;
#738 = CARTESIAN_POINT ( 'NONE',  ( -0.3499999999999999778, 5.787332622142050909, 0.3750000000000000000 ) ) ;
#739 = PLANE ( 'NONE',  #11947 ) ;
#740 = DIRECTION ( 'NONE',  ( -0.0000000000000000000, -0.0000000000000000000, -1.000000000000000000 ) ) ;
#741 = CIRCLE ( 'NONE', #4897, 0.1000000000000000472 ) ;
#742 = ORIENTED_EDGE ( 'NONE', *, *, #9640, .F. ) ;
#743 = ORIENTED_EDGE ( 'NONE', *, *, #8576, .T. ) ;
#744 = ORIENTED_EDGE ( 'NONE', *, *, #9001, .F. ) ;
#745 = CARTESIAN_POINT ( 'NONE',  ( 0.3999999999999996891, 0.4000000000000002998, 1.304999999999999494 ) ) ;
#746 = EDGE_CURVE ( 'NONE', #3489, #7674, #4366, .T. ) ;
#747 = CARTESIAN_POINT ( 'NONE',  ( 3.250000000000002220, 5.499999999999994671, -0.3500000000000000333 ) ) ;
#748 = CARTESIAN_POINT ( 'NONE',  ( -2.949999999999999734, 0.0000000000000000000, 1.304999999999999494 ) ) ;
#749 = CARTESIAN_POINT ( 'NONE',  ( 1.969999999999999973, 0.8499999999999998668, 1.504999999999999449 ) ) ;
#750 = EDGE_LOOP ( 'NONE', ( #9993, #880, #4453, #11589 ) ) ;
#751 = DIRECTION ( 'NONE',  ( 0.0000000000000000000, 0.0000000000000000000, 1.000000000000000000 ) ) ;
#752 = DIRECTION ( 'NONE',  ( 0.0000000000000000000, 1.000000000000000000, 0.0000000000000000000 ) ) ;
#753 = DIRECTION ( 'NONE',  ( 0.0000000000000000000, 1.000000000000000000, 0.0000000000000000000 ) ) ;
#754 = CYLINDRICAL_SURFACE ( 'NONE', #1864, 0.2999999999999999334 ) ;
#755 = CARTESIAN_POINT ( 'NONE',  ( -0.8999999999999999112, 0.0000000000000000000, 1.304999999999999494 ) ) ;
#756 = ADVANCED_FACE ( 'NONE', ( #6141 ), #11272, .T. ) ;
#757 = ORIENTED_EDGE ( 'NONE', *, *, #11639, .F. ) ;
#758 = CARTESIAN_POINT ( 'NONE',  ( 0.0000000000000000000, 0.0000000000000000000, 1.604999999999999760 ) ) ;
#759 = ORIENTED_EDGE ( 'NONE', *, *, #9801, .T. ) ;
#760 = DIRECTION ( 'NONE',  ( 1.000000000000000000, -0.0000000000000000000, 0.0000000000000000000 ) ) ;
#761 = EDGE_CURVE ( 'NONE', #8338, #6432, #7053, .T. ) ;
#762 = EDGE_CURVE ( 'NONE', #2444, #11733, #537, .T. ) ;
#763 = ORIENTED_EDGE ( 'NONE', *, *, #1000, .T. ) ;
#764 = LINE ( 'NONE', #7477, #6509 ) ;
#765 = ORIENTED_EDGE ( 'NONE', *, *, #7449, .T. ) ;
#766 = FACE_OUTER_BOUND ( 'NONE', #9765, .T. ) ;
#767 = DIRECTION ( 'NONE',  ( -1.000000000000000000, -0.0000000000000000000, -0.0000000000000000000 ) ) ;
#768 = LINE ( 'NONE', #5606, #8275 ) ;
#769 = FACE_OUTER_BOUND ( 'NONE', #11876, .T. ) ;
#770 = FACE_OUTER_BOUND ( 'NONE', #6035, .T. ) ;
#771 = ORIENTED_EDGE ( 'NONE', *, *, #1815, .F. ) ;
#772 = DIRECTION ( 'NONE',  ( 0.0000000000000000000, 0.0000000000000000000, -1.000000000000000000 ) ) ;
#773 = VERTEX_POINT ( 'NONE', #9008 ) ;
#774 = DIRECTION ( 'NONE',  ( 0.0000000000000000000, 1.000000000000000000, 0.0000000000000000000 ) ) ;
#775 = DIRECTION ( 'NONE',  ( 0.0000000000000000000, -0.0000000000000000000, 1.000000000000000000 ) ) ;
#776 = VERTEX_POINT ( 'NONE', #3370 ) ;
#777 = LINE ( 'NONE', #5367, #11960 ) ;
#778 = CARTESIAN_POINT ( 'NONE',  ( 4.469999999999999751, 4.800000000000000711, 2.295000000000000817 ) ) ;
#779 = LINE ( 'NONE', #7309, #525 ) ;
#780 = DIRECTION ( 'NONE',  ( 0.5773502691896210681, -0.5773502691896224004, -0.5773502691896337247 ) ) ;
#781 = LINE ( 'NONE', #9441, #8231 ) ;
#782 = VECTOR ( 'NONE', #9928, 1000.000000000000000 ) ;
#783 = ADVANCED_FACE ( 'NONE', ( #1409 ), #5187, .T. ) ;
#784 = VERTEX_POINT ( 'NONE', #9425 ) ;
#785 = PLANE ( 'NONE',  #7551 ) ;
#786 = ORIENTED_EDGE ( 'NONE', *, *, #9729, .F. ) ;
#787 = ORIENTED_EDGE ( 'NONE', *, *, #7466, .T. ) ;
#788 = VECTOR ( 'NONE', #5596, 1000.000000000000000 ) ;
#789 = DIRECTION ( 'NONE',  ( 1.244625060509296168E-16, 1.000000000000000000, 0.0000000000000000000 ) ) ;
#790 = EDGE_LOOP ( 'NONE', ( #5985, #11791, #659, #2464 ) ) ;
#791 = CARTESIAN_POINT ( 'NONE',  ( -4.062540006987883423, -0.0000000000000000000, -0.4885307872012949471 ) ) ;
#792 = FACE_OUTER_BOUND ( 'NONE', #8091, .T. ) ;
#793 = ORIENTED_EDGE ( 'NONE', *, *, #4242, .F. ) ;
#794 = EDGE_CURVE ( 'NONE', #11708, #7706, #890, .T. ) ;
#795 = CARTESIAN_POINT ( 'NONE',  ( -2.949999999999999734, -0.5999999999999993117, 1.304999999999999494 ) ) ;
#796 = VECTOR ( 'NONE', #7453, 1000.000000000000000 ) ;
#797 = ORIENTED_EDGE ( 'NONE', *, *, #7594, .T. ) ;
#798 = ORIENTED_EDGE ( 'NONE', *, *, #8373, .F. ) ;
#799 = ORIENTED_EDGE ( 'NONE', *, *, #2043, .F. ) ;
#800 = CARTESIAN_POINT ( 'NONE',  ( 1.500000000000000000, 5.787332622142040250, -0.3750000000000000000 ) ) ;
#801 = UNCERTAINTY_MEASURE_WITH_UNIT (LENGTH_MEASURE( 1.000000000000000082E-05 ), #7838, 'distance_accuracy_value', 'NONE');
#802 = DIRECTION ( 'NONE',  ( -1.608122649676636601E-16, 0.0000000000000000000, 1.000000000000000000 ) ) ;
#803 = AXIS2_PLACEMENT_3D ( 'NONE', #3936, #11699, #334 ) ;
#804 = ORIENTED_EDGE ( 'NONE', *, *, #9037, .F. ) ;
#805 = CARTESIAN_POINT ( 'NONE',  ( 1.969999999999999973, 0.0000000000000000000, 1.304999999999999494 ) ) ;
#806 =( NAMED_UNIT ( * ) PLANE_ANGLE_UNIT ( ) SI_UNIT ( $, .RADIAN. ) );
#807 = LINE ( 'NONE', #3783, #7796 ) ;
#808 = EDGE_CURVE ( 'NONE', #5482, #10816, #9661, .T. ) ;
#809 = ADVANCED_FACE ( 'NONE', ( #7540 ), #6662, .F. ) ;
#810 = CARTESIAN_POINT ( 'NONE',  ( 4.469999999999999751, 3.575000000000000178, 0.1250000000000000000 ) ) ;
#811 = CARTESIAN_POINT ( 'NONE',  ( -4.320000000012523600, 7.300000000021691804, -0.3550000000000000933 ) ) ;
#812 = DIRECTION ( 'NONE',  ( 1.000000000000000000, -5.503564327337586626E-17, 0.0000000000000000000 ) ) ;
#813 = EDGE_LOOP ( 'NONE', ( #7197, #12239, #10493, #6010 ) ) ;
#814 = LINE ( 'NONE', #11938, #840 ) ;
#815 = CARTESIAN_POINT ( 'NONE',  ( 2.050446608846518082, 1.999999999999999556, 2.595000000000000195 ) ) ;
#816 = ORIENTED_EDGE ( 'NONE', *, *, #6205, .T. ) ;
#817 = FILL_AREA_STYLE_COLOUR ( '', #4124 ) ;
#818 = VECTOR ( 'NONE', #3893, 1000.000000000000000 ) ;
#819 = CARTESIAN_POINT ( 'NONE',  ( -0.3999999999999996891, -0.5999999999999995337, 1.604999999999999760 ) ) ;
#820 = ADVANCED_FACE ( 'NONE', ( #1014 ), #2120, .F. ) ;
#821 = LINE ( 'NONE', #10451, #3821 ) ;
#822 = DIRECTION ( 'NONE',  ( -1.000000000000000000, -0.0000000000000000000, -0.0000000000000000000 ) ) ;
#823 = PRESENTATION_STYLE_ASSIGNMENT (( #10396 ) ) ;
#824 = AXIS2_PLACEMENT_3D ( 'NONE', #7488, #1064, #5975 ) ;
#825 = DIRECTION ( 'NONE',  ( 0.0000000000000000000, 0.0000000000000000000, 1.000000000000000000 ) ) ;
#826 = EDGE_CURVE ( 'NONE', #1925, #2586, #10399, .T. ) ;
#827 = EDGE_CURVE ( 'NONE', #11829, #654, #4747, .T. ) ;
#828 = CARTESIAN_POINT ( 'NONE',  ( -1.000000000000000000, 5.787332622142050909, -0.3750000000000000000 ) ) ;
#829 = EDGE_CURVE ( 'NONE', #6432, #7056, #1072, .T. ) ;
#830 = ORIENTED_EDGE ( 'NONE', *, *, #12224, .F. ) ;
#831 = LINE ( 'NONE', #9427, #9178 ) ;
#832 = ORIENTED_EDGE ( 'NONE', *, *, #6330, .F. ) ;
#833 = LINE ( 'NONE', #9491, #976 ) ;
#834 = CIRCLE ( 'NONE', #10750, 0.9500000000000002887 ) ;
#835 = CARTESIAN_POINT ( 'NONE',  ( -0.9504466088465185480, 2.600000000000000089, -1.605000000000000648 ) ) ;
#836 = ORIENTED_EDGE ( 'NONE', *, *, #10292, .T. ) ;
#837 = EDGE_CURVE ( 'NONE', #6573, #1737, #10635, .T. ) ;
#838 = LINE ( 'NONE', #12270, #7461 ) ;
#839 = CYLINDRICAL_SURFACE ( 'NONE', #2025, 0.1250000000000000000 ) ;
#840 = VECTOR ( 'NONE', #12190, 1000.000000000000000 ) ;
#841 = DIRECTION ( 'NONE',  ( 1.000000000000000000, 0.0000000000000000000, 0.0000000000000000000 ) ) ;
#842 = DIRECTION ( 'NONE',  ( 0.0000000000000000000, -0.0000000000000000000, -1.000000000000000000 ) ) ;
#843 = ORIENTED_EDGE ( 'NONE', *, *, #5641, .T. ) ;
#844 = EDGE_CURVE ( 'NONE', #11049, #68, #9487, .T. ) ;
#845 = CARTESIAN_POINT ( 'NONE',  ( 2.890000000000000124, 1.050000000000000044, 2.284999999999999698 ) ) ;
#846 = CARTESIAN_POINT ( 'NONE',  ( -1.399999999999999245, 0.1000000000000000056, 1.504999999999999449 ) ) ;
#847 = VECTOR ( 'NONE', #5818, 1000.000000000000000 ) ;
#848 = ORIENTED_EDGE ( 'NONE', *, *, #5539, .T. ) ;
#849 = CARTESIAN_POINT ( 'NONE',  ( 3.250000000000002665, 5.499999999999995559, 0.0000000000000000000 ) ) ;
#850 = CARTESIAN_POINT ( 'NONE',  ( 1.969999999999999973, 1.349999999999999867, 10.05355608965224157 ) ) ;
#851 = EDGE_LOOP ( 'NONE', ( #5047, #6974, #3712, #4811 ) ) ;
#852 = PRESENTATION_LAYER_ASSIGNMENT (  '', '', ( #9597 ) ) ;
#853 = ORIENTED_EDGE ( 'NONE', *, *, #11333, .F. ) ;
#854 = DIRECTION ( 'NONE',  ( 0.0000000000000000000, -0.0000000000000000000, -1.000000000000000000 ) ) ;
#855 = EDGE_CURVE ( 'NONE', #2820, #11386, #10, .T. ) ;
#856 = VECTOR ( 'NONE', #632, 1000.000000000000000 ) ;
#857 = DIRECTION ( 'NONE',  ( 0.0000000000000000000, 0.0000000000000000000, -1.000000000000000000 ) ) ;
#858 = LINE ( 'NONE', #36, #4507 ) ;
#859 = ORIENTED_EDGE ( 'NONE', *, *, #9338, .F. ) ;
#860 = LINE ( 'NONE', #4648, #1059 ) ;
#861 = STYLED_ITEM ( 'NONE', ( #4257 ), #3420 ) ;
#862 = EDGE_CURVE ( 'NONE', #10530, #4466, #3979, .T. ) ;
#863 = FACE_OUTER_BOUND ( 'NONE', #6828, .T. ) ;
#864 = CARTESIAN_POINT ( 'NONE',  ( -4.169999999999999929, 1.350000000000000089, 1.405000000000000027 ) ) ;
#865 = CARTESIAN_POINT ( 'NONE',  ( 3.219999999999999751, 1.349999999999999645, 1.405000000000000027 ) ) ;
#866 = VECTOR ( 'NONE', #7586, 1000.000000000000000 ) ;
#867 = EDGE_LOOP ( 'NONE', ( #6493, #5574, #2135, #1716 ) ) ;
#868 = VERTEX_POINT ( 'NONE', #64 ) ;
#869 = AXIS2_PLACEMENT_3D ( 'NONE', #9712, #11550, #2116 ) ;
#870 = PLANE ( 'NONE',  #9513 ) ;
#871 = CARTESIAN_POINT ( 'NONE',  ( 4.070000000000000284, 1.899999999999999911, 0.3549999999999994271 ) ) ;
#872 = CARTESIAN_POINT ( 'NONE',  ( -3.219999999999999751, 7.300000000032537351, -1.455000000005326699 ) ) ;
#873 = FACE_OUTER_BOUND ( 'NONE', #2460, .T. ) ;
#874 = CARTESIAN_POINT ( 'NONE',  ( -4.169999999999999929, 0.0000000000000000000, 2.595000000000000195 ) ) ;
#875 = CIRCLE ( 'NONE', #10987, 0.09999999999999982514 ) ;
#876 = FACE_OUTER_BOUND ( 'NONE', #3607, .T. ) ;
#877 = FACE_OUTER_BOUND ( 'NONE', #11095, .T. ) ;
#878 = VERTEX_POINT ( 'NONE', #2965 ) ;
#879 = CYLINDRICAL_SURFACE ( 'NONE', #9578, 0.1000000000000000472 ) ;
#880 = ORIENTED_EDGE ( 'NONE', *, *, #10693, .T. ) ;
#881 = CARTESIAN_POINT ( 'NONE',  ( 1.399999999999999689, 0.0000000000000000000, 1.504999999999999449 ) ) ;
#882 = EDGE_CURVE ( 'NONE', #10296, #12032, #11307, .T. ) ;
#883 = EDGE_CURVE ( 'NONE', #9861, #7479, #174, .T. ) ;
#884 = CARTESIAN_POINT ( 'NONE',  ( 4.169999999999999929, 1.249999999999999334, 0.3549999999999996492 ) ) ;
#885 = VERTEX_POINT ( 'NONE', #11447 ) ;
#886 = DIRECTION ( 'NONE',  ( -0.7071067811865466846, 0.7071067811865483499, 0.0000000000000000000 ) ) ;
#887 = SURFACE_SIDE_STYLE ('',( #10284 ) ) ;
#888 = DIRECTION ( 'NONE',  ( -0.0000000000000000000, -0.0000000000000000000, -1.000000000000000000 ) ) ;
#889 = DIRECTION ( 'NONE',  ( 0.5773502691896257311, -0.5773502691896307271, 0.5773502691896207351 ) ) ;
#890 = LINE ( 'NONE', #4275, #4160 ) ;
#891 = CIRCLE ( 'NONE', #6634, 0.1499999999999999667 ) ;
#892 = CARTESIAN_POINT ( 'NONE',  ( -4.069999999999999396, 2.000000000000000000, 0.3550000000000000377 ) ) ;
#893 = ORIENTED_EDGE ( 'NONE', *, *, #8984, .F. ) ;
#894 = CIRCLE ( 'NONE', #2467, 0.1000000000000002554 ) ;
#895 = VECTOR ( 'NONE', #12066, 1000.000000000000000 ) ;
#896 = ORIENTED_EDGE ( 'NONE', *, *, #8633, .T. ) ;
#897 = ORIENTED_EDGE ( 'NONE', *, *, #8267, .F. ) ;
#898 =( BOUNDED_SURFACE ( )  B_SPLINE_SURFACE ( 3, 3, ( 
 ( #12179, #11249, #10265, #11309 ),
 ( #7460, #2771, #6578, #10377 ),
 ( #1854, #938, #5649, #9466 ),
 ( #6817, #10435, #11366, #3898 ) ),
 .UNSPECIFIED., .F., .F., .T. ) 
 B_SPLINE_SURFACE_WITH_KNOTS ( ( 4, 4 ),
 ( 4, 4 ),
 ( 0.0000000000000000000, 1.000000000000000000 ),
 ( 0.0000000000000000000, 1.000000000000000000 ),
 .UNSPECIFIED. ) 
 GEOMETRIC_REPRESENTATION_ITEM ( )  RATIONAL_B_SPLINE_SURFACE ( (
 ( 1.000000000000000000, 0.8047378541243649375, 0.8047378541243649375, 1.000000000000000000),
 ( 0.8047378541243654926, 0.6476030138606880815, 0.6476030138606880815, 0.8047378541243654926),
 ( 0.8047378541243654926, 0.6476030138606880815, 0.6476030138606880815, 0.8047378541243654926),
 ( 1.000000000000000000, 0.8047378541243649375, 0.8047378541243649375, 1.000000000000000000) ) ) 
 REPRESENTATION_ITEM ( '' )  SURFACE ( )  );
#899 = AXIS2_PLACEMENT_3D ( 'NONE', #7296, #2552, #3485 ) ;
#900 = FACE_OUTER_BOUND ( 'NONE', #10747, .T. ) ;
#901 = CARTESIAN_POINT ( 'NONE',  ( 4.169999999999999929, 1.249999999999999556, 0.9714414002968977391 ) ) ;
#902 = AXIS2_PLACEMENT_3D ( 'NONE', #9581, #5014, #8829 ) ;
#903 = VECTOR ( 'NONE', #1039, 1000.000000000000000 ) ;
#904 = LINE ( 'NONE', #10405, #11034 ) ;
#905 = CYLINDRICAL_SURFACE ( 'NONE', #1915, 0.1000000000000002554 ) ;
#906 = AXIS2_PLACEMENT_3D ( 'NONE', #6285, #3338, #2300 ) ;
#907 = VERTEX_POINT ( 'NONE', #2908 ) ;
#908 = ORIENTED_EDGE ( 'NONE', *, *, #11727, .T. ) ;
#909 = LINE ( 'NONE', #724, #10807 ) ;
#910 = VERTEX_POINT ( 'NONE', #5791 ) ;
#911 = DIRECTION ( 'NONE',  ( 1.000000000000000000, -0.0000000000000000000, 0.0000000000000000000 ) ) ;
#912 = EDGE_CURVE ( 'NONE', #4035, #155, #6720, .T. ) ;
#913 = AXIS2_PLACEMENT_3D ( 'NONE', #10609, #5775, #7885 ) ;
#914 = ORIENTED_EDGE ( 'NONE', *, *, #7577, .T. ) ;
#915 = AXIS2_PLACEMENT_3D ( 'NONE', #10485, #42, #2020 ) ;
#916 = AXIS2_PLACEMENT_3D ( 'NONE', #10295, #8423, #9548 ) ;
#917 = EDGE_LOOP ( 'NONE', ( #6550, #8019, #1114, #8539 ) ) ;
#918 = EDGE_CURVE ( 'NONE', #5552, #11321, #6926, .T. ) ;
#919 = ADVANCED_FACE ( 'NONE', ( #12263 ), #3738, .T. ) ;
#920 = CARTESIAN_POINT ( 'NONE',  ( 3.219999999999999751, 0.0000000000000000000, 1.504999999999999449 ) ) ;
#921 = CARTESIAN_POINT ( 'NONE',  ( -4.469999999999999751, 1.350000000000000089, 0.1499999999999999944 ) ) ;
#922 = ORIENTED_EDGE ( 'NONE', *, *, #6526, .T. ) ;
#923 = LINE ( 'NONE', #1921, #52 ) ;
#924 = PRESENTATION_LAYER_ASSIGNMENT (  '', '', ( #3073 ) ) ;
#925 = VECTOR ( 'NONE', #4088, 1000.000000000000000 ) ;
#926 = VECTOR ( 'NONE', #7715, 1000.000000000000000 ) ;
#927 = SURFACE_STYLE_FILL_AREA ( #9454 ) ;
#928 = CARTESIAN_POINT ( 'NONE',  ( 3.776497115745559352, 1.900000000000000133, 1.304999999999999716 ) ) ;
#929 = ORIENTED_EDGE ( 'NONE', *, *, #9283, .T. ) ;
#930 = EDGE_LOOP ( 'NONE', ( #7284, #1788, #3508, #6745 ) ) ;
#931 = CARTESIAN_POINT ( 'NONE',  ( -0.8999999999999999112, -0.5999999999999995337, 1.304999999999999494 ) ) ;
#932 = FACE_OUTER_BOUND ( 'NONE', #605, .T. ) ;
#933 = EDGE_CURVE ( 'NONE', #4299, #2169, #11875, .T. ) ;
#934 = ORIENTED_EDGE ( 'NONE', *, *, #188, .F. ) ;
#935 = AXIS2_PLACEMENT_3D ( 'NONE', #2858, #4632, #1996 ) ;
#936 = ADVANCED_FACE ( 'NONE', ( #507 ), #378, .T. ) ;
#937 = CARTESIAN_POINT ( 'NONE',  ( 0.09999999999999939493, 7.299999999999999822, 1.604999999999999760 ) ) ;
#938 = CARTESIAN_POINT ( 'NONE',  ( -1.969999999999999751, 1.308578643762689842, 1.346421356237309519 ) ) ;
#939 = ORIENTED_EDGE ( 'NONE', *, *, #1277, .F. ) ;
#940 = DIRECTION ( 'NONE',  ( 0.0000000000000000000, 1.000000000000000000, 0.0000000000000000000 ) ) ;
#941 = DIRECTION ( 'NONE',  ( -1.000000000000000000, 1.734723475976807341E-16, 0.0000000000000000000 ) ) ;
#942 = FACE_OUTER_BOUND ( 'NONE', #6992, .T. ) ;
#943 = AXIS2_PLACEMENT_3D ( 'NONE', #8598, #2737, #7483 ) ;
#944 = CARTESIAN_POINT ( 'NONE',  ( 4.469999999999999751, 7.299999999999999822, 2.595000000000000195 ) ) ;
#945 = DIRECTION ( 'NONE',  ( 0.0000000000000000000, 0.0000000000000000000, 1.000000000000000000 ) ) ;
#946 = CARTESIAN_POINT ( 'NONE',  ( 3.273954699605745589, 0.0000000000000000000, -1.205000000000000959 ) ) ;
#947 = PLANE ( 'NONE',  #6163 ) ;
#948 = ADVANCED_FACE ( 'NONE', ( #10886 ), #245, .F. ) ;
#949 = ORIENTED_EDGE ( 'NONE', *, *, #5603, .T. ) ;
#950 = ORIENTED_EDGE ( 'NONE', *, *, #2015, .F. ) ;
#951 = CARTESIAN_POINT ( 'NONE',  ( -4.169999999999999929, 0.1000000000000000333, -0.3550000000000002598 ) ) ;
#952 = VECTOR ( 'NONE', #1407, 1000.000000000000000 ) ;
#953 = FACE_OUTER_BOUND ( 'NONE', #4994, .T. ) ;
#954 = EDGE_LOOP ( 'NONE', ( #10345, #6759, #6713, #2812 ) ) ;
#955 = CARTESIAN_POINT ( 'NONE',  ( -1.099999999999999867, 0.4000000000000002998, 1.304999999999999494 ) ) ;
#956 = CARTESIAN_POINT ( 'NONE',  ( 3.219999999999999751, 0.0000000000000000000, 1.304999999999999494 ) ) ;
#957 = VECTOR ( 'NONE', #5120, 1000.000000000000000 ) ;
#958 = EDGE_LOOP ( 'NONE', ( #2151, #1969, #4229, #10281 ) ) ;
#959 = EDGE_CURVE ( 'NONE', #2710, #3580, #3088, .T. ) ;
#960 = DIRECTION ( 'NONE',  ( -1.000000000000000000, 0.0000000000000000000, -0.0000000000000000000 ) ) ;
#961 = ORIENTED_EDGE ( 'NONE', *, *, #1856, .F. ) ;
#962 = VECTOR ( 'NONE', #5020, 1000.000000000000000 ) ;
#963 = VERTEX_POINT ( 'NONE', #7155 ) ;
#964 = CARTESIAN_POINT ( 'NONE',  ( -1.050446608846517860, 2.499999999999999556, 1.304999999999999716 ) ) ;
#965 = PLANE ( 'NONE',  #1649 ) ;
#966 = DIRECTION ( 'NONE',  ( -1.000000000000000000, 1.244625060509296168E-16, 0.0000000000000000000 ) ) ;
#967 = CARTESIAN_POINT ( 'NONE',  ( -0.6500000000000001332, 5.787332622142050909, -0.3750000000000000000 ) ) ;
#968 = VERTEX_POINT ( 'NONE', #10950 ) ;
#969 = DIRECTION ( 'NONE',  ( 0.0000000000000000000, 0.0000000000000000000, -1.000000000000000000 ) ) ;
#970 = FACE_OUTER_BOUND ( 'NONE', #8500, .T. ) ;
#971 = ORIENTED_EDGE ( 'NONE', *, *, #3013, .F. ) ;
#972 = EDGE_LOOP ( 'NONE', ( #7966, #2039, #2653, #9858 ) ) ;
#973 = ADVANCED_FACE ( 'NONE', ( #11804 ), #11748, .F. ) ;
#974 = EDGE_CURVE ( 'NONE', #5679, #1494, #7906, .T. ) ;
#975 = CARTESIAN_POINT ( 'NONE',  ( 3.219999999999999751, 0.0000000000000000000, 1.504999999999999449 ) ) ;
#976 = VECTOR ( 'NONE', #4624, 1000.000000000000000 ) ;
#977 = ORIENTED_EDGE ( 'NONE', *, *, #746, .T. ) ;
#978 = DIRECTION ( 'NONE',  ( 0.0000000000000000000, 1.000000000000000000, 0.0000000000000000000 ) ) ;
#979 = LINE ( 'NONE', #11469, #8162 ) ;
#980 = VERTEX_POINT ( 'NONE', #443 ) ;
#981 = PLANE ( 'NONE',  #8492 ) ;
#982 = VECTOR ( 'NONE', #2353, 1000.000000000000000 ) ;
#983 = EDGE_CURVE ( 'NONE', #9494, #11585, #8126, .T. ) ;
#984 = DIRECTION ( 'NONE',  ( 0.0000000000000000000, -1.000000000000000000, 0.0000000000000000000 ) ) ;
#985 = DIRECTION ( 'NONE',  ( 1.000000000000000000, 0.0000000000000000000, -3.367087492191007655E-17 ) ) ;
#986 = CARTESIAN_POINT ( 'NONE',  ( -2.291421356237309137, 6.599999999999999645, 0.1000000000000000056 ) ) ;
#987 = ORIENTED_EDGE ( 'NONE', *, *, #12289, .T. ) ;
#988 = EDGE_CURVE ( 'NONE', #7132, #5408, #9139, .T. ) ;
#989 = ADVANCED_FACE ( 'NONE', ( #10765 ), #6047, .T. ) ;
#990 = CARTESIAN_POINT ( 'NONE',  ( 4.069999999999999396, 1.249999999999999334, 0.9714414002968980721 ) ) ;
#991 = CARTESIAN_POINT ( 'NONE',  ( 4.169999999999999929, 5.100000000000000533, 0.1250000000000000000 ) ) ;
#992 = PLANE ( 'NONE',  #3964 ) ;
#993 = ADVANCED_FACE ( 'NONE', ( #7972 ), #1196, .T. ) ;
#994 = ORIENTED_EDGE ( 'NONE', *, *, #684, .F. ) ;
#995 = ORIENTED_EDGE ( 'NONE', *, *, #666, .T. ) ;
#996 = VECTOR ( 'NONE', #5613, 1000.000000000000000 ) ;
#997 = CARTESIAN_POINT ( 'NONE',  ( 4.169999999999999929, 0.3000000000000000444, 2.595000000000000639 ) ) ;
#998 = CARTESIAN_POINT ( 'NONE',  ( 0.09999999999999971412, -0.5999999999999995337, 1.604999999999999760 ) ) ;
#999 = CARTESIAN_POINT ( 'NONE',  ( 2.050446608846519414, 1.999999999999999112, 1.505000000000000338 ) ) ;
#1000 = EDGE_CURVE ( 'NONE', #2307, #464, #3211, .T. ) ;
#1001 = CARTESIAN_POINT ( 'NONE',  ( -3.805110468520081390, 1.349999999999999867, 1.346421356237309075 ) ) ;
#1002 = CARTESIAN_POINT ( 'NONE',  ( 0.09999999999999971412, 0.4000000000000003553, 1.304999999999999494 ) ) ;
#1003 = AXIS2_PLACEMENT_3D ( 'NONE', #5083, #233, #11601 ) ;
#1004 = DIRECTION ( 'NONE',  ( 0.0000000000000000000, 0.0000000000000000000, 1.000000000000000000 ) ) ;
#1005 = EDGE_CURVE ( 'NONE', #3461, #7674, #8032, .T. ) ;
#1006 = DIRECTION ( 'NONE',  ( 1.000000000000000000, 0.0000000000000000000, -0.0000000000000000000 ) ) ;
#1007 = PLANE ( 'NONE',  #11886 ) ;
#1008 = SURFACE_SIDE_STYLE ('',( #9533 ) ) ;
#1009 = CARTESIAN_POINT ( 'NONE',  ( -0.8999999999999999112, -0.5999999999999995337, 1.604999999999999760 ) ) ;
#1010 = EDGE_LOOP ( 'NONE', ( #5105, #11055, #2920, #11343 ) ) ;
#1011 = ADVANCED_FACE ( 'NONE', ( #5346 ), #7340, .F. ) ;
#1012 = CARTESIAN_POINT ( 'NONE',  ( -2.949999999999999734, -0.5999999999999993117, 1.604999999999999760 ) ) ;
#1013 = LINE ( 'NONE', #9, #1535 ) ;
#1014 = FACE_OUTER_BOUND ( 'NONE', #5666, .T. ) ;
#1015 = AXIS2_PLACEMENT_3D ( 'NONE', #6329, #2574, #7187 ) ;
#1016 = VERTEX_POINT ( 'NONE', #1684 ) ;
#1017 = VERTEX_POINT ( 'NONE', #9165 ) ;
#1018 = VECTOR ( 'NONE', #11415, 1000.000000000000000 ) ;
#1019 = ORIENTED_EDGE ( 'NONE', *, *, #5593, .F. ) ;
#1020 = FACE_OUTER_BOUND ( 'NONE', #4542, .T. ) ;
#1021 = CIRCLE ( 'NONE', #10538, 0.2500000000000002220 ) ;
#1022 = DIRECTION ( 'NONE',  ( -1.000000000000000000, 0.0000000000000000000, 0.0000000000000000000 ) ) ;
#1023 = DIRECTION ( 'NONE',  ( 1.000000000000000000, 0.0000000000000000000, 0.0000000000000000000 ) ) ;
#1024 = ORIENTED_EDGE ( 'NONE', *, *, #7298, .T. ) ;
#1025 = AXIS2_PLACEMENT_3D ( 'NONE', #4459, #11713, #11902 ) ;
#1026 = DIRECTION ( 'NONE',  ( 1.000000000000000000, -0.0000000000000000000, 0.0000000000000000000 ) ) ;
#1027 = ORIENTED_EDGE ( 'NONE', *, *, #6371, .T. ) ;
#1028 = DIRECTION ( 'NONE',  ( -1.000000000000000000, 0.0000000000000000000, -0.0000000000000000000 ) ) ;
#1029 = ORIENTED_EDGE ( 'NONE', *, *, #3019, .T. ) ;
#1030 = LINE ( 'NONE', #6620, #5165 ) ;
#1031 = VECTOR ( 'NONE', #10196, 1000.000000000000000 ) ;
#1032 = VERTEX_POINT ( 'NONE', #8398 ) ;
#1033 = EDGE_LOOP ( 'NONE', ( #10023, #1230, #3475, #4145, #2024 ) ) ;
#1034 = CARTESIAN_POINT ( 'NONE',  ( -2.069999999999999840, 1.349999999999998979, 10.05355608965224157 ) ) ;
#1035 = DIRECTION ( 'NONE',  ( 0.0000000000000000000, 0.0000000000000000000, -1.000000000000000000 ) ) ;
#1036 = EDGE_CURVE ( 'NONE', #10870, #2373, #9290, .T. ) ;
#1037 = ORIENTED_EDGE ( 'NONE', *, *, #9797, .F. ) ;
#1038 = AXIS2_PLACEMENT_3D ( 'NONE', #10366, #5636, #11349 ) ;
#1039 = DIRECTION ( 'NONE',  ( -1.000000000000000000, 0.0000000000000000000, -0.0000000000000000000 ) ) ;
#1040 = ORIENTED_EDGE ( 'NONE', *, *, #588, .T. ) ;
#1041 = AXIS2_PLACEMENT_3D ( 'NONE', #6589, #3787, #3722 ) ;
#1042 = CARTESIAN_POINT ( 'NONE',  ( -4.169999999999999929, 1.250000000000000000, 1.504999999999999449 ) ) ;
#1043 = CARTESIAN_POINT ( 'NONE',  ( 3.563032732177486395, 1.349999999999999645, 1.405000000000000471 ) ) ;
#1044 = VECTOR ( 'NONE', #3835, 1000.000000000000000 ) ;
#1045 = EDGE_LOOP ( 'NONE', ( #5941, #2826, #10290, #1621 ) ) ;
#1046 = EDGE_LOOP ( 'NONE', ( #11514, #10379, #1866, #8668 ) ) ;
#1047 = AXIS2_PLACEMENT_3D ( 'NONE', #11267, #5546, #4795 ) ;
#1048 = FILL_AREA_STYLE_COLOUR ( '', #3917 ) ;
#1049 = CARTESIAN_POINT ( 'NONE',  ( 4.170000000000000817, 1.320009643912101627, 0.6447289090142724888 ) ) ;
#1050 = EDGE_CURVE ( 'NONE', #8073, #554, #1502, .T. ) ;
#1051 = AXIS2_PLACEMENT_3D ( 'NONE', #8102, #3355, #3486 ) ;
#1052 = ADVANCED_FACE ( 'NONE', ( #12120 ), #5533, .F. ) ;
#1053 = EDGE_CURVE ( 'NONE', #4949, #2910, #4430, .T. ) ;
#1054 = DIRECTION ( 'NONE',  ( -1.000000000000000000, 0.0000000000000000000, -0.0000000000000000000 ) ) ;
#1055 = ORIENTED_EDGE ( 'NONE', *, *, #8863, .F. ) ;
#1056 =( NAMED_UNIT ( * ) SI_UNIT ( $, .STERADIAN. ) SOLID_ANGLE_UNIT ( ) );
#1057 = CARTESIAN_POINT ( 'NONE',  ( -0.5999999999999997558, 0.4000000000000002998, 1.304999999999999494 ) ) ;
#1058 = DIRECTION ( 'NONE',  ( 1.000000000000000000, -1.244625060509296168E-16, 0.0000000000000000000 ) ) ;
#1059 = VECTOR ( 'NONE', #11298, 1000.000000000000000 ) ;
#1060 = FACE_OUTER_BOUND ( 'NONE', #9941, .T. ) ;
#1061 = DIRECTION ( 'NONE',  ( 0.0000000000000000000, 0.0000000000000000000, -1.000000000000000000 ) ) ;
#1062 = DIRECTION ( 'NONE',  ( -0.0000000000000000000, -0.0000000000000000000, 1.000000000000000000 ) ) ;
#1063 = DIRECTION ( 'NONE',  ( 1.000000000000000000, 0.0000000000000000000, 0.0000000000000000000 ) ) ;
#1064 = DIRECTION ( 'NONE',  ( 1.000000000000000000, 0.0000000000000000000, 0.0000000000000000000 ) ) ;
#1065 = EDGE_CURVE ( 'NONE', #8007, #1975, #7469, .T. ) ;
#1066 = EDGE_CURVE ( 'NONE', #7106, #6328, #394, .T. ) ;
#1067 = ORIENTED_EDGE ( 'NONE', *, *, #2718, .F. ) ;
#1068 = LINE ( 'NONE', #8475, #451 ) ;
#1069 = CARTESIAN_POINT ( 'NONE',  ( -2.740000000058244289, 1.050000000000000044, 2.285000000028958311 ) ) ;
#1070 = DIRECTION ( 'NONE',  ( -0.0000000000000000000, -1.000000000000000000, -0.0000000000000000000 ) ) ;
#1071 = CARTESIAN_POINT ( 'NONE',  ( -3.249999999999998668, 6.500000000000000888, -0.3500000000000000333 ) ) ;
#1072 = LINE ( 'NONE', #4914, #2363 ) ;
#1073 = ORIENTED_EDGE ( 'NONE', *, *, #5713, .T. ) ;
#1074 = ORIENTED_EDGE ( 'NONE', *, *, #10096, .T. ) ;
#1075 = ORIENTED_EDGE ( 'NONE', *, *, #9995, .F. ) ;
#1076 = EDGE_CURVE ( 'NONE', #3322, #6931, #11696, .T. ) ;
#1077 = SURFACE_STYLE_FILL_AREA ( #3920 ) ;
#1078 = ADVANCED_FACE ( 'NONE', ( #10136 ), #3659, .F. ) ;
#1079 = ORIENTED_EDGE ( 'NONE', *, *, #6078, .F. ) ;
#1080 = CARTESIAN_POINT ( 'NONE',  ( 1.050446608846517860, 1.999999999999999556, 2.595000000000000195 ) ) ;
#1081 = CARTESIAN_POINT ( 'NONE',  ( 4.158991197945013596, 1.402337241226588649, 0.5738812967393269737 ) ) ;
#1082 = CARTESIAN_POINT ( 'NONE',  ( 2.150000000000000355, -0.5999999999999993117, 1.304999999999999494 ) ) ;
#1083 = DIRECTION ( 'NONE',  ( 0.0000000000000000000, 1.000000000000000000, 0.0000000000000000000 ) ) ;
#1084 = ORIENTED_EDGE ( 'NONE', *, *, #6474, .F. ) ;
#1085 = VECTOR ( 'NONE', #5567, 1000.000000000000000 ) ;
#1086 = DIRECTION ( 'NONE',  ( -1.000000000000000000, 0.0000000000000000000, 0.0000000000000000000 ) ) ;
#1087 = ORIENTED_EDGE ( 'NONE', *, *, #7008, .T. ) ;
#1088 = ORIENTED_EDGE ( 'NONE', *, *, #9001, .T. ) ;
#1089 = ORIENTED_EDGE ( 'NONE', *, *, #3642, .F. ) ;
#1090 = VERTEX_POINT ( 'NONE', #5409 ) ;
#1091 = DIRECTION ( 'NONE',  ( 0.0000000000000000000, 0.0000000000000000000, 1.000000000000000000 ) ) ;
#1092 = CARTESIAN_POINT ( 'NONE',  ( -3.249999999999998668, 2.000000000000000000, 0.3499999999999999223 ) ) ;
#1093 = MECHANICAL_DESIGN_GEOMETRIC_PRESENTATION_REPRESENTATION (  '', ( #9053 ), #9258 ) ;
#1094 = AXIS2_PLACEMENT_3D ( 'NONE', #7162, #2434, #10027 ) ;
#1095 = DIRECTION ( 'NONE',  ( 0.8660254037844373753, -0.5000000000000022204, 0.0000000000000000000 ) ) ;
#1096 = CYLINDRICAL_SURFACE ( 'NONE', #2076, 0.2999999999999999334 ) ;
#1097 = ORIENTED_EDGE ( 'NONE', *, *, #2105, .F. ) ;
#1098 = CARTESIAN_POINT ( 'NONE',  ( -1.599999999999999867, 0.4000000000000003553, 1.304999999999999494 ) ) ;
#1099 = DIRECTION ( 'NONE',  ( -1.000000000000000000, 0.0000000000000000000, -0.0000000000000000000 ) ) ;
#1100 =( NAMED_UNIT ( * ) SI_UNIT ( $, .STERADIAN. ) SOLID_ANGLE_UNIT ( ) );
#1101 = AXIS2_PLACEMENT_3D ( 'NONE', #9851, #2247, #3929 ) ;
#1102 = AXIS2_PLACEMENT_3D ( 'NONE', #4295, #671, #4469 ) ;
#1103 = VERTEX_POINT ( 'NONE', #3468 ) ;
#1104 = CARTESIAN_POINT ( 'NONE',  ( 0.5999999999999997558, 0.4000000000000002998, 1.604999999999999760 ) ) ;
#1105 = CARTESIAN_POINT ( 'NONE',  ( 1.099999999999999867, -0.5999999999999995337, 1.604999999999999760 ) ) ;
#1106 = STYLED_ITEM ( 'NONE', ( #3736 ), #12206 ) ;
#1107 = ORIENTED_EDGE ( 'NONE', *, *, #8966, .T. ) ;
#1108 = EDGE_CURVE ( 'NONE', #9731, #4764, #4609, .T. ) ;
#1109 = VERTEX_POINT ( 'NONE', #7283 ) ;
#1110 = DIRECTION ( 'NONE',  ( -1.000000000000000000, -0.0000000000000000000, -0.0000000000000000000 ) ) ;
#1111 = CARTESIAN_POINT ( 'NONE',  ( 4.169999999999999929, 1.328842324213119097, 0.6219802488971101218 ) ) ;
#1112 = COLOUR_RGB ( '',0.6666666666666666297, 0.6980392156862744724, 0.7647058823529411242 ) ;
#1113 = AXIS2_PLACEMENT_3D ( 'NONE', #9317, #841, #4631 ) ;
#1114 = ORIENTED_EDGE ( 'NONE', *, *, #2016, .T. ) ;
#1115 = CARTESIAN_POINT ( 'NONE',  ( -2.291421356237308693, 6.599999999999999645, -0.1000000000000000056 ) ) ;
#1116 = LINE ( 'NONE', #8708, #10203 ) ;
#1117 = CARTESIAN_POINT ( 'NONE',  ( 0.5999999999999997558, 0.4000000000000003553, 1.304999999999999494 ) ) ;
#1118 = LINE ( 'NONE', #7705, #6567 ) ;
#1119 = CONICAL_SURFACE ( 'NONE', #7861, 1.100000000021301050, 0.5235987756318971620 ) ;
#1120 = ADVANCED_FACE ( 'NONE', ( #4369 ), #8153, .F. ) ;
#1121 = ADVANCED_FACE ( 'NONE', ( #10077 ), #11076, .F. ) ;
#1122 = VERTEX_POINT ( 'NONE', #7588 ) ;
#1123 = DIRECTION ( 'NONE',  ( -1.000000000000000000, 0.0000000000000000000, -0.0000000000000000000 ) ) ;
#1124 = PLANE ( 'NONE',  #1238 ) ;
#1125 = CARTESIAN_POINT ( 'NONE',  ( 1.869999999999999885, 1.249999999999999556, 1.304999999999999938 ) ) ;
#1126 = ORIENTED_EDGE ( 'NONE', *, *, #11092, .F. ) ;
#1127 = AXIS2_PLACEMENT_3D ( 'NONE', #3347, #10017, #3530 ) ;
#1128 = CARTESIAN_POINT ( 'NONE',  ( -1.099999999999999645, 0.1000000000000001305, 1.604999999999999760 ) ) ;
#1129 = CARTESIAN_POINT ( 'NONE',  ( 0.3499999999999996447, 5.787332622142047356, -0.3750000000000000000 ) ) ;
#1130 = DIRECTION ( 'NONE',  ( -0.7071067811865414665, 0.0000000000000000000, 0.7071067811865536790 ) ) ;
#1131 = DIRECTION ( 'NONE',  ( -1.000000000000000000, 0.0000000000000000000, -0.0000000000000000000 ) ) ;
#1132 = EDGE_CURVE ( 'NONE', #5518, #10055, #8644, .T. ) ;
#1133 = LINE ( 'NONE', #9836, #1701 ) ;
#1134 = DIRECTION ( 'NONE',  ( 0.0000000000000000000, 1.000000000000000000, 0.0000000000000000000 ) ) ;
#1135 = ORIENTED_EDGE ( 'NONE', *, *, #5787, .T. ) ;
#1136 = EDGE_LOOP ( 'NONE', ( #6470, #1863, #1169, #10338 ) ) ;
#1137 = EDGE_CURVE ( 'NONE', #2054, #1937, #9409, .T. ) ;
#1138 = EDGE_CURVE ( 'NONE', #9247, #2054, #2950, .T. ) ;
#1139 = CARTESIAN_POINT ( 'NONE',  ( -1.099999999999999867, 0.4000000000000002998, 1.304999999999999494 ) ) ;
#1140 = ORIENTED_EDGE ( 'NONE', *, *, #6204, .T. ) ;
#1141 = DIRECTION ( 'NONE',  ( 0.0000000000000000000, -0.0000000000000000000, -1.000000000000000000 ) ) ;
#1142 = ORIENTED_EDGE ( 'NONE', *, *, #4848, .T. ) ;
#1143 = LINE ( 'NONE', #8857, #5050 ) ;
#1144 = DIRECTION ( 'NONE',  ( 0.0000000000000000000, 1.000000000000000000, -0.0000000000000000000 ) ) ;
#1145 = CARTESIAN_POINT ( 'NONE',  ( -4.469999999999999751, 7.299999999999999822, -1.605000000000000648 ) ) ;
#1146 = LINE ( 'NONE', #3930, #2997 ) ;
#1147 = PRESENTATION_LAYER_ASSIGNMENT (  '', '', ( #8697 ) ) ;
#1148 = ADVANCED_FACE ( 'NONE', ( #12311 ), #947, .F. ) ;
#1149 = CARTESIAN_POINT ( 'NONE',  ( -4.069999999999999396, 1.250000000000000000, 1.604999999999999538 ) ) ;
#1150 = ORIENTED_EDGE ( 'NONE', *, *, #11092, .T. ) ;
#1151 = PLANE ( 'NONE',  #5442 ) ;
#1152 = ADVANCED_FACE ( 'NONE', ( #2038 ), #3720, .T. ) ;
#1153 = CARTESIAN_POINT ( 'NONE',  ( 3.219999999999999751, 7.040192378894971625, -0.3550000000000007039 ) ) ;
#1154 = ADVANCED_FACE ( 'NONE', ( #6644 ), #3848, .F. ) ;
#1155 = ORIENTED_EDGE ( 'NONE', *, *, #1772, .F. ) ;
#1156 = ORIENTED_EDGE ( 'NONE', *, *, #7881, .F. ) ;
#1157 = ORIENTED_EDGE ( 'NONE', *, *, #6526, .F. ) ;
#1158 = AXIS2_PLACEMENT_3D ( 'NONE', #12257, #8342, #12125 ) ;
#1159 = SURFACE_STYLE_USAGE ( .BOTH. , #9684 ) ;
#1160 = PLANE ( 'NONE',  #5397 ) ;
#1161 = CARTESIAN_POINT ( 'NONE',  ( -1.750000000000000222, 6.500000000000000888, -0.1000000000000000056 ) ) ;
#1162 = CARTESIAN_POINT ( 'NONE',  ( -0.3499999999999999778, 5.787332622142050909, -0.3750000000000000000 ) ) ;
#1163 = VERTEX_POINT ( 'NONE', #5657 ) ;
#1164 = ADVANCED_FACE ( 'NONE', ( #10443 ), #4901, .F. ) ;
#1165 = DIRECTION ( 'NONE',  ( 0.0000000000000000000, 0.0000000000000000000, -1.000000000000000000 ) ) ;
#1166 = CLOSED_SHELL ( 'NONE', ( #10282, #11281, #5612, #8352, #1963, #3220 ) ) ;
#1167 = VERTEX_POINT ( 'NONE', #3190 ) ;
#1168 = LINE ( 'NONE', #7751, #6948 ) ;
#1169 = ORIENTED_EDGE ( 'NONE', *, *, #10348, .T. ) ;
#1170 = FILL_AREA_STYLE ('',( #1048 ) ) ;
#1171 = AXIS2_PLACEMENT_3D ( 'NONE', #9706, #4958, #9152 ) ;
#1172 = CARTESIAN_POINT ( 'NONE',  ( -1.050446608846517860, 0.0000000000000000000, 1.304999999999999716 ) ) ;
#1173 = DIRECTION ( 'NONE',  ( 1.000000000000000000, 0.0000000000000000000, -0.0000000000000000000 ) ) ;
#1174 = ORIENTED_EDGE ( 'NONE', *, *, #3601, .F. ) ;
#1175 = EDGE_CURVE ( 'NONE', #8376, #4764, #6887, .T. ) ;
#1176 = DIRECTION ( 'NONE',  ( -0.0000000000000000000, -0.0000000000000000000, -1.000000000000000000 ) ) ;
#1177 = LINE ( 'NONE', #3965, #1882 ) ;
#1178 = FACE_OUTER_BOUND ( 'NONE', #467, .T. ) ;
#1179 = FACE_OUTER_BOUND ( 'NONE', #2152, .T. ) ;
#1180 = CIRCLE ( 'NONE', #1210, 0.1499999999999999667 ) ;
#1181 = AXIS2_PLACEMENT_3D ( 'NONE', #2847, #184, #10508 ) ;
#1182 = VERTEX_POINT ( 'NONE', #4297 ) ;
#1183 = PLANE ( 'NONE',  #9905 ) ;
#1184 = CARTESIAN_POINT ( 'NONE',  ( 2.069999999999999840, 1.249999999999999556, 1.504999999999999671 ) ) ;
#1185 = AXIS2_PLACEMENT_3D ( 'NONE', #5970, #7889, #9702 ) ;
#1186 = CARTESIAN_POINT ( 'NONE',  ( 1.928578643762690614, 1.249999999999999556, 1.304999999999999716 ) ) ;
#1187 = VERTEX_POINT ( 'NONE', #2104 ) ;
#1188 = LINE ( 'NONE', #5155, #6796 ) ;
#1189 = ADVANCED_FACE ( 'NONE', ( #1179 ), #8079, .T. ) ;
#1190 = ADVANCED_FACE ( 'NONE', ( #10614 ), #5904, .F. ) ;
#1191 = CARTESIAN_POINT ( 'NONE',  ( 1.050446608846517860, 1.999999999999999556, -1.505000000000002780 ) ) ;
#1192 = DIRECTION ( 'NONE',  ( -0.0000000000000000000, -0.0000000000000000000, 1.000000000000000000 ) ) ;
#1193 = CARTESIAN_POINT ( 'NONE',  ( -1.599999999999999867, 0.1000000000000001305, 1.604999999999999760 ) ) ;
#1194 = PLANE ( 'NONE',  #8681 ) ;
#1195 = ORIENTED_EDGE ( 'NONE', *, *, #12161, .T. ) ;
#1196 = PLANE ( 'NONE',  #6552 ) ;
#1197 = ORIENTED_EDGE ( 'NONE', *, *, #4305, .F. ) ;
#1198 = CARTESIAN_POINT ( 'NONE',  ( 0.1500000000000000222, 5.787332622142050909, -0.3750000000000000000 ) ) ;
#1199 = VECTOR ( 'NONE', #6383, 1000.000000000000000 ) ;
#1200 = FACE_OUTER_BOUND ( 'NONE', #3894, .T. ) ;
#1201 = EDGE_CURVE ( 'NONE', #12026, #6137, #6941, .T. ) ;
#1202 = ORIENTED_EDGE ( 'NONE', *, *, #2605, .F. ) ;
#1203 = LINE ( 'NONE', #5798, #9658 ) ;
#1204 = LINE ( 'NONE', #388, #10976 ) ;
#1205 = EDGE_CURVE ( 'NONE', #2278, #12026, #10122, .T. ) ;
#1206 = ADVANCED_FACE ( 'NONE', ( #1372 ), #2223, .T. ) ;
#1207 = DIRECTION ( 'NONE',  ( 0.0000000000000000000, 1.000000000000000000, -0.0000000000000000000 ) ) ;
#1208 = LINE ( 'NONE', #4980, #10824 ) ;
#1209 = CARTESIAN_POINT ( 'NONE',  ( -4.469999999999999751, 1.200000000000000178, 0.1499999999999999944 ) ) ;
#1210 = AXIS2_PLACEMENT_3D ( 'NONE', #11486, #4158, #10554 ) ;
#1211 = AXIS2_PLACEMENT_3D ( 'NONE', #2946, #5832, #9694 ) ;
#1212 = DIRECTION ( 'NONE',  ( 0.0000000000000000000, 0.0000000000000000000, -1.000000000000000000 ) ) ;
#1213 = VERTEX_POINT ( 'NONE', #10681 ) ;
#1214 = LINE ( 'NONE', #11462, #2263 ) ;
#1215 = VERTEX_POINT ( 'NONE', #6034 ) ;
#1216 = ORIENTED_EDGE ( 'NONE', *, *, #10938, .T. ) ;
#1217 = EDGE_LOOP ( 'NONE', ( #3177, #6671, #120, #10844 ) ) ;
#1218 = VERTEX_POINT ( 'NONE', #9827 ) ;
#1219 = EDGE_CURVE ( 'NONE', #4957, #6919, #9732, .T. ) ;
#1220 = VECTOR ( 'NONE', #1966, 1000.000000000000000 ) ;
#1221 = FACE_OUTER_BOUND ( 'NONE', #3709, .T. ) ;
#1222 = DIRECTION ( 'NONE',  ( 0.0000000000000000000, 0.0000000000000000000, 1.000000000000000000 ) ) ;
#1223 = VECTOR ( 'NONE', #5497, 1000.000000000000000 ) ;
#1224 = EDGE_CURVE ( 'NONE', #1997, #5698, #4159, .T. ) ;
#1225 = DIRECTION ( 'NONE',  ( 1.000000000000000000, -0.0000000000000000000, 0.0000000000000000000 ) ) ;
#1226 = VERTEX_POINT ( 'NONE', #5141 ) ;
#1227 = CARTESIAN_POINT ( 'NONE',  ( 4.169999999999999929, 5.225000000000000533, 0.0000000000000000000 ) ) ;
#1228 = VECTOR ( 'NONE', #2902, 1000.000000000000000 ) ;
#1229 = LINE ( 'NONE', #8694, #3247 ) ;
#1230 = ORIENTED_EDGE ( 'NONE', *, *, #3563, .F. ) ;
#1231 = CARTESIAN_POINT ( 'NONE',  ( 3.350000000000000533, 5.541421356237305140, 0.1000000000000000056 ) ) ;
#1232 = PLANE ( 'NONE',  #4580 ) ;
#1233 = ORIENTED_EDGE ( 'NONE', *, *, #4030, .F. ) ;
#1234 = VECTOR ( 'NONE', #4248, 1000.000000000000000 ) ;
#1235 = VERTEX_POINT ( 'NONE', #7002 ) ;
#1236 = EDGE_CURVE ( 'NONE', #215, #10718, #6102, .T. ) ;
#1237 = DIRECTION ( 'NONE',  ( 0.0000000000000000000, 0.0000000000000000000, 1.000000000000000000 ) ) ;
#1238 = AXIS2_PLACEMENT_3D ( 'NONE', #8717, #9097, #2227 ) ;
#1239 = ORIENTED_EDGE ( 'NONE', *, *, #7440, .T. ) ;
#1240 = DIRECTION ( 'NONE',  ( 0.0000000000000000000, -1.000000000000000000, -0.0000000000000000000 ) ) ;
#1241 = VERTEX_POINT ( 'NONE', #8018 ) ;
#1242 = CARTESIAN_POINT ( 'NONE',  ( -3.219999999999999751, 1.450000000000000178, 1.304999999999999938 ) ) ;
#1243 = CARTESIAN_POINT ( 'NONE',  ( -1.000000000000000000, 5.787332622142050909, -0.3750000000000000000 ) ) ;
#1244 = CARTESIAN_POINT ( 'NONE',  ( -4.095945632836064831, 1.350000000000000089, 0.8810731492461164605 ) ) ;
#1245 = CARTESIAN_POINT ( 'NONE',  ( 3.219999999999999751, 2.000000000000000000, 1.204999999999999627 ) ) ;
#1246 = PLANE ( 'NONE',  #9167 ) ;
#1247 = CIRCLE ( 'NONE', #2808, 0.1000000000000000472 ) ;
#1248 = ORIENTED_EDGE ( 'NONE', *, *, #11363, .F. ) ;
#1249 = LINE ( 'NONE', #2107, #1771 ) ;
#1250 = PRODUCT_RELATED_PRODUCT_CATEGORY ( 'part', '', ( #9522 ) ) ;
#1251 = CARTESIAN_POINT ( 'NONE',  ( 0.1499999999999995781, 2.302902790585058312, 0.3750000000000000000 ) ) ;
#1252 = DIRECTION ( 'NONE',  ( 0.0000000000000000000, -0.0000000000000000000, -1.000000000000000000 ) ) ;
#1253 = CARTESIAN_POINT ( 'NONE',  ( 4.270000000000000462, 1.349999999999999423, 0.9700757595082499796 ) ) ;
#1254 = ORIENTED_EDGE ( 'NONE', *, *, #4985, .F. ) ;
#1255 = DIRECTION ( 'NONE',  ( -0.0000000000000000000, -0.0000000000000000000, -1.000000000000000000 ) ) ;
#1256 = DIRECTION ( 'NONE',  ( -1.244625060509296168E-16, -1.000000000000000000, 0.0000000000000000000 ) ) ;
#1257 =( NAMED_UNIT ( * ) PLANE_ANGLE_UNIT ( ) SI_UNIT ( $, .RADIAN. ) );
#1258 = CARTESIAN_POINT ( 'NONE',  ( -2.150000000000000355, -0.5999999999999993117, 1.604999999999999760 ) ) ;
#1259 = ORIENTED_EDGE ( 'NONE', *, *, #7545, .T. ) ;
#1260 = ORIENTED_EDGE ( 'NONE', *, *, #10683, .F. ) ;
#1261 = CARTESIAN_POINT ( 'NONE',  ( -4.128578643762690348, 2.000000000000000444, -0.3550000000000003153 ) ) ;
#1262 = AXIS2_PLACEMENT_3D ( 'NONE', #1971, #2035, #2101 ) ;
#1263 = CARTESIAN_POINT ( 'NONE',  ( -4.169999999999999929, 1.249999999999999778, 1.604999999999999538 ) ) ;
#1264 = EDGE_CURVE ( 'NONE', #10719, #268, #7543, .T. ) ;
#1265 = STYLED_ITEM ( 'NONE', ( #9880 ), #3775 ) ;
#1266 = ORIENTED_EDGE ( 'NONE', *, *, #3066, .T. ) ;
#1267 = DIRECTION ( 'NONE',  ( 0.0000000000000000000, 0.0000000000000000000, 1.000000000000000000 ) ) ;
#1268 = DIRECTION ( 'NONE',  ( 0.0000000000000000000, 0.0000000000000000000, 1.000000000000000000 ) ) ;
#1269 = LINE ( 'NONE', #1082, #6271 ) ;
#1270 = FACE_OUTER_BOUND ( 'NONE', #7539, .T. ) ;
#1271 =( NAMED_UNIT ( * ) SI_UNIT ( $, .STERADIAN. ) SOLID_ANGLE_UNIT ( ) );
#1272 = CARTESIAN_POINT ( 'NONE',  ( 4.469999999999999751, 7.299999999999999822, 0.3549999999999994271 ) ) ;
#1273 = CARTESIAN_POINT ( 'NONE',  ( -1.969999999999999973, 3.575000000000000178, 0.1250000000000000000 ) ) ;
#1274 = VECTOR ( 'NONE', #10977, 1000.000000000000000 ) ;
#1275 = ORIENTED_EDGE ( 'NONE', *, *, #10872, .T. ) ;
#1276 = ORIENTED_EDGE ( 'NONE', *, *, #5308, .F. ) ;
#1277 = EDGE_CURVE ( 'NONE', #4695, #9019, #3391, .T. ) ;
#1278 = ADVANCED_FACE ( 'NONE', ( #7389 ), #7141, .T. ) ;
#1279 = ORIENTED_EDGE ( 'NONE', *, *, #579, .F. ) ;
#1280 = CARTESIAN_POINT ( 'NONE',  ( 1.099999999999999867, 0.0000000000000000000, 1.504999999999999449 ) ) ;
#1281 = CARTESIAN_POINT ( 'NONE',  ( 2.149999999999999911, 5.787332622142036698, -0.3750000000000000000 ) ) ;
#1282 = CIRCLE ( 'NONE', #280, 0.9500000000021106006 ) ;
#1283 = DIRECTION ( 'NONE',  ( -1.000000000000000000, 0.0000000000000000000, 0.0000000000000000000 ) ) ;
#1284 = ORIENTED_EDGE ( 'NONE', *, *, #11916, .F. ) ;
#1285 = CARTESIAN_POINT ( 'NONE',  ( 1.649999999999999911, 5.787332622142040250, -0.3750000000000000000 ) ) ;
#1286 = DIRECTION ( 'NONE',  ( -0.0000000000000000000, -0.0000000000000000000, -1.000000000000000000 ) ) ;
#1287 = LINE ( 'NONE', #10299, #11994 ) ;
#1288 = ADVANCED_FACE ( 'NONE', ( #2650 ), #9146, .F. ) ;
#1289 = ORIENTED_EDGE ( 'NONE', *, *, #8833, .F. ) ;
#1290 = CARTESIAN_POINT ( 'NONE',  ( 0.3999999999999993006, 7.299999999999999822, 1.604999999999999760 ) ) ;
#1291 = VERTEX_POINT ( 'NONE', #2466 ) ;
#1292 = EDGE_CURVE ( 'NONE', #10711, #9327, #7943, .T. ) ;
#1293 = ADVANCED_FACE ( 'NONE', ( #8261 ), #1553, .F. ) ;
#1294 = VECTOR ( 'NONE', #2787, 1000.000000000000000 ) ;
#1295 = VECTOR ( 'NONE', #9992, 1000.000000000000000 ) ;
#1296 = ORIENTED_EDGE ( 'NONE', *, *, #9419, .F. ) ;
#1297 = ORIENTED_EDGE ( 'NONE', *, *, #7152, .T. ) ;
#1298 = CARTESIAN_POINT ( 'NONE',  ( 3.219999999999999751, 2.000000000000000000, -1.205000000000000959 ) ) ;
#1299 =( BOUNDED_SURFACE ( )  B_SPLINE_SURFACE ( 3, 2, ( 
 ( #2033, #6824, #8640 ),
 ( #1244, #4094, #11661 ),
 ( #10741, #6030, #6886 ),
 ( #3069, #10610, #2219 ),
 ( #5078, #7703, #10677 ),
 ( #360, #5838, #9636 ) ),
 .UNSPECIFIED., .F., .F., .T. ) 
 B_SPLINE_SURFACE_WITH_KNOTS ( ( 4, 2, 4 ),
 ( 3, 3 ),
 ( 0.0001644278201952444345, 0.0004911416820172268254, 0.0008178555438392091622 ),
 ( 0.0000000000000000000, 1.000000000000000000 ),
 .UNSPECIFIED. ) 
 GEOMETRIC_REPRESENTATION_ITEM ( )  RATIONAL_B_SPLINE_SURFACE ( (
 ( 1.000000000000000000, 0.7071067811865475727, 1.000000000000000000),
 ( 1.000000000000000000, 0.7987996385663040932, 1.000000000000000000),
 ( 1.000000000000000000, 0.8725222434082480216, 1.000000000000000000),
 ( 1.000000000000000000, 0.9733960418764633360, 1.000000000000000000),
 ( 1.000000000000000000, 1.000114498185240786, 1.000000000000000000),
 ( 1.000000000000000000, 1.000000000000000000, 1.000000000000000000) ) ) 
 REPRESENTATION_ITEM ( '' )  SURFACE ( )  );
#1300 = LINE ( 'NONE', #8824, #7863 ) ;
#1301 = ORIENTED_EDGE ( 'NONE', *, *, #8150, .T. ) ;
#1302 = CIRCLE ( 'NONE', #9839, 0.2500000000000002220 ) ;
#1303 = COLOUR_RGB ( '',0.9686274509803921573, 0.8784313725490195957, 0.5999999999999999778 ) ;
#1304 = COLOUR_RGB ( '',0.2980392156862745057, 0.2980392156862745057, 0.2980392156862745057 ) ;
#1305 = PRESENTATION_STYLE_ASSIGNMENT (( #6156 ) ) ;
#1306 = CARTESIAN_POINT ( 'NONE',  ( -3.550000000000000266, 0.0000000000000000000, -0.3550000000000007039 ) ) ;
#1307 = VECTOR ( 'NONE', #10162, 1000.000000000000000 ) ;
#1308 = EDGE_CURVE ( 'NONE', #10804, #11852, #5391, .T. ) ;
#1309 = DIRECTION ( 'NONE',  ( 0.0000000000000000000, 0.0000000000000000000, -1.000000000000000000 ) ) ;
#1310 = PRESENTATION_STYLE_ASSIGNMENT (( #3905 ) ) ;
#1311 = CARTESIAN_POINT ( 'NONE',  ( 4.320000000005792984, 7.300000000032537351, -0.3549999999999994826 ) ) ;
#1312 = DIRECTION ( 'NONE',  ( 1.000000000000000000, -1.734723475976807341E-16, -0.0000000000000000000 ) ) ;
#1313 = ORIENTED_EDGE ( 'NONE', *, *, #1670, .T. ) ;
#1314 = EDGE_CURVE ( 'NONE', #5615, #6020, #8199, .T. ) ;
#1315 = ORIENTED_EDGE ( 'NONE', *, *, #4106, .T. ) ;
#1316 = AXIS2_PLACEMENT_3D ( 'NONE', #1496, #621, #2535 ) ;
#1317 = CARTESIAN_POINT ( 'NONE',  ( -4.169999999999999929, 1.250000000000000000, 0.9714414002968977391 ) ) ;
#1318 = VECTOR ( 'NONE', #11054, 1000.000000000000000 ) ;
#1319 = AXIS2_PLACEMENT_3D ( 'NONE', #6013, #6927, #4137 ) ;
#1320 = PRESENTATION_STYLE_ASSIGNMENT (( #1489 ) ) ;
#1321 = VECTOR ( 'NONE', #328, 1000.000000000000000 ) ;
#1322 = DIRECTION ( 'NONE',  ( 0.0000000000000000000, 0.0000000000000000000, 1.000000000000000000 ) ) ;
#1323 = DIRECTION ( 'NONE',  ( 0.0000000000000000000, 0.0000000000000000000, -1.000000000000000000 ) ) ;
#1324 = ORIENTED_EDGE ( 'NONE', *, *, #844, .F. ) ;
#1325 = SURFACE_STYLE_FILL_AREA ( #6896 ) ;
#1326 = VERTEX_POINT ( 'NONE', #7264 ) ;
#1327 = CARTESIAN_POINT ( 'NONE',  ( 3.219999999999999751, 2.000000000000000000, -1.205000000000000959 ) ) ;
#1328 =( GEOMETRIC_REPRESENTATION_CONTEXT ( 3 ) GLOBAL_UNCERTAINTY_ASSIGNED_CONTEXT ( ( #9154 ) ) GLOBAL_UNIT_ASSIGNED_CONTEXT ( ( #5372, #7369, #9249 ) ) REPRESENTATION_CONTEXT ( 'NONE', 'WORKASPACE' ) );
#1329 = EDGE_CURVE ( 'NONE', #11822, #1402, #4471, .T. ) ;
#1330 = AXIS2_PLACEMENT_3D ( 'NONE', #8874, #10848, #2078 ) ;
#1331 = LINE ( 'NONE', #1258, #6103 ) ;
#1332 = ORIENTED_EDGE ( 'NONE', *, *, #9505, .T. ) ;
#1333 = DIRECTION ( 'NONE',  ( 0.0000000000000000000, -0.0000000000000000000, -1.000000000000000000 ) ) ;
#1334 = ORIENTED_EDGE ( 'NONE', *, *, #2256, .T. ) ;
#1335 = FILL_AREA_STYLE_COLOUR ( '', #2540 ) ;
#1336 = VECTOR ( 'NONE', #10507, 1000.000000000000000 ) ;
#1337 = AXIS2_PLACEMENT_3D ( 'NONE', #9923, #1405, #11519 ) ;
#1338 = LINE ( 'NONE', #2129, #46 ) ;
#1339 = CARTESIAN_POINT ( 'NONE',  ( 1.969999999999999973, 0.8914213562373092259, 1.346421356237309297 ) ) ;
#1340 = SURFACE_SIDE_STYLE ('',( #9852 ) ) ;
#1341 = EDGE_CURVE ( 'NONE', #12195, #9054, #3514, .T. ) ;
#1342 = CARTESIAN_POINT ( 'NONE',  ( -2.949999999999999734, -0.5999999999999993117, 1.604999999999999760 ) ) ;
#1343 = EDGE_LOOP ( 'NONE', ( #908, #4614, #5369, #1478 ) ) ;
#1344 = CARTESIAN_POINT ( 'NONE',  ( 3.139999999957836074, 1.050000000000000044, 2.185000000054060365 ) ) ;
#1345 = CIRCLE ( 'NONE', #7290, 0.1000000000000000472 ) ;
#1346 = ORIENTED_EDGE ( 'NONE', *, *, #9283, .F. ) ;
#1347 = ORIENTED_EDGE ( 'NONE', *, *, #1447, .F. ) ;
#1348 = ORIENTED_EDGE ( 'NONE', *, *, #5664, .T. ) ;
#1349 = DIRECTION ( 'NONE',  ( 0.0000000000000000000, 0.0000000000000000000, -1.000000000000000000 ) ) ;
#1350 = FACE_OUTER_BOUND ( 'NONE', #1675, .T. ) ;
#1351 = CARTESIAN_POINT ( 'NONE',  ( -0.1500000000000004385, 5.787332622142050909, 0.3750000000000000000 ) ) ;
#1352 = EDGE_CURVE ( 'NONE', #1109, #10921, #1672, .T. ) ;
#1353 = EDGE_CURVE ( 'NONE', #10954, #6788, #7951, .T. ) ;
#1354 = FACE_OUTER_BOUND ( 'NONE', #5208, .T. ) ;
#1355 = PLANE ( 'NONE',  #11209 ) ;
#1356 = ORIENTED_EDGE ( 'NONE', *, *, #2927, .F. ) ;
#1357 = LINE ( 'NONE', #11650, #3149 ) ;
#1358 = STYLED_ITEM ( 'NONE', ( #11365 ), #7872 ) ;
#1359 = CARTESIAN_POINT ( 'NONE',  ( 0.0000000000000000000, 0.4000000000000004663, 1.304999999999999494 ) ) ;
#1360 = ORIENTED_EDGE ( 'NONE', *, *, #9908, .T. ) ;
#1361 = ORIENTED_EDGE ( 'NONE', *, *, #1380, .F. ) ;
#1362 = PLANE ( 'NONE',  #10939 ) ;
#1363 = ADVANCED_FACE ( 'NONE', ( #1735 ), #11181, .T. ) ;
#1364 = ORIENTED_EDGE ( 'NONE', *, *, #6955, .T. ) ;
#1365 = CYLINDRICAL_SURFACE ( 'NONE', #3176, 0.1000000000000000472 ) ;
#1366 = VERTEX_POINT ( 'NONE', #9335 ) ;
#1367 = VECTOR ( 'NONE', #5616, 1000.000000000000000 ) ;
#1368 = EDGE_CURVE ( 'NONE', #3255, #963, #4596, .T. ) ;
#1369 = ADVANCED_FACE ( 'NONE', ( #5828 ), #992, .F. ) ;
#1370 = DIRECTION ( 'NONE',  ( -0.7071067811865463515, -0.7071067811865487940, 0.0000000000000000000 ) ) ;
#1371 = FACE_OUTER_BOUND ( 'NONE', #851, .T. ) ;
#1372 = FACE_OUTER_BOUND ( 'NONE', #6061, .T. ) ;
#1373 = ORIENTED_EDGE ( 'NONE', *, *, #2781, .T. ) ;
#1374 = DIRECTION ( 'NONE',  ( -0.5773502691896279515, 0.5773502691896302830, 0.5773502691896191807 ) ) ;
#1375 = SURFACE_STYLE_FILL_AREA ( #497 ) ;
#1376 = EDGE_CURVE ( 'NONE', #1980, #10303, #2572, .T. ) ;
#1377 = CARTESIAN_POINT ( 'NONE',  ( -1.899999999999999689, -0.5999999999999995337, 1.304999999999999494 ) ) ;
#1378 = LINE ( 'NONE', #8970, #10611 ) ;
#1379 = ORIENTED_EDGE ( 'NONE', *, *, #2844, .F. ) ;
#1380 = EDGE_CURVE ( 'NONE', #5615, #26, #3770, .T. ) ;
#1381 = CARTESIAN_POINT ( 'NONE',  ( 1.599999999999999867, 0.4000000000000002998, 1.304999999999999494 ) ) ;
#1382 = EDGE_LOOP ( 'NONE', ( #1991, #2565, #8892, #1474 ) ) ;
#1383 = LINE ( 'NONE', #7277, #2093 ) ;
#1384 = DIRECTION ( 'NONE',  ( 0.0000000000000000000, 0.0000000000000000000, 1.000000000000000000 ) ) ;
#1385 = VECTOR ( 'NONE', #2330, 1000.000000000000000 ) ;
#1386 = CARTESIAN_POINT ( 'NONE',  ( -4.169999999999999929, 5.350000000000000533, 0.3549999999999996492 ) ) ;
#1387 = DIRECTION ( 'NONE',  ( -1.000000000000000000, 0.0000000000000000000, -0.0000000000000000000 ) ) ;
#1388 = ORIENTED_EDGE ( 'NONE', *, *, #11442, .F. ) ;
#1389 = ORIENTED_EDGE ( 'NONE', *, *, #2692, .T. ) ;
#1390 = LINE ( 'NONE', #7222, #4148 ) ;
#1391 = ADVANCED_FACE ( 'NONE', ( #5711 ), #11416, .F. ) ;
#1392 = VERTEX_POINT ( 'NONE', #2709 ) ;
#1393 =( LENGTH_UNIT ( ) NAMED_UNIT ( * ) SI_UNIT ( .MILLI., .METRE. ) );
#1394 = DIRECTION ( 'NONE',  ( 0.0000000000000000000, 1.000000000000000000, 0.0000000000000000000 ) ) ;
#1395 = CARTESIAN_POINT ( 'NONE',  ( -4.158991197945011820, 1.402337241226587317, 0.5738812967393379649 ) ) ;
#1396 = DIRECTION ( 'NONE',  ( -0.0000000000000000000, 0.0000000000000000000, 1.000000000000000000 ) ) ;
#1397 = ORIENTED_EDGE ( 'NONE', *, *, #11167, .F. ) ;
#1398 = VECTOR ( 'NONE', #4530, 1000.000000000000114 ) ;
#1399 = ORIENTED_EDGE ( 'NONE', *, *, #2387, .T. ) ;
#1400 = ORIENTED_EDGE ( 'NONE', *, *, #7756, .F. ) ;
#1401 = VERTEX_POINT ( 'NONE', #2766 ) ;
#1402 = VERTEX_POINT ( 'NONE', #3641 ) ;
#1403 = FACE_OUTER_BOUND ( 'NONE', #11786, .T. ) ;
#1404 = DIRECTION ( 'NONE',  ( 1.000000000000000000, 0.0000000000000000000, -0.0000000000000000000 ) ) ;
#1405 = DIRECTION ( 'NONE',  ( 1.000000000000000000, 0.0000000000000000000, 0.0000000000000000000 ) ) ;
#1406 = ORIENTED_EDGE ( 'NONE', *, *, #5736, .T. ) ;
#1407 = DIRECTION ( 'NONE',  ( 0.0000000000000000000, 1.000000000000000000, 0.0000000000000000000 ) ) ;
#1408 = CARTESIAN_POINT ( 'NONE',  ( 1.970000000000000417, 1.249999999999999334, 1.563578643762689513 ) ) ;
#1409 = FACE_OUTER_BOUND ( 'NONE', #3750, .T. ) ;
#1410 = ORIENTED_EDGE ( 'NONE', *, *, #1066, .F. ) ;
#1411 = CYLINDRICAL_SURFACE ( 'NONE', #8167, 0.1250000000000000000 ) ;
#1412 = DIRECTION ( 'NONE',  ( 0.0000000000000000000, 0.0000000000000000000, 1.000000000000000000 ) ) ;
#1413 = SURFACE_STYLE_FILL_AREA ( #9932 ) ;
#1414 = VECTOR ( 'NONE', #5894, 1000.000000000000000 ) ;
#1415 = EDGE_CURVE ( 'NONE', #2710, #8494, #11129, .T. ) ;
#1416 = VECTOR ( 'NONE', #10966, 1000.000000000000000 ) ;
#1417 = CARTESIAN_POINT ( 'NONE',  ( 4.469999999999999751, 4.800000000000000711, 2.595000000000000195 ) ) ;
#1418 = ORIENTED_EDGE ( 'NONE', *, *, #177, .F. ) ;
#1419 = DIRECTION ( 'NONE',  ( 0.0000000000000000000, 1.000000000000000000, 0.0000000000000000000 ) ) ;
#1420 = DIRECTION ( 'NONE',  ( 0.0000000000000000000, 0.0000000000000000000, -1.000000000000000000 ) ) ;
#1421 = ORIENTED_EDGE ( 'NONE', *, *, #9337, .F. ) ;
#1422 = VECTOR ( 'NONE', #5910, 1000.000000000000000 ) ;
#1423 = DIRECTION ( 'NONE',  ( 1.000000000000000000, -4.565061778886333058E-16, 0.0000000000000000000 ) ) ;
#1424 = CIRCLE ( 'NONE', #8371, 0.1499999999999999667 ) ;
#1425 = CARTESIAN_POINT ( 'NONE',  ( -4.169999999999999929, 1.284314575050761853, 1.563578643762689957 ) ) ;
#1426 = CARTESIAN_POINT ( 'NONE',  ( 3.250000000000002665, 5.499999999999995559, 0.0000000000000000000 ) ) ;
#1427 = ORIENTED_EDGE ( 'NONE', *, *, #8894, .T. ) ;
#1428 = LINE ( 'NONE', #5212, #8324 ) ;
#1429 = AXIS2_PLACEMENT_3D ( 'NONE', #6495, #10293, #10559 ) ;
#1430 = ADVANCED_FACE ( 'NONE', ( #2884 ), #6696, .T. ) ;
#1431 = PLANE ( 'NONE',  #5922 ) ;
#1432 = UNCERTAINTY_MEASURE_WITH_UNIT (LENGTH_MEASURE( 1.000000000000000082E-05 ), #10593, 'distance_accuracy_value', 'NONE');
#1433 = LINE ( 'NONE', #3135, #4402 ) ;
#1434 = CIRCLE ( 'NONE', #2611, 0.1250000000000000000 ) ;
#1435 = DIRECTION ( 'NONE',  ( 0.0000000000000000000, -0.0000000000000000000, -1.000000000000000000 ) ) ;
#1436 = ORIENTED_EDGE ( 'NONE', *, *, #8333, .T. ) ;
#1437 = CARTESIAN_POINT ( 'NONE',  ( 4.169999999999999929, 3.700000000000000178, 1.304999999999999494 ) ) ;
#1438 = ORIENTED_EDGE ( 'NONE', *, *, #10535, .T. ) ;
#1439 = LINE ( 'NONE', #5219, #3470 ) ;
#1440 = AXIS2_PLACEMENT_3D ( 'NONE', #12228, #11293, #10112 ) ;
#1441 = CARTESIAN_POINT ( 'NONE',  ( 1.649999999999999911, 5.787332622142040250, -0.3750000000000000000 ) ) ;
#1442 = ADVANCED_FACE ( 'NONE', ( #932 ), #7574, .F. ) ;
#1443 = ORIENTED_EDGE ( 'NONE', *, *, #9111, .F. ) ;
#1444 = VECTOR ( 'NONE', #6085, 1000.000000000000000 ) ;
#1445 = FACE_OUTER_BOUND ( 'NONE', #10799, .T. ) ;
#1446 = EDGE_CURVE ( 'NONE', #4903, #5259, #7511, .T. ) ;
#1447 = EDGE_CURVE ( 'NONE', #3900, #11356, #12171, .T. ) ;
#1448 = PRESENTATION_LAYER_ASSIGNMENT (  '', '', ( #8394 ) ) ;
#1449 = DIRECTION ( 'NONE',  ( 0.0000000000000000000, -0.0000000000000000000, 1.000000000000000000 ) ) ;
#1450 = EDGE_LOOP ( 'NONE', ( #2651, #1254, #1389, #10626, #4802 ) ) ;
#1451 = CARTESIAN_POINT ( 'NONE',  ( 4.320000000000001172, 7.299999999999999822, 0.0000000000000000000 ) ) ;
#1452 = COLOUR_RGB ( '',0.9686274509803921573, 0.8784313725490195957, 0.5999999999999999778 ) ;
#1453 = CARTESIAN_POINT ( 'NONE',  ( -3.219999999999999751, 2.000000000000000000, 1.204999999999999627 ) ) ;
#1454 = DIRECTION ( 'NONE',  ( -0.0000000000000000000, -0.0000000000000000000, 1.000000000000000000 ) ) ;
#1455 = EDGE_LOOP ( 'NONE', ( #2343, #10984, #8663, #8433 ) ) ;
#1456 = EDGE_CURVE ( 'NONE', #9722, #2494, #7580, .T. ) ;
#1457 = ORIENTED_EDGE ( 'NONE', *, *, #11155, .T. ) ;
#1458 = CARTESIAN_POINT ( 'NONE',  ( 3.549999999999999822, -0.5999999999999993117, 1.304999999999999494 ) ) ;
#1459 = EDGE_LOOP ( 'NONE', ( #5852, #10701, #3185, #4863 ) ) ;
#1460 = VECTOR ( 'NONE', #1131, 1000.000000000000000 ) ;
#1461 = EDGE_CURVE ( 'NONE', #4064, #3007, #2941, .T. ) ;
#1462 = CARTESIAN_POINT ( 'NONE',  ( -3.776497115745558908, 1.900000000000000133, 1.304999999999999716 ) ) ;
#1463 = CARTESIAN_POINT ( 'NONE',  ( 4.169999999999999929, 1.350000000000000089, 1.128071624551392021E-16 ) ) ;
#1464 = DIRECTION ( 'NONE',  ( 0.0000000000000000000, 0.0000000000000000000, 1.000000000000000000 ) ) ;
#1465 = VECTOR ( 'NONE', #8522, 1000.000000000000000 ) ;
#1466 = DIRECTION ( 'NONE',  ( 0.0000000000000000000, 0.0000000000000000000, -1.000000000000000000 ) ) ;
#1467 = CYLINDRICAL_SURFACE ( 'NONE', #6348, 0.1499999999999999944 ) ;
#1468 = PLANE ( 'NONE',  #5850 ) ;
#1469 = ORIENTED_EDGE ( 'NONE', *, *, #4567, .T. ) ;
#1470 = CARTESIAN_POINT ( 'NONE',  ( 3.776497115745560684, 0.04142135623730947014, -1.305000000000000826 ) ) ;
#1471 = CARTESIAN_POINT ( 'NONE',  ( -4.169999999999999929, 4.000000000000000000, 1.904999999999999361 ) ) ;
#1472 = LINE ( 'NONE', #8862, #11544 ) ;
#1473 = EDGE_LOOP ( 'NONE', ( #2617, #8392, #7105, #7735 ) ) ;
#1474 = ORIENTED_EDGE ( 'NONE', *, *, #11072, .T. ) ;
#1475 = DIRECTION ( 'NONE',  ( 0.7071067811865530128, 0.0000000000000000000, -0.7071067811865421326 ) ) ;
#1476 = ORIENTED_EDGE ( 'NONE', *, *, #2105, .T. ) ;
#1477 = DIRECTION ( 'NONE',  ( -0.0000000000000000000, -0.0000000000000000000, -1.000000000000000000 ) ) ;
#1478 = ORIENTED_EDGE ( 'NONE', *, *, #7822, .T. ) ;
#1479 = EDGE_CURVE ( 'NONE', #84, #11626, #4721, .T. ) ;
#1480 = AXIS2_PLACEMENT_3D ( 'NONE', #10205, #9164, #11075 ) ;
#1481 = VERTEX_POINT ( 'NONE', #7752 ) ;
#1482 = EDGE_CURVE ( 'NONE', #11766, #4064, #9814, .T. ) ;
#1483 = DIRECTION ( 'NONE',  ( -1.000000000000000000, -0.0000000000000000000, -0.0000000000000000000 ) ) ;
#1484 = DIRECTION ( 'NONE',  ( -1.000000000000000000, -0.0000000000000000000, 0.0000000000000000000 ) ) ;
#1485 = DIRECTION ( 'NONE',  ( 1.000000000000000000, -0.0000000000000000000, 0.0000000000000000000 ) ) ;
#1486 = CIRCLE ( 'NONE', #5862, 0.1500000000000000222 ) ;
#1487 = ORIENTED_EDGE ( 'NONE', *, *, #445, .F. ) ;
#1488 = ORIENTED_EDGE ( 'NONE', *, *, #11295, .T. ) ;
#1489 = SURFACE_STYLE_USAGE ( .BOTH. , #7892 ) ;
#1490 = FACE_OUTER_BOUND ( 'NONE', #12107, .T. ) ;
#1491 = AXIS2_PLACEMENT_3D ( 'NONE', #2937, #1908, #11354 ) ;
#1492 = VECTOR ( 'NONE', #12258, 1000.000000000000000 ) ;
#1493 = CARTESIAN_POINT ( 'NONE',  ( 2.150446608846516838, 1.899999999999999689, -1.605000000000000648 ) ) ;
#1494 = VERTEX_POINT ( 'NONE', #2086 ) ;
#1495 = ORIENTED_EDGE ( 'NONE', *, *, #7267, .T. ) ;
#1496 = CARTESIAN_POINT ( 'NONE',  ( -2.000000000000000000, 5.787332622142050909, -0.3750000000000000000 ) ) ;
#1497 = CARTESIAN_POINT ( 'NONE',  ( -1.869999999999999662, 0.8500000000000000888, 1.504999999999999449 ) ) ;
#1498 = ADVANCED_FACE ( 'NONE', ( #6875 ), #10598, .F. ) ;
#1499 = EDGE_CURVE ( 'NONE', #4543, #1494, #2210, .T. ) ;
#1500 = CARTESIAN_POINT ( 'NONE',  ( -1.599999999999999867, 0.1000000000000000056, 1.504999999999999449 ) ) ;
#1501 = ORIENTED_EDGE ( 'NONE', *, *, #1277, .T. ) ;
#1502 = LINE ( 'NONE', #11999, #2944 ) ;
#1503 = AXIS2_PLACEMENT_3D ( 'NONE', #5915, #6951, #11675 ) ;
#1504 = ORIENTED_EDGE ( 'NONE', *, *, #11848, .T. ) ;
#1505 = PRESENTATION_LAYER_ASSIGNMENT (  '', '', ( #6649 ) ) ;
#1506 = CARTESIAN_POINT ( 'NONE',  ( -2.149999999999999911, 5.787332622142050909, -0.3750000000000000000 ) ) ;
#1507 = VECTOR ( 'NONE', #4442, 1000.000000000000000 ) ;
#1508 = CIRCLE ( 'NONE', #9662, 0.09999999999999982514 ) ;
#1509 = ORIENTED_EDGE ( 'NONE', *, *, #9383, .T. ) ;
#1510 = DIRECTION ( 'NONE',  ( 1.000000000000000000, 0.0000000000000000000, -0.0000000000000000000 ) ) ;
#1511 = CARTESIAN_POINT ( 'NONE',  ( 4.169999999999999929, 0.0000000000000000000, -0.3549999999999996492 ) ) ;
#1512 = EDGE_LOOP ( 'NONE', ( #5380, #9078, #8483, #11057 ) ) ;
#1513 = ADVANCED_FACE ( 'NONE', ( #9749 ), #1232, .F. ) ;
#1514 =( GEOMETRIC_REPRESENTATION_CONTEXT ( 3 ) GLOBAL_UNCERTAINTY_ASSIGNED_CONTEXT ( ( #6282 ) ) GLOBAL_UNIT_ASSIGNED_CONTEXT ( ( #8459, #5721, #12053 ) ) REPRESENTATION_CONTEXT ( 'NONE', 'WORKASPACE' ) );
#1515 =( NAMED_UNIT ( * ) PLANE_ANGLE_UNIT ( ) SI_UNIT ( $, .RADIAN. ) );
#1516 = CARTESIAN_POINT ( 'NONE',  ( 1.869999999999999885, 1.249999999999999778, 1.304999999999999716 ) ) ;
#1517 = STYLED_ITEM ( 'NONE', ( #3290 ), #4973 ) ;
#1518 = VECTOR ( 'NONE', #1070, 1000.000000000000000 ) ;
#1519 =( LENGTH_UNIT ( ) NAMED_UNIT ( * ) SI_UNIT ( .MILLI., .METRE. ) );
#1520 = DIRECTION ( 'NONE',  ( 0.0000000000000000000, -1.000000000000000000, 0.0000000000000000000 ) ) ;
#1521 = CARTESIAN_POINT ( 'NONE',  ( -0.6500000000000003553, 5.787332622142050909, -0.3750000000000000000 ) ) ;
#1522 =( GEOMETRIC_REPRESENTATION_CONTEXT ( 3 ) GLOBAL_UNCERTAINTY_ASSIGNED_CONTEXT ( ( #5148 ) ) GLOBAL_UNIT_ASSIGNED_CONTEXT ( ( #5217, #4237, #8146 ) ) REPRESENTATION_CONTEXT ( 'NONE', 'WORKASPACE' ) );
#1523 = EDGE_CURVE ( 'NONE', #11262, #1937, #277, .T. ) ;
#1524 = LINE ( 'NONE', #2377, #3896 ) ;
#1525 = ORIENTED_EDGE ( 'NONE', *, *, #9588, .T. ) ;
#1526 = ORIENTED_EDGE ( 'NONE', *, *, #11266, .T. ) ;
#1527 = VECTOR ( 'NONE', #1396, 1000.000000000000000 ) ;
#1528 = AXIS2_PLACEMENT_3D ( 'NONE', #8237, #8176, #1464 ) ;
#1529 = CARTESIAN_POINT ( 'NONE',  ( -1.599999999999999867, 0.0000000000000000000, 1.504999999999999449 ) ) ;
#1530 = EDGE_CURVE ( 'NONE', #6312, #8974, #1357, .T. ) ;
#1531 = FACE_OUTER_BOUND ( 'NONE', #5977, .T. ) ;
#1532 = DIRECTION ( 'NONE',  ( 2.915983305002245764E-17, -0.5000000000000022204, 0.8660254037844373753 ) ) ;
#1533 = ORIENTED_EDGE ( 'NONE', *, *, #8193, .F. ) ;
#1534 = DIRECTION ( 'NONE',  ( 1.000000000000000000, -0.0000000000000000000, 0.0000000000000000000 ) ) ;
#1535 = VECTOR ( 'NONE', #1764, 1000.000000000000000 ) ;
#1536 = EDGE_CURVE ( 'NONE', #9214, #3322, #6928, .T. ) ;
#1537 = ADVANCED_FACE ( 'NONE', ( #5127 ), #8945, .F. ) ;
#1538 = CARTESIAN_POINT ( 'NONE',  ( 1.970000000000000417, 1.308578643762690286, 1.504999999999999227 ) ) ;
#1539 = CARTESIAN_POINT ( 'NONE',  ( 3.219999999999999751, 2.000000000000000000, -1.205000000000000959 ) ) ;
#1540 = ORIENTED_EDGE ( 'NONE', *, *, #2031, .T. ) ;
#1541 = DIRECTION ( 'NONE',  ( -1.000000000000000000, 0.0000000000000000000, 0.0000000000000000000 ) ) ;
#1542 = VERTEX_POINT ( 'NONE', #2335 ) ;
#1543 = ORIENTED_EDGE ( 'NONE', *, *, #8575, .T. ) ;
#1544 = CIRCLE ( 'NONE', #2894, 0.9499999999756988389 ) ;
#1545 = CARTESIAN_POINT ( 'NONE',  ( 0.0000000000000000000, 0.0000000000000000000, 1.304999999999999494 ) ) ;
#1546 = EDGE_CURVE ( 'NONE', #6312, #4695, #1603, .T. ) ;
#1547 = DIRECTION ( 'NONE',  ( 1.000000000000000000, 0.0000000000000000000, 0.0000000000000000000 ) ) ;
#1548 = ORIENTED_EDGE ( 'NONE', *, *, #3911, .F. ) ;
#1549 = CARTESIAN_POINT ( 'NONE',  ( 0.3999999999999996891, -0.5999999999999995337, 1.304999999999999494 ) ) ;
#1550 = AXIS2_PLACEMENT_3D ( 'NONE', #9925, #4136, #7113 ) ;
#1551 = ORIENTED_EDGE ( 'NONE', *, *, #2573, .F. ) ;
#1552 = CARTESIAN_POINT ( 'NONE',  ( 1.870000000000000107, 0.7499999999999997780, 1.604999999999999760 ) ) ;
#1553 = CYLINDRICAL_SURFACE ( 'NONE', #9354, 0.9500000000000002887 ) ;
#1554 = ORIENTED_EDGE ( 'NONE', *, *, #7252, .F. ) ;
#1555 = ORIENTED_EDGE ( 'NONE', *, *, #1738, .F. ) ;
#1556 = UNCERTAINTY_MEASURE_WITH_UNIT (LENGTH_MEASURE( 1.000000000000000082E-05 ), #5853, 'distance_accuracy_value', 'NONE');
#1557 = VECTOR ( 'NONE', #11923, 1000.000000000000000 ) ;
#1558 = CARTESIAN_POINT ( 'NONE',  ( -1.050446608846516972, 1.999999999999999112, 1.505000000000000338 ) ) ;
#1559 = ADVANCED_FACE ( 'NONE', ( #3505 ), #7372, .F. ) ;
#1560 = ORIENTED_EDGE ( 'NONE', *, *, #9579, .F. ) ;
#1561 = DIRECTION ( 'NONE',  ( -0.0000000000000000000, -0.0000000000000000000, -1.000000000000000000 ) ) ;
#1562 = ORIENTED_EDGE ( 'NONE', *, *, #3704, .T. ) ;
#1563 = CARTESIAN_POINT ( 'NONE',  ( 0.0000000000000000000, 4.999999999999995559, 0.1000000000000000056 ) ) ;
#1564 = DIRECTION ( 'NONE',  ( 1.000000000000000000, 0.0000000000000000000, -0.0000000000000000000 ) ) ;
#1565 =( NAMED_UNIT ( * ) PLANE_ANGLE_UNIT ( ) SI_UNIT ( $, .RADIAN. ) );
#1566 = DIRECTION ( 'NONE',  ( 0.0000000000000000000, 0.7071067811865414665, 0.7071067811865536790 ) ) ;
#1567 = DIRECTION ( 'NONE',  ( 1.244625060509296168E-16, 1.000000000000000000, 0.0000000000000000000 ) ) ;
#1568 = VERTEX_POINT ( 'NONE', #5318 ) ;
#1569 = CARTESIAN_POINT ( 'NONE',  ( 0.0000000000000000000, 6.500000000000000888, 0.2499999999999996669 ) ) ;
#1570 = CLOSED_SHELL ( 'NONE', ( #4925, #2091, #2500, #4934, #5864, #135 ) ) ;
#1571 = ORIENTED_EDGE ( 'NONE', *, *, #6128, .T. ) ;
#1572 = LINE ( 'NONE', #3595, #10550 ) ;
#1573 = PLANE ( 'NONE',  #1954 ) ;
#1574 = EDGE_CURVE ( 'NONE', #6482, #5332, #3373, .T. ) ;
#1575 = ADVANCED_FACE ( 'NONE', ( #11843 ), #3314, .F. ) ;
#1576 = AXIS2_PLACEMENT_3D ( 'NONE', #2837, #11201, #2668 ) ;
#1577 = LINE ( 'NONE', #1511, #11797 ) ;
#1578 = EDGE_LOOP ( 'NONE', ( #2958, #11969, #7172, #4640 ) ) ;
#1579 = SURFACE_STYLE_USAGE ( .BOTH. , #10029 ) ;
#1580 = CARTESIAN_POINT ( 'NONE',  ( 1.870000000000000107, 1.304857911324231123, 1.304999999999999716 ) ) ;
#1581 =( NAMED_UNIT ( * ) SI_UNIT ( $, .STERADIAN. ) SOLID_ANGLE_UNIT ( ) );
#1582 = CARTESIAN_POINT ( 'NONE',  ( -3.350000000000000533, 5.541421356237305140, 0.1000000000000000056 ) ) ;
#1583 = PRESENTATION_STYLE_ASSIGNMENT (( #11820 ) ) ;
#1584 = CARTESIAN_POINT ( 'NONE',  ( 4.169999999999999929, 4.000000000000000000, 1.304999999999999494 ) ) ;
#1585 = ORIENTED_EDGE ( 'NONE', *, *, #8206, .F. ) ;
#1586 = CYLINDRICAL_SURFACE ( 'NONE', #618, 0.2999999999999999334 ) ;
#1587 = VECTOR ( 'NONE', #5810, 1000.000000000000000 ) ;
#1588 = CIRCLE ( 'NONE', #4563, 0.1500000000000000222 ) ;
#1589 = EDGE_CURVE ( 'NONE', #6345, #10316, #12092, .T. ) ;
#1590 = ORIENTED_EDGE ( 'NONE', *, *, #11830, .T. ) ;
#1591 = DIRECTION ( 'NONE',  ( 0.0000000000000000000, -0.0000000000000000000, -1.000000000000000000 ) ) ;
#1592 = EDGE_CURVE ( 'NONE', #9488, #5680, #9075, .T. ) ;
#1593 = FACE_OUTER_BOUND ( 'NONE', #7667, .T. ) ;
#1594 = DIRECTION ( 'NONE',  ( -0.0000000000000000000, -0.0000000000000000000, -1.000000000000000000 ) ) ;
#1595 = ORIENTED_EDGE ( 'NONE', *, *, #6230, .F. ) ;
#1596 = CARTESIAN_POINT ( 'NONE',  ( 3.219999999999999751, 0.0000000000000000000, 1.504999999999999449 ) ) ;
#1597 = VECTOR ( 'NONE', #1751, 1000.000000000000000 ) ;
#1598 = DIRECTION ( 'NONE',  ( -0.0000000000000000000, -1.000000000000000000, -0.0000000000000000000 ) ) ;
#1599 = EDGE_LOOP ( 'NONE', ( #9709, #2835, #987, #3967, #9564, #1075, #5125, #4881 ) ) ;
#1600 = CARTESIAN_POINT ( 'NONE',  ( 1.969999999999999973, 1.349999999999999867, 1.504999999999999449 ) ) ;
#1601 = ADVANCED_FACE ( 'NONE', ( #11903 ), #1659, .F. ) ;
#1602 = ORIENTED_EDGE ( 'NONE', *, *, #6686, .T. ) ;
#1603 = CIRCLE ( 'NONE', #10336, 0.2999999999999999334 ) ;
#1604 = EDGE_CURVE ( 'NONE', #7254, #7681, #8185, .T. ) ;
#1605 = DIRECTION ( 'NONE',  ( -0.0000000000000000000, -0.0000000000000000000, -1.000000000000000000 ) ) ;
#1606 = CARTESIAN_POINT ( 'NONE',  ( 0.0000000000000000000, 0.4000000000000003553, 1.304999999999999494 ) ) ;
#1607 = VERTEX_POINT ( 'NONE', #11047 ) ;
#1608 = DIRECTION ( 'NONE',  ( 1.000000000000000000, 0.0000000000000000000, -0.0000000000000000000 ) ) ;
#1609 = VECTOR ( 'NONE', #284, 1000.000000000000000 ) ;
#1610 = ORIENTED_EDGE ( 'NONE', *, *, #7425, .F. ) ;
#1611 = CARTESIAN_POINT ( 'NONE',  ( 4.169999999999999929, 5.350000000000000533, 0.1250000000000000000 ) ) ;
#1612 = EDGE_CURVE ( 'NONE', #9874, #7125, #2570, .T. ) ;
#1613 = VERTEX_POINT ( 'NONE', #6325 ) ;
#1614 = VERTEX_POINT ( 'NONE', #9254 ) ;
#1615 = ORIENTED_EDGE ( 'NONE', *, *, #912, .F. ) ;
#1616 = LINE ( 'NONE', #2528, #2544 ) ;
#1617 = EDGE_CURVE ( 'NONE', #1291, #8680, #4460, .T. ) ;
#1618 = LINE ( 'NONE', #9216, #12268 ) ;
#1619 = AXIS2_PLACEMENT_3D ( 'NONE', #8358, #12022, #2623 ) ;
#1620 = CARTESIAN_POINT ( 'NONE',  ( -3.249999999999998668, 6.500000000000000888, -0.3500000000000000333 ) ) ;
#1621 = ORIENTED_EDGE ( 'NONE', *, *, #3572, .T. ) ;
#1622 = VECTOR ( 'NONE', #8356, 1000.000000000000000 ) ;
#1623 = ORIENTED_EDGE ( 'NONE', *, *, #8354, .F. ) ;
#1624 = CARTESIAN_POINT ( 'NONE',  ( -0.09999999999999971412, -0.5999999999999995337, 1.304999999999999494 ) ) ;
#1625 = CARTESIAN_POINT ( 'NONE',  ( -1.399999999999999689, -0.5999999999999995337, 1.304999999999999494 ) ) ;
#1626 = ORIENTED_EDGE ( 'NONE', *, *, #1005, .T. ) ;
#1627 = CARTESIAN_POINT ( 'NONE',  ( -2.949999999999999734, 0.4000000000000004663, 1.604999999999999760 ) ) ;
#1628 = VECTOR ( 'NONE', #3004, 1000.000000000000000 ) ;
#1629 = ORIENTED_EDGE ( 'NONE', *, *, #3115, .T. ) ;
#1630 = PRODUCT_DEFINITION ( 'UNKNOWN', '', #8468, #10621 ) ;
#1631 = DIRECTION ( 'NONE',  ( -1.000000000000000000, 0.0000000000000000000, -0.0000000000000000000 ) ) ;
#1632 = ORIENTED_EDGE ( 'NONE', *, *, #5135, .T. ) ;
#1633 = VECTOR ( 'NONE', #9489, 1000.000000000000000 ) ;
#1634 = ORIENTED_EDGE ( 'NONE', *, *, #2357, .T. ) ;
#1635 = CARTESIAN_POINT ( 'NONE',  ( -4.469999999999999751, 3.449999999999999734, 0.0000000000000000000 ) ) ;
#1636 = CARTESIAN_POINT ( 'NONE',  ( 3.776497115745559352, 1.449999999999999512, 1.305000000000000382 ) ) ;
#1637 = ORIENTED_EDGE ( 'NONE', *, *, #7868, .F. ) ;
#1638 = FACE_OUTER_BOUND ( 'NONE', #2750, .T. ) ;
#1639 = AXIS2_PLACEMENT_3D ( 'NONE', #1726, #9326, #789 ) ;
#1640 = CYLINDRICAL_SURFACE ( 'NONE', #8593, 0.1000000000000000472 ) ;
#1641 = CARTESIAN_POINT ( 'NONE',  ( 1.869999999999999885, 0.7499999999999997780, 1.504999999999999449 ) ) ;
#1642 = CARTESIAN_POINT ( 'NONE',  ( -2.249999999999997780, 6.500000000000000888, 0.2500000000000001665 ) ) ;
#1643 = CARTESIAN_POINT ( 'NONE',  ( -2.291421356237309137, 6.599999999999999645, 0.1000000000000000056 ) ) ;
#1644 = VECTOR ( 'NONE', #6826, 1000.000000000000000 ) ;
#1645 = ORIENTED_EDGE ( 'NONE', *, *, #2256, .F. ) ;
#1646 = EDGE_CURVE ( 'NONE', #3721, #9088, #10107, .T. ) ;
#1647 = LINE ( 'NONE', #12265, #8570 ) ;
#1648 = CARTESIAN_POINT ( 'NONE',  ( -0.1500000000000004385, 5.787332622142050909, -0.3750000000000000000 ) ) ;
#1649 = AXIS2_PLACEMENT_3D ( 'NONE', #8546, #10578, #6672 ) ;
#1650 = CARTESIAN_POINT ( 'NONE',  ( 0.5999999999999997558, 0.4000000000000002998, 1.304999999999999494 ) ) ;
#1651 = CARTESIAN_POINT ( 'NONE',  ( -1.969999999999999973, 1.350000000000000089, 1.128071624551392021E-16 ) ) ;
#1652 = EDGE_LOOP ( 'NONE', ( #8414, #5415, #8714, #11123 ) ) ;
#1653 = LINE ( 'NONE', #12028, #10057 ) ;
#1654 = DIRECTION ( 'NONE',  ( 0.0000000000000000000, 0.0000000000000000000, 1.000000000000000000 ) ) ;
#1655 = CARTESIAN_POINT ( 'NONE',  ( -1.869999999999999885, 0.8500000000000007550, 1.504999999999999449 ) ) ;
#1656 = ADVANCED_FACE ( 'NONE', ( #657 ), #8307, .T. ) ;
#1657 = VECTOR ( 'NONE', #3843, 1000.000000000000000 ) ;
#1658 = ADVANCED_FACE ( 'NONE', ( #9010 ), #785, .F. ) ;
#1659 = PLANE ( 'NONE',  #2948 ) ;
#1660 = VERTEX_POINT ( 'NONE', #5751 ) ;
#1661 = ORIENTED_EDGE ( 'NONE', *, *, #761, .F. ) ;
#1662 = CARTESIAN_POINT ( 'NONE',  ( -3.140000000000000568, 1.050000000000000044, 1.604999999999999760 ) ) ;
#1663 = CARTESIAN_POINT ( 'NONE',  ( -2.069999999999999840, 1.449999999999999067, 1.405000000000000027 ) ) ;
#1664 = VERTEX_POINT ( 'NONE', #2866 ) ;
#1665 = DIRECTION ( 'NONE',  ( -0.0000000000000000000, -0.0000000000000000000, 1.000000000000000000 ) ) ;
#1666 = EDGE_CURVE ( 'NONE', #10671, #8128, #7438, .T. ) ;
#1667 = LINE ( 'NONE', #5385, #10607 ) ;
#1668 = CARTESIAN_POINT ( 'NONE',  ( 3.752233047033630697, 1.999999999999999334, 1.263578643762690135 ) ) ;
#1669 = ORIENTED_EDGE ( 'NONE', *, *, #9678, .T. ) ;
#1670 = EDGE_CURVE ( 'NONE', #10036, #1213, #2811, .T. ) ;
#1671 = CARTESIAN_POINT ( 'NONE',  ( 0.8999999999999999112, 0.4000000000000002998, 1.304999999999999494 ) ) ;
#1672 = LINE ( 'NONE', #9274, #3359 ) ;
#1673 = ORIENTED_EDGE ( 'NONE', *, *, #31, .T. ) ;
#1674 = ORIENTED_EDGE ( 'NONE', *, *, #9572, .F. ) ;
#1675 = EDGE_LOOP ( 'NONE', ( #8345, #3199, #1615, #9437, #6398 ) ) ;
#1676 = DIRECTION ( 'NONE',  ( -1.000000000000000000, 1.244625060509296168E-16, 0.0000000000000000000 ) ) ;
#1677 = ORIENTED_EDGE ( 'NONE', *, *, #11375, .T. ) ;
#1678 = VECTOR ( 'NONE', #3718, 1000.000000000000000 ) ;
#1679 = DIRECTION ( 'NONE',  ( -0.0000000000000000000, -1.000000000000000000, 0.0000000000000000000 ) ) ;
#1680 = DIRECTION ( 'NONE',  ( 0.0000000000000000000, 1.000000000000000000, 0.0000000000000000000 ) ) ;
#1681 = ADVANCED_FACE ( 'NONE', ( #3757 ), #6682, .F. ) ;
#1682 = DIRECTION ( 'NONE',  ( 0.0000000000000000000, 1.000000000000000000, 0.0000000000000000000 ) ) ;
#1683 = CARTESIAN_POINT ( 'NONE',  ( 4.169999999999999929, 4.000000000000000000, 1.604999999999999538 ) ) ;
#1684 = CARTESIAN_POINT ( 'NONE',  ( 0.9504466088465189921, 2.599999999999999201, -1.605000000000000870 ) ) ;
#1685 = VERTEX_POINT ( 'NONE', #7556 ) ;
#1686 = CARTESIAN_POINT ( 'NONE',  ( -3.776497115745560684, 0.1000000000000000472, -1.305000000000001270 ) ) ;
#1687 = ORIENTED_EDGE ( 'NONE', *, *, #3157, .T. ) ;
#1688 =( GEOMETRIC_REPRESENTATION_CONTEXT ( 3 ) GLOBAL_UNCERTAINTY_ASSIGNED_CONTEXT ( ( #5527 ) ) GLOBAL_UNIT_ASSIGNED_CONTEXT ( ( #5897, #9634, #6822 ) ) REPRESENTATION_CONTEXT ( 'NONE', 'WORKASPACE' ) );
#1689 = ORIENTED_EDGE ( 'NONE', *, *, #4625, .F. ) ;
#1690 = SURFACE_STYLE_USAGE ( .BOTH. , #5416 ) ;
#1691 = VECTOR ( 'NONE', #10144, 1000.000000000000000 ) ;
#1692 = CARTESIAN_POINT ( 'NONE',  ( 3.219999999999999751, 1.899999999999999911, -1.205000000000000959 ) ) ;
#1693 = ORIENTED_EDGE ( 'NONE', *, *, #5635, .F. ) ;
#1694 = CARTESIAN_POINT ( 'NONE',  ( -1.000000000000000000, 2.302902790585058312, -0.3750000000000000000 ) ) ;
#1695 = LINE ( 'NONE', #703, #7609 ) ;
#1696 = CARTESIAN_POINT ( 'NONE',  ( 2.069999999999999840, 1.249999999999999778, 1.604999999999999760 ) ) ;
#1697 = CARTESIAN_POINT ( 'NONE',  ( -2.150446608846517726, 2.599999999999999645, -1.605000000000000870 ) ) ;
#1698 = AXIS2_PLACEMENT_3D ( 'NONE', #8861, #4923, #3037 ) ;
#1699 = AXIS2_PLACEMENT_3D ( 'NONE', #10679, #10553, #2102 ) ;
#1700 = DIRECTION ( 'NONE',  ( 0.0000000000000000000, 0.0000000000000000000, 1.000000000000000000 ) ) ;
#1701 = VECTOR ( 'NONE', #5028, 1000.000000000000000 ) ;
#1702 = AXIS2_PLACEMENT_3D ( 'NONE', #5089, #1323, #11739 ) ;
#1703 = CARTESIAN_POINT ( 'NONE',  ( 0.0000000000000000000, 0.4000000000000003553, 1.304999999999999494 ) ) ;
#1704 = ORIENTED_EDGE ( 'NONE', *, *, #83, .T. ) ;
#1705 = EDGE_LOOP ( 'NONE', ( #934, #6930, #11093, #4174 ) ) ;
#1706 = VECTOR ( 'NONE', #4786, 1000.000000000000000 ) ;
#1707 = MECHANICAL_DESIGN_GEOMETRIC_PRESENTATION_REPRESENTATION (  '', ( #1517 ), #11423 ) ;
#1708 = DIRECTION ( 'NONE',  ( 0.0000000000000000000, -1.000000000000000000, 0.0000000000000000000 ) ) ;
#1709 = VECTOR ( 'NONE', #6899, 1000.000000000000000 ) ;
#1710 = AXIS2_PLACEMENT_3D ( 'NONE', #6730, #966, #11217 ) ;
#1711 = ORIENTED_EDGE ( 'NONE', *, *, #8354, .T. ) ;
#1712 = CARTESIAN_POINT ( 'NONE',  ( -3.550000000000000266, 0.1000000000000001305, 1.604999999999999760 ) ) ;
#1713 = EDGE_CURVE ( 'NONE', #6394, #4695, #9322, .T. ) ;
#1714 = CARTESIAN_POINT ( 'NONE',  ( -1.969999999999999973, 0.8499999999999994227, 0.0000000000000000000 ) ) ;
#1715 = FACE_OUTER_BOUND ( 'NONE', #6023, .T. ) ;
#1716 = ORIENTED_EDGE ( 'NONE', *, *, #5098, .T. ) ;
#1717 = CARTESIAN_POINT ( 'NONE',  ( 2.000000000000000000, 5.787332622142036698, -0.3750000000000000000 ) ) ;
#1718 = PLANE ( 'NONE',  #114 ) ;
#1719 = DIRECTION ( 'NONE',  ( -1.000000000000000000, 0.0000000000000000000, -0.0000000000000000000 ) ) ;
#1720 = VECTOR ( 'NONE', #1831, 1000.000000000000000 ) ;
#1721 = ORIENTED_EDGE ( 'NONE', *, *, #6891, .F. ) ;
#1722 = DIRECTION ( 'NONE',  ( 1.000000000000000000, 0.0000000000000000000, 0.0000000000000000000 ) ) ;
#1723 = VERTEX_POINT ( 'NONE', #28 ) ;
#1724 = ORIENTED_EDGE ( 'NONE', *, *, #5992, .F. ) ;
#1725 = VECTOR ( 'NONE', #6115, 1000.000000000000000 ) ;
#1726 = CARTESIAN_POINT ( 'NONE',  ( -0.1500000000000000222, 5.787332622142050909, -0.3750000000000000000 ) ) ;
#1727 = ADVANCED_FACE ( 'NONE', ( #1945 ), #3692, .F. ) ;
#1728 = DIRECTION ( 'NONE',  ( 0.0000000000000000000, 0.0000000000000000000, -1.000000000000000000 ) ) ;
#1729 = VERTEX_POINT ( 'NONE', #10237 ) ;
#1730 = CARTESIAN_POINT ( 'NONE',  ( 0.3999999999999995226, 0.1000000000000001305, 1.604999999999999760 ) ) ;
#1731 = DIRECTION ( 'NONE',  ( -1.000000000000000000, -0.0000000000000000000, 0.0000000000000000000 ) ) ;
#1732 = CARTESIAN_POINT ( 'NONE',  ( 1.649999999999999911, 5.787332622142040250, 0.3750000000000000000 ) ) ;
#1733 = ORIENTED_EDGE ( 'NONE', *, *, #2562, .F. ) ;
#1734 = LINE ( 'NONE', #3578, #7399 ) ;
#1735 = FACE_OUTER_BOUND ( 'NONE', #161, .T. ) ;
#1736 = EDGE_LOOP ( 'NONE', ( #2939, #578, #11703, #2672 ) ) ;
#1737 = VERTEX_POINT ( 'NONE', #5509 ) ;
#1738 = EDGE_CURVE ( 'NONE', #3217, #2608, #11227, .T. ) ;
#1739 = DIRECTION ( 'NONE',  ( -1.000000000000000000, -0.0000000000000000000, -0.0000000000000000000 ) ) ;
#1740 = LINE ( 'NONE', #3711, #2985 ) ;
#1741 = EDGE_CURVE ( 'NONE', #7883, #3622, #1030, .T. ) ;
#1742 = DIRECTION ( 'NONE',  ( 1.000000000000000000, 0.0000000000000000000, 0.0000000000000000000 ) ) ;
#1743 = ORIENTED_EDGE ( 'NONE', *, *, #2981, .F. ) ;
#1744 =( GEOMETRIC_REPRESENTATION_CONTEXT ( 3 ) GLOBAL_UNCERTAINTY_ASSIGNED_CONTEXT ( ( #8269 ) ) GLOBAL_UNIT_ASSIGNED_CONTEXT ( ( #7733, #10407, #2977 ) ) REPRESENTATION_CONTEXT ( 'NONE', 'WORKASPACE' ) );
#1745 = CARTESIAN_POINT ( 'NONE',  ( -2.050446608846517638, 2.499999999999999556, 1.505000000000000338 ) ) ;
#1746 = SURFACE_STYLE_USAGE ( .BOTH. , #11252 ) ;
#1747 = CARTESIAN_POINT ( 'NONE',  ( 0.09999999999999971412, -0.5999999999999995337, 1.604999999999999760 ) ) ;
#1748 = DIRECTION ( 'NONE',  ( 0.0000000000000000000, -0.7071067811865530128, 0.7071067811865421326 ) ) ;
#1749 = CARTESIAN_POINT ( 'NONE',  ( -2.000000000000000000, 2.302902790585058312, -0.3750000000000000000 ) ) ;
#1750 = LINE ( 'NONE', #9408, #10318 ) ;
#1751 = DIRECTION ( 'NONE',  ( -0.0000000000000000000, -1.000000000000000000, -0.0000000000000000000 ) ) ;
#1752 = CARTESIAN_POINT ( 'NONE',  ( 1.000000000000000000, 5.787332622142043803, 0.3750000000000000000 ) ) ;
#1753 = ORIENTED_EDGE ( 'NONE', *, *, #6962, .T. ) ;
#1754 = AXIS2_PLACEMENT_3D ( 'NONE', #11189, #11126, #6409 ) ;
#1755 = EDGE_CURVE ( 'NONE', #7995, #6695, #12112, .T. ) ;
#1756 = CARTESIAN_POINT ( 'NONE',  ( 4.394049177309263988E-17, 3.449999999999999734, 1.304999999999999716 ) ) ;
#1757 = ORIENTED_EDGE ( 'NONE', *, *, #1065, .T. ) ;
#1758 = EDGE_CURVE ( 'NONE', #1187, #3089, #576, .T. ) ;
#1759 = ORIENTED_EDGE ( 'NONE', *, *, #1962, .F. ) ;
#1760 = CARTESIAN_POINT ( 'NONE',  ( -0.8999999999999999112, 0.4000000000000002998, 1.304999999999999494 ) ) ;
#1761 = DIRECTION ( 'NONE',  ( 0.0000000000000000000, -0.0000000000000000000, 1.000000000000000000 ) ) ;
#1762 = CARTESIAN_POINT ( 'NONE',  ( -4.169999999999999929, 2.000000000000000000, -0.3550000000000003153 ) ) ;
#1763 = CLOSED_SHELL ( 'NONE', ( #7867, #1830, #9193, #3142, #10305, #11090 ) ) ;
#1764 = DIRECTION ( 'NONE',  ( 1.000000000000000000, 0.0000000000000000000, -0.0000000000000000000 ) ) ;
#1765 = DIRECTION ( 'NONE',  ( 0.0000000000000000000, 0.0000000000000000000, 1.000000000000000000 ) ) ;
#1766 = ORIENTED_EDGE ( 'NONE', *, *, #6806, .T. ) ;
#1767 = CARTESIAN_POINT ( 'NONE',  ( 1.969999999999999973, 0.7499999999999997780, 1.604999999999999538 ) ) ;
#1768 = ORIENTED_EDGE ( 'NONE', *, *, #4723, .F. ) ;
#1769 = EDGE_CURVE ( 'NONE', #7268, #6907, #9138, .T. ) ;
#1770 = CARTESIAN_POINT ( 'NONE',  ( -1.399999999999999245, 0.0000000000000000000, -0.3550000000000007039 ) ) ;
#1771 = VECTOR ( 'NONE', #11543, 1000.000000000000000 ) ;
#1772 = EDGE_CURVE ( 'NONE', #100, #4587, #8618, .T. ) ;
#1773 = CARTESIAN_POINT ( 'NONE',  ( -3.350000000000000977, 0.0000000000000000000, 0.1000000000000000056 ) ) ;
#1774 = ORIENTED_EDGE ( 'NONE', *, *, #2550, .F. ) ;
#1775 = CARTESIAN_POINT ( 'NONE',  ( -3.219999999999999751, 3.449999999999999734, 1.604999999999999760 ) ) ;
#1776 = ORIENTED_EDGE ( 'NONE', *, *, #4619, .F. ) ;
#1777 = LINE ( 'NONE', #3621, #1085 ) ;
#1778 = VECTOR ( 'NONE', #978, 1000.000000000000000 ) ;
#1779 = ORIENTED_EDGE ( 'NONE', *, *, #2296, .T. ) ;
#1780 = DIRECTION ( 'NONE',  ( -1.734723475976807341E-16, -1.000000000000000000, 0.0000000000000000000 ) ) ;
#1781 = ORIENTED_EDGE ( 'NONE', *, *, #9713, .T. ) ;
#1782 = EDGE_LOOP ( 'NONE', ( #7795, #5963, #478, #1812, #9026 ) ) ;
#1783 = CARTESIAN_POINT ( 'NONE',  ( 3.219999999999999751, 0.1000000000000000056, 1.504999999999999449 ) ) ;
#1784 = AXIS2_PLACEMENT_3D ( 'NONE', #10386, #3786, #11373 ) ;
#1785 = PLANE ( 'NONE',  #1639 ) ;
#1786 = ORIENTED_EDGE ( 'NONE', *, *, #8557, .F. ) ;
#1787 = DIRECTION ( 'NONE',  ( 0.0000000000000000000, 0.0000000000000000000, -1.000000000000000000 ) ) ;
#1788 = ORIENTED_EDGE ( 'NONE', *, *, #9047, .F. ) ;
#1789 = CARTESIAN_POINT ( 'NONE',  ( -1.099999999999999867, 0.4000000000000002998, 1.304999999999999494 ) ) ;
#1790 = DIRECTION ( 'NONE',  ( 0.0000000000000000000, -1.000000000000000000, -0.0000000000000000000 ) ) ;
#1791 = AXIS2_PLACEMENT_3D ( 'NONE', #12033, #8244, #11109 ) ;
#1792 = ORIENTED_EDGE ( 'NONE', *, *, #1976, .F. ) ;
#1793 = ORIENTED_EDGE ( 'NONE', *, *, #12132, .T. ) ;
#1794 = EDGE_CURVE ( 'NONE', #8288, #10109, #8866, .T. ) ;
#1795 = ADVANCED_FACE ( 'NONE', ( #5113 ), #8930, .T. ) ;
#1796 = ORIENTED_EDGE ( 'NONE', *, *, #6954, .T. ) ;
#1797 = FACE_OUTER_BOUND ( 'NONE', #6922, .T. ) ;
#1798 = CARTESIAN_POINT ( 'NONE',  ( -4.469999999999999751, 1.050000000000000044, 0.1499999999999999944 ) ) ;
#1799 = VECTOR ( 'NONE', #8684, 1000.000000000000000 ) ;
#1800 = ORIENTED_EDGE ( 'NONE', *, *, #8318, .T. ) ;
#1801 = FACE_OUTER_BOUND ( 'NONE', #15, .T. ) ;
#1802 = PLANE ( 'NONE',  #9997 ) ;
#1803 = CARTESIAN_POINT ( 'NONE',  ( -2.150000000000000355, 0.4000000000000004663, 1.604999999999999760 ) ) ;
#1804 = CARTESIAN_POINT ( 'NONE',  ( 4.050106685301021692, -0.0000000000000000000, -0.5675596451366049511 ) ) ;
#1805 = DIRECTION ( 'NONE',  ( -1.244625060509296168E-16, -1.000000000000000000, 0.0000000000000000000 ) ) ;
#1806 = EDGE_CURVE ( 'NONE', #4350, #2526, #4928, .T. ) ;
#1807 = LINE ( 'NONE', #5598, #4224 ) ;
#1808 = CIRCLE ( 'NONE', #11, 0.9500000000000005107 ) ;
#1809 =( NAMED_UNIT ( * ) SI_UNIT ( $, .STERADIAN. ) SOLID_ANGLE_UNIT ( ) );
#1810 = AXIS2_PLACEMENT_3D ( 'NONE', #2615, #8482, #772 ) ;
#1811 = CARTESIAN_POINT ( 'NONE',  ( 1.599999999999999867, 0.4000000000000003553, 1.304999999999999494 ) ) ;
#1812 = ORIENTED_EDGE ( 'NONE', *, *, #11687, .T. ) ;
#1813 = CARTESIAN_POINT ( 'NONE',  ( 2.069999999999999840, 1.349999999999999867, 1.504999999999999449 ) ) ;
#1814 = CARTESIAN_POINT ( 'NONE',  ( 0.0000000000000000000, 0.0000000000000000000, 1.304999999999999494 ) ) ;
#1815 = EDGE_CURVE ( 'NONE', #5330, #7132, #6736, .T. ) ;
#1816 = VECTOR ( 'NONE', #3613, 1000.000000000000000 ) ;
#1817 = FACE_OUTER_BOUND ( 'NONE', #425, .T. ) ;
#1818 = CARTESIAN_POINT ( 'NONE',  ( -1.899999999999999689, 0.0000000000000000000, 1.604999999999999760 ) ) ;
#1819 = ORIENTED_EDGE ( 'NONE', *, *, #11864, .T. ) ;
#1820 = EDGE_CURVE ( 'NONE', #11151, #11558, #10729, .T. ) ;
#1821 = ADVANCED_FACE ( 'NONE', ( #10528 ), #9795, .F. ) ;
#1822 = DIRECTION ( 'NONE',  ( 9.130123557772666115E-16, 0.0000000000000000000, -1.000000000000000000 ) ) ;
#1823 = ORIENTED_EDGE ( 'NONE', *, *, #10700, .T. ) ;
#1824 = ORIENTED_EDGE ( 'NONE', *, *, #7152, .F. ) ;
#1825 = CARTESIAN_POINT ( 'NONE',  ( 2.350000000000002309, 6.399999999999997691, -0.3500000000000000333 ) ) ;
#1826 = DIRECTION ( 'NONE',  ( -0.0000000000000000000, -0.0000000000000000000, -1.000000000000000000 ) ) ;
#1827 = CARTESIAN_POINT ( 'NONE',  ( 1.969999999999999973, 0.9499999999999998446, 10.05355608965224157 ) ) ;
#1828 = ORIENTED_EDGE ( 'NONE', *, *, #3477, .F. ) ;
#1829 = CARTESIAN_POINT ( 'NONE',  ( 3.250000000000001776, 0.0000000000000000000, -0.1000000000000000056 ) ) ;
#1830 = ADVANCED_FACE ( 'NONE', ( #10783 ), #7792, .T. ) ;
#1831 = DIRECTION ( 'NONE',  ( 0.0000000000000000000, 0.0000000000000000000, 1.000000000000000000 ) ) ;
#1832 = CARTESIAN_POINT ( 'NONE',  ( 0.09999999999999971412, 0.4000000000000003553, 1.304999999999999494 ) ) ;
#1833 = VERTEX_POINT ( 'NONE', #11764 ) ;
#1834 = EDGE_CURVE ( 'NONE', #6988, #9225, #8731, .T. ) ;
#1835 = CARTESIAN_POINT ( 'NONE',  ( -1.899999999999999689, 0.1000000000000000056, 1.504999999999999449 ) ) ;
#1836 = ORIENTED_EDGE ( 'NONE', *, *, #10174, .T. ) ;
#1837 = VECTOR ( 'NONE', #5173, 1000.000000000000000 ) ;
#1838 = ORIENTED_EDGE ( 'NONE', *, *, #6619, .T. ) ;
#1839 = LINE ( 'NONE', #7630, #7570 ) ;
#1840 = AXIS2_PLACEMENT_3D ( 'NONE', #327, #11758, #6055 ) ;
#1841 = FACE_OUTER_BOUND ( 'NONE', #7485, .T. ) ;
#1842 = EDGE_LOOP ( 'NONE', ( #8752, #7542, #553, #7400, #273 ) ) ;
#1843 = DIRECTION ( 'NONE',  ( -0.0000000000000000000, 1.000000000000000000, -0.0000000000000000000 ) ) ;
#1844 = EDGE_CURVE ( 'NONE', #9054, #3435, #2002, .T. ) ;
#1845 = CIRCLE ( 'NONE', #4019, 0.1000000000000000472 ) ;
#1846 = DIRECTION ( 'NONE',  ( 1.000000000000000000, 0.0000000000000000000, -0.0000000000000000000 ) ) ;
#1847 = FILL_AREA_STYLE_COLOUR ( '', #7003 ) ;
#1848 = ORIENTED_EDGE ( 'NONE', *, *, #1883, .T. ) ;
#1849 = DIRECTION ( 'NONE',  ( -0.0000000000000000000, -0.0000000000000000000, -1.000000000000000000 ) ) ;
#1850 = CIRCLE ( 'NONE', #1262, 0.1000000000000000472 ) ;
#1851 = VERTEX_POINT ( 'NONE', #9679 ) ;
#1852 = PRESENTATION_LAYER_ASSIGNMENT (  '', '', ( #1265 ) ) ;
#1853 = LINE ( 'NONE', #1916, #7960 ) ;
#1854 = CARTESIAN_POINT ( 'NONE',  ( -1.969999999999999751, 1.249999999999999112, 1.346421356237309519 ) ) ;
#1855 = ORIENTED_EDGE ( 'NONE', *, *, #10086, .T. ) ;
#1856 = EDGE_CURVE ( 'NONE', #10325, #7137, #11635, .T. ) ;
#1857 = CARTESIAN_POINT ( 'NONE',  ( -2.750000000000000888, 0.4000000000000004663, 1.304999999999999494 ) ) ;
#1858 = PLANE ( 'NONE',  #4076 ) ;
#1859 = LINE ( 'NONE', #3656, #660 ) ;
#1860 = CARTESIAN_POINT ( 'NONE',  ( 3.219999999999999751, 3.449999999999999734, 1.604999999999999760 ) ) ;
#1861 = DIRECTION ( 'NONE',  ( -1.000000000000000000, -0.0000000000000000000, 0.0000000000000000000 ) ) ;
#1862 = CARTESIAN_POINT ( 'NONE',  ( 1.050446608846517860, 1.999999999999999556, 2.595000000000000195 ) ) ;
#1863 = ORIENTED_EDGE ( 'NONE', *, *, #2807, .F. ) ;
#1864 = AXIS2_PLACEMENT_3D ( 'NONE', #7857, #10779, #11632 ) ;
#1865 = B_SPLINE_CURVE_WITH_KNOTS ( 'NONE', 3,
 ( #6311, #946, #12252, #3847, #4789, #5532, #2664, #9582, #6532, #10330, #4735, #7650, #8525, #5724, #1804, #12310, #3719 ),
 .UNSPECIFIED., .F., .F.,
 ( 4, 1, 2, 2, 2, 1, 1, 2, 2, 4 ),
 ( 0.0000000000000000000, 0.1249999999999995837, 0.1874999999999993339, 0.2499999999999990563, 0.4999999999999983347, 0.6249999999999978906, 0.6874999999999976685, 0.7187499999999980016, 0.7499999999999983347, 1.000000000000000000 ),
 .UNSPECIFIED. ) ;
#1866 = ORIENTED_EDGE ( 'NONE', *, *, #2259, .T. ) ;
#1867 = EDGE_CURVE ( 'NONE', #5329, #1723, #6798, .T. ) ;
#1868 = EDGE_CURVE ( 'NONE', #4859, #2307, #2955, .T. ) ;
#1869 = FILL_AREA_STYLE_COLOUR ( '', #5813 ) ;
#1870 = LINE ( 'NONE', #4110, #1709 ) ;
#1871 = CARTESIAN_POINT ( 'NONE',  ( 0.1500000000000000222, 5.787332622142050909, 0.3750000000000000000 ) ) ;
#1872 = DIRECTION ( 'NONE',  ( 0.0000000000000000000, -0.0000000000000000000, -1.000000000000000000 ) ) ;
#1873 = CARTESIAN_POINT ( 'NONE',  ( -4.170000000000000817, 1.958578643762691085, -0.9114971157455605821 ) ) ;
#1874 = ORIENTED_EDGE ( 'NONE', *, *, #668, .T. ) ;
#1875 = AXIS2_PLACEMENT_3D ( 'NONE', #2827, #1919, #686 ) ;
#1876 = AXIS2_PLACEMENT_3D ( 'NONE', #11300, #1910, #2761 ) ;
#1877 = ORIENTED_EDGE ( 'NONE', *, *, #1794, .F. ) ;
#1878 = EDGE_CURVE ( 'NONE', #1891, #10748, #9363, .T. ) ;
#1879 = EDGE_LOOP ( 'NONE', ( #11751, #49, #10881, #9697 ) ) ;
#1880 = AXIS2_PLACEMENT_3D ( 'NONE', #11206, #8409, #6657 ) ;
#1881 = CARTESIAN_POINT ( 'NONE',  ( -2.890000000000000124, 1.050000000000000044, 2.285000000028958311 ) ) ;
#1882 = VECTOR ( 'NONE', #5779, 1000.000000000000000 ) ;
#1883 = EDGE_CURVE ( 'NONE', #1494, #6950, #7753, .T. ) ;
#1884 = ADVANCED_FACE ( 'NONE', ( #8800 ), #7859, .F. ) ;
#1885 = AXIS2_PLACEMENT_3D ( 'NONE', #11660, #7071, #6998 ) ;
#1886 = CARTESIAN_POINT ( 'NONE',  ( -2.149999999999999911, 0.1000000000000001305, 1.604999999999999760 ) ) ;
#1887 = CARTESIAN_POINT ( 'NONE',  ( 4.169999999999999929, 1.449999999999999734, 0.3549999999999994826 ) ) ;
#1888 = VECTOR ( 'NONE', #7239, 1000.000000000000000 ) ;
#1889 = ORIENTED_EDGE ( 'NONE', *, *, #3442, .T. ) ;
#1890 = CARTESIAN_POINT ( 'NONE',  ( 2.890000000000000124, 1.050000000000000044, 2.284999999999999698 ) ) ;
#1891 = VERTEX_POINT ( 'NONE', #5361 ) ;
#1892 = DIRECTION ( 'NONE',  ( 0.7071067811865489050, -0.7071067811865462405, 0.0000000000000000000 ) ) ;
#1893 = ORIENTED_EDGE ( 'NONE', *, *, #3115, .F. ) ;
#1894 = CARTESIAN_POINT ( 'NONE',  ( -4.069999999999999396, 0.1000000000000000056, 1.504999999999999449 ) ) ;
#1895 = VERTEX_POINT ( 'NONE', #4381 ) ;
#1896 = PRESENTATION_LAYER_ASSIGNMENT (  '', '', ( #3474 ) ) ;
#1897 = AXIS2_PLACEMENT_3D ( 'NONE', #8674, #254, #4051 ) ;
#1898 = ORIENTED_EDGE ( 'NONE', *, *, #6674, .F. ) ;
#1899 = CARTESIAN_POINT ( 'NONE',  ( 4.128578643762690348, 0.0000000000000000000, 1.504999999999999227 ) ) ;
#1900 = ADVANCED_FACE ( 'NONE', ( #9118 ), #7104, .T. ) ;
#1901 = DIRECTION ( 'NONE',  ( 0.0000000000000000000, 1.000000000000000000, 0.0000000000000000000 ) ) ;
#1902 = CARTESIAN_POINT ( 'NONE',  ( 1.399999999999999689, -0.5999999999999995337, 1.304999999999999494 ) ) ;
#1903 = EDGE_CURVE ( 'NONE', #201, #10870, #10967, .T. ) ;
#1904 = DIRECTION ( 'NONE',  ( 0.7071067811865536790, 0.0000000000000000000, -0.7071067811865414665 ) ) ;
#1905 = ORIENTED_EDGE ( 'NONE', *, *, #2471, .F. ) ;
#1906 = MECHANICAL_DESIGN_GEOMETRIC_PRESENTATION_REPRESENTATION (  '', ( #3073 ), #1328 ) ;
#1907 = STYLED_ITEM ( 'NONE', ( #9231 ), #4940 ) ;
#1908 = DIRECTION ( 'NONE',  ( -1.000000000000000000, 0.0000000000000000000, 0.0000000000000000000 ) ) ;
#1909 = PRESENTATION_STYLE_ASSIGNMENT (( #10423 ) ) ;
#1910 = DIRECTION ( 'NONE',  ( 1.000000000000000000, -1.244625060509296168E-16, 0.0000000000000000000 ) ) ;
#1911 = ORIENTED_EDGE ( 'NONE', *, *, #9969, .F. ) ;
#1912 = CYLINDRICAL_SURFACE ( 'NONE', #5801, 0.1000000000000000472 ) ;
#1913 = DIRECTION ( 'NONE',  ( 0.0000000000000000000, 0.0000000000000000000, -1.000000000000000000 ) ) ;
#1914 = VERTEX_POINT ( 'NONE', #2442 ) ;
#1915 = AXIS2_PLACEMENT_3D ( 'NONE', #3749, #7548, #4810 ) ;
#1916 = CARTESIAN_POINT ( 'NONE',  ( -4.069999999999999396, 7.299999999999999822, 1.604999999999999760 ) ) ;
#1917 = LINE ( 'NONE', #6881, #10547 ) ;
#1918 = ORIENTED_EDGE ( 'NONE', *, *, #4014, .F. ) ;
#1919 = DIRECTION ( 'NONE',  ( 0.0000000000000000000, 0.0000000000000000000, -1.000000000000000000 ) ) ;
#1920 = DIRECTION ( 'NONE',  ( -0.0000000000000000000, -0.0000000000000000000, 1.000000000000000000 ) ) ;
#1921 = CARTESIAN_POINT ( 'NONE',  ( -4.169999999999999929, 5.350000000000000533, 0.0000000000000000000 ) ) ;
#1922 = DIRECTION ( 'NONE',  ( 0.0000000000000000000, -0.0000000000000000000, 1.000000000000000000 ) ) ;
#1923 = DIRECTION ( 'NONE',  ( 0.0000000000000000000, 0.0000000000000000000, 1.000000000000000000 ) ) ;
#1924 = CARTESIAN_POINT ( 'NONE',  ( 2.149999999999999911, 5.787332622142036698, -0.3750000000000000000 ) ) ;
#1925 = VERTEX_POINT ( 'NONE', #4324 ) ;
#1926 = CIRCLE ( 'NONE', #8502, 0.1000000000000000472 ) ;
#1927 = DIRECTION ( 'NONE',  ( -1.000000000000000000, 0.0000000000000000000, 0.0000000000000000000 ) ) ;
#1928 = SURFACE_STYLE_FILL_AREA ( #6598 ) ;
#1929 = FACE_OUTER_BOUND ( 'NONE', #283, .T. ) ;
#1930 = CARTESIAN_POINT ( 'NONE',  ( -4.469999999999999751, 0.0000000000000000000, 0.0000000000000000000 ) ) ;
#1931 = ORIENTED_EDGE ( 'NONE', *, *, #2733, .F. ) ;
#1932 = FACE_OUTER_BOUND ( 'NONE', #4975, .T. ) ;
#1933 = ORIENTED_EDGE ( 'NONE', *, *, #8949, .F. ) ;
#1934 = CYLINDRICAL_SURFACE ( 'NONE', #6333, 0.3000000000000001554 ) ;
#1935 = EDGE_CURVE ( 'NONE', #4083, #5714, #5542, .T. ) ;
#1936 = EDGE_CURVE ( 'NONE', #7230, #3759, #7304, .T. ) ;
#1937 = VERTEX_POINT ( 'NONE', #10093 ) ;
#1938 = LINE ( 'NONE', #5741, #3191 ) ;
#1939 = CARTESIAN_POINT ( 'NONE',  ( -0.3999999999999996891, -0.5999999999999995337, 1.304999999999999494 ) ) ;
#1940 = CARTESIAN_POINT ( 'NONE',  ( 2.750000000000000888, -0.5999999999999993117, 1.604999999999999760 ) ) ;
#1941 = ORIENTED_EDGE ( 'NONE', *, *, #6619, .F. ) ;
#1942 = LINE ( 'NONE', #9550, #10668 ) ;
#1943 = PLANE ( 'NONE',  #5071 ) ;
#1944 = VERTEX_POINT ( 'NONE', #9915 ) ;
#1945 = FACE_OUTER_BOUND ( 'NONE', #1782, .T. ) ;
#1946 = VERTEX_POINT ( 'NONE', #3423 ) ;
#1947 = EDGE_CURVE ( 'NONE', #11862, #5647, #8046, .T. ) ;
#1948 = EDGE_CURVE ( 'NONE', #7456, #4042, #10156, .T. ) ;
#1949 = ORIENTED_EDGE ( 'NONE', *, *, #11241, .T. ) ;
#1950 = CARTESIAN_POINT ( 'NONE',  ( 4.169999999999999929, 3.700000000000000178, 0.0000000000000000000 ) ) ;
#1951 = DIRECTION ( 'NONE',  ( -0.0000000000000000000, -0.0000000000000000000, 1.000000000000000000 ) ) ;
#1952 = DIRECTION ( 'NONE',  ( 1.000000000000000000, -0.0000000000000000000, 0.0000000000000000000 ) ) ;
#1953 = ORIENTED_EDGE ( 'NONE', *, *, #5619, .F. ) ;
#1954 = AXIS2_PLACEMENT_3D ( 'NONE', #2431, #10890, #4500 ) ;
#1955 = DIRECTION ( 'NONE',  ( -0.5773502691896257311, 0.5773502691896257311, -0.5773502691896257311 ) ) ;
#1956 = CARTESIAN_POINT ( 'NONE',  ( -3.549999999999999822, -0.5999999999999993117, 1.304999999999999494 ) ) ;
#1957 = ADVANCED_FACE ( 'NONE', ( #9180 ), #11029, .F. ) ;
#1958 = VERTEX_POINT ( 'NONE', #3491 ) ;
#1959 = FACE_OUTER_BOUND ( 'NONE', #11622, .T. ) ;
#1960 = LINE ( 'NONE', #1231, #10545 ) ;
#1961 = DIRECTION ( 'NONE',  ( 0.0000000000000000000, -0.0000000000000000000, 1.000000000000000000 ) ) ;
#1962 = EDGE_CURVE ( 'NONE', #8448, #2143, #6246, .T. ) ;
#1963 = ADVANCED_FACE ( 'NONE', ( #5428 ), #9980, .T. ) ;
#1964 = ORIENTED_EDGE ( 'NONE', *, *, #3253, .T. ) ;
#1965 = AXIS2_PLACEMENT_3D ( 'NONE', #6902, #3144, #4043 ) ;
#1966 = DIRECTION ( 'NONE',  ( -1.000000000000000000, -0.0000000000000000000, -0.0000000000000000000 ) ) ;
#1967 = DIRECTION ( 'NONE',  ( -0.0000000000000000000, -0.0000000000000000000, -1.000000000000000000 ) ) ;
#1968 = CARTESIAN_POINT ( 'NONE',  ( -2.000000000000000000, 5.787332622142050909, 0.3750000000000000000 ) ) ;
#1969 = ORIENTED_EDGE ( 'NONE', *, *, #10856, .F. ) ;
#1970 = LINE ( 'NONE', #2218, #1706 ) ;
#1971 = CARTESIAN_POINT ( 'NONE',  ( -0.8999999999999998002, 0.1000000000000000056, 1.504999999999999449 ) ) ;
#1972 = LINE ( 'NONE', #3071, #4673 ) ;
#1973 = LINE ( 'NONE', #3591, #8125 ) ;
#1974 = FILL_AREA_STYLE ('',( #5842 ) ) ;
#1975 = VERTEX_POINT ( 'NONE', #10038 ) ;
#1976 = EDGE_CURVE ( 'NONE', #8818, #10515, #712, .T. ) ;
#1977 = CARTESIAN_POINT ( 'NONE',  ( -3.140000000027558524, 1.050000000000000044, 2.184999999999999165 ) ) ;
#1978 = CARTESIAN_POINT ( 'NONE',  ( 2.150000000000000355, -0.5999999999999993117, 1.604999999999999760 ) ) ;
#1979 = CARTESIAN_POINT ( 'NONE',  ( 2.069999999999999840, 1.449999999999999956, 1.304999999999999938 ) ) ;
#1980 = VERTEX_POINT ( 'NONE', #8997 ) ;
#1981 = DIRECTION ( 'NONE',  ( -1.836970198721029688E-16, 0.0000000000000000000, -1.000000000000000000 ) ) ;
#1982 = PLANE ( 'NONE',  #8469 ) ;
#1983 = LINE ( 'NONE', #11801, #3456 ) ;
#1984 = DIRECTION ( 'NONE',  ( -1.000000000000000000, -0.0000000000000000000, -0.0000000000000000000 ) ) ;
#1985 = DIRECTION ( 'NONE',  ( -6.123233995736793153E-17, -0.8660254037844373753, 0.5000000000000022204 ) ) ;
#1986 = AXIS2_PLACEMENT_3D ( 'NONE', #12095, #3571, #7377 ) ;
#1987 = LINE ( 'NONE', #7782, #8174 ) ;
#1988 = ORIENTED_EDGE ( 'NONE', *, *, #9311, .T. ) ;
#1989 = DIRECTION ( 'NONE',  ( 1.000000000000000000, 0.0000000000000000000, 0.0000000000000000000 ) ) ;
#1990 = VECTOR ( 'NONE', #5956, 1000.000000000000000 ) ;
#1991 = ORIENTED_EDGE ( 'NONE', *, *, #7223, .F. ) ;
#1992 = CARTESIAN_POINT ( 'NONE',  ( 4.169999999990873896, 7.040192378879820190, -0.3549999999999996492 ) ) ;
#1993 = VECTOR ( 'NONE', #9370, 1000.000000000000000 ) ;
#1994 = CARTESIAN_POINT ( 'NONE',  ( 4.095945632836063943, 1.349999999999999645, 0.8810731492461080228 ) ) ;
#1995 = CARTESIAN_POINT ( 'NONE',  ( 0.5000000000000000000, 2.302902790585054760, 0.3750000000000000000 ) ) ;
#1996 = DIRECTION ( 'NONE',  ( 0.0000000000000000000, -0.0000000000000000000, 1.000000000000000000 ) ) ;
#1997 = VERTEX_POINT ( 'NONE', #8297 ) ;
#1998 = ADVANCED_FACE ( 'NONE', ( #8168 ), #3225, .F. ) ;
#1999 = CIRCLE ( 'NONE', #3987, 0.1000000000000002554 ) ;
#2000 = PLANE ( 'NONE',  #11247 ) ;
#2001 = ORIENTED_EDGE ( 'NONE', *, *, #1108, .T. ) ;
#2002 = LINE ( 'NONE', #4061, #1587 ) ;
#2003 = ORIENTED_EDGE ( 'NONE', *, *, #5978, .F. ) ;
#2004 = VECTOR ( 'NONE', #3273, 1000.000000000000000 ) ;
#2005 = ORIENTED_EDGE ( 'NONE', *, *, #4328, .F. ) ;
#2006 = ORIENTED_EDGE ( 'NONE', *, *, #7393, .T. ) ;
#2007 = DIRECTION ( 'NONE',  ( -0.0000000000000000000, -0.0000000000000000000, 1.000000000000000000 ) ) ;
#2008 = AXIS2_PLACEMENT_3D ( 'NONE', #1752, #9166, #10078 ) ;
#2009 = PLANE ( 'NONE',  #8157 ) ;
#2010 = FACE_OUTER_BOUND ( 'NONE', #5454, .T. ) ;
#2011 = CARTESIAN_POINT ( 'NONE',  ( 3.549999999999999822, 0.0000000000000000000, 1.304999999999999494 ) ) ;
#2012 = ORIENTED_EDGE ( 'NONE', *, *, #8122, .F. ) ;
#2013 = LINE ( 'NONE', #6692, #9101 ) ;
#2014 = VECTOR ( 'NONE', #3573, 1000.000000000000000 ) ;
#2015 = EDGE_CURVE ( 'NONE', #8802, #3753, #1865, .T. ) ;
#2016 = EDGE_CURVE ( 'NONE', #8757, #2484, #4666, .T. ) ;
#2017 = SURFACE_STYLE_USAGE ( .BOTH. , #3890 ) ;
#2018 = DIRECTION ( 'NONE',  ( -0.7071067811865466846, -0.7071067811865483499, 0.0000000000000000000 ) ) ;
#2019 = EDGE_LOOP ( 'NONE', ( #3150, #7390, #8403, #6544 ) ) ;
#2020 = DIRECTION ( 'NONE',  ( 0.0000000000000000000, -0.0000000000000000000, 1.000000000000000000 ) ) ;
#2021 = LINE ( 'NONE', #1290, #2200 ) ;
#2022 = CIRCLE ( 'NONE', #2588, 0.2999999999999999334 ) ;
#2023 = ORIENTED_EDGE ( 'NONE', *, *, #10670, .T. ) ;
#2024 = ORIENTED_EDGE ( 'NONE', *, *, #5324, .F. ) ;
#2025 = AXIS2_PLACEMENT_3D ( 'NONE', #5503, #12024, #581 ) ;
#2026 = CARTESIAN_POINT ( 'NONE',  ( -1.599999999999999867, -0.5999999999999995337, 1.604999999999999760 ) ) ;
#2027 = EDGE_CURVE ( 'NONE', #3334, #9488, #10703, .T. ) ;
#2028 = CARTESIAN_POINT ( 'NONE',  ( -0.6500000000000000222, 2.302902790585058312, -0.3750000000000000000 ) ) ;
#2029 = MECHANICAL_DESIGN_GEOMETRIC_PRESENTATION_REPRESENTATION (  '', ( #861 ), #5213 ) ;
#2030 = LINE ( 'NONE', #1760, #3483 ) ;
#2031 = EDGE_CURVE ( 'NONE', #2412, #1090, #5728, .T. ) ;
#2032 = FACE_OUTER_BOUND ( 'NONE', #2558, .T. ) ;
#2033 = CARTESIAN_POINT ( 'NONE',  ( -4.069999999999999396, 1.350000000000000089, 0.9714414002968977391 ) ) ;
#2034 = VECTOR ( 'NONE', #7964, 1000.000000000000000 ) ;
#2035 = DIRECTION ( 'NONE',  ( -1.000000000000000000, -0.0000000000000000000, -0.0000000000000000000 ) ) ;
#2036 = DIRECTION ( 'NONE',  ( -0.0000000000000000000, -0.0000000000000000000, 1.000000000000000000 ) ) ;
#2037 = CYLINDRICAL_SURFACE ( 'NONE', #5974, 0.1000000000000002554 ) ;
#2038 = FACE_OUTER_BOUND ( 'NONE', #11811, .T. ) ;
#2039 = ORIENTED_EDGE ( 'NONE', *, *, #1138, .F. ) ;
#2040 = VECTOR ( 'NONE', #7016, 1000.000000000000000 ) ;
#2041 = ORIENTED_EDGE ( 'NONE', *, *, #4305, .T. ) ;
#2042 = FACE_OUTER_BOUND ( 'NONE', #4879, .T. ) ;
#2043 = EDGE_CURVE ( 'NONE', #11345, #10344, #10273, .T. ) ;
#2044 = FACE_OUTER_BOUND ( 'NONE', #12264, .T. ) ;
#2045 = ORIENTED_EDGE ( 'NONE', *, *, #1612, .T. ) ;
#2046 = LINE ( 'NONE', #10689, #6993 ) ;
#2047 = EDGE_CURVE ( 'NONE', #2935, #82, #8584, .T. ) ;
#2048 = DIRECTION ( 'NONE',  ( 0.0000000000000000000, 0.0000000000000000000, -1.000000000000000000 ) ) ;
#2049 = CYLINDRICAL_SURFACE ( 'NONE', #5617, 0.2999999999999999334 ) ;
#2050 = DIRECTION ( 'NONE',  ( 1.000000000000000000, 0.0000000000000000000, 0.0000000000000000000 ) ) ;
#2051 = DIRECTION ( 'NONE',  ( -0.0000000000000000000, 0.7071067811865421326, 0.7071067811865530128 ) ) ;
#2052 = VERTEX_POINT ( 'NONE', #3658 ) ;
#2053 = DIRECTION ( 'NONE',  ( 1.000000000000000000, -0.0000000000000000000, 0.0000000000000000000 ) ) ;
#2054 = VERTEX_POINT ( 'NONE', #9532 ) ;
#2055 = CARTESIAN_POINT ( 'NONE',  ( -3.350000000000000977, 4.999999999999995559, 0.1000000000000000056 ) ) ;
#2056 = EDGE_CURVE ( 'NONE', #1366, #2070, #1750, .T. ) ;
#2057 = ORIENTED_EDGE ( 'NONE', *, *, #1794, .T. ) ;
#2058 = DIRECTION ( 'NONE',  ( 0.0000000000000000000, 0.0000000000000000000, -1.000000000000000000 ) ) ;
#2059 = CARTESIAN_POINT ( 'NONE',  ( 4.169999999999999041, 1.326674998536104821, 0.8901997131268390984 ) ) ;
#2060 = CARTESIAN_POINT ( 'NONE',  ( 1.899999999999999689, 0.4000000000000002998, 1.604999999999999760 ) ) ;
#2061 = DIRECTION ( 'NONE',  ( 1.000000000000000000, -0.0000000000000000000, 0.0000000000000000000 ) ) ;
#2062 = LINE ( 'NONE', #7618, #9307 ) ;
#2063 = VECTOR ( 'NONE', #1719, 1000.000000000000000 ) ;
#2064 = LINE ( 'NONE', #8738, #5487 ) ;
#2065 = ORIENTED_EDGE ( 'NONE', *, *, #10458, .T. ) ;
#2066 = CARTESIAN_POINT ( 'NONE',  ( -2.069999999999999840, 1.349999999999999423, 1.504999999999999005 ) ) ;
#2067 = AXIS2_PLACEMENT_3D ( 'NONE', #6032, #9824, #3446 ) ;
#2068 = ORIENTED_EDGE ( 'NONE', *, *, #2454, .F. ) ;
#2069 = DIRECTION ( 'NONE',  ( 0.0000000000000000000, 1.000000000000000000, 0.0000000000000000000 ) ) ;
#2070 = VERTEX_POINT ( 'NONE', #2896 ) ;
#2071 = EDGE_LOOP ( 'NONE', ( #9442, #6105, #6683, #4420 ) ) ;
#2072 = VERTEX_POINT ( 'NONE', #11257 ) ;
#2073 = ADVANCED_FACE ( 'NONE', ( #877 ), #11372, .T. ) ;
#2074 = LINE ( 'NONE', #5816, #9560 ) ;
#2075 = VECTOR ( 'NONE', #6746, 1000.000000000000000 ) ;
#2076 = AXIS2_PLACEMENT_3D ( 'NONE', #4884, #1742, #11067 ) ;
#2077 = LINE ( 'NONE', #8749, #3260 ) ;
#2078 = DIRECTION ( 'NONE',  ( 0.0000000000000000000, 0.0000000000000000000, 1.000000000000000000 ) ) ;
#2079 = ORIENTED_EDGE ( 'NONE', *, *, #5151, .T. ) ;
#2080 = DIRECTION ( 'NONE',  ( -0.0000000000000000000, 1.000000000000000000, 0.0000000000000000000 ) ) ;
#2081 = LINE ( 'NONE', #9690, #7821 ) ;
#2082 = VECTOR ( 'NONE', #1192, 1000.000000000000000 ) ;
#2083 =( GEOMETRIC_REPRESENTATION_CONTEXT ( 3 ) GLOBAL_UNCERTAINTY_ASSIGNED_CONTEXT ( ( #2166 ) ) GLOBAL_UNIT_ASSIGNED_CONTEXT ( ( #5902, #7704, #11662 ) ) REPRESENTATION_CONTEXT ( 'NONE', 'WORKASPACE' ) );
#2084 = ORIENTED_EDGE ( 'NONE', *, *, #7671, .F. ) ;
#2085 = CARTESIAN_POINT ( 'NONE',  ( -2.149999999999999911, 5.787332622142050909, 0.3750000000000000000 ) ) ;
#2086 = CARTESIAN_POINT ( 'NONE',  ( 3.219999999999999751, 1.349999999999999645, 1.604999999999999760 ) ) ;
#2087 = AXIS2_PLACEMENT_3D ( 'NONE', #8911, #9776, #11497 ) ;
#2088 = AXIS2_PLACEMENT_3D ( 'NONE', #4070, #4936, #341 ) ;
#2089 = ORIENTED_EDGE ( 'NONE', *, *, #2562, .T. ) ;
#2090 = VERTEX_POINT ( 'NONE', #811 ) ;
#2091 = ADVANCED_FACE ( 'NONE', ( #12186 ), #1007, .T. ) ;
#2092 =( NAMED_UNIT ( * ) PLANE_ANGLE_UNIT ( ) SI_UNIT ( $, .RADIAN. ) );
#2093 = VECTOR ( 'NONE', #10947, 1000.000000000000000 ) ;
#2094 = DIRECTION ( 'NONE',  ( 1.000000000000000000, 0.0000000000000000000, 0.0000000000000000000 ) ) ;
#2095 = AXIS2_PLACEMENT_3D ( 'NONE', #105, #3899, #168 ) ;
#2096 = DIRECTION ( 'NONE',  ( -0.0000000000000000000, -0.0000000000000000000, -1.000000000000000000 ) ) ;
#2097 = VECTOR ( 'NONE', #4922, 1000.000000000000000 ) ;
#2098 = EDGE_LOOP ( 'NONE', ( #1324, #11672, #6112, #6066 ) ) ;
#2099 = DIRECTION ( 'NONE',  ( 1.000000000000000000, 0.0000000000000000000, 0.0000000000000000000 ) ) ;
#2100 = CARTESIAN_POINT ( 'NONE',  ( 4.169999999999999929, 0.0000000000000000000, 0.3549999999999996492 ) ) ;
#2101 = DIRECTION ( 'NONE',  ( 0.0000000000000000000, 0.0000000000000000000, -1.000000000000000000 ) ) ;
#2102 = DIRECTION ( 'NONE',  ( 0.0000000000000000000, -0.0000000000000000000, 1.000000000000000000 ) ) ;
#2103 = PLANE ( 'NONE',  #3779 ) ;
#2104 = CARTESIAN_POINT ( 'NONE',  ( -4.069999999999999396, 0.1000000000000001443, 1.604999999999999760 ) ) ;
#2105 = EDGE_CURVE ( 'NONE', #3283, #8128, #1973, .T. ) ;
#2106 = VECTOR ( 'NONE', #10367, 1000.000000000000000 ) ;
#2107 = CARTESIAN_POINT ( 'NONE',  ( -1.750000000000000222, 6.599999999999999645, 0.1000000000000000056 ) ) ;
#2108 = EDGE_CURVE ( 'NONE', #7875, #11755, #5780, .T. ) ;
#2109 = CARTESIAN_POINT ( 'NONE',  ( 0.9504466088465213236, 2.599999999999997424, 1.604999999999999316 ) ) ;
#2110 = CARTESIAN_POINT ( 'NONE',  ( 3.835075759508250748, 1.349999999999999423, 1.405000000000000693 ) ) ;
#2111 = ORIENTED_EDGE ( 'NONE', *, *, #9801, .F. ) ;
#2112 = VECTOR ( 'NONE', #8088, 1000.000000000000000 ) ;
#2113 = CARTESIAN_POINT ( 'NONE',  ( -4.169999999999999929, 1.050000000000000044, 0.1499999999999999944 ) ) ;
#2114 = CARTESIAN_POINT ( 'NONE',  ( 0.3999999999999996891, -0.5999999999999995337, 1.304999999999999494 ) ) ;
#2115 = DIRECTION ( 'NONE',  ( 0.0000000000000000000, 0.0000000000000000000, 1.000000000000000000 ) ) ;
#2116 = DIRECTION ( 'NONE',  ( 0.7071067811865530128, 0.0000000000000000000, 0.7071067811865421326 ) ) ;
#2117 = CARTESIAN_POINT ( 'NONE',  ( -2.750000000000000888, 0.0000000000000000000, 1.304999999999999494 ) ) ;
#2118 = CARTESIAN_POINT ( 'NONE',  ( -4.469999999999999751, 2.599999999999997424, 1.604999999999999760 ) ) ;
#2119 = VERTEX_POINT ( 'NONE', #297 ) ;
#2120 = PLANE ( 'NONE',  #1181 ) ;
#2121 = EDGE_CURVE ( 'NONE', #3753, #6931, #1118, .T. ) ;
#2122 = ORIENTED_EDGE ( 'NONE', *, *, #7976, .T. ) ;
#2123 = CARTESIAN_POINT ( 'NONE',  ( -4.170000000000000817, 1.899999999999999911, -0.3550000000000002598 ) ) ;
#2124 = CIRCLE ( 'NONE', #3091, 0.1000000000000000472 ) ;
#2125 = DIRECTION ( 'NONE',  ( 0.0000000000000000000, 1.000000000000000000, 0.0000000000000000000 ) ) ;
#2126 = EDGE_CURVE ( 'NONE', #7439, #11049, #1180, .T. ) ;
#2127 = ORIENTED_EDGE ( 'NONE', *, *, #844, .T. ) ;
#2128 = CARTESIAN_POINT ( 'NONE',  ( -4.170000000000000817, 0.04142135623730951177, 1.539314575050761080 ) ) ;
#2129 = CARTESIAN_POINT ( 'NONE',  ( 1.599999999999999867, 0.4000000000000003553, 1.304999999999999494 ) ) ;
#2130 = CARTESIAN_POINT ( 'NONE',  ( -0.3499999999999999778, 5.787332622142050909, -0.3750000000000000000 ) ) ;
#2131 = CARTESIAN_POINT ( 'NONE',  ( 2.050446608846518082, 1.999999999999999556, 2.595000000000000195 ) ) ;
#2132 = CARTESIAN_POINT ( 'NONE',  ( -2.150000000000000355, -0.5999999999999993117, 1.304999999999999494 ) ) ;
#2133 = DIRECTION ( 'NONE',  ( 0.0000000000000000000, 0.8660254037844373753, -0.5000000000000022204 ) ) ;
#2134 = DIRECTION ( 'NONE',  ( 1.000000000000000000, 0.0000000000000000000, 0.0000000000000000000 ) ) ;
#2135 = ORIENTED_EDGE ( 'NONE', *, *, #7515, .T. ) ;
#2136 = EDGE_LOOP ( 'NONE', ( #7928, #3681, #6310, #10734 ) ) ;
#2137 = ADVANCED_FACE ( 'NONE', ( #1178 ), #2037, .T. ) ;
#2138 = VERTEX_POINT ( 'NONE', #5969 ) ;
#2139 = VECTOR ( 'NONE', #1739, 1000.000000000000000 ) ;
#2140 = FACE_OUTER_BOUND ( 'NONE', #6111, .T. ) ;
#2141 = CARTESIAN_POINT ( 'NONE',  ( -1.869999999999999885, 0.9500000000000000666, 10.05355608965224157 ) ) ;
#2142 = CYLINDRICAL_SURFACE ( 'NONE', #1330, 0.1000000000000000472 ) ;
#2143 = VERTEX_POINT ( 'NONE', #362 ) ;
#2144 =( NAMED_UNIT ( * ) SI_UNIT ( $, .STERADIAN. ) SOLID_ANGLE_UNIT ( ) );
#2145 = DIRECTION ( 'NONE',  ( 1.000000000000000000, -0.0000000000000000000, 0.0000000000000000000 ) ) ;
#2146 = CLOSED_SHELL ( 'NONE', ( #6588, #6762, #6430, #7975, #2173, #6864, #973, #1601, #1727, #11308, #1998, #5064, #1190, #8065, #1957, #3849, #11018, #5491, #9857, #529, #4847, #3229, #1658, #4039, #7379, #7334, #2291, #2640, #278, #3146, #5592, #610, #9663, #8109, #5610, #9063, #8055, #11991, #11172, #2433, #8733, #11154, #1442, #2862, #7148, #5248, #12176, #5387, #2403, #11578, #8192, #8986, #1513, #8978, #426, #1900, #1391, #12076, #11942, #7360, #5865, #8123, #204, #10110, #580, #3008, #9244, #4186, #4919, #5525, #3, #4758, #10956, #3998, #5436, #8346, #9648, #2137, #9506, #9869, #2821, #10191, #4769, #3763, #5058, #274, #5226, #9022, #3556, #8436, #3077, #4629, #9366, #5683, #10334, #7040, #4708, #11182, #11885, #6292, #10802, #8177, #1078, #5364, #8877, #11624, #10715, #4584, #2261, #11697, #9753, #9284, #5004, #7518, #4055, #223, #5892, #1369, #10473, #8878, #3789, #4284, #463, #6599, #1189, #3691, #5468, #1681, #3943, #5513, #446, #2190, #9134 ) ) ;
#2147 = CARTESIAN_POINT ( 'NONE',  ( 1.649999999999999911, 5.787332622142040250, 0.3750000000000000000 ) ) ;
#2148 = EDGE_LOOP ( 'NONE', ( #10705, #10811, #10445, #1721 ) ) ;
#2149 = CARTESIAN_POINT ( 'NONE',  ( 4.069999999999999396, 4.065758146820641628E-17, -0.3549999999999994271 ) ) ;
#2150 = LINE ( 'NONE', #6018, #1444 ) ;
#2151 = ORIENTED_EDGE ( 'NONE', *, *, #370, .T. ) ;
#2152 = EDGE_LOOP ( 'NONE', ( #5811, #9916, #7257, #1135 ) ) ;
#2153 = VECTOR ( 'NONE', #11079, 1000.000000000000000 ) ;
#2154 = ORIENTED_EDGE ( 'NONE', *, *, #12062, .T. ) ;
#2155 = LINE ( 'NONE', #7582, #2207 ) ;
#2156 =( BOUNDED_SURFACE ( )  B_SPLINE_SURFACE ( 3, 3, ( 
 ( #9083, #547, #8010, #5073 ),
 ( #3252, #7067, #11657, #5007 ),
 ( #3323, #6207, #4348, #8069 ),
 ( #486, #8127, #9937, #10862 ) ),
 .UNSPECIFIED., .F., .F., .T. ) 
 B_SPLINE_SURFACE_WITH_KNOTS ( ( 4, 4 ),
 ( 4, 4 ),
 ( 0.0000000000000000000, 1.000000000000000000 ),
 ( 0.0000000000000000000, 1.000000000000000000 ),
 .UNSPECIFIED. ) 
 GEOMETRIC_REPRESENTATION_ITEM ( )  RATIONAL_B_SPLINE_SURFACE ( (
 ( 1.000000000000000000, 0.8047378541243649375, 0.8047378541243649375, 1.000000000000000000),
 ( 0.8047378541243649375, 0.6476030138606876374, 0.6476030138606876374, 0.8047378541243649375),
 ( 0.8047378541243649375, 0.6476030138606876374, 0.6476030138606876374, 0.8047378541243649375),
 ( 1.000000000000000000, 0.8047378541243649375, 0.8047378541243649375, 1.000000000000000000) ) ) 
 REPRESENTATION_ITEM ( '' )  SURFACE ( )  );
#2157 = ORIENTED_EDGE ( 'NONE', *, *, #8720, .T. ) ;
#2158 = CARTESIAN_POINT ( 'NONE',  ( 4.169999999999999929, 1.200000000000000178, 0.0000000000000000000 ) ) ;
#2159 = DIRECTION ( 'NONE',  ( 0.0000000000000000000, 1.000000000000000000, 0.0000000000000000000 ) ) ;
#2160 = ADVANCED_FACE ( 'NONE', ( #10809 ), #8899, .T. ) ;
#2161 = CARTESIAN_POINT ( 'NONE',  ( 0.8999999999999999112, 0.4000000000000002998, 1.304999999999999494 ) ) ;
#2162 = FACE_OUTER_BOUND ( 'NONE', #9316, .T. ) ;
#2163 = VECTOR ( 'NONE', #7992, 1000.000000000000000 ) ;
#2164 = AXIS2_PLACEMENT_3D ( 'NONE', #2366, #9964, #6116 ) ;
#2165 = FACE_OUTER_BOUND ( 'NONE', #5569, .T. ) ;
#2166 = UNCERTAINTY_MEASURE_WITH_UNIT (LENGTH_MEASURE( 1.000000000000000082E-05 ), #5902, 'distance_accuracy_value', 'NONE');
#2167 = DIRECTION ( 'NONE',  ( -0.0000000000000000000, 1.000000000000000000, 0.0000000000000000000 ) ) ;
#2168 = VECTOR ( 'NONE', #5016, 1000.000000000000000 ) ;
#2169 = VERTEX_POINT ( 'NONE', #4843 ) ;
#2170 = LINE ( 'NONE', #9774, #7413 ) ;
#2171 = DIRECTION ( 'NONE',  ( -1.000000000000000000, 0.0000000000000000000, -0.0000000000000000000 ) ) ;
#2172 = CARTESIAN_POINT ( 'NONE',  ( 0.0000000000000000000, -0.5999999999999995337, 1.304999999999999494 ) ) ;
#2173 = ADVANCED_FACE ( 'NONE', ( #113 ), #1246, .T. ) ;
#2174 = ADVANCED_FACE ( 'NONE', ( #9826 ), #8711, .T. ) ;
#2175 = LINE ( 'NONE', #10764, #4712 ) ;
#2176 = ORIENTED_EDGE ( 'NONE', *, *, #7725, .F. ) ;
#2177 = EDGE_LOOP ( 'NONE', ( #3698, #3627, #5858, #1533 ) ) ;
#2178 = CARTESIAN_POINT ( 'NONE',  ( -4.128578643762690348, 2.000000000000000444, -0.8872330470336315944 ) ) ;
#2179 = AXIS2_PLACEMENT_3D ( 'NONE', #6459, #10257, #5521 ) ;
#2180 = ORIENTED_EDGE ( 'NONE', *, *, #70, .T. ) ;
#2181 =( NAMED_UNIT ( * ) SI_UNIT ( $, .STERADIAN. ) SOLID_ANGLE_UNIT ( ) );
#2182 = ORIENTED_EDGE ( 'NONE', *, *, #1479, .F. ) ;
#2183 = ADVANCED_FACE ( 'NONE', ( #8770 ), #2103, .T. ) ;
#2184 = CARTESIAN_POINT ( 'NONE',  ( -3.219999999999999751, 7.299999999999999822, -1.605000000000000648 ) ) ;
#2185 = FACE_OUTER_BOUND ( 'NONE', #7412, .T. ) ;
#2186 = LINE ( 'NONE', #1145, #306 ) ;
#2187 = DIRECTION ( 'NONE',  ( 0.0000000000000000000, 0.0000000000000000000, -1.000000000000000000 ) ) ;
#2188 = VECTOR ( 'NONE', #6190, 1000.000000000000000 ) ;
#2189 = EDGE_CURVE ( 'NONE', #11356, #7392, #3072, .T. ) ;
#2190 = ADVANCED_FACE ( 'NONE', ( #2162 ), #172, .T. ) ;
#2191 = DIRECTION ( 'NONE',  ( -1.000000000000000000, 0.0000000000000000000, -0.0000000000000000000 ) ) ;
#2192 = DIRECTION ( 'NONE',  ( 0.0000000000000000000, 0.0000000000000000000, 1.000000000000000000 ) ) ;
#2193 = ORIENTED_EDGE ( 'NONE', *, *, #983, .F. ) ;
#2194 = ORIENTED_EDGE ( 'NONE', *, *, #187, .F. ) ;
#2195 = ORIENTED_EDGE ( 'NONE', *, *, #3630, .F. ) ;
#2196 = VECTOR ( 'NONE', #8688, 1000.000000000000000 ) ;
#2197 = LINE ( 'NONE', #4066, #11722 ) ;
#2198 = EDGE_CURVE ( 'NONE', #2470, #335, #11600, .T. ) ;
#2199 = DIRECTION ( 'NONE',  ( 1.000000000000000000, -0.0000000000000000000, -3.367087492191007655E-17 ) ) ;
#2200 = VECTOR ( 'NONE', #4829, 1000.000000000000000 ) ;
#2201 = FACE_OUTER_BOUND ( 'NONE', #3859, .T. ) ;
#2202 = CARTESIAN_POINT ( 'NONE',  ( -3.350000000000000977, 0.0000000000000000000, -0.1000000000000000056 ) ) ;
#2203 = ORIENTED_EDGE ( 'NONE', *, *, #381, .F. ) ;
#2204 = DIRECTION ( 'NONE',  ( 1.000000000000000000, 0.0000000000000000000, 0.0000000000000000000 ) ) ;
#2205 = EDGE_CURVE ( 'NONE', #7194, #6042, #8643, .T. ) ;
#2206 = DIRECTION ( 'NONE',  ( -1.000000000000000000, 0.0000000000000000000, -0.0000000000000000000 ) ) ;
#2207 = VECTOR ( 'NONE', #9574, 1000.000000000000000 ) ;
#2208 = ORIENTED_EDGE ( 'NONE', *, *, #5603, .F. ) ;
#2209 = DIRECTION ( 'NONE',  ( -0.5773502691896236216, 0.5773502691896286176, 0.5773502691896248429 ) ) ;
#2210 = LINE ( 'NONE', #5957, #11906 ) ;
#2211 = VECTOR ( 'NONE', #9226, 1000.000000000000114 ) ;
#2212 = ORIENTED_EDGE ( 'NONE', *, *, #8351, .T. ) ;
#2213 = FACE_OUTER_BOUND ( 'NONE', #6995, .T. ) ;
#2214 = VECTOR ( 'NONE', #206, 1000.000000000000000 ) ;
#2215 = LINE ( 'NONE', #4020, #4880 ) ;
#2216 = ORIENTED_EDGE ( 'NONE', *, *, #3529, .F. ) ;
#2217 = DIRECTION ( 'NONE',  ( -0.0000000000000000000, -0.0000000000000000000, -1.000000000000000000 ) ) ;
#2218 = CARTESIAN_POINT ( 'NONE',  ( -3.219999999999999751, 1.449999999999999734, 1.304999999999999716 ) ) ;
#2219 = CARTESIAN_POINT ( 'NONE',  ( -4.169999999999999929, 1.354674450986207646, 0.5511097068081731720 ) ) ;
#2220 = PLANE ( 'NONE',  #2067 ) ;
#2221 = SURFACE_STYLE_FILL_AREA ( #4096 ) ;
#2222 = DIRECTION ( 'NONE',  ( 0.0000000000000000000, -1.000000000000000000, 0.0000000000000000000 ) ) ;
#2223 = PLANE ( 'NONE',  #1003 ) ;
#2224 = VECTOR ( 'NONE', #1144, 1000.000000000000000 ) ;
#2225 = DIRECTION ( 'NONE',  ( 0.0000000000000000000, 1.000000000000000000, 0.0000000000000000000 ) ) ;
#2226 = LINE ( 'NONE', #9951, #1557 ) ;
#2227 = DIRECTION ( 'NONE',  ( 1.000000000000000000, 0.0000000000000000000, -0.0000000000000000000 ) ) ;
#2228 = EDGE_CURVE ( 'NONE', #7740, #4598, #10143, .T. ) ;
#2229 = ORIENTED_EDGE ( 'NONE', *, *, #9868, .F. ) ;
#2230 = VECTOR ( 'NONE', #6714, 1000.000000000000000 ) ;
#2231 = DIRECTION ( 'NONE',  ( -0.7071067811865487940, -0.7071067811865463515, 0.0000000000000000000 ) ) ;
#2232 = CARTESIAN_POINT ( 'NONE',  ( -4.169999999999999929, 1.450000000000000178, 1.405000000000000027 ) ) ;
#2233 = ORIENTED_EDGE ( 'NONE', *, *, #1844, .F. ) ;
#2234 = LINE ( 'NONE', #4175, #9059 ) ;
#2235 = CIRCLE ( 'NONE', #3623, 0.1000000000000000472 ) ;
#2236 = CARTESIAN_POINT ( 'NONE',  ( 1.599999999999999867, 0.4000000000000003553, 1.304999999999999494 ) ) ;
#2237 = CARTESIAN_POINT ( 'NONE',  ( 1.969999999999999973, 1.349999999999999867, 1.604999999999999760 ) ) ;
#2238 = ORIENTED_EDGE ( 'NONE', *, *, #6456, .F. ) ;
#2239 = CARTESIAN_POINT ( 'NONE',  ( -4.070000000000000284, 4.065758146820642244E-17, -0.8529184719828695194 ) ) ;
#2240 = VERTEX_POINT ( 'NONE', #7888 ) ;
#2241 = DIRECTION ( 'NONE',  ( 0.0000000000000000000, -1.000000000000000000, 0.0000000000000000000 ) ) ;
#2242 = EDGE_CURVE ( 'NONE', #5912, #5550, #11731, .T. ) ;
#2243 = VERTEX_POINT ( 'NONE', #1311 ) ;
#2244 = CARTESIAN_POINT ( 'NONE',  ( -4.169999999999999929, 0.09999999999999993616, 1.504999999999999227 ) ) ;
#2245 = CARTESIAN_POINT ( 'NONE',  ( 0.3999999999999996891, 0.4000000000000002998, 1.604999999999999760 ) ) ;
#2246 = CARTESIAN_POINT ( 'NONE',  ( 1.969999999999999973, 0.9499999999999998446, 1.405000000000000027 ) ) ;
#2247 = DIRECTION ( 'NONE',  ( 1.000000000000000000, 0.0000000000000000000, 0.0000000000000000000 ) ) ;
#2248 = CARTESIAN_POINT ( 'NONE',  ( 1.099999999999999867, -0.5999999999999995337, 1.604999999999999760 ) ) ;
#2249 = ORIENTED_EDGE ( 'NONE', *, *, #685, .T. ) ;
#2250 = DIRECTION ( 'NONE',  ( 1.000000000000000000, 0.0000000000000000000, -0.0000000000000000000 ) ) ;
#2251 = EDGE_LOOP ( 'NONE', ( #10766, #12157, #4112, #6357 ) ) ;
#2252 = VECTOR ( 'NONE', #2269, 999.9999999999998863 ) ;
#2253 = CARTESIAN_POINT ( 'NONE',  ( 1.500000000000000000, 2.302902790585047654, 0.3750000000000000000 ) ) ;
#2254 = CARTESIAN_POINT ( 'NONE',  ( 2.890000000000000124, 1.050000000000000044, 1.604999999999999760 ) ) ;
#2255 = EDGE_LOOP ( 'NONE', ( #10839, #11503, #11130, #8230 ) ) ;
#2256 = EDGE_CURVE ( 'NONE', #6020, #9476, #3014, .T. ) ;
#2257 = ORIENTED_EDGE ( 'NONE', *, *, #6025, .T. ) ;
#2258 = ORIENTED_EDGE ( 'NONE', *, *, #8285, .F. ) ;
#2259 = EDGE_CURVE ( 'NONE', #3018, #9773, #2022, .T. ) ;
#2260 = DIRECTION ( 'NONE',  ( 0.0000000000000000000, -0.0000000000000000000, -1.000000000000000000 ) ) ;
#2261 = ADVANCED_FACE ( 'NONE', ( #9145 ), #606, .F. ) ;
#2262 = CARTESIAN_POINT ( 'NONE',  ( -3.776497115745558908, 1.958578643762690641, 1.304999999999999494 ) ) ;
#2263 = VECTOR ( 'NONE', #7790, 1000.000000000000000 ) ;
#2264 = LINE ( 'NONE', #10791, #5663 ) ;
#2265 = DIRECTION ( 'NONE',  ( -1.000000000000000000, 1.244625060509296168E-16, 0.0000000000000000000 ) ) ;
#2266 = ORIENTED_EDGE ( 'NONE', *, *, #57, .F. ) ;
#2267 = LINE ( 'NONE', #11772, #5712 ) ;
#2268 = PLANE ( 'NONE',  #11809 ) ;
#2269 = DIRECTION ( 'NONE',  ( 0.5773502691896211791, 0.5773502691896287287, -0.5773502691896275074 ) ) ;
#2270 = ORIENTED_EDGE ( 'NONE', *, *, #9519, .T. ) ;
#2271 = PLANE ( 'NONE',  #7763 ) ;
#2272 = DIRECTION ( 'NONE',  ( 0.0000000000000000000, 0.0000000000000000000, -1.000000000000000000 ) ) ;
#2273 = ORIENTED_EDGE ( 'NONE', *, *, #8906, .T. ) ;
#2274 = AXIS2_PLACEMENT_3D ( 'NONE', #10829, #9113, #1449 ) ;
#2275 = EDGE_LOOP ( 'NONE', ( #8076, #3581, #4987, #5987 ) ) ;
#2276 = EDGE_CURVE ( 'NONE', #907, #10530, #11858, .T. ) ;
#2277 = CARTESIAN_POINT ( 'NONE',  ( 4.469999999999999751, 7.299999999999999822, 0.3549999999999994271 ) ) ;
#2278 = VERTEX_POINT ( 'NONE', #1611 ) ;
#2279 = CARTESIAN_POINT ( 'NONE',  ( 4.469999999999999751, 3.449999999999999734, 0.0000000000000000000 ) ) ;
#2280 = CARTESIAN_POINT ( 'NONE',  ( 0.5999999999999998668, 0.1000000000000000056, 1.504999999999999449 ) ) ;
#2281 = ORIENTED_EDGE ( 'NONE', *, *, #9786, .F. ) ;
#2282 = CIRCLE ( 'NONE', #7848, 0.2500000000000002220 ) ;
#2283 = VECTOR ( 'NONE', #7807, 1000.000000000000000 ) ;
#2284 = SURFACE_STYLE_FILL_AREA ( #9878 ) ;
#2285 = CARTESIAN_POINT ( 'NONE',  ( -2.291421356237309137, 6.599999999999999645, 0.1000000000000000056 ) ) ;
#2286 = FACE_OUTER_BOUND ( 'NONE', #163, .T. ) ;
#2287 = VECTOR ( 'NONE', #4269, 1000.000000000000000 ) ;
#2288 = CARTESIAN_POINT ( 'NONE',  ( -3.219999999999999751, 0.0000000000000000000, -0.3550000000000004818 ) ) ;
#2289 = CARTESIAN_POINT ( 'NONE',  ( 3.219999999999999751, 0.0000000000000000000, -0.3550000000000007039 ) ) ;
#2290 = DIRECTION ( 'NONE',  ( -1.000000000000000000, 0.0000000000000000000, 0.0000000000000000000 ) ) ;
#2291 = ADVANCED_FACE ( 'NONE', ( #1371 ), #6161, .T. ) ;
#2292 = EDGE_LOOP ( 'NONE', ( #11100, #8875, #11168, #1933 ) ) ;
#2293 = ORIENTED_EDGE ( 'NONE', *, *, #3690, .F. ) ;
#2294 = CARTESIAN_POINT ( 'NONE',  ( 2.640000000000000124, 1.050000000000000044, 2.284999999999999698 ) ) ;
#2295 = CIRCLE ( 'NONE', #10050, 0.1000000000000000472 ) ;
#2296 = EDGE_CURVE ( 'NONE', #3089, #12236, #6593, .T. ) ;
#2297 = AXIS2_PLACEMENT_3D ( 'NONE', #10216, #7935, #2206 ) ;
#2298 =( GEOMETRIC_REPRESENTATION_CONTEXT ( 3 ) GLOBAL_UNCERTAINTY_ASSIGNED_CONTEXT ( ( #10263 ) ) GLOBAL_UNIT_ASSIGNED_CONTEXT ( ( #1519, #571, #1581 ) ) REPRESENTATION_CONTEXT ( 'NONE', 'WORKASPACE' ) );
#2299 = PLANE ( 'NONE',  #3593 ) ;
#2300 = DIRECTION ( 'NONE',  ( 0.0000000000000000000, 1.000000000000000000, 0.0000000000000000000 ) ) ;
#2301 = ORIENTED_EDGE ( 'NONE', *, *, #5321, .T. ) ;
#2302 = EDGE_LOOP ( 'NONE', ( #10243, #10586, #12193, #4528 ) ) ;
#2303 = CARTESIAN_POINT ( 'NONE',  ( -1.050446608846517860, 2.499999999999999112, 1.504999999999999893 ) ) ;
#2304 = AXIS2_PLACEMENT_3D ( 'NONE', #3432, #9319, #7313 ) ;
#2305 = CARTESIAN_POINT ( 'NONE',  ( -3.219999999999999751, 0.1000000000000000194, -1.305000000000001048 ) ) ;
#2306 = DIRECTION ( 'NONE',  ( 3.942553354511061867E-16, 1.000000000000000000, 0.0000000000000000000 ) ) ;
#2307 = VERTEX_POINT ( 'NONE', #6336 ) ;
#2308 = CARTESIAN_POINT ( 'NONE',  ( -1.969999999999999973, 0.9500000000000000666, 1.504999999999999449 ) ) ;
#2309 = VERTEX_POINT ( 'NONE', #11918 ) ;
#2310 = FACE_OUTER_BOUND ( 'NONE', #7339, .T. ) ;
#2311 = DIRECTION ( 'NONE',  ( 0.0000000000000000000, 0.0000000000000000000, -1.000000000000000000 ) ) ;
#2312 = VERTEX_POINT ( 'NONE', #422 ) ;
#2313 = FILL_AREA_STYLE ('',( #3218 ) ) ;
#2314 = CARTESIAN_POINT ( 'NONE',  ( 1.969999999999999973, 0.8499999999999997558, 1.304999999999999716 ) ) ;
#2315 = PLANE ( 'NONE',  #1698 ) ;
#2316 = LINE ( 'NONE', #330, #238 ) ;
#2317 = PLANE ( 'NONE',  #7480 ) ;
#2318 = EDGE_LOOP ( 'NONE', ( #10825, #12093, #10502, #3646 ) ) ;
#2319 = EDGE_CURVE ( 'NONE', #2667, #10515, #3331, .T. ) ;
#2320 = DIRECTION ( 'NONE',  ( -0.0000000000000000000, -0.0000000000000000000, -1.000000000000000000 ) ) ;
#2321 = ORIENTED_EDGE ( 'NONE', *, *, #11255, .F. ) ;
#2322 = EDGE_LOOP ( 'NONE', ( #7555, #6296, #896, #4756 ) ) ;
#2323 = ORIENTED_EDGE ( 'NONE', *, *, #5404, .T. ) ;
#2324 = PLANE ( 'NONE',  #1619 ) ;
#2325 = AXIS2_PLACEMENT_3D ( 'NONE', #2921, #10521, #3751 ) ;
#2326 = CARTESIAN_POINT ( 'NONE',  ( -4.069999999999999396, 2.000000000000000000, 0.3550000000000002598 ) ) ;
#2327 = CARTESIAN_POINT ( 'NONE',  ( -2.291421356237308693, 6.599999999999999645, 0.1000000000000000056 ) ) ;
#2328 = ORIENTED_EDGE ( 'NONE', *, *, #9529, .F. ) ;
#2329 = DIRECTION ( 'NONE',  ( 0.0000000000000000000, 0.0000000000000000000, -1.000000000000000000 ) ) ;
#2330 = DIRECTION ( 'NONE',  ( -1.000000000000000000, -0.0000000000000000000, -0.0000000000000000000 ) ) ;
#2331 = FACE_OUTER_BOUND ( 'NONE', #5112, .T. ) ;
#2332 = VERTEX_POINT ( 'NONE', #5140 ) ;
#2333 = EDGE_CURVE ( 'NONE', #5579, #11176, #9090, .T. ) ;
#2334 = ADVANCED_FACE ( 'NONE', ( #8960 ), #4356, .T. ) ;
#2335 = CARTESIAN_POINT ( 'NONE',  ( 4.169999999999999929, 1.249999999999999334, 1.504999999999999449 ) ) ;
#2336 = AXIS2_PLACEMENT_3D ( 'NONE', #7396, #6465, #10323 ) ;
#2337 = PLANE ( 'NONE',  #5800 ) ;
#2338 = ORIENTED_EDGE ( 'NONE', *, *, #4014, .T. ) ;
#2339 = CARTESIAN_POINT ( 'NONE',  ( -3.249999999999998668, 6.500000000000000888, 0.3499999999999999223 ) ) ;
#2340 = ORIENTED_EDGE ( 'NONE', *, *, #883, .F. ) ;
#2341 = CARTESIAN_POINT ( 'NONE',  ( -2.150000000000000355, 5.787332622142050909, -0.3750000000000000000 ) ) ;
#2342 = CARTESIAN_POINT ( 'NONE',  ( -2.949999999999999734, -0.5999999999999993117, 1.304999999999999494 ) ) ;
#2343 = ORIENTED_EDGE ( 'NONE', *, *, #3713, .T. ) ;
#2344 = VECTOR ( 'NONE', #2125, 1000.000000000000000 ) ;
#2345 = EDGE_CURVE ( 'NONE', #7755, #11667, #2349, .T. ) ;
#2346 = PLANE ( 'NONE',  #499 ) ;
#2347 = EDGE_CURVE ( 'NONE', #6709, #8139, #9024, .T. ) ;
#2348 = DIRECTION ( 'NONE',  ( 0.0000000000000000000, 0.0000000000000000000, -1.000000000000000000 ) ) ;
#2349 = LINE ( 'NONE', #1426, #8973 ) ;
#2350 = ORIENTED_EDGE ( 'NONE', *, *, #9682, .T. ) ;
#2351 = EDGE_LOOP ( 'NONE', ( #9207, #9504, #2546, #5460 ) ) ;
#2352 = VECTOR ( 'NONE', #694, 1000.000000000000000 ) ;
#2353 = DIRECTION ( 'NONE',  ( 0.0000000000000000000, 0.0000000000000000000, 1.000000000000000000 ) ) ;
#2354 = FILL_AREA_STYLE_COLOUR ( '', #2727 ) ;
#2355 = LINE ( 'NONE', #5153, #7844 ) ;
#2356 = ORIENTED_EDGE ( 'NONE', *, *, #111, .F. ) ;
#2357 = EDGE_CURVE ( 'NONE', #10864, #7799, #344, .T. ) ;
#2358 = PLANE ( 'NONE',  #4235 ) ;
#2359 = FACE_OUTER_BOUND ( 'NONE', #2302, .T. ) ;
#2360 = ORIENTED_EDGE ( 'NONE', *, *, #316, .T. ) ;
#2361 = DIRECTION ( 'NONE',  ( 0.0000000000000000000, 1.000000000000000000, 0.0000000000000000000 ) ) ;
#2362 = CARTESIAN_POINT ( 'NONE',  ( 3.219999999999999751, 1.449999999999999734, 1.405000000000000027 ) ) ;
#2363 = VECTOR ( 'NONE', #8661, 1000.000000000000000 ) ;
#2364 = EDGE_CURVE ( 'NONE', #8062, #9924, #4296, .T. ) ;
#2365 = FACE_OUTER_BOUND ( 'NONE', #495, .T. ) ;
#2366 = CARTESIAN_POINT ( 'NONE',  ( 3.219999999999999751, 7.299999999986539478, 0.3549999999999994271 ) ) ;
#2367 = VERTEX_POINT ( 'NONE', #4774 ) ;
#2368 = FACE_OUTER_BOUND ( 'NONE', #11077, .T. ) ;
#2369 = ORIENTED_EDGE ( 'NONE', *, *, #959, .T. ) ;
#2370 = DIRECTION ( 'NONE',  ( -0.0000000000000000000, -0.0000000000000000000, 1.000000000000000000 ) ) ;
#2371 = VECTOR ( 'NONE', #9349, 1000.000000000000000 ) ;
#2372 = DIRECTION ( 'NONE',  ( -1.000000000000000000, 0.0000000000000000000, -0.0000000000000000000 ) ) ;
#2373 = VERTEX_POINT ( 'NONE', #7452 ) ;
#2374 = PLANE ( 'NONE',  #11236 ) ;
#2375 = CARTESIAN_POINT ( 'NONE',  ( -3.219999999999999751, 2.000000000000000000, -1.205000000000000737 ) ) ;
#2376 = FACE_OUTER_BOUND ( 'NONE', #4016, .T. ) ;
#2377 = CARTESIAN_POINT ( 'NONE',  ( -1.399999999999999689, 7.299999999999999822, 1.604999999999999760 ) ) ;
#2378 = VECTOR ( 'NONE', #8384, 1000.000000000000000 ) ;
#2379 = VERTEX_POINT ( 'NONE', #8383 ) ;
#2380 = CYLINDRICAL_SURFACE ( 'NONE', #24, 0.9500000000000002887 ) ;
#2381 = DIRECTION ( 'NONE',  ( 0.0000000000000000000, 1.000000000000000000, 0.0000000000000000000 ) ) ;
#2382 = EDGE_LOOP ( 'NONE', ( #6653, #5426, #10546, #7210 ) ) ;
#2383 = ORIENTED_EDGE ( 'NONE', *, *, #3453, .T. ) ;
#2384 = DIRECTION ( 'NONE',  ( 0.0000000000000000000, 0.0000000000000000000, 1.000000000000000000 ) ) ;
#2385 = AXIS2_PLACEMENT_3D ( 'NONE', #4446, #6369, #10899 ) ;
#2386 = CARTESIAN_POINT ( 'NONE',  ( -4.394049177309269535E-17, 1.999999999999999556, -1.305000000000001048 ) ) ;
#2387 = EDGE_CURVE ( 'NONE', #5505, #11380, #8588, .T. ) ;
#2388 = PLANE ( 'NONE',  #5052 ) ;
#2389 = ORIENTED_EDGE ( 'NONE', *, *, #6741, .F. ) ;
#2390 = CARTESIAN_POINT ( 'NONE',  ( -4.169999999999999929, 1.050000000000000044, 0.1499999999999999944 ) ) ;
#2391 = CARTESIAN_POINT ( 'NONE',  ( 4.169999999999999929, 0.0000000000000000000, 2.595000000000000195 ) ) ;
#2392 = LINE ( 'NONE', #10851, #1385 ) ;
#2393 = FACE_OUTER_BOUND ( 'NONE', #397, .T. ) ;
#2394 = EDGE_LOOP ( 'NONE', ( #5185, #5287, #7185, #4688 ) ) ;
#2395 = DIRECTION ( 'NONE',  ( 0.0000000000000000000, 0.0000000000000000000, 1.000000000000000000 ) ) ;
#2396 = AXIS2_PLACEMENT_3D ( 'NONE', #4219, #6994, #4147 ) ;
#2397 = ORIENTED_EDGE ( 'NONE', *, *, #3299, .F. ) ;
#2398 = ORIENTED_EDGE ( 'NONE', *, *, #8451, .T. ) ;
#2399 = CARTESIAN_POINT ( 'NONE',  ( -0.5000000000000000000, 5.787332622142050909, 0.3750000000000000000 ) ) ;
#2400 = ORIENTED_EDGE ( 'NONE', *, *, #8280, .F. ) ;
#2401 = CARTESIAN_POINT ( 'NONE',  ( -1.869999999999999662, 0.8500000000000000888, 10.05355608965224157 ) ) ;
#2402 = EDGE_CURVE ( 'NONE', #12236, #2532, #12237, .T. ) ;
#2403 = ADVANCED_FACE ( 'NONE', ( #6401 ), #9516, .F. ) ;
#2404 = CARTESIAN_POINT ( 'NONE',  ( -1.050446608846517860, 1.999999999999999556, -1.505000000000002780 ) ) ;
#2405 = VERTEX_POINT ( 'NONE', #7573 ) ;
#2406 = VECTOR ( 'NONE', #1252, 1000.000000000000000 ) ;
#2407 = DIRECTION ( 'NONE',  ( -0.0000000000000000000, -1.000000000000000000, -0.0000000000000000000 ) ) ;
#2408 = DIRECTION ( 'NONE',  ( 0.0000000000000000000, -1.000000000000000000, 0.0000000000000000000 ) ) ;
#2409 = DIRECTION ( 'NONE',  ( 1.000000000000000000, 0.0000000000000000000, 0.0000000000000000000 ) ) ;
#2410 = ORIENTED_EDGE ( 'NONE', *, *, #11680, .F. ) ;
#2411 = CARTESIAN_POINT ( 'NONE',  ( -4.169999999999999929, 1.250000000000000222, 1.504999999999999227 ) ) ;
#2412 = VERTEX_POINT ( 'NONE', #3640 ) ;
#2413 = ORIENTED_EDGE ( 'NONE', *, *, #6065, .T. ) ;
#2414 = EDGE_CURVE ( 'NONE', #11378, #7023, #43, .T. ) ;
#2415 = CYLINDRICAL_SURFACE ( 'NONE', #10692, 0.1000000000000000472 ) ;
#2416 = AXIS2_PLACEMENT_3D ( 'NONE', #6170, #11002, #1322 ) ;
#2417 = LINE ( 'NONE', #8083, #962 ) ;
#2418 = UNCERTAINTY_MEASURE_WITH_UNIT (LENGTH_MEASURE( 1.000000000000000082E-05 ), #11382, 'distance_accuracy_value', 'NONE');
#2419 = EDGE_CURVE ( 'NONE', #3334, #1980, #10186, .T. ) ;
#2420 = FACE_OUTER_BOUND ( 'NONE', #2785, .T. ) ;
#2421 = EDGE_LOOP ( 'NONE', ( #10175, #950, #11620, #6698 ) ) ;
#2422 = LINE ( 'NONE', #4173, #11048 ) ;
#2423 = ORIENTED_EDGE ( 'NONE', *, *, #6106, .T. ) ;
#2424 = CYLINDRICAL_SURFACE ( 'NONE', #3415, 1.250000000000000000 ) ;
#2425 = CIRCLE ( 'NONE', #4004, 0.1499999999999999667 ) ;
#2426 = DIRECTION ( 'NONE',  ( 0.0000000000000000000, 0.7071067811865536790, -0.7071067811865414665 ) ) ;
#2427 = DIRECTION ( 'NONE',  ( -1.000000000000000000, 0.0000000000000000000, 0.0000000000000000000 ) ) ;
#2428 = CARTESIAN_POINT ( 'NONE',  ( -4.169999999999999929, 0.0000000000000000000, 0.0000000000000000000 ) ) ;
#2429 = VERTEX_POINT ( 'NONE', #6519 ) ;
#2430 = ADVANCED_FACE ( 'NONE', ( #11242 ), #739, .F. ) ;
#2431 = CARTESIAN_POINT ( 'NONE',  ( 2.150000000000000355, 0.4000000000000004663, 1.304999999999999494 ) ) ;
#2432 = MECHANICAL_DESIGN_GEOMETRIC_PRESENTATION_REPRESENTATION (  '', ( #8394 ), #7208 ) ;
#2433 = ADVANCED_FACE ( 'NONE', ( #4720 ), #1912, .T. ) ;
#2434 = DIRECTION ( 'NONE',  ( 0.0000000000000000000, 0.0000000000000000000, 1.000000000000000000 ) ) ;
#2435 = ORIENTED_EDGE ( 'NONE', *, *, #8587, .T. ) ;
#2436 = CARTESIAN_POINT ( 'NONE',  ( -0.09999999999999971412, 0.4000000000000002998, 1.604999999999999760 ) ) ;
#2437 = CARTESIAN_POINT ( 'NONE',  ( 4.169999999999999929, 5.100000000000000533, 2.295000000000000817 ) ) ;
#2438 = LINE ( 'NONE', #4510, #508 ) ;
#2439 =( NAMED_UNIT ( * ) PLANE_ANGLE_UNIT ( ) SI_UNIT ( $, .RADIAN. ) );
#2440 = DIRECTION ( 'NONE',  ( 0.0000000000000000000, -1.000000000000000000, 0.0000000000000000000 ) ) ;
#2441 = LINE ( 'NONE', #7420, #207 ) ;
#2442 = CARTESIAN_POINT ( 'NONE',  ( -1.150000000000000133, 2.302902790585058312, 0.3750000000000000000 ) ) ;
#2443 = VERTEX_POINT ( 'NONE', #1789 ) ;
#2444 = VERTEX_POINT ( 'NONE', #9395 ) ;
#2445 = CIRCLE ( 'NONE', #7794, 0.1250000000000000000 ) ;
#2446 = CARTESIAN_POINT ( 'NONE',  ( 2.069999999999999840, 1.349999999999999867, 1.604999999999999538 ) ) ;
#2447 = CARTESIAN_POINT ( 'NONE',  ( -3.249999999999999556, 5.499999999999994671, 0.0000000000000000000 ) ) ;
#2448 = CARTESIAN_POINT ( 'NONE',  ( 4.394049177309263988E-17, 7.040192378864668754, 1.304999999999999716 ) ) ;
#2449 = ORIENTED_EDGE ( 'NONE', *, *, #4519, .T. ) ;
#2450 = CARTESIAN_POINT ( 'NONE',  ( 0.0000000000000000000, 0.0000000000000000000, 1.304999999999999494 ) ) ;
#2451 = ORIENTED_EDGE ( 'NONE', *, *, #4703, .T. ) ;
#2452 = CARTESIAN_POINT ( 'NONE',  ( -2.050446608846518082, 7.299999999999999822, 1.505000000000000338 ) ) ;
#2453 = VERTEX_POINT ( 'NONE', #991 ) ;
#2454 = EDGE_CURVE ( 'NONE', #11920, #8197, #12105, .T. ) ;
#2455 = ORIENTED_EDGE ( 'NONE', *, *, #5925, .T. ) ;
#2456 = VECTOR ( 'NONE', #11897, 1000.000000000000000 ) ;
#2457 = CARTESIAN_POINT ( 'NONE',  ( 0.5999999999999997558, 0.4000000000000003553, 1.304999999999999494 ) ) ;
#2458 = CARTESIAN_POINT ( 'NONE',  ( -3.219999999999999751, 7.299999999999999822, -0.3550000000000004818 ) ) ;
#2459 = CYLINDRICAL_SURFACE ( 'NONE', #6486, 0.1000000000000002554 ) ;
#2460 = EDGE_LOOP ( 'NONE', ( #1379, #11979, #11110, #1089 ) ) ;
#2461 = PRESENTATION_STYLE_ASSIGNMENT (( #10989 ) ) ;
#2462 = SURFACE_STYLE_USAGE ( .BOTH. , #6270 ) ;
#2463 = AXIS2_PLACEMENT_3D ( 'NONE', #1749, #5594, #9531 ) ;
#2464 = ORIENTED_EDGE ( 'NONE', *, *, #7442, .F. ) ;
#2465 = DIRECTION ( 'NONE',  ( 1.000000000000000000, 0.0000000000000000000, 0.0000000000000000000 ) ) ;
#2466 = CARTESIAN_POINT ( 'NONE',  ( -0.9504466088465184370, 1.900000000000000799, 1.604999999999999982 ) ) ;
#2467 = AXIS2_PLACEMENT_3D ( 'NONE', #4488, #751, #11311 ) ;
#2468 = VECTOR ( 'NONE', #9229, 1000.000000000000000 ) ;
#2469 = VERTEX_POINT ( 'NONE', #1671 ) ;
#2470 = VERTEX_POINT ( 'NONE', #5455 ) ;
#2471 = EDGE_CURVE ( 'NONE', #8680, #9689, #8319, .T. ) ;
#2472 = VERTEX_POINT ( 'NONE', #12170 ) ;
#2473 = AXIS2_PLACEMENT_3D ( 'NONE', #6487, #11444, #3732 ) ;
#2474 = VECTOR ( 'NONE', #11410, 1000.000000000000000 ) ;
#2475 = VECTOR ( 'NONE', #5418, 1000.000000000000000 ) ;
#2476 = CARTESIAN_POINT ( 'NONE',  ( -3.219999999999999751, 7.299999999999999822, -0.3550000000000004818 ) ) ;
#2477 = ORIENTED_EDGE ( 'NONE', *, *, #8333, .F. ) ;
#2478 = LINE ( 'NONE', #4422, #4659 ) ;
#2479 = VERTEX_POINT ( 'NONE', #5520 ) ;
#2480 = DIRECTION ( 'NONE',  ( 1.000000000000000000, -0.0000000000000000000, 0.0000000000000000000 ) ) ;
#2481 = EDGE_CURVE ( 'NONE', #7622, #7230, #1734, .T. ) ;
#2482 = LINE ( 'NONE', #5223, #2112 ) ;
#2483 = LINE ( 'NONE', #6295, #3651 ) ;
#2484 = VERTEX_POINT ( 'NONE', #7388 ) ;
#2485 = DIRECTION ( 'NONE',  ( 1.244625060509296168E-16, 1.000000000000000000, 0.0000000000000000000 ) ) ;
#2486 = VECTOR ( 'NONE', #1176, 1000.000000000000000 ) ;
#2487 = ORIENTED_EDGE ( 'NONE', *, *, #11762, .F. ) ;
#2488 = EDGE_CURVE ( 'NONE', #4913, #9247, #11180, .T. ) ;
#2489 = FACE_OUTER_BOUND ( 'NONE', #11284, .T. ) ;
#2490 = MECHANICAL_DESIGN_GEOMETRIC_PRESENTATION_REPRESENTATION (  '', ( #3257 ), #2870 ) ;
#2491 = VECTOR ( 'NONE', #10579, 1000.000000000000000 ) ;
#2492 = CARTESIAN_POINT ( 'NONE',  ( -1.850000000000000089, 5.787332622142050909, 0.3750000000000000000 ) ) ;
#2493 = PLANE ( 'NONE',  #87 ) ;
#2494 = VERTEX_POINT ( 'NONE', #9458 ) ;
#2495 = AXIS2_PLACEMENT_3D ( 'NONE', #1890, #7496, #6562 ) ;
#2496 = FACE_OUTER_BOUND ( 'NONE', #4028, .T. ) ;
#2497 = AXIS2_PLACEMENT_3D ( 'NONE', #2280, #9696, #8012 ) ;
#2498 = FILL_AREA_STYLE_COLOUR ( '', #9062 ) ;
#2499 = CARTESIAN_POINT ( 'NONE',  ( -1.149999999999999911, 2.302902790585058312, -0.3750000000000000000 ) ) ;
#2500 = ADVANCED_FACE ( 'NONE', ( #2649 ), #9334, .T. ) ;
#2501 = DIRECTION ( 'NONE',  ( -1.000000000000000000, -0.0000000000000000000, 3.367087492191007655E-17 ) ) ;
#2502 = ORIENTED_EDGE ( 'NONE', *, *, #11210, .T. ) ;
#2503 = EDGE_CURVE ( 'NONE', #7974, #1392, #11302, .T. ) ;
#2504 = DIRECTION ( 'NONE',  ( 0.0000000000000000000, 0.0000000000000000000, 1.000000000000000000 ) ) ;
#2505 = VECTOR ( 'NONE', #7256, 1000.000000000000000 ) ;
#2506 = PLANE ( 'NONE',  #5783 ) ;
#2507 = LINE ( 'NONE', #10973, #1307 ) ;
#2508 =( LENGTH_UNIT ( ) NAMED_UNIT ( * ) SI_UNIT ( .MILLI., .METRE. ) );
#2509 = EDGE_CURVE ( 'NONE', #1326, #1944, #1168, .T. ) ;
#2510 = SURFACE_STYLE_USAGE ( .BOTH. , #8241 ) ;
#2511 = DIRECTION ( 'NONE',  ( 0.0000000000000000000, 1.000000000000000000, 0.0000000000000000000 ) ) ;
#2512 = ORIENTED_EDGE ( 'NONE', *, *, #4273, .T. ) ;
#2513 = CARTESIAN_POINT ( 'NONE',  ( 0.09999999999999982514, 0.0000000000000000000, 1.504999999999999449 ) ) ;
#2514 = ORIENTED_EDGE ( 'NONE', *, *, #2875, .T. ) ;
#2515 = EDGE_LOOP ( 'NONE', ( #10946, #10319, #5812, #1905 ) ) ;
#2516 = AXIS2_PLACEMENT_3D ( 'NONE', #11473, #8561, #156 ) ;
#2517 = CARTESIAN_POINT ( 'NONE',  ( -0.5999999999999998668, 0.1000000000000001305, 1.604999999999999760 ) ) ;
#2518 = FACE_OUTER_BOUND ( 'NONE', #4568, .T. ) ;
#2519 = FACE_OUTER_BOUND ( 'NONE', #2648, .T. ) ;
#2520 = ORIENTED_EDGE ( 'NONE', *, *, #4732, .T. ) ;
#2521 = FACE_OUTER_BOUND ( 'NONE', #10010, .T. ) ;
#2522 = ORIENTED_EDGE ( 'NONE', *, *, #10709, .F. ) ;
#2523 = CARTESIAN_POINT ( 'NONE',  ( -1.500000000000000000, 5.787332622142050909, -0.3750000000000000000 ) ) ;
#2524 = DIRECTION ( 'NONE',  ( -1.000000000000000000, 0.0000000000000000000, 0.0000000000000000000 ) ) ;
#2525 = ORIENTED_EDGE ( 'NONE', *, *, #3469, .T. ) ;
#2526 = VERTEX_POINT ( 'NONE', #4944 ) ;
#2527 = ORIENTED_EDGE ( 'NONE', *, *, #11528, .F. ) ;
#2528 = CARTESIAN_POINT ( 'NONE',  ( 0.0000000000000000000, 6.599999999999999645, 0.1000000000000000056 ) ) ;
#2529 = CARTESIAN_POINT ( 'NONE',  ( 2.069999999999999840, 0.9499999999999999556, 1.604999999999999760 ) ) ;
#2530 = UNCERTAINTY_MEASURE_WITH_UNIT (LENGTH_MEASURE( 1.000000000000000082E-05 ), #6044, 'distance_accuracy_value', 'NONE');
#2531 = PLANE ( 'NONE',  #625 ) ;
#2532 = VERTEX_POINT ( 'NONE', #1042 ) ;
#2533 = EDGE_CURVE ( 'NONE', #4913, #12032, #7939, .T. ) ;
#2534 = ORIENTED_EDGE ( 'NONE', *, *, #9678, .F. ) ;
#2535 = DIRECTION ( 'NONE',  ( 1.000000000000000000, 0.0000000000000000000, 0.0000000000000000000 ) ) ;
#2536 = CARTESIAN_POINT ( 'NONE',  ( 2.069999999999999840, 1.349999999999999867, 10.05355608965224157 ) ) ;
#2537 = CARTESIAN_POINT ( 'NONE',  ( 0.0000000000000000000, 0.4000000000000004663, 1.304999999999999494 ) ) ;
#2538 = ORIENTED_EDGE ( 'NONE', *, *, #5834, .F. ) ;
#2539 = DIRECTION ( 'NONE',  ( 0.0000000000000000000, -1.000000000000000000, -0.0000000000000000000 ) ) ;
#2540 = COLOUR_RGB ( '',0.9686274509803921573, 0.8784313725490195957, 0.5999999999999999778 ) ;
#2541 = CARTESIAN_POINT ( 'NONE',  ( -2.050446608846518082, 2.499999999999999556, 1.505000000000000338 ) ) ;
#2542 = FACE_OUTER_BOUND ( 'NONE', #3300, .T. ) ;
#2543 = ORIENTED_EDGE ( 'NONE', *, *, #8967, .T. ) ;
#2544 = VECTOR ( 'NONE', #5277, 1000.000000000000000 ) ;
#2545 = LINE ( 'NONE', #8987, #7036 ) ;
#2546 = ORIENTED_EDGE ( 'NONE', *, *, #7139, .T. ) ;
#2547 = CARTESIAN_POINT ( 'NONE',  ( -3.549999999999999822, -0.5999999999999993117, 1.304999999999999494 ) ) ;
#2548 = DIRECTION ( 'NONE',  ( -0.0000000000000000000, -0.0000000000000000000, -1.000000000000000000 ) ) ;
#2549 = EDGE_CURVE ( 'NONE', #5643, #5362, #4198, .T. ) ;
#2550 = EDGE_CURVE ( 'NONE', #6613, #6709, #10597, .T. ) ;
#2551 = FILL_AREA_STYLE ('',( #2498 ) ) ;
#2552 = DIRECTION ( 'NONE',  ( -0.0000000000000000000, -0.0000000000000000000, -1.000000000000000000 ) ) ;
#2553 =( NAMED_UNIT ( * ) SI_UNIT ( $, .STERADIAN. ) SOLID_ANGLE_UNIT ( ) );
#2554 =( LENGTH_UNIT ( ) NAMED_UNIT ( * ) SI_UNIT ( .MILLI., .METRE. ) );
#2555 = LINE ( 'NONE', #1643, #535 ) ;
#2556 = ORIENTED_EDGE ( 'NONE', *, *, #5964, .T. ) ;
#2557 = VECTOR ( 'NONE', #5314, 1000.000000000000000 ) ;
#2558 = EDGE_LOOP ( 'NONE', ( #4347, #6317, #6942, #7607 ) ) ;
#2559 = EDGE_CURVE ( 'NONE', #721, #10748, #5066, .T. ) ;
#2560 = DIRECTION ( 'NONE',  ( -0.0000000000000000000, -1.000000000000000000, -0.0000000000000000000 ) ) ;
#2561 = EDGE_CURVE ( 'NONE', #11386, #10355, #1960, .T. ) ;
#2562 = EDGE_CURVE ( 'NONE', #8368, #4363, #2883, .T. ) ;
#2563 = DIRECTION ( 'NONE',  ( 0.0000000000000000000, -1.000000000000000000, -8.356086107788088083E-17 ) ) ;
#2564 = PLANE ( 'NONE',  #10059 ) ;
#2565 = ORIENTED_EDGE ( 'NONE', *, *, #827, .F. ) ;
#2566 = PLANE ( 'NONE',  #5307 ) ;
#2567 = VECTOR ( 'NONE', #8526, 1000.000000000000000 ) ;
#2568 = CARTESIAN_POINT ( 'NONE',  ( -1.969999999999999973, 5.350000000000000533, 1.304999999999999716 ) ) ;
#2569 = CARTESIAN_POINT ( 'NONE',  ( -1.869999999999999662, 0.8085786437626909517, 1.604999999999999538 ) ) ;
#2570 = LINE ( 'NONE', #2636, #8957 ) ;
#2571 = ORIENTED_EDGE ( 'NONE', *, *, #5079, .T. ) ;
#2572 = CIRCLE ( 'NONE', #6752, 0.1499999999999999667 ) ;
#2573 = EDGE_CURVE ( 'NONE', #10051, #5734, #2021, .T. ) ;
#2574 = DIRECTION ( 'NONE',  ( -0.0000000000000000000, 1.000000000000000000, -0.0000000000000000000 ) ) ;
#2575 = PLANE ( 'NONE',  #4986 ) ;
#2576 = EDGE_CURVE ( 'NONE', #3935, #7437, #11649, .T. ) ;
#2577 = FACE_OUTER_BOUND ( 'NONE', #2953, .T. ) ;
#2578 = ORIENTED_EDGE ( 'NONE', *, *, #8604, .F. ) ;
#2579 = CARTESIAN_POINT ( 'NONE',  ( 3.219999999999999751, 1.899999999999999911, 1.204999999999999627 ) ) ;
#2580 = CARTESIAN_POINT ( 'NONE',  ( 1.000000000000000000, 2.302902790585051207, -0.3750000000000000000 ) ) ;
#2581 = CYLINDRICAL_SURFACE ( 'NONE', #5430, 0.9500000000000002887 ) ;
#2582 = CARTESIAN_POINT ( 'NONE',  ( 4.128578643762690348, 1.999999999999999334, 0.8872330470336308172 ) ) ;
#2583 = VERTEX_POINT ( 'NONE', #8815 ) ;
#2584 = DIRECTION ( 'NONE',  ( -0.0000000000000000000, -0.0000000000000000000, -1.000000000000000000 ) ) ;
#2585 = CARTESIAN_POINT ( 'NONE',  ( 2.050446608846518082, 1.999999999999999556, 2.595000000000000195 ) ) ;
#2586 = VERTEX_POINT ( 'NONE', #4142 ) ;
#2587 = EDGE_LOOP ( 'NONE', ( #2176, #2281, #8246, #7220, #2266 ) ) ;
#2588 = AXIS2_PLACEMENT_3D ( 'NONE', #5082, #5903, #4408 ) ;
#2589 = ORIENTED_EDGE ( 'NONE', *, *, #9729, .T. ) ;
#2590 = CARTESIAN_POINT ( 'NONE',  ( 4.169999999999999929, 0.09999999999999993616, 1.504999999999999227 ) ) ;
#2591 = CARTESIAN_POINT ( 'NONE',  ( -4.469999999999999751, 5.100000000000000533, 0.1250000000000000278 ) ) ;
#2592 = STYLED_ITEM ( 'NONE', ( #4933 ), #8360 ) ;
#2593 = LINE ( 'NONE', #1620, #1031 ) ;
#2594 = DIRECTION ( 'NONE',  ( 0.0000000000000000000, -0.0000000000000000000, 1.000000000000000000 ) ) ;
#2595 = ORIENTED_EDGE ( 'NONE', *, *, #10359, .F. ) ;
#2596 = VECTOR ( 'NONE', #10300, 1000.000000000000000 ) ;
#2597 = DIRECTION ( 'NONE',  ( -0.0000000000000000000, 8.356086107788088083E-17, -1.000000000000000000 ) ) ;
#2598 = DIRECTION ( 'NONE',  ( -0.0000000000000000000, -1.000000000000000000, -0.0000000000000000000 ) ) ;
#2599 = CARTESIAN_POINT ( 'NONE',  ( 1.050446608846517860, 2.499999999999999556, -1.505000000000002780 ) ) ;
#2600 = PLANE ( 'NONE',  #1127 ) ;
#2601 = FACE_OUTER_BOUND ( 'NONE', #9285, .T. ) ;
#2602 = VECTOR ( 'NONE', #1419, 1000.000000000000000 ) ;
#2603 = ORIENTED_EDGE ( 'NONE', *, *, #8590, .F. ) ;
#2604 = CARTESIAN_POINT ( 'NONE',  ( -4.170000000000000817, 0.1000000000000000472, -0.9114971157455605821 ) ) ;
#2605 = EDGE_CURVE ( 'NONE', #10192, #8197, #1999, .T. ) ;
#2606 = ORIENTED_EDGE ( 'NONE', *, *, #11813, .F. ) ;
#2607 = DIRECTION ( 'NONE',  ( -0.0000000000000000000, -1.000000000000000000, -0.0000000000000000000 ) ) ;
#2608 = VERTEX_POINT ( 'NONE', #2085 ) ;
#2609 = PLANE ( 'NONE',  #3678 ) ;
#2610 = CARTESIAN_POINT ( 'NONE',  ( -4.170000000000001705, 1.298512712836887850, 0.7052390234708180161 ) ) ;
#2611 = AXIS2_PLACEMENT_3D ( 'NONE', #4669, #9350, #12061 ) ;
#2612 = DIRECTION ( 'NONE',  ( 0.0000000000000000000, 1.000000000000000000, 0.0000000000000000000 ) ) ;
#2613 = VECTOR ( 'NONE', #10256, 1000.000000000000000 ) ;
#2614 = ORIENTED_EDGE ( 'NONE', *, *, #10174, .F. ) ;
#2615 = CARTESIAN_POINT ( 'NONE',  ( 3.219999999999999751, 0.1000000000000000056, 1.504999999999999449 ) ) ;
#2616 = EDGE_LOOP ( 'NONE', ( #4171, #2193, #237, #12173, #9457, #2628, #7292, #5032 ) ) ;
#2617 = ORIENTED_EDGE ( 'NONE', *, *, #4833, .T. ) ;
#2618 = VECTOR ( 'NONE', #4628, 1000.000000000000000 ) ;
#2619 = EDGE_LOOP ( 'NONE', ( #3116, #696, #9230, #4099 ) ) ;
#2620 = EDGE_CURVE ( 'NONE', #4859, #721, #96, .T. ) ;
#2621 = ADVANCED_FACE ( 'NONE', ( #11476 ), #7695, .T. ) ;
#2622 = COLOUR_RGB ( '',0.9686274509803921573, 0.8784313725490195957, 0.5999999999999999778 ) ;
#2623 = DIRECTION ( 'NONE',  ( 0.0000000000000000000, -0.0000000000000000000, 1.000000000000000000 ) ) ;
#2624 = ORIENTED_EDGE ( 'NONE', *, *, #12275, .F. ) ;
#2625 =( NAMED_UNIT ( * ) PLANE_ANGLE_UNIT ( ) SI_UNIT ( $, .RADIAN. ) );
#2626 = CARTESIAN_POINT ( 'NONE',  ( 3.250000000000002220, 5.499999999999995559, 0.3499999999999999223 ) ) ;
#2627 = DIRECTION ( 'NONE',  ( 1.000000000000000000, 0.0000000000000000000, -0.0000000000000000000 ) ) ;
#2628 = ORIENTED_EDGE ( 'NONE', *, *, #4646, .F. ) ;
#2629 = DIRECTION ( 'NONE',  ( -0.0000000000000000000, 0.0000000000000000000, 1.000000000000000000 ) ) ;
#2630 = LINE ( 'NONE', #723, #11616 ) ;
#2631 = CARTESIAN_POINT ( 'NONE',  ( -4.469999999999999751, 4.299999999999999822, 1.604999999999999760 ) ) ;
#2632 = EDGE_CURVE ( 'NONE', #4285, #11493, #7808, .T. ) ;
#2633 = CARTESIAN_POINT ( 'NONE',  ( -1.969999999999998863, 0.8914213562373103361, 1.563578643762689957 ) ) ;
#2634 = ORIENTED_EDGE ( 'NONE', *, *, #8918, .F. ) ;
#2635 = STYLED_ITEM ( 'NONE', ( #11445 ), #3539 ) ;
#2636 = CARTESIAN_POINT ( 'NONE',  ( -1.399999999999999689, 0.4000000000000003553, 1.304999999999999494 ) ) ;
#2637 = EDGE_LOOP ( 'NONE', ( #10634, #5629, #8651, #9324 ) ) ;
#2638 = EDGE_CURVE ( 'NONE', #9498, #554, #4891, .T. ) ;
#2639 = EDGE_CURVE ( 'NONE', #8603, #9114, #276, .T. ) ;
#2640 = ADVANCED_FACE ( 'NONE', ( #162 ), #10657, .T. ) ;
#2641 = ORIENTED_EDGE ( 'NONE', *, *, #8533, .T. ) ;
#2642 = FACE_OUTER_BOUND ( 'NONE', #10073, .T. ) ;
#2643 = AXIS2_PLACEMENT_3D ( 'NONE', #10990, #10866, #1423 ) ;
#2644 = CARTESIAN_POINT ( 'NONE',  ( 4.394049177309263988E-17, 3.449999999999999734, 1.304999999999999716 ) ) ;
#2645 = ORIENTED_EDGE ( 'NONE', *, *, #2056, .T. ) ;
#2646 = CYLINDRICAL_SURFACE ( 'NONE', #11773, 0.1499999999999999667 ) ;
#2647 = ADVANCED_FACE ( 'NONE', ( #9931 ), #1411, .F. ) ;
#2648 = EDGE_LOOP ( 'NONE', ( #5119, #6089, #2323, #2451 ) ) ;
#2649 = FACE_OUTER_BOUND ( 'NONE', #9816, .T. ) ;
#2650 = FACE_OUTER_BOUND ( 'NONE', #2251, .T. ) ;
#2651 = ORIENTED_EDGE ( 'NONE', *, *, #5749, .F. ) ;
#2652 = ORIENTED_EDGE ( 'NONE', *, *, #7298, .F. ) ;
#2653 = ORIENTED_EDGE ( 'NONE', *, *, #11774, .T. ) ;
#2654 = FACE_OUTER_BOUND ( 'NONE', #2898, .T. ) ;
#2655 = CYLINDRICAL_SURFACE ( 'NONE', #2336, 0.9500000000000002887 ) ;
#2656 = LINE ( 'NONE', #12050, #3996 ) ;
#2657 = ORIENTED_EDGE ( 'NONE', *, *, #8576, .F. ) ;
#2658 = CIRCLE ( 'NONE', #11586, 0.1250000000000000000 ) ;
#2659 = FILL_AREA_STYLE ('',( #3527 ) ) ;
#2660 =( LENGTH_UNIT ( ) NAMED_UNIT ( * ) SI_UNIT ( .MILLI., .METRE. ) );
#2661 = EDGE_CURVE ( 'NONE', #9731, #1218, #656, .T. ) ;
#2662 = DIRECTION ( 'NONE',  ( -0.0000000000000000000, 0.0000000000000000000, -1.000000000000000000 ) ) ;
#2663 = CARTESIAN_POINT ( 'NONE',  ( 4.169999999999999929, 2.000000000000000000, -0.3549999999999996492 ) ) ;
#2664 = CARTESIAN_POINT ( 'NONE',  ( 3.641699838459421912, -0.0000000000000000000, -1.102315907586022492 ) ) ;
#2665 = DIRECTION ( 'NONE',  ( 1.000000000000000000, 0.0000000000000000000, 0.0000000000000000000 ) ) ;
#2666 = DIRECTION ( 'NONE',  ( 0.0000000000000000000, 0.0000000000000000000, -1.000000000000000000 ) ) ;
#2667 = VERTEX_POINT ( 'NONE', #3243 ) ;
#2668 = DIRECTION ( 'NONE',  ( 0.0000000000000000000, 0.0000000000000000000, -1.000000000000000000 ) ) ;
#2669 = COLOUR_RGB ( '',0.9686274509803921573, 0.8784313725490195957, 0.5999999999999999778 ) ;
#2670 = ORIENTED_EDGE ( 'NONE', *, *, #7578, .T. ) ;
#2671 = DIRECTION ( 'NONE',  ( -0.0000000000000000000, -1.000000000000000000, -0.0000000000000000000 ) ) ;
#2672 = ORIENTED_EDGE ( 'NONE', *, *, #4165, .T. ) ;
#2673 = PLANE ( 'NONE',  #2095 ) ;
#2674 = FACE_OUTER_BOUND ( 'NONE', #45, .T. ) ;
#2675 = DIRECTION ( 'NONE',  ( 0.0000000000000000000, 1.000000000000000000, -0.0000000000000000000 ) ) ;
#2676 = SURFACE_STYLE_FILL_AREA ( #2843 ) ;
#2677 = LINE ( 'NONE', #12199, #1336 ) ;
#2678 = CIRCLE ( 'NONE', #5674, 0.2500000000000002220 ) ;
#2679 = CARTESIAN_POINT ( 'NONE',  ( -0.8500000000000005329, 2.302902790585058312, -0.3750000000000000000 ) ) ;
#2680 = AXIS2_PLACEMENT_3D ( 'NONE', #2476, #432, #7082 ) ;
#2681 = DIRECTION ( 'NONE',  ( 0.0000000000000000000, 0.0000000000000000000, -1.000000000000000000 ) ) ;
#2682 = ORIENTED_EDGE ( 'NONE', *, *, #5210, .F. ) ;
#2683 = CARTESIAN_POINT ( 'NONE',  ( 0.0000000000000000000, -0.5999999999999995337, 1.304999999999999494 ) ) ;
#2684 = CARTESIAN_POINT ( 'NONE',  ( -2.291421356237309137, 6.599999999999999645, -0.1000000000000000056 ) ) ;
#2685 =( GEOMETRIC_REPRESENTATION_CONTEXT ( 3 ) GLOBAL_UNCERTAINTY_ASSIGNED_CONTEXT ( ( #8389 ) ) GLOBAL_UNIT_ASSIGNED_CONTEXT ( ( #10949, #1565, #4426 ) ) REPRESENTATION_CONTEXT ( 'NONE', 'WORKASPACE' ) );
#2686 = VECTOR ( 'NONE', #3928, 1000.000000000000000 ) ;
#2687 = EDGE_LOOP ( 'NONE', ( #8249, #1548, #2922 ) ) ;
#2688 = LINE ( 'NONE', #6497, #5405 ) ;
#2689 = CARTESIAN_POINT ( 'NONE',  ( -3.249999999999998668, 6.500000000000000888, 0.09999999999999999167 ) ) ;
#2690 = DIRECTION ( 'NONE',  ( 0.0000000000000000000, 0.0000000000000000000, -1.000000000000000000 ) ) ;
#2691 = ORIENTED_EDGE ( 'NONE', *, *, #1201, .T. ) ;
#2692 = EDGE_CURVE ( 'NONE', #12208, #8062, #5126, .T. ) ;
#2693 = DIRECTION ( 'NONE',  ( 0.0000000000000000000, -0.0000000000000000000, 1.000000000000000000 ) ) ;
#2694 = FACE_OUTER_BOUND ( 'NONE', #8687, .T. ) ;
#2695 = VECTOR ( 'NONE', #3992, 1000.000000000000000 ) ;
#2696 = ORIENTED_EDGE ( 'NONE', *, *, #4642, .F. ) ;
#2697 = CARTESIAN_POINT ( 'NONE',  ( -2.150000000000000355, 5.787332622142050909, 0.3750000000000000000 ) ) ;
#2698 = ORIENTED_EDGE ( 'NONE', *, *, #9514, .T. ) ;
#2699 = CARTESIAN_POINT ( 'NONE',  ( -0.5999999999999997558, -0.5999999999999995337, 1.604999999999999760 ) ) ;
#2700 = AXIS2_PLACEMENT_3D ( 'NONE', #4443, #3487, #7299 ) ;
#2701 = CARTESIAN_POINT ( 'NONE',  ( 1.849999999999999867, 2.302902790585044546, 0.3750000000000000000 ) ) ;
#2702 = ORIENTED_EDGE ( 'NONE', *, *, #10086, .F. ) ;
#2703 = CARTESIAN_POINT ( 'NONE',  ( -0.09999999999999971412, -0.5999999999999995337, 1.604999999999999760 ) ) ;
#2704 = CARTESIAN_POINT ( 'NONE',  ( 0.0000000000000000000, 0.0000000000000000000, -0.1000000000000000056 ) ) ;
#2705 = DIRECTION ( 'NONE',  ( 0.0000000000000000000, -0.7071067811865521247, -0.7071067811865430208 ) ) ;
#2706 = EDGE_LOOP ( 'NONE', ( #9490, #4383, #7305, #3246 ) ) ;
#2707 = LINE ( 'NONE', #7451, #9467 ) ;
#2708 = DIRECTION ( 'NONE',  ( -0.0000000000000000000, -0.0000000000000000000, -1.000000000000000000 ) ) ;
#2709 = CARTESIAN_POINT ( 'NONE',  ( 4.069999999999999396, 0.09999999999997617739, 1.604999999999999760 ) ) ;
#2710 = VERTEX_POINT ( 'NONE', #2513 ) ;
#2711 = ORIENTED_EDGE ( 'NONE', *, *, #11377, .F. ) ;
#2712 = ORIENTED_EDGE ( 'NONE', *, *, #12302, .T. ) ;
#2713 = DIRECTION ( 'NONE',  ( 0.0000000000000000000, 0.0000000000000000000, -1.000000000000000000 ) ) ;
#2714 = ADVANCED_FACE ( 'NONE', ( #11046 ), #2271, .T. ) ;
#2715 = FACE_OUTER_BOUND ( 'NONE', #5477, .T. ) ;
#2716 = VERTEX_POINT ( 'NONE', #10981 ) ;
#2717 = EDGE_CURVE ( 'NONE', #11806, #3639, #4342, .T. ) ;
#2718 = EDGE_CURVE ( 'NONE', #2119, #7945, #8005, .T. ) ;
#2719 = PLANE ( 'NONE',  #1875 ) ;
#2720 = DIRECTION ( 'NONE',  ( -1.000000000000000000, -0.0000000000000000000, -0.0000000000000000000 ) ) ;
#2721 = CARTESIAN_POINT ( 'NONE',  ( -3.219999999999999751, 5.350000000000000533, 1.604999999999999760 ) ) ;
#2722 = DIRECTION ( 'NONE',  ( -0.0000000000000000000, 1.000000000000000000, 0.0000000000000000000 ) ) ;
#2723 = DIRECTION ( 'NONE',  ( 0.0000000000000000000, 1.000000000000000000, 0.0000000000000000000 ) ) ;
#2724 = ORIENTED_EDGE ( 'NONE', *, *, #2559, .T. ) ;
#2725 = LINE ( 'NONE', #4558, #41 ) ;
#2726 = VERTEX_POINT ( 'NONE', #6082 ) ;
#2727 = COLOUR_RGB ( '',0.6666666666666666297, 0.6980392156862744724, 0.7647058823529411242 ) ;
#2728 = ORIENTED_EDGE ( 'NONE', *, *, #7912, .F. ) ;
#2729 = DIRECTION ( 'NONE',  ( -1.000000000000000000, 0.0000000000000000000, -0.0000000000000000000 ) ) ;
#2730 = EDGE_CURVE ( 'NONE', #3339, #8603, #6961, .T. ) ;
#2731 = CARTESIAN_POINT ( 'NONE',  ( 1.399999999999999467, 0.4000000000000003553, 1.304999999999999494 ) ) ;
#2732 = ORIENTED_EDGE ( 'NONE', *, *, #918, .F. ) ;
#2733 = EDGE_CURVE ( 'NONE', #7375, #11920, #3792, .T. ) ;
#2734 = CARTESIAN_POINT ( 'NONE',  ( -2.949999999999999734, 0.4000000000000004663, 1.304999999999999494 ) ) ;
#2735 = VECTOR ( 'NONE', #8416, 1000.000000000000000 ) ;
#2736 =( NAMED_UNIT ( * ) PLANE_ANGLE_UNIT ( ) SI_UNIT ( $, .RADIAN. ) );
#2737 = DIRECTION ( 'NONE',  ( 1.000000000000000000, -0.0000000000000000000, 0.0000000000000000000 ) ) ;
#2738 = EDGE_LOOP ( 'NONE', ( #7090, #9978, #4699, #11567 ) ) ;
#2739 = VECTOR ( 'NONE', #9586, 1000.000000000000000 ) ;
#2740 = EDGE_CURVE ( 'NONE', #4379, #3339, #8063, .T. ) ;
#2741 = ORIENTED_EDGE ( 'NONE', *, *, #1806, .T. ) ;
#2742 = CARTESIAN_POINT ( 'NONE',  ( 4.169999999999999929, 1.449999999999999512, 0.3549999999999994271 ) ) ;
#2743 = CARTESIAN_POINT ( 'NONE',  ( 0.3999999999999996891, -0.5999999999999995337, 1.304999999999999494 ) ) ;
#2744 = EDGE_LOOP ( 'NONE', ( #2795, #3598, #9100, #3111 ) ) ;
#2745 = PRESENTATION_STYLE_ASSIGNMENT (( #11959 ) ) ;
#2746 = LINE ( 'NONE', #4873, #1720 ) ;
#2747 = VECTOR ( 'NONE', #7406, 1000.000000000000000 ) ;
#2748 = PLANE ( 'NONE',  #7231 ) ;
#2749 = VECTOR ( 'NONE', #1985, 1000.000000000000000 ) ;
#2750 = EDGE_LOOP ( 'NONE', ( #6861, #6003, #3946, #2814, #12009, #11419, #3296, #1457 ) ) ;
#2751 = ORIENTED_EDGE ( 'NONE', *, *, #9739, .F. ) ;
#2752 = ORIENTED_EDGE ( 'NONE', *, *, #9433, .F. ) ;
#2753 = EDGE_CURVE ( 'NONE', #3588, #4504, #11149, .T. ) ;
#2754 = CARTESIAN_POINT ( 'NONE',  ( 1.099999999999999867, -0.5999999999999995337, 1.304999999999999494 ) ) ;
#2755 = AXIS2_PLACEMENT_3D ( 'NONE', #10746, #4956, #7825 ) ;
#2756 = LINE ( 'NONE', #1606, #8999 ) ;
#2757 = CARTESIAN_POINT ( 'NONE',  ( 0.8499999999999998668, 2.302902790585051207, -0.3750000000000000000 ) ) ;
#2758 = ORIENTED_EDGE ( 'NONE', *, *, #9223, .F. ) ;
#2759 = DIRECTION ( 'NONE',  ( 1.000000000000000000, -0.0000000000000000000, 0.0000000000000000000 ) ) ;
#2760 = DIRECTION ( 'NONE',  ( -0.0000000000000000000, -0.0000000000000000000, -1.000000000000000000 ) ) ;
#2761 = DIRECTION ( 'NONE',  ( 1.244625060509296168E-16, 1.000000000000000000, 0.0000000000000000000 ) ) ;
#2762 = EDGE_LOOP ( 'NONE', ( #6353, #10255, #8933, #7198, #333, #6221, #11063, #10556 ) ) ;
#2763 = ORIENTED_EDGE ( 'NONE', *, *, #4642, .T. ) ;
#2764 = PLANE ( 'NONE',  #10240 ) ;
#2765 = DIRECTION ( 'NONE',  ( 1.000000000000000000, -4.565061778886333058E-16, 0.0000000000000000000 ) ) ;
#2766 = CARTESIAN_POINT ( 'NONE',  ( -4.169999999999999929, 4.599999999999999645, 2.595000000000000195 ) ) ;
#2767 = ORIENTED_EDGE ( 'NONE', *, *, #5979, .F. ) ;
#2768 = ORIENTED_EDGE ( 'NONE', *, *, #10397, .T. ) ;
#2769 = EDGE_CURVE ( 'NONE', #8528, #1016, #6202, .T. ) ;
#2770 = EDGE_CURVE ( 'NONE', #11950, #7605, #3169, .T. ) ;
#2771 = CARTESIAN_POINT ( 'NONE',  ( -1.928578643762690170, 1.332842712474618052, 1.305000000000000160 ) ) ;
#2772 = AXIS2_PLACEMENT_3D ( 'NONE', #6859, #2069, #3994 ) ;
#2773 = EDGE_LOOP ( 'NONE', ( #670, #2758, #2872, #692 ) ) ;
#2774 = PLANE ( 'NONE',  #4447 ) ;
#2775 = CARTESIAN_POINT ( 'NONE',  ( -0.3499999999999999778, 5.787332622142050909, 0.3750000000000000000 ) ) ;
#2776 = CARTESIAN_POINT ( 'NONE',  ( 2.949999999999999734, -0.5999999999999993117, 1.604999999999999760 ) ) ;
#2777 = CARTESIAN_POINT ( 'NONE',  ( -1.869999999999999885, 1.249999999999999112, 1.304999999999999716 ) ) ;
#2778 = EDGE_CURVE ( 'NONE', #10515, #4538, #9443, .T. ) ;
#2779 = ORIENTED_EDGE ( 'NONE', *, *, #4559, .T. ) ;
#2780 = CARTESIAN_POINT ( 'NONE',  ( 3.549999999999999378, 7.299999999999999822, 1.604999999999999760 ) ) ;
#2781 = EDGE_CURVE ( 'NONE', #7254, #5511, #8498, .T. ) ;
#2782 = EDGE_CURVE ( 'NONE', #12158, #8756, #2810, .T. ) ;
#2783 = CARTESIAN_POINT ( 'NONE',  ( 4.469999999999999751, 0.3000000000000000444, 2.595000000000000195 ) ) ;
#2784 = VECTOR ( 'NONE', #1722, 1000.000000000000000 ) ;
#2785 = EDGE_LOOP ( 'NONE', ( #1174, #4885, #8771, #4082 ) ) ;
#2786 = DIRECTION ( 'NONE',  ( -1.000000000000000000, 0.0000000000000000000, -0.0000000000000000000 ) ) ;
#2787 = DIRECTION ( 'NONE',  ( -1.000000000000000000, 0.0000000000000000000, -0.0000000000000000000 ) ) ;
#2788 = AXIS2_PLACEMENT_3D ( 'NONE', #9803, #5942, #1349 ) ;
#2789 = DIRECTION ( 'NONE',  ( -0.0000000000000000000, -1.000000000000000000, -0.0000000000000000000 ) ) ;
#2790 = DIRECTION ( 'NONE',  ( 0.0000000000000000000, 1.000000000000000000, 0.0000000000000000000 ) ) ;
#2791 = DIRECTION ( 'NONE',  ( 0.0000000000000000000, 0.0000000000000000000, 1.000000000000000000 ) ) ;
#2792 = EDGE_CURVE ( 'NONE', #11244, #11220, #12091, .T. ) ;
#2793 = ORIENTED_EDGE ( 'NONE', *, *, #5702, .T. ) ;
#2794 = CARTESIAN_POINT ( 'NONE',  ( 1.649999999999999467, 2.302902790585047654, 0.3750000000000000000 ) ) ;
#2795 = ORIENTED_EDGE ( 'NONE', *, *, #7594, .F. ) ;
#2796 = DIRECTION ( 'NONE',  ( 0.0000000000000000000, 1.000000000000000000, 0.0000000000000000000 ) ) ;
#2797 = AXIS2_PLACEMENT_3D ( 'NONE', #6039, #615, #11737 ) ;
#2798 = VERTEX_POINT ( 'NONE', #10782 ) ;
#2799 = CARTESIAN_POINT ( 'NONE',  ( -1.599999999999999867, -0.5999999999999995337, 1.304999999999999494 ) ) ;
#2800 = CARTESIAN_POINT ( 'NONE',  ( 3.219999999999999751, 7.299999999975693932, 1.454999999995161275 ) ) ;
#2801 = PLANE ( 'NONE',  #916 ) ;
#2802 = CARTESIAN_POINT ( 'NONE',  ( 2.949999999999999734, 0.4000000000000005218, 1.304999999999999494 ) ) ;
#2803 = ORIENTED_EDGE ( 'NONE', *, *, #3873, .T. ) ;
#2804 = DIRECTION ( 'NONE',  ( -0.0000000000000000000, -0.0000000000000000000, -1.000000000000000000 ) ) ;
#2805 = DIRECTION ( 'NONE',  ( 1.000000000000000000, -0.0000000000000000000, -0.0000000000000000000 ) ) ;
#2806 = ORIENTED_EDGE ( 'NONE', *, *, #4770, .T. ) ;
#2807 = EDGE_CURVE ( 'NONE', #2915, #8998, #1424, .T. ) ;
#2808 = AXIS2_PLACEMENT_3D ( 'NONE', #9740, #3168, #6981 ) ;
#2809 = ORIENTED_EDGE ( 'NONE', *, *, #2488, .F. ) ;
#2810 = LINE ( 'NONE', #4529, #2784 ) ;
#2811 = LINE ( 'NONE', #975, #4776 ) ;
#2812 = ORIENTED_EDGE ( 'NONE', *, *, #7204, .F. ) ;
#2813 = AXIS2_PLACEMENT_3D ( 'NONE', #9117, #6365, #6242 ) ;
#2814 = ORIENTED_EDGE ( 'NONE', *, *, #7120, .T. ) ;
#2815 = LINE ( 'NONE', #10416, #4971 ) ;
#2816 = VECTOR ( 'NONE', #2548, 1000.000000000000000 ) ;
#2817 = FACE_OUTER_BOUND ( 'NONE', #2515, .T. ) ;
#2818 = ORIENTED_EDGE ( 'NONE', *, *, #9502, .F. ) ;
#2819 = LINE ( 'NONE', #7746, #11641 ) ;
#2820 = VERTEX_POINT ( 'NONE', #11823 ) ;
#2821 = ADVANCED_FACE ( 'NONE', ( #3294 ), #2380, .T. ) ;
#2822 = CARTESIAN_POINT ( 'NONE',  ( 2.069999999999999840, 0.9499999999999999556, 1.604999999999999760 ) ) ;
#2823 = VECTOR ( 'NONE', #6825, 1000.000000000000000 ) ;
#2824 = CARTESIAN_POINT ( 'NONE',  ( 4.169999999999999929, 4.800000000000000711, 2.595000000000000195 ) ) ;
#2825 = CARTESIAN_POINT ( 'NONE',  ( 4.169999999999999929, 5.225000000000000533, 0.1250000000000000000 ) ) ;
#2826 = ORIENTED_EDGE ( 'NONE', *, *, #7671, .T. ) ;
#2827 = CARTESIAN_POINT ( 'NONE',  ( 2.000000000000000000, 5.787332622142036698, 0.3750000000000000000 ) ) ;
#2828 = DIRECTION ( 'NONE',  ( -0.0000000000000000000, -0.0000000000000000000, -1.000000000000000000 ) ) ;
#2829 = LINE ( 'NONE', #12183, #9222 ) ;
#2830 = DIRECTION ( 'NONE',  ( -0.0000000000000000000, -0.0000000000000000000, -1.000000000000000000 ) ) ;
#2831 = EDGE_CURVE ( 'NONE', #4411, #10696, #522, .T. ) ;
#2832 = CYLINDRICAL_SURFACE ( 'NONE', #7024, 0.1499999999999999944 ) ;
#2833 = DIRECTION ( 'NONE',  ( 0.0000000000000000000, 0.0000000000000000000, -1.000000000000000000 ) ) ;
#2834 = CARTESIAN_POINT ( 'NONE',  ( 0.0000000000000000000, 0.4000000000000004663, 1.304999999999999494 ) ) ;
#2835 = ORIENTED_EDGE ( 'NONE', *, *, #1878, .T. ) ;
#2836 = FACE_OUTER_BOUND ( 'NONE', #11013, .T. ) ;
#2837 = CARTESIAN_POINT ( 'NONE',  ( -4.069999999999999396, 2.000000000000000000, 1.504999999999999449 ) ) ;
#2838 = AXIS2_PLACEMENT_3D ( 'NONE', #9320, #1598, #1654 ) ;
#2839 = DIRECTION ( 'NONE',  ( 1.000000000000000000, 0.0000000000000000000, -0.0000000000000000000 ) ) ;
#2840 = ORIENTED_EDGE ( 'NONE', *, *, #4164, .T. ) ;
#2841 = FACE_OUTER_BOUND ( 'NONE', #12174, .T. ) ;
#2842 = DIRECTION ( 'NONE',  ( 0.0000000000000000000, 1.000000000000000000, 0.0000000000000000000 ) ) ;
#2843 = FILL_AREA_STYLE ('',( #8411 ) ) ;
#2844 = EDGE_CURVE ( 'NONE', #6919, #7875, #2441, .T. ) ;
#2845 = LINE ( 'NONE', #6660, #5084 ) ;
#2846 = EDGE_CURVE ( 'NONE', #5860, #577, #12017, .T. ) ;
#2847 = CARTESIAN_POINT ( 'NONE',  ( 0.0000000000000000000, 0.0000000000000000000, 1.604999999999999760 ) ) ;
#2848 = ORIENTED_EDGE ( 'NONE', *, *, #7765, .T. ) ;
#2849 = DIRECTION ( 'NONE',  ( -0.0000000000000000000, -0.0000000000000000000, -1.000000000000000000 ) ) ;
#2850 = ORIENTED_EDGE ( 'NONE', *, *, #10020, .T. ) ;
#2851 = PRESENTATION_LAYER_ASSIGNMENT (  '', '', ( #6283 ) ) ;
#2852 = ORIENTED_EDGE ( 'NONE', *, *, #4899, .F. ) ;
#2853 = ORIENTED_EDGE ( 'NONE', *, *, #1834, .T. ) ;
#2854 = EDGE_CURVE ( 'NONE', #1833, #7841, #10219, .T. ) ;
#2855 = CIRCLE ( 'NONE', #4864, 0.9500000000000005107 ) ;
#2856 =( GEOMETRIC_REPRESENTATION_CONTEXT ( 3 ) GLOBAL_UNCERTAINTY_ASSIGNED_CONTEXT ( ( #11127 ) ) GLOBAL_UNIT_ASSIGNED_CONTEXT ( ( #7324, #8441, #6397 ) ) REPRESENTATION_CONTEXT ( 'NONE', 'WORKASPACE' ) );
#2857 = FACE_OUTER_BOUND ( 'NONE', #1455, .T. ) ;
#2858 = CARTESIAN_POINT ( 'NONE',  ( -2.949999999999999734, 0.4000000000000004663, 1.304999999999999494 ) ) ;
#2859 = ORIENTED_EDGE ( 'NONE', *, *, #10670, .F. ) ;
#2860 = PRESENTATION_STYLE_ASSIGNMENT (( #7550 ) ) ;
#2861 = EDGE_CURVE ( 'NONE', #9214, #6491, #5584, .T. ) ;
#2862 = ADVANCED_FACE ( 'NONE', ( #10155 ), #711, .T. ) ;
#2863 = DIRECTION ( 'NONE',  ( 0.0000000000000000000, -0.0000000000000000000, -1.000000000000000000 ) ) ;
#2864 = EDGE_LOOP ( 'NONE', ( #994, #2534, #757, #3883, #2696, #7156, #8797, #9325 ) ) ;
#2865 = CARTESIAN_POINT ( 'NONE',  ( -2.011421356237309332, 1.249999999999999334, 1.604999999999999538 ) ) ;
#2866 = CARTESIAN_POINT ( 'NONE',  ( -2.750000000000000888, -0.5999999999999993117, 1.304999999999999494 ) ) ;
#2867 = VECTOR ( 'NONE', #8393, 1000.000000000000000 ) ;
#2868 = EDGE_LOOP ( 'NONE', ( #6165, #7500, #4462, #11653 ) ) ;
#2869 = AXIS2_PLACEMENT_3D ( 'NONE', #417, #8072, #8891 ) ;
#2870 =( GEOMETRIC_REPRESENTATION_CONTEXT ( 3 ) GLOBAL_UNCERTAINTY_ASSIGNED_CONTEXT ( ( #1432 ) ) GLOBAL_UNIT_ASSIGNED_CONTEXT ( ( #10593, #4941, #2144 ) ) REPRESENTATION_CONTEXT ( 'NONE', 'WORKASPACE' ) );
#2871 = VECTOR ( 'NONE', #4620, 1000.000000000000000 ) ;
#2872 = ORIENTED_EDGE ( 'NONE', *, *, #10884, .F. ) ;
#2873 = CARTESIAN_POINT ( 'NONE',  ( 4.069999999999999396, 0.0000000000000000000, 1.504999999999999227 ) ) ;
#2874 = DIRECTION ( 'NONE',  ( 0.0000000000000000000, -1.000000000000000000, 0.0000000000000000000 ) ) ;
#2875 = EDGE_CURVE ( 'NONE', #3516, #7192, #1647, .T. ) ;
#2876 = ORIENTED_EDGE ( 'NONE', *, *, #2357, .F. ) ;
#2877 = VECTOR ( 'NONE', #6320, 1000.000000000000000 ) ;
#2878 = ADVANCED_FACE ( 'NONE', ( #5427 ), #6368, .F. ) ;
#2879 = CARTESIAN_POINT ( 'NONE',  ( 2.150000000000000799, 0.1000000000000001305, 1.604999999999999760 ) ) ;
#2880 = FACE_OUTER_BOUND ( 'NONE', #7037, .T. ) ;
#2881 = ORIENTED_EDGE ( 'NONE', *, *, #6157, .T. ) ;
#2882 = FILL_AREA_STYLE_COLOUR ( '', #3671 ) ;
#2883 = LINE ( 'NONE', #11525, #4599 ) ;
#2884 = FACE_OUTER_BOUND ( 'NONE', #6344, .T. ) ;
#2885 = ORIENTED_EDGE ( 'NONE', *, *, #4244, .T. ) ;
#2886 = AXIS2_PLACEMENT_3D ( 'NONE', #4041, #6780, #10695 ) ;
#2887 = LINE ( 'NONE', #2824, #9751 ) ;
#2888 = DIRECTION ( 'NONE',  ( 0.0000000000000000000, 0.0000000000000000000, -1.000000000000000000 ) ) ;
#2889 = CARTESIAN_POINT ( 'NONE',  ( -1.969999999999999973, 0.8500000000000000888, 10.05355608965224157 ) ) ;
#2890 = ORIENTED_EDGE ( 'NONE', *, *, #6088, .F. ) ;
#2891 =( LENGTH_UNIT ( ) NAMED_UNIT ( * ) SI_UNIT ( .MILLI., .METRE. ) );
#2892 = DIRECTION ( 'NONE',  ( 1.000000000000000000, 0.0000000000000000000, 0.0000000000000000000 ) ) ;
#2893 = CARTESIAN_POINT ( 'NONE',  ( 2.050446608846518082, 2.499999999999999556, 1.304999999999999716 ) ) ;
#2894 = AXIS2_PLACEMENT_3D ( 'NONE', #4245, #11803, #2992 ) ;
#2895 = CARTESIAN_POINT ( 'NONE',  ( -4.469999999999999751, 7.299999999999999822, 2.595000000000000195 ) ) ;
#2896 = CARTESIAN_POINT ( 'NONE',  ( -2.050446608846517638, 1.999999999999999556, -1.505000000000002780 ) ) ;
#2897 =( NAMED_UNIT ( * ) SI_UNIT ( $, .STERADIAN. ) SOLID_ANGLE_UNIT ( ) );
#2898 = EDGE_LOOP ( 'NONE', ( #2947, #10602, #1964, #5905 ) ) ;
#2899 = ORIENTED_EDGE ( 'NONE', *, *, #9208, .F. ) ;
#2900 = FACE_OUTER_BOUND ( 'NONE', #6976, .T. ) ;
#2901 = AXIS2_PLACEMENT_3D ( 'NONE', #343, #2204, #3108 ) ;
#2902 = DIRECTION ( 'NONE',  ( -0.7071067813875193675, 0.0000000000000000000, -0.7071067809855756670 ) ) ;
#2903 = EDGE_CURVE ( 'NONE', #3322, #1392, #8768, .T. ) ;
#2904 = CARTESIAN_POINT ( 'NONE',  ( 4.169999999999999929, 5.350000000000000533, 0.3549999999999995381 ) ) ;
#2905 = ORIENTED_EDGE ( 'NONE', *, *, #2718, .T. ) ;
#2906 = DIRECTION ( 'NONE',  ( 0.0000000000000000000, 0.0000000000000000000, -1.000000000000000000 ) ) ;
#2907 = LINE ( 'NONE', #7903, #4065 ) ;
#2908 = CARTESIAN_POINT ( 'NONE',  ( 0.5999999999999998668, 0.0000000000000000000, 1.504999999999999449 ) ) ;
#2909 = ORIENTED_EDGE ( 'NONE', *, *, #6890, .F. ) ;
#2910 = VERTEX_POINT ( 'NONE', #4571 ) ;
#2911 = CARTESIAN_POINT ( 'NONE',  ( -1.099999999999999867, 7.299999999999999822, 1.604999999999999760 ) ) ;
#2912 = EDGE_CURVE ( 'NONE', #11542, #7670, #3417, .T. ) ;
#2913 = EDGE_CURVE ( 'NONE', #1017, #82, #8296, .T. ) ;
#2914 = VECTOR ( 'NONE', #11212, 1000.000000000000000 ) ;
#2915 = VERTEX_POINT ( 'NONE', #2794 ) ;
#2916 = CARTESIAN_POINT ( 'NONE',  ( -4.128578643762690348, 0.1000000000000000194, 1.604999999999999316 ) ) ;
#2917 = DIRECTION ( 'NONE',  ( 0.0000000000000000000, 1.000000000000000000, 0.0000000000000000000 ) ) ;
#2918 = CYLINDRICAL_SURFACE ( 'NONE', #1113, 0.1000000000000000472 ) ;
#2919 = LINE ( 'NONE', #9436, #8070 ) ;
#2920 = ORIENTED_EDGE ( 'NONE', *, *, #3986, .F. ) ;
#2921 = CARTESIAN_POINT ( 'NONE',  ( -2.069999999999999840, 1.249999999999999112, 10.05355608965224157 ) ) ;
#2922 = ORIENTED_EDGE ( 'NONE', *, *, #8902, .T. ) ;
#2923 = CARTESIAN_POINT ( 'NONE',  ( -1.969999999999999529, 1.249999999999999334, 1.504999999999999227 ) ) ;
#2924 = ORIENTED_EDGE ( 'NONE', *, *, #11210, .F. ) ;
#2925 = DIRECTION ( 'NONE',  ( 0.0000000000000000000, 0.0000000000000000000, 1.000000000000000000 ) ) ;
#2926 = ORIENTED_EDGE ( 'NONE', *, *, #10474, .T. ) ;
#2927 = EDGE_CURVE ( 'NONE', #8085, #6997, #12078, .T. ) ;
#2928 = ORIENTED_EDGE ( 'NONE', *, *, #7661, .F. ) ;
#2929 = ORIENTED_EDGE ( 'NONE', *, *, #8758, .F. ) ;
#2930 = CARTESIAN_POINT ( 'NONE',  ( 4.069999999999999396, 0.1000000000000000194, 1.604999999999999538 ) ) ;
#2931 = EDGE_CURVE ( 'NONE', #3317, #4285, #3551, .T. ) ;
#2932 = ADVANCED_FACE ( 'NONE', ( #5614 ), #1586, .T. ) ;
#2933 = DIRECTION ( 'NONE',  ( 0.0000000000000000000, -1.000000000000000000, 0.0000000000000000000 ) ) ;
#2934 = CYLINDRICAL_SURFACE ( 'NONE', #6408, 0.1000000000000000472 ) ;
#2935 = VERTEX_POINT ( 'NONE', #11275 ) ;
#2936 = AXIS2_PLACEMENT_3D ( 'NONE', #6549, #587, #10048 ) ;
#2937 = CARTESIAN_POINT ( 'NONE',  ( -4.469999999999999751, 5.225000000000000533, 0.1250000000000000000 ) ) ;
#2938 = LINE ( 'NONE', #1956, #7813 ) ;
#2939 = ORIENTED_EDGE ( 'NONE', *, *, #6725, .T. ) ;
#2940 = CARTESIAN_POINT ( 'NONE',  ( 3.219999999999999751, 7.299999999999999822, -0.3550000000000007039 ) ) ;
#2941 = LINE ( 'NONE', #4830, #8747 ) ;
#2942 = ORIENTED_EDGE ( 'NONE', *, *, #2968, .T. ) ;
#2943 = ORIENTED_EDGE ( 'NONE', *, *, #8366, .F. ) ;
#2944 = VECTOR ( 'NONE', #6417, 1000.000000000000000 ) ;
#2945 = EDGE_CURVE ( 'NONE', #6328, #5518, #6388, .T. ) ;
#2946 = CARTESIAN_POINT ( 'NONE',  ( -2.069999999999999840, 0.9500000000000000666, 1.504999999999999449 ) ) ;
#2947 = ORIENTED_EDGE ( 'NONE', *, *, #1482, .T. ) ;
#2948 = AXIS2_PLACEMENT_3D ( 'NONE', #11166, #9133, #10172 ) ;
#2949 = CARTESIAN_POINT ( 'NONE',  ( 4.069999999999999396, 1.249999999999999334, 10.05355608965224157 ) ) ;
#2950 = LINE ( 'NONE', #2834, #788 ) ;
#2951 = EDGE_CURVE ( 'NONE', #7427, #10864, #10288, .T. ) ;
#2952 = ORIENTED_EDGE ( 'NONE', *, *, #1878, .F. ) ;
#2953 = EDGE_LOOP ( 'NONE', ( #10968, #8145, #10785, #9907 ) ) ;
#2954 = DIRECTION ( 'NONE',  ( 0.0000000000000000000, -0.0000000000000000000, 1.000000000000000000 ) ) ;
#2955 = CIRCLE ( 'NONE', #4384, 0.9499999999756990610 ) ;
#2956 = FACE_OUTER_BOUND ( 'NONE', #6228, .T. ) ;
#2957 = CARTESIAN_POINT ( 'NONE',  ( 4.469999999999999751, 4.000000000000000000, 1.904999999999999361 ) ) ;
#2958 = ORIENTED_EDGE ( 'NONE', *, *, #5363, .F. ) ;
#2959 = FACE_OUTER_BOUND ( 'NONE', #4294, .T. ) ;
#2960 = DIRECTION ( 'NONE',  ( 1.000000000000000000, 0.0000000000000000000, -0.0000000000000000000 ) ) ;
#2961 = DIRECTION ( 'NONE',  ( -1.000000000000000000, 0.0000000000000000000, -0.0000000000000000000 ) ) ;
#2962 = CARTESIAN_POINT ( 'NONE',  ( 3.776497115745560240, 1.958578643762690419, -1.305000000000001048 ) ) ;
#2963 = CARTESIAN_POINT ( 'NONE',  ( 4.169999999999999929, 5.350000000000000533, 0.0000000000000000000 ) ) ;
#2964 = CARTESIAN_POINT ( 'NONE',  ( 4.394049177309263988E-17, 2.499999999999999556, 1.304999999999999716 ) ) ;
#2965 = CARTESIAN_POINT ( 'NONE',  ( -0.8500000000000000888, 5.787332622142050909, -0.3750000000000000000 ) ) ;
#2966 = VECTOR ( 'NONE', #11481, 1000.000000000000000 ) ;
#2967 = ORIENTED_EDGE ( 'NONE', *, *, #2632, .F. ) ;
#2968 = EDGE_CURVE ( 'NONE', #7926, #7740, #831, .T. ) ;
#2969 = CARTESIAN_POINT ( 'NONE',  ( -3.219999999999999751, 0.1000000000000000056, -1.205000000000000959 ) ) ;
#2970 = VECTOR ( 'NONE', #3178, 1000.000000000000000 ) ;
#2971 = ORIENTED_EDGE ( 'NONE', *, *, #11480, .T. ) ;
#2972 = CARTESIAN_POINT ( 'NONE',  ( 2.150000000000000799, 0.4000000000000003553, 1.604999999999999760 ) ) ;
#2973 = AXIS2_PLACEMENT_3D ( 'NONE', #9242, #10097, #1591 ) ;
#2974 = CARTESIAN_POINT ( 'NONE',  ( -2.050446608846518082, 1.999999999999999556, -1.505000000000002780 ) ) ;
#2975 = DIRECTION ( 'NONE',  ( 1.000000000000000000, 0.0000000000000000000, 0.0000000000000000000 ) ) ;
#2976 = FILL_AREA_STYLE ('',( #8795 ) ) ;
#2977 =( NAMED_UNIT ( * ) SI_UNIT ( $, .STERADIAN. ) SOLID_ANGLE_UNIT ( ) );
#2978 = CARTESIAN_POINT ( 'NONE',  ( 1.399999999999999689, -0.5999999999999995337, 1.604999999999999760 ) ) ;
#2979 = ORIENTED_EDGE ( 'NONE', *, *, #808, .F. ) ;
#2980 = ORIENTED_EDGE ( 'NONE', *, *, #11155, .F. ) ;
#2981 = EDGE_CURVE ( 'NONE', #6691, #2532, #10154, .T. ) ;
#2982 = EDGE_CURVE ( 'NONE', #11246, #3056, #8666, .T. ) ;
#2983 = DIRECTION ( 'NONE',  ( 1.000000000000000000, -1.244625060509296168E-16, 0.0000000000000000000 ) ) ;
#2984 = ORIENTED_EDGE ( 'NONE', *, *, #6387, .F. ) ;
#2985 = VECTOR ( 'NONE', #3523, 1000.000000000000000 ) ;
#2986 = ORIENTED_EDGE ( 'NONE', *, *, #9939, .T. ) ;
#2987 = ORIENTED_EDGE ( 'NONE', *, *, #2730, .T. ) ;
#2988 = DIRECTION ( 'NONE',  ( 0.0000000000000000000, 0.0000000000000000000, -1.000000000000000000 ) ) ;
#2989 = DIRECTION ( 'NONE',  ( 0.0000000000000000000, 0.0000000000000000000, -1.000000000000000000 ) ) ;
#2990 = CARTESIAN_POINT ( 'NONE',  ( 4.169999999999999929, 1.449999999999999734, 0.3549999999999994826 ) ) ;
#2991 = ORIENTED_EDGE ( 'NONE', *, *, #9276, .F. ) ;
#2992 = DIRECTION ( 'NONE',  ( 0.0000000000000000000, 0.0000000000000000000, 1.000000000000000000 ) ) ;
#2993 = EDGE_CURVE ( 'NONE', #2090, #6377, #8729, .T. ) ;
#2994 = VECTOR ( 'NONE', #3886, 1000.000000000000000 ) ;
#2995 = DIRECTION ( 'NONE',  ( -0.0000000000000000000, -1.000000000000000000, 0.0000000000000000000 ) ) ;
#2996 = EDGE_CURVE ( 'NONE', #5550, #7926, #8786, .T. ) ;
#2997 = VECTOR ( 'NONE', #10580, 1000.000000000000000 ) ;
#2998 = CYLINDRICAL_SURFACE ( 'NONE', #6852, 0.9500000000000005107 ) ;
#2999 = EDGE_CURVE ( 'NONE', #3341, #885, #6721, .T. ) ;
#3000 = ORIENTED_EDGE ( 'NONE', *, *, #5253, .T. ) ;
#3001 = ORIENTED_EDGE ( 'NONE', *, *, #3026, .T. ) ;
#3002 = VECTOR ( 'NONE', #7728, 1000.000000000000000 ) ;
#3003 = CARTESIAN_POINT ( 'NONE',  ( 3.219999999999999751, 1.449999999999999956, 1.304999999999999716 ) ) ;
#3004 = DIRECTION ( 'NONE',  ( -0.0000000000000000000, -0.8660254037844371533, -0.5000000000000026645 ) ) ;
#3005 = EDGE_CURVE ( 'NONE', #9981, #11520, #13, .T. ) ;
#3006 = PLANE ( 'NONE',  #5880 ) ;
#3007 = VERTEX_POINT ( 'NONE', #11449 ) ;
#3008 = ADVANCED_FACE ( 'NONE', ( #3982 ), #11621, .T. ) ;
#3009 = CARTESIAN_POINT ( 'NONE',  ( -3.219999999999999751, 7.299999999999999822, 0.3549999999999994271 ) ) ;
#3010 = DIRECTION ( 'NONE',  ( -0.0000000000000000000, 1.000000000000000000, -0.0000000000000000000 ) ) ;
#3011 = VECTOR ( 'NONE', #7448, 1000.000000000000000 ) ;
#3012 = CARTESIAN_POINT ( 'NONE',  ( -4.169999999999999929, 1.200000000000000178, 0.1499999999999999944 ) ) ;
#3013 = EDGE_CURVE ( 'NONE', #6019, #12297, #3388, .T. ) ;
#3014 = LINE ( 'NONE', #6101, #1644 ) ;
#3015 = DIRECTION ( 'NONE',  ( -0.0000000000000000000, -0.0000000000000000000, -1.000000000000000000 ) ) ;
#3016 = CARTESIAN_POINT ( 'NONE',  ( -4.169999999999999929, 3.700000000000000178, 0.0000000000000000000 ) ) ;
#3017 = CARTESIAN_POINT ( 'NONE',  ( 2.069999999999999840, 1.349999999999999645, 1.346421356237309075 ) ) ;
#3018 = VERTEX_POINT ( 'NONE', #6783 ) ;
#3019 = EDGE_CURVE ( 'NONE', #7670, #8152, #7584, .T. ) ;
#3020 = CARTESIAN_POINT ( 'NONE',  ( 4.069999999999999396, 1.349999999999999423, 10.05355608965224157 ) ) ;
#3021 = MECHANICAL_DESIGN_GEOMETRIC_PRESENTATION_REPRESENTATION (  '', ( #1265 ), #11974 ) ;
#3022 = CYLINDRICAL_SURFACE ( 'NONE', #7272, 0.1000000000000000472 ) ;
#3023 = LINE ( 'NONE', #8654, #11412 ) ;
#3024 = DIRECTION ( 'NONE',  ( 1.000000000000000000, 0.0000000000000000000, 0.0000000000000000000 ) ) ;
#3025 =( NAMED_UNIT ( * ) PLANE_ANGLE_UNIT ( ) SI_UNIT ( $, .RADIAN. ) );
#3026 = EDGE_CURVE ( 'NONE', #7945, #3828, #1987, .T. ) ;
#3027 = CARTESIAN_POINT ( 'NONE',  ( 0.8999999999999999112, 0.4000000000000003553, 1.304999999999999494 ) ) ;
#3028 = VERTEX_POINT ( 'NONE', #3862 ) ;
#3029 = ORIENTED_EDGE ( 'NONE', *, *, #502, .F. ) ;
#3030 = DIRECTION ( 'NONE',  ( 1.071875439572228152E-15, -0.0000000000000000000, 1.000000000000000000 ) ) ;
#3031 = ORIENTED_EDGE ( 'NONE', *, *, #6302, .F. ) ;
#3032 = ORIENTED_EDGE ( 'NONE', *, *, #1574, .F. ) ;
#3033 = LINE ( 'NONE', #382, #11289 ) ;
#3034 = ORIENTED_EDGE ( 'NONE', *, *, #110, .T. ) ;
#3035 = LINE ( 'NONE', #7727, #6862 ) ;
#3036 = CARTESIAN_POINT ( 'NONE',  ( -0.5999999999999997558, 0.4000000000000003553, 1.604999999999999760 ) ) ;
#3037 = DIRECTION ( 'NONE',  ( 0.0000000000000000000, 0.0000000000000000000, 1.000000000000000000 ) ) ;
#3038 = CARTESIAN_POINT ( 'NONE',  ( 0.5000000000000000000, 2.302902790585054760, -0.3750000000000000000 ) ) ;
#3039 = FACE_OUTER_BOUND ( 'NONE', #9518, .T. ) ;
#3040 = ORIENTED_EDGE ( 'NONE', *, *, #2031, .F. ) ;
#3041 = VECTOR ( 'NONE', #11021, 1000.000000000000000 ) ;
#3042 = CARTESIAN_POINT ( 'NONE',  ( 3.219999999999999751, 1.349999999999999645, 0.3549999999999994271 ) ) ;
#3043 = ORIENTED_EDGE ( 'NONE', *, *, #595, .F. ) ;
#3044 = VERTEX_POINT ( 'NONE', #10572 ) ;
#3045 = ORIENTED_EDGE ( 'NONE', *, *, #261, .F. ) ;
#3046 = DIRECTION ( 'NONE',  ( 1.000000000000000000, -1.244625060509296168E-16, 0.0000000000000000000 ) ) ;
#3047 = AXIS2_PLACEMENT_3D ( 'NONE', #5951, #10422, #1099 ) ;
#3048 = VECTOR ( 'NONE', #11191, 1000.000000000000000 ) ;
#3049 = CARTESIAN_POINT ( 'NONE',  ( 3.250000000000001776, 2.000000000000000000, 0.0000000000000000000 ) ) ;
#3050 = EDGE_CURVE ( 'NONE', #10308, #7381, #3918, .T. ) ;
#3051 = CARTESIAN_POINT ( 'NONE',  ( -4.169999999999999929, 7.040192378864668754, -0.3550000000000000933 ) ) ;
#3052 = LINE ( 'NONE', #404, #4704 ) ;
#3053 = CARTESIAN_POINT ( 'NONE',  ( -4.469999999999999751, 0.4000000000000001887, 1.604999999999999760 ) ) ;
#3054 = AXIS2_PLACEMENT_3D ( 'NONE', #180, #3975, #6839 ) ;
#3055 = AXIS2_PLACEMENT_3D ( 'NONE', #990, #4773, #4539 ) ;
#3056 = VERTEX_POINT ( 'NONE', #5678 ) ;
#3057 = SURFACE_STYLE_FILL_AREA ( #11583 ) ;
#3058 = CARTESIAN_POINT ( 'NONE',  ( 4.169999999999999929, 7.040192378864668754, 0.0000000000000000000 ) ) ;
#3059 = VECTOR ( 'NONE', #1207, 1000.000000000000000 ) ;
#3060 = ORIENTED_EDGE ( 'NONE', *, *, #933, .T. ) ;
#3061 = CARTESIAN_POINT ( 'NONE',  ( -0.8999999999999998002, 0.1000000000000001305, 1.604999999999999760 ) ) ;
#3062 = AXIS2_PLACEMENT_3D ( 'NONE', #7015, #11744, #6179 ) ;
#3063 = ORIENTED_EDGE ( 'NONE', *, *, #10201, .F. ) ;
#3064 = CARTESIAN_POINT ( 'NONE',  ( -1.969999999999999973, 1.349999999999999867, 1.604999999999999760 ) ) ;
#3065 = AXIS2_PLACEMENT_3D ( 'NONE', #11204, #8347, #12129 ) ;
#3066 = EDGE_CURVE ( 'NONE', #8818, #10557, #7606, .T. ) ;
#3067 = ORIENTED_EDGE ( 'NONE', *, *, #5469, .T. ) ;
#3068 = FACE_OUTER_BOUND ( 'NONE', #7658, .T. ) ;
#3069 = CARTESIAN_POINT ( 'NONE',  ( -4.158991197945011820, 1.402337241226587317, 0.5738812967393379649 ) ) ;
#3070 = B_SPLINE_CURVE_WITH_KNOTS ( 'NONE', 3,
 ( #5422, #9233, #10894, #8043, #2610, #11883, #3354, #634, #704, #4441, #11086, #10963 ),
 .UNSPECIFIED., .F., .F.,
 ( 4, 1, 1, 1, 1, 2, 2, 4 ),
 ( 0.0000000000000000000, 0.2500000000000014988, 0.3750000000000018874, 0.4375000000000019984, 0.4687500000000020539, 0.4843750000000021094, 0.5000000000000022204, 1.000000000000000000 ),
 .UNSPECIFIED. ) ;
#3071 = CARTESIAN_POINT ( 'NONE',  ( 0.3500000000000000333, 2.302902790585054760, -0.3750000000000000000 ) ) ;
#3072 = LINE ( 'NONE', #3189, #9720 ) ;
#3073 = STYLED_ITEM ( 'NONE', ( #3500 ), #6513 ) ;
#3074 = EDGE_LOOP ( 'NONE', ( #2986, #2848, #12189, #2853, #3450, #5256 ) ) ;
#3075 = EDGE_CURVE ( 'NONE', #8691, #10192, #11389, .T. ) ;
#3076 = FACE_OUTER_BOUND ( 'NONE', #2098, .T. ) ;
#3077 = ADVANCED_FACE ( 'NONE', ( #1932 ), #6768, .T. ) ;
#3078 = ADVANCED_FACE ( 'NONE', ( #510 ), #5227, .F. ) ;
#3079 = PLANE ( 'NONE',  #12212 ) ;
#3080 = EDGE_LOOP ( 'NONE', ( #5413, #8013, #11501, #2971 ) ) ;
#3081 = VECTOR ( 'NONE', #10569, 1000.000000000000000 ) ;
#3082 = LINE ( 'NONE', #2113, #2034 ) ;
#3083 = DIRECTION ( 'NONE',  ( 0.0000000000000000000, 0.0000000000000000000, -1.000000000000000000 ) ) ;
#3084 = CARTESIAN_POINT ( 'NONE',  ( -1.899999999999999689, 0.0000000000000000000, 1.304999999999999494 ) ) ;
#3085 = LINE ( 'NONE', #5027, #2040 ) ;
#3086 = CARTESIAN_POINT ( 'NONE',  ( -4.169999999999999929, 0.1000000000000000056, 1.504999999999999449 ) ) ;
#3087 = CARTESIAN_POINT ( 'NONE',  ( 1.349999999999999645, 5.787332622142040250, -0.3750000000000000000 ) ) ;
#3088 = LINE ( 'NONE', #4312, #8732 ) ;
#3089 = VERTEX_POINT ( 'NONE', #11877 ) ;
#3090 = ORIENTED_EDGE ( 'NONE', *, *, #8893, .F. ) ;
#3091 = AXIS2_PLACEMENT_3D ( 'NONE', #7633, #12287, #8625 ) ;
#3092 = ADVANCED_FACE ( 'NONE', ( #5295 ), #9781, .F. ) ;
#3093 = ADVANCED_FACE ( 'NONE', ( #1445 ), #8915, .T. ) ;
#3094 = ORIENTED_EDGE ( 'NONE', *, *, #10098, .T. ) ;
#3095 = CARTESIAN_POINT ( 'NONE',  ( 3.219999999999999751, 3.449999999999999734, 1.304999999999999716 ) ) ;
#3096 = FACE_OUTER_BOUND ( 'NONE', #813, .T. ) ;
#3097 = CARTESIAN_POINT ( 'NONE',  ( -0.1500000000000002442, 5.787332622142050909, -0.3750000000000000000 ) ) ;
#3098 = DIRECTION ( 'NONE',  ( -2.915983305002245764E-17, -0.5000000000000022204, -0.8660254037844373753 ) ) ;
#3099 = PLANE ( 'NONE',  #12202 ) ;
#3100 = ORIENTED_EDGE ( 'NONE', *, *, #4630, .F. ) ;
#3101 = CARTESIAN_POINT ( 'NONE',  ( -1.050446608846517860, 1.999999999999999556, -1.505000000000002780 ) ) ;
#3102 = ORIENTED_EDGE ( 'NONE', *, *, #6821, .T. ) ;
#3103 = ORIENTED_EDGE ( 'NONE', *, *, #11441, .T. ) ;
#3104 = ORIENTED_EDGE ( 'NONE', *, *, #7204, .T. ) ;
#3105 = VECTOR ( 'NONE', #11202, 1000.000000000000000 ) ;
#3106 = DIRECTION ( 'NONE',  ( -0.0000000000000000000, -1.000000000000000000, -0.0000000000000000000 ) ) ;
#3107 = ORIENTED_EDGE ( 'NONE', *, *, #4691, .F. ) ;
#3108 = DIRECTION ( 'NONE',  ( 0.0000000000000000000, 0.0000000000000000000, -1.000000000000000000 ) ) ;
#3109 = CARTESIAN_POINT ( 'NONE',  ( 4.394049177309263988E-17, 0.0000000000000000000, 1.304999999999999716 ) ) ;
#3110 = CLOSED_SHELL ( 'NONE', ( #7364, #6259, #1152, #919, #7839, #9953 ) ) ;
#3111 = ORIENTED_EDGE ( 'NONE', *, *, #544, .F. ) ;
#3112 = DIRECTION ( 'NONE',  ( 0.0000000000000000000, 0.0000000000000000000, 1.000000000000000000 ) ) ;
#3113 = DIRECTION ( 'NONE',  ( -1.000000000000000000, -0.0000000000000000000, -0.0000000000000000000 ) ) ;
#3114 = ORIENTED_EDGE ( 'NONE', *, *, #11728, .T. ) ;
#3115 = EDGE_CURVE ( 'NONE', #2820, #11488, #9041, .T. ) ;
#3116 = ORIENTED_EDGE ( 'NONE', *, *, #8820, .T. ) ;
#3117 = DIRECTION ( 'NONE',  ( 0.0000000000000000000, 0.0000000000000000000, -1.000000000000000000 ) ) ;
#3118 = VECTOR ( 'NONE', #4162, 1000.000000000000000 ) ;
#3119 = ORIENTED_EDGE ( 'NONE', *, *, #8195, .F. ) ;
#3120 = CARTESIAN_POINT ( 'NONE',  ( -4.169999999999999929, 1.250000000000000000, -0.3550000000000001488 ) ) ;
#3121 = CARTESIAN_POINT ( 'NONE',  ( 1.000000000000000000, 5.787332622142043803, -0.3750000000000000000 ) ) ;
#3122 = VERTEX_POINT ( 'NONE', #2308 ) ;
#3123 = FILL_AREA_STYLE ('',( #8764 ) ) ;
#3124 = PLANE ( 'NONE',  #7054 ) ;
#3125 = DIRECTION ( 'NONE',  ( -1.000000000000000000, -0.0000000000000000000, 0.0000000000000000000 ) ) ;
#3126 = CYLINDRICAL_SURFACE ( 'NONE', #4290, 0.09999999999999982514 ) ;
#3127 = CARTESIAN_POINT ( 'NONE',  ( 4.394049177309263988E-17, 1.349999999999999867, 1.304999999999999716 ) ) ;
#3128 = VECTOR ( 'NONE', #1091, 1000.000000000000000 ) ;
#3129 = EDGE_LOOP ( 'NONE', ( #4927, #1259, #8496, #1571 ) ) ;
#3130 = EDGE_CURVE ( 'NONE', #5863, #8385, #10161, .T. ) ;
#3131 = EDGE_CURVE ( 'NONE', #4957, #9722, #5102, .T. ) ;
#3132 = LINE ( 'NONE', #5782, #2739 ) ;
#3133 = CARTESIAN_POINT ( 'NONE',  ( 1.969999999999999973, 5.350000000000000533, 0.1250000000000000000 ) ) ;
#3134 = UNCERTAINTY_MEASURE_WITH_UNIT (LENGTH_MEASURE( 1.000000000000000082E-05 ), #3950, 'distance_accuracy_value', 'NONE');
#3135 = CARTESIAN_POINT ( 'NONE',  ( -1.149999999999999911, 5.787332622142050909, -0.3750000000000000000 ) ) ;
#3136 = AXIS2_PLACEMENT_3D ( 'NONE', #12058, #6533, #9583 ) ;
#3137 = CARTESIAN_POINT ( 'NONE',  ( 3.800761184457488007, 1.349999999999999201, 1.346421356237309963 ) ) ;
#3138 = VERTEX_POINT ( 'NONE', #11683 ) ;
#3139 = LINE ( 'NONE', #123, #10025 ) ;
#3140 = LINE ( 'NONE', #6776, #9866 ) ;
#3141 = SURFACE_SIDE_STYLE ('',( #243 ) ) ;
#3142 = ADVANCED_FACE ( 'NONE', ( #8092 ), #9109, .T. ) ;
#3143 = DIRECTION ( 'NONE',  ( 1.000000000000000000, 0.0000000000000000000, -0.0000000000000000000 ) ) ;
#3144 = DIRECTION ( 'NONE',  ( 0.0000000000000000000, 0.0000000000000000000, -1.000000000000000000 ) ) ;
#3145 = ORIENTED_EDGE ( 'NONE', *, *, #8587, .F. ) ;
#3146 = ADVANCED_FACE ( 'NONE', ( #2368 ), #8854, .T. ) ;
#3147 = EDGE_CURVE ( 'NONE', #4710, #11733, #4800, .T. ) ;
#3148 = CARTESIAN_POINT ( 'NONE',  ( -3.220000000000000195, 2.000000000000000000, -1.205000000000000293 ) ) ;
#3149 = VECTOR ( 'NONE', #3113, 1000.000000000000000 ) ;
#3150 = ORIENTED_EDGE ( 'NONE', *, *, #6330, .T. ) ;
#3151 = DIRECTION ( 'NONE',  ( 0.0000000000000000000, 0.0000000000000000000, 1.000000000000000000 ) ) ;
#3152 = ORIENTED_EDGE ( 'NONE', *, *, #10682, .F. ) ;
#3153 = DIRECTION ( 'NONE',  ( -0.0000000000000000000, 0.0000000000000000000, 1.000000000000000000 ) ) ;
#3154 = LINE ( 'NONE', #3036, #2097 ) ;
#3155 = DIRECTION ( 'NONE',  ( -1.000000000000000000, 0.0000000000000000000, 0.0000000000000000000 ) ) ;
#3156 = DIRECTION ( 'NONE',  ( 0.0000000000000000000, 0.0000000000000000000, -1.000000000000000000 ) ) ;
#3157 = EDGE_CURVE ( 'NONE', #6988, #7974, #4433, .T. ) ;
#3158 = DIRECTION ( 'NONE',  ( 0.0000000000000000000, -0.0000000000000000000, -1.000000000000000000 ) ) ;
#3159 = DIRECTION ( 'NONE',  ( 1.000000000000000000, 0.0000000000000000000, 0.0000000000000000000 ) ) ;
#3160 = MECHANICAL_DESIGN_GEOMETRIC_PRESENTATION_REPRESENTATION (  '', ( #10767 ), #6379 ) ;
#3161 = EDGE_CURVE ( 'NONE', #11806, #1660, #8339, .T. ) ;
#3162 = CARTESIAN_POINT ( 'NONE',  ( 1.099999999999999867, 0.4000000000000003553, 1.304999999999999494 ) ) ;
#3163 = ORIENTED_EDGE ( 'NONE', *, *, #7008, .F. ) ;
#3164 = ORIENTED_EDGE ( 'NONE', *, *, #12222, .F. ) ;
#3165 = ORIENTED_EDGE ( 'NONE', *, *, #2047, .T. ) ;
#3166 = VECTOR ( 'NONE', #4033, 1000.000000000000114 ) ;
#3167 = DIRECTION ( 'NONE',  ( -1.000000000000000000, -4.336808689942013792E-15, 0.0000000000000000000 ) ) ;
#3168 = DIRECTION ( 'NONE',  ( -0.0000000000000000000, -1.000000000000000000, -0.0000000000000000000 ) ) ;
#3169 = CIRCLE ( 'NONE', #6772, 0.2999999999999999334 ) ;
#3170 = DIRECTION ( 'NONE',  ( 0.5000000000000022204, -0.8660254037844373753, 0.0000000000000000000 ) ) ;
#3171 = FACE_OUTER_BOUND ( 'NONE', #5001, .T. ) ;
#3172 = ORIENTED_EDGE ( 'NONE', *, *, #8965, .F. ) ;
#3173 = LINE ( 'NONE', #4272, #957 ) ;
#3174 = EDGE_CURVE ( 'NONE', #8782, #9757, #8219, .T. ) ;
#3175 = PRESENTATION_STYLE_ASSIGNMENT (( #11710 ) ) ;
#3176 = AXIS2_PLACEMENT_3D ( 'NONE', #5134, #11907, #11784 ) ;
#3177 = ORIENTED_EDGE ( 'NONE', *, *, #10231, .T. ) ;
#3178 = DIRECTION ( 'NONE',  ( -0.0000000000000000000, 1.000000000000000000, 0.0000000000000000000 ) ) ;
#3179 = ORIENTED_EDGE ( 'NONE', *, *, #3809, .T. ) ;
#3180 = AXIS2_PLACEMENT_3D ( 'NONE', #4687, #9179, #4972 ) ;
#3181 = ORIENTED_EDGE ( 'NONE', *, *, #1935, .F. ) ;
#3182 = CARTESIAN_POINT ( 'NONE',  ( -3.219999999999999751, 0.0000000000000000000, -0.3550000000000004818 ) ) ;
#3183 = AXIS2_PLACEMENT_3D ( 'NONE', #3697, #857, #4644 ) ;
#3184 = CARTESIAN_POINT ( 'NONE',  ( 2.150000000000000355, 0.0000000000000000000, 1.304999999999999494 ) ) ;
#3185 = ORIENTED_EDGE ( 'NONE', *, *, #8606, .T. ) ;
#3186 = COLOUR_RGB ( '',0.9686274509803921573, 0.8784313725490195957, 0.5999999999999999778 ) ;
#3187 = DIRECTION ( 'NONE',  ( 0.0000000000000000000, 0.0000000000000000000, -1.000000000000000000 ) ) ;
#3188 = DIRECTION ( 'NONE',  ( -1.000000000000000000, -0.0000000000000000000, -0.0000000000000000000 ) ) ;
#3189 = CARTESIAN_POINT ( 'NONE',  ( 1.969999999999999973, 3.449999999999999734, 0.1250000000000000000 ) ) ;
#3190 = CARTESIAN_POINT ( 'NONE',  ( 1.050446608846517860, 2.499999999999999556, -1.505000000000002780 ) ) ;
#3191 = VECTOR ( 'NONE', #2917, 1000.000000000000000 ) ;
#3192 = ORIENTED_EDGE ( 'NONE', *, *, #8250, .F. ) ;
#3193 = ORIENTED_EDGE ( 'NONE', *, *, #3927, .F. ) ;
#3194 = CARTESIAN_POINT ( 'NONE',  ( 3.219999999999999751, 7.300000000032537351, -1.455000000005326699 ) ) ;
#3195 = AXIS2_PLACEMENT_3D ( 'NONE', #7854, #10708, #2187 ) ;
#3196 =( NAMED_UNIT ( * ) SI_UNIT ( $, .STERADIAN. ) SOLID_ANGLE_UNIT ( ) );
#3197 = CARTESIAN_POINT ( 'NONE',  ( -2.750000000000000888, -0.5999999999999993117, 1.604999999999999760 ) ) ;
#3198 = CARTESIAN_POINT ( 'NONE',  ( 1.970000000000000417, 1.308578643762689619, 1.346421356237309519 ) ) ;
#3199 = ORIENTED_EDGE ( 'NONE', *, *, #8519, .T. ) ;
#3200 = VECTOR ( 'NONE', #434, 1000.000000000000000 ) ;
#3201 = LINE ( 'NONE', #7011, #9804 ) ;
#3202 = EDGE_CURVE ( 'NONE', #7443, #2429, #6297, .T. ) ;
#3203 = EDGE_CURVE ( 'NONE', #11244, #4838, #1572, .T. ) ;
#3204 = CARTESIAN_POINT ( 'NONE',  ( -4.069999999999999396, 1.350000000000000311, 0.9714414002968979611 ) ) ;
#3205 = ORIENTED_EDGE ( 'NONE', *, *, #666, .F. ) ;
#3206 = LINE ( 'NONE', #4239, #6079 ) ;
#3207 = PRESENTATION_STYLE_ASSIGNMENT (( #7837 ) ) ;
#3208 = PLANE ( 'NONE',  #7462 ) ;
#3209 = PRESENTATION_LAYER_ASSIGNMENT (  '', '', ( #2635 ) ) ;
#3210 = FACE_OUTER_BOUND ( 'NONE', #1382, .T. ) ;
#3211 = LINE ( 'NONE', #4246, #10512 ) ;
#3212 = ORIENTED_EDGE ( 'NONE', *, *, #4244, .F. ) ;
#3213 = DIRECTION ( 'NONE',  ( 0.0000000000000000000, -1.000000000000000000, 0.0000000000000000000 ) ) ;
#3214 = ORIENTED_EDGE ( 'NONE', *, *, #4703, .F. ) ;
#3215 =( LENGTH_UNIT ( ) NAMED_UNIT ( * ) SI_UNIT ( .MILLI., .METRE. ) );
#3216 = MECHANICAL_DESIGN_GEOMETRIC_PRESENTATION_REPRESENTATION (  '', ( #10008 ), #4029 ) ;
#3217 = VERTEX_POINT ( 'NONE', #12122 ) ;
#3218 = FILL_AREA_STYLE_COLOUR ( '', #8869 ) ;
#3219 = CARTESIAN_POINT ( 'NONE',  ( 1.750000000000000222, 0.0000000000000000000, 0.1000000000000000056 ) ) ;
#3220 = ADVANCED_FACE ( 'NONE', ( #5479 ), #9292, .F. ) ;
#3221 = ADVANCED_FACE ( 'NONE', ( #2489 ), #7409, .F. ) ;
#3222 = CARTESIAN_POINT ( 'NONE',  ( -4.469999999999999751, 0.4000000000000001887, 1.604999999999999760 ) ) ;
#3223 = DIRECTION ( 'NONE',  ( -1.000000000000000000, -0.0000000000000000000, -0.0000000000000000000 ) ) ;
#3224 = ORIENTED_EDGE ( 'NONE', *, *, #6471, .T. ) ;
#3225 = PLANE ( 'NONE',  #7158 ) ;
#3226 = ORIENTED_EDGE ( 'NONE', *, *, #6980, .F. ) ;
#3227 = VERTEX_POINT ( 'NONE', #5412 ) ;
#3228 = ORIENTED_EDGE ( 'NONE', *, *, #2549, .T. ) ;
#3229 = ADVANCED_FACE ( 'NONE', ( #693 ), #879, .T. ) ;
#3230 = FACE_OUTER_BOUND ( 'NONE', #9717, .T. ) ;
#3231 = CARTESIAN_POINT ( 'NONE',  ( -3.219999999999999751, 2.000000000000000000, 1.204999999999999627 ) ) ;
#3232 = VECTOR ( 'NONE', #6503, 1000.000000000000000 ) ;
#3233 = EDGE_CURVE ( 'NONE', #3435, #5311, #8401, .T. ) ;
#3234 = EDGE_CURVE ( 'NONE', #4064, #2367, #1434, .T. ) ;
#3235 = CARTESIAN_POINT ( 'NONE',  ( -2.069999999999999840, 7.299999999999999822, 1.604999999999999760 ) ) ;
#3236 = FACE_OUTER_BOUND ( 'NONE', #1217, .T. ) ;
#3237 = ORIENTED_EDGE ( 'NONE', *, *, #7868, .T. ) ;
#3238 = CARTESIAN_POINT ( 'NONE',  ( -1.099999999999999423, 0.1000000000000000056, 1.504999999999999449 ) ) ;
#3239 = PLANE ( 'NONE',  #3845 ) ;
#3240 = CARTESIAN_POINT ( 'NONE',  ( 1.599999999999999867, 0.1000000000000000056, 1.504999999999999449 ) ) ;
#3241 = CARTESIAN_POINT ( 'NONE',  ( -2.000000000000000000, 2.302902790585058312, -0.3750000000000000000 ) ) ;
#3242 = ORIENTED_EDGE ( 'NONE', *, *, #310, .T. ) ;
#3243 = CARTESIAN_POINT ( 'NONE',  ( 3.549999999999999822, -0.5999999999999993117, 1.304999999999999494 ) ) ;
#3244 = DIRECTION ( 'NONE',  ( 0.7071067811865463515, -0.7071067811865487940, 0.0000000000000000000 ) ) ;
#3245 = DIRECTION ( 'NONE',  ( -1.000000000000000000, 0.0000000000000000000, 0.0000000000000000000 ) ) ;
#3246 = ORIENTED_EDGE ( 'NONE', *, *, #5697, .T. ) ;
#3247 = VECTOR ( 'NONE', #160, 1000.000000000000000 ) ;
#3248 = ORIENTED_EDGE ( 'NONE', *, *, #10655, .F. ) ;
#3249 = EDGE_CURVE ( 'NONE', #7137, #5362, #2725, .T. ) ;
#3250 = FACE_OUTER_BOUND ( 'NONE', #11856, .T. ) ;
#3251 = ORIENTED_EDGE ( 'NONE', *, *, #2753, .F. ) ;
#3252 = CARTESIAN_POINT ( 'NONE',  ( 4.169999999999999929, 1.308578643762689619, 1.504999999999999227 ) ) ;
#3253 = EDGE_CURVE ( 'NONE', #3007, #5552, #814, .T. ) ;
#3254 = DIRECTION ( 'NONE',  ( 0.0000000000000000000, -0.0000000000000000000, -1.000000000000000000 ) ) ;
#3255 = VERTEX_POINT ( 'NONE', #11136 ) ;
#3256 = VECTOR ( 'NONE', #9049, 1000.000000000000000 ) ;
#3257 = STYLED_ITEM ( 'NONE', ( #8693 ), #12101 ) ;
#3258 = DIRECTION ( 'NONE',  ( -1.000000000000000000, 0.0000000000000000000, 0.0000000000000000000 ) ) ;
#3259 = PLANE ( 'NONE',  #9418 ) ;
#3260 = VECTOR ( 'NONE', #1404, 1000.000000000000000 ) ;
#3261 = FACE_OUTER_BOUND ( 'NONE', #4852, .T. ) ;
#3262 =( NAMED_UNIT ( * ) PLANE_ANGLE_UNIT ( ) SI_UNIT ( $, .RADIAN. ) );
#3263 = CARTESIAN_POINT ( 'NONE',  ( 1.399999999999999689, 0.1000000000000000056, 1.504999999999999449 ) ) ;
#3264 = ORIENTED_EDGE ( 'NONE', *, *, #6106, .F. ) ;
#3265 = ORIENTED_EDGE ( 'NONE', *, *, #7725, .T. ) ;
#3266 = EDGE_LOOP ( 'NONE', ( #11028, #1693, #3739, #222 ) ) ;
#3267 = CIRCLE ( 'NONE', #7258, 0.1000000000000000472 ) ;
#3268 = LINE ( 'NONE', #10874, #982 ) ;
#3269 = AXIS2_PLACEMENT_3D ( 'NONE', #4119, #7915, #9603 ) ;
#3270 = STYLED_ITEM ( 'NONE', ( #9962 ), #11702 ) ;
#3271 = CARTESIAN_POINT ( 'NONE',  ( -3.219999999999999751, 0.0000000000000000000, 1.304999999999999716 ) ) ;
#3272 = UNCERTAINTY_MEASURE_WITH_UNIT (LENGTH_MEASURE( 1.000000000000000082E-05 ), #3278, 'distance_accuracy_value', 'NONE');
#3273 = DIRECTION ( 'NONE',  ( -0.0000000000000000000, -0.0000000000000000000, -1.000000000000000000 ) ) ;
#3274 = CARTESIAN_POINT ( 'NONE',  ( -2.950000000000000178, 0.0000000000000000000, 1.504999999999999449 ) ) ;
#3275 = CARTESIAN_POINT ( 'NONE',  ( -4.043890024457592602, -0.0000000000000000000, -0.5660729320764510408 ) ) ;
#3276 = ORIENTED_EDGE ( 'NONE', *, *, #8096, .T. ) ;
#3277 = DIRECTION ( 'NONE',  ( 0.5773502691896215122, 0.5773502691896241767, -0.5773502691896315042 ) ) ;
#3278 =( LENGTH_UNIT ( ) NAMED_UNIT ( * ) SI_UNIT ( .MILLI., .METRE. ) );
#3279 = VECTOR ( 'NONE', #2863, 1000.000000000000000 ) ;
#3280 = CIRCLE ( 'NONE', #8266, 0.1500000000397815059 ) ;
#3281 = CARTESIAN_POINT ( 'NONE',  ( -4.469999999999999751, 3.700000000000000178, 0.1250000000000000278 ) ) ;
#3282 = CARTESIAN_POINT ( 'NONE',  ( -4.469999999999999751, 0.4000000000000001887, 1.604999999999999760 ) ) ;
#3283 = VERTEX_POINT ( 'NONE', #6420 ) ;
#3284 = DIRECTION ( 'NONE',  ( 1.000000000000000000, -1.734723475976807341E-16, 0.0000000000000000000 ) ) ;
#3285 = ORIENTED_EDGE ( 'NONE', *, *, #1758, .F. ) ;
#3286 = EDGE_CURVE ( 'NONE', #8600, #12301, #11259, .T. ) ;
#3287 = CIRCLE ( 'NONE', #3696, 0.2999999999999999334 ) ;
#3288 = DIRECTION ( 'NONE',  ( -0.0000000000000000000, 1.000000000000000000, 0.0000000000000000000 ) ) ;
#3289 = VERTEX_POINT ( 'NONE', #3409 ) ;
#3290 = PRESENTATION_STYLE_ASSIGNMENT (( #4253 ) ) ;
#3291 = CARTESIAN_POINT ( 'NONE',  ( -4.069999999999999396, 2.000000000000000000, -0.8529184719828695194 ) ) ;
#3292 = LINE ( 'NONE', #6364, #717 ) ;
#3293 = CARTESIAN_POINT ( 'NONE',  ( -0.8500000000000000888, 5.787332622142050909, 0.3750000000000000000 ) ) ;
#3294 = FACE_OUTER_BOUND ( 'NONE', #6255, .T. ) ;
#3295 = CARTESIAN_POINT ( 'NONE',  ( 0.0000000000000000000, 4.999999999999995559, 0.1000000000000000056 ) ) ;
#3296 = ORIENTED_EDGE ( 'NONE', *, *, #6139, .T. ) ;
#3297 = ORIENTED_EDGE ( 'NONE', *, *, #3075, .F. ) ;
#3298 = EDGE_CURVE ( 'NONE', #5157, #5698, #1807, .T. ) ;
#3299 = EDGE_CURVE ( 'NONE', #1235, #11743, #2150, .T. ) ;
#3300 = EDGE_LOOP ( 'NONE', ( #8832, #1634, #5458, #3276 ) ) ;
#3301 = CARTESIAN_POINT ( 'NONE',  ( -2.890000000000000124, 1.050000000000000044, 1.604999999999999760 ) ) ;
#3302 = VECTOR ( 'NONE', #4757, 1000.000000000000000 ) ;
#3303 = DIRECTION ( 'NONE',  ( 0.0000000000000000000, 0.0000000000000000000, 1.000000000000000000 ) ) ;
#3304 = DIRECTION ( 'NONE',  ( 1.000000000000000000, 0.0000000000000000000, -0.0000000000000000000 ) ) ;
#3305 = LINE ( 'NONE', #720, #10843 ) ;
#3306 = ORIENTED_EDGE ( 'NONE', *, *, #9365, .T. ) ;
#3307 = DIRECTION ( 'NONE',  ( -1.000000000000000000, -0.0000000000000000000, -0.0000000000000000000 ) ) ;
#3308 = DIRECTION ( 'NONE',  ( -0.0000000000000000000, 1.000000000000000000, 0.0000000000000000000 ) ) ;
#3309 = DIRECTION ( 'NONE',  ( 0.0000000000000000000, -0.0000000000000000000, -1.000000000000000000 ) ) ;
#3310 = ADVANCED_FACE ( 'NONE', ( #11316 ), #220, .T. ) ;
#3311 = LINE ( 'NONE', #4340, #1295 ) ;
#3312 = VERTEX_POINT ( 'NONE', #4012 ) ;
#3313 = CARTESIAN_POINT ( 'NONE',  ( -2.890000000000000124, 1.050000000000000044, 2.285000000028958311 ) ) ;
#3314 = PLANE ( 'NONE',  #8343 ) ;
#3315 = MECHANICAL_DESIGN_GEOMETRIC_PRESENTATION_REPRESENTATION (  '', ( #1358 ), #11866 ) ;
#3316 = FACE_OUTER_BOUND ( 'NONE', #5771, .T. ) ;
#3317 = VERTEX_POINT ( 'NONE', #7810 ) ;
#3318 = EDGE_CURVE ( 'NONE', #4247, #11118, #7526, .T. ) ;
#3319 = EDGE_CURVE ( 'NONE', #8782, #3283, #4081, .T. ) ;
#3320 = VERTEX_POINT ( 'NONE', #8884 ) ;
#3321 = CARTESIAN_POINT ( 'NONE',  ( -2.890000000000000124, 1.050000000000000044, 2.185000000110903784 ) ) ;
#3322 = VERTEX_POINT ( 'NONE', #5659 ) ;
#3323 = CARTESIAN_POINT ( 'NONE',  ( 4.128578643762690348, 1.349999999999999423, 1.504999999999999227 ) ) ;
#3324 = LINE ( 'NONE', #8761, #7270 ) ;
#3325 = VERTEX_POINT ( 'NONE', #10389 ) ;
#3326 = VECTOR ( 'NONE', #6667, 1000.000000000000000 ) ;
#3327 = PLANE ( 'NONE',  #9633 ) ;
#3328 = ADVANCED_FACE ( 'NONE', ( #2836 ), #350, .T. ) ;
#3329 = ORIENTED_EDGE ( 'NONE', *, *, #11042, .T. ) ;
#3330 = CARTESIAN_POINT ( 'NONE',  ( 3.219999999999999751, 2.000000000000000000, 1.204999999999999627 ) ) ;
#3331 = LINE ( 'NONE', #3390, #8186 ) ;
#3332 = ORIENTED_EDGE ( 'NONE', *, *, #1292, .F. ) ;
#3333 = ADVANCED_FACE ( 'NONE', ( #3316 ), #2337, .F. ) ;
#3334 = VERTEX_POINT ( 'NONE', #8006 ) ;
#3335 = FACE_OUTER_BOUND ( 'NONE', #4890, .T. ) ;
#3336 = DIRECTION ( 'NONE',  ( 0.0000000000000000000, 1.000000000000000000, 0.0000000000000000000 ) ) ;
#3337 = DIRECTION ( 'NONE',  ( -0.0000000000000000000, -1.000000000000000000, 0.0000000000000000000 ) ) ;
#3338 = DIRECTION ( 'NONE',  ( -1.000000000000000000, 1.734723475976807341E-16, -0.0000000000000000000 ) ) ;
#3339 = VERTEX_POINT ( 'NONE', #9012 ) ;
#3340 = DIRECTION ( 'NONE',  ( 0.0000000000000000000, -0.7071067811865406894, 0.7071067811865544561 ) ) ;
#3341 = VERTEX_POINT ( 'NONE', #7060 ) ;
#3342 = VECTOR ( 'NONE', #2134, 1000.000000000000000 ) ;
#3343 = CARTESIAN_POINT ( 'NONE',  ( -0.3999999999999993006, 7.299999999999999822, 1.604999999999999760 ) ) ;
#3344 = DIRECTION ( 'NONE',  ( -1.000000000000000000, 1.734723475976807341E-16, 0.0000000000000000000 ) ) ;
#3345 = AXIS2_PLACEMENT_3D ( 'NONE', #11327, #9540, #2791 ) ;
#3346 = ADVANCED_FACE ( 'NONE', ( #7123 ), #411, .T. ) ;
#3347 = CARTESIAN_POINT ( 'NONE',  ( 0.0000000000000000000, 0.0000000000000000000, 1.304999999999999494 ) ) ;
#3348 = DIRECTION ( 'NONE',  ( -1.000000000000000000, 0.0000000000000000000, -0.0000000000000000000 ) ) ;
#3349 = ORIENTED_EDGE ( 'NONE', *, *, #9982, .F. ) ;
#3350 = VERTEX_POINT ( 'NONE', #10854 ) ;
#3351 = LINE ( 'NONE', #5104, #10228 ) ;
#3352 = ORIENTED_EDGE ( 'NONE', *, *, #295, .F. ) ;
#3353 = FILL_AREA_STYLE ('',( #6303 ) ) ;
#3354 = CARTESIAN_POINT ( 'NONE',  ( -4.169999999999998153, 1.311314678724398330, 0.6683220100284720244 ) ) ;
#3355 = DIRECTION ( 'NONE',  ( -0.0000000000000000000, -0.0000000000000000000, -1.000000000000000000 ) ) ;
#3356 = MANIFOLD_SOLID_BREP ( 'Boss-Extrude14[3]', #4351 ) ;
#3357 = EDGE_CURVE ( 'NONE', #6327, #9796, #6913, .T. ) ;
#3358 = DIRECTION ( 'NONE',  ( 1.000000000000000000, -0.0000000000000000000, -0.0000000000000000000 ) ) ;
#3359 = VECTOR ( 'NONE', #740, 1000.000000000000000 ) ;
#3360 = ORIENTED_EDGE ( 'NONE', *, *, #1530, .T. ) ;
#3361 = ORIENTED_EDGE ( 'NONE', *, *, #8995, .F. ) ;
#3362 = ORIENTED_EDGE ( 'NONE', *, *, #7423, .T. ) ;
#3363 = DIRECTION ( 'NONE',  ( 3.942553354416397572E-16, 1.000000000000000000, 0.0000000000000000000 ) ) ;
#3364 = AXIS2_PLACEMENT_3D ( 'NONE', #1458, #5240, #9240 ) ;
#3365 = CARTESIAN_POINT ( 'NONE',  ( 0.0000000000000000000, 0.0000000000000000000, 1.304999999999999494 ) ) ;
#3366 = PLANE ( 'NONE',  #3688 ) ;
#3367 = EDGE_CURVE ( 'NONE', #776, #8551, #1472, .T. ) ;
#3368 = EDGE_CURVE ( 'NONE', #10965, #6677, #1146, .T. ) ;
#3369 = CARTESIAN_POINT ( 'NONE',  ( -2.150446608846517282, 7.299999999999999822, -1.605000000000000648 ) ) ;
#3370 = CARTESIAN_POINT ( 'NONE',  ( 2.750000000000000888, -0.5999999999999993117, 1.304999999999999494 ) ) ;
#3371 = LINE ( 'NONE', #8943, #11219 ) ;
#3372 = EDGE_LOOP ( 'NONE', ( #3029, #2203, #7367, #8341 ) ) ;
#3373 = LINE ( 'NONE', #11967, #6936 ) ;
#3374 = MANIFOLD_SOLID_BREP ( 'Cut-Extrude5', #2146 ) ;
#3375 = AXIS2_PLACEMENT_3D ( 'NONE', #1783, #8188, #8251 ) ;
#3376 = ORIENTED_EDGE ( 'NONE', *, *, #10604, .F. ) ;
#3377 = ORIENTED_EDGE ( 'NONE', *, *, #11452, .T. ) ;
#3378 = AXIS2_PLACEMENT_3D ( 'NONE', #11094, #6431, #3740 ) ;
#3379 = FACE_OUTER_BOUND ( 'NONE', #12094, .T. ) ;
#3380 = EDGE_CURVE ( 'NONE', #3643, #10755, #9727, .T. ) ;
#3381 = DIRECTION ( 'NONE',  ( -0.0000000000000000000, -1.000000000000000000, -0.0000000000000000000 ) ) ;
#3382 = CARTESIAN_POINT ( 'NONE',  ( -2.050446608846518082, 1.999999999999999556, 1.304999999999999716 ) ) ;
#3383 = ORIENTED_EDGE ( 'NONE', *, *, #2345, .T. ) ;
#3384 = VECTOR ( 'NONE', #4643, 1000.000000000000000 ) ;
#3385 = EDGE_CURVE ( 'NONE', #9225, #6988, #2316, .T. ) ;
#3386 = SURFACE_STYLE_FILL_AREA ( #11911 ) ;
#3387 = ORIENTED_EDGE ( 'NONE', *, *, #10099, .F. ) ;
#3388 = CIRCLE ( 'NONE', #12148, 0.1000000000000000472 ) ;
#3389 = CARTESIAN_POINT ( 'NONE',  ( -3.219999999999999751, 7.300000000043382009, -0.3550000000000004818 ) ) ;
#3390 = CARTESIAN_POINT ( 'NONE',  ( 3.549999999999999822, -0.5999999999999993117, 1.304999999999999494 ) ) ;
#3391 = LINE ( 'NONE', #10005, #10713 ) ;
#3392 = EDGE_LOOP ( 'NONE', ( #1476, #9159, #5137, #7341 ) ) ;
#3393 = ORIENTED_EDGE ( 'NONE', *, *, #5179, .T. ) ;
#3394 = ORIENTED_EDGE ( 'NONE', *, *, #974, .F. ) ;
#3395 = VECTOR ( 'NONE', #10128, 1000.000000000000000 ) ;
#3396 = CARTESIAN_POINT ( 'NONE',  ( -4.069999999999999396, 2.000000000000000000, 0.3550000000000000377 ) ) ;
#3397 = ADVANCED_FACE ( 'NONE', ( #7731 ), #10836, .F. ) ;
#3398 = LINE ( 'NONE', #4304, #4414 ) ;
#3399 = PRESENTATION_LAYER_ASSIGNMENT (  '', '', ( #12159 ) ) ;
#3400 = PLANE ( 'NONE',  #1702 ) ;
#3401 = ORIENTED_EDGE ( 'NONE', *, *, #3005, .F. ) ;
#3402 = EDGE_CURVE ( 'NONE', #4382, #5740, #10378, .T. ) ;
#3403 = CARTESIAN_POINT ( 'NONE',  ( 2.150000000000000355, -0.5999999999999993117, 1.304999999999999494 ) ) ;
#3404 = VERTEX_POINT ( 'NONE', #2132 ) ;
#3405 = FILL_AREA_STYLE ('',( #7280 ) ) ;
#3406 = DIRECTION ( 'NONE',  ( -0.0000000000000000000, -1.000000000000000000, -0.0000000000000000000 ) ) ;
#3407 = CARTESIAN_POINT ( 'NONE',  ( 4.469999999999999751, 4.599999999999999645, 2.595000000000000195 ) ) ;
#3408 = ORIENTED_EDGE ( 'NONE', *, *, #2189, .F. ) ;
#3409 = CARTESIAN_POINT ( 'NONE',  ( 1.849999999999999867, 5.787332622142036698, -0.3750000000000000000 ) ) ;
#3410 = CARTESIAN_POINT ( 'NONE',  ( 3.250000000000002220, 6.500000000000000888, 0.3499999999999999223 ) ) ;
#3411 = EDGE_CURVE ( 'NONE', #5329, #8813, #6989, .T. ) ;
#3412 = ORIENTED_EDGE ( 'NONE', *, *, #10384, .T. ) ;
#3413 = CARTESIAN_POINT ( 'NONE',  ( 0.0000000000000000000, 0.0000000000000000000, 0.1000000000000000056 ) ) ;
#3414 = LINE ( 'NONE', #12010, #856 ) ;
#3415 = AXIS2_PLACEMENT_3D ( 'NONE', #9036, #10948, #11802 ) ;
#3416 = EDGE_CURVE ( 'NONE', #7408, #1723, #10774, .T. ) ;
#3417 =( BOUNDED_CURVE ( )  B_SPLINE_CURVE ( 3, ( #4622, #3676, #7486, #892 ),
 .UNSPECIFIED., .F., .T. ) 
 B_SPLINE_CURVE_WITH_KNOTS ( ( 4, 4 ),
 ( 0.0000000000000000000, 1.000000000000000000 ),
 .UNSPECIFIED. ) 
 CURVE ( )  GEOMETRIC_REPRESENTATION_ITEM ( )  RATIONAL_B_SPLINE_CURVE ( ( 1.000000000000000000, 0.8047378541243652705, 0.8047378541243652705, 1.000000000000000000 ) ) 
 REPRESENTATION_ITEM ( '' )  );
#3418 = CARTESIAN_POINT ( 'NONE',  ( 2.150446608846516838, 7.299999999999999822, -1.605000000000000648 ) ) ;
#3419 = SURFACE_SIDE_STYLE ('',( #5494 ) ) ;
#3420 = MANIFOLD_SOLID_BREP ( 'Boss-Extrude7[7]', #5732 ) ;
#3421 = CYLINDRICAL_SURFACE ( 'NONE', #8257, 0.1500000000000000222 ) ;
#3422 = ORIENTED_EDGE ( 'NONE', *, *, #8280, .T. ) ;
#3423 = CARTESIAN_POINT ( 'NONE',  ( -1.399999999999999245, 0.0000000000000000000, 1.504999999999999449 ) ) ;
#3424 = ORIENTED_EDGE ( 'NONE', *, *, #10113, .T. ) ;
#3425 = EDGE_LOOP ( 'NONE', ( #5375, #4817, #11869, #5705 ) ) ;
#3426 = CARTESIAN_POINT ( 'NONE',  ( 0.09999999999999961697, 0.1000000000000001305, 1.604999999999999760 ) ) ;
#3427 = DIRECTION ( 'NONE',  ( 0.0000000000000000000, 0.0000000000000000000, 1.000000000000000000 ) ) ;
#3428 = LINE ( 'NONE', #2447, #2287 ) ;
#3429 = CARTESIAN_POINT ( 'NONE',  ( 2.890000000000000124, 1.050000000000000044, 1.604999999999999760 ) ) ;
#3430 = ORIENTED_EDGE ( 'NONE', *, *, #2296, .F. ) ;
#3431 = CARTESIAN_POINT ( 'NONE',  ( -1.969999999999999973, 0.8499999999999994227, 1.304999999999999716 ) ) ;
#3432 = CARTESIAN_POINT ( 'NONE',  ( -4.469999999999999751, 4.000000000000000000, 1.904999999999999361 ) ) ;
#3433 = CARTESIAN_POINT ( 'NONE',  ( -2.349999999999997424, 6.399999999999999467, 0.3500000000000005884 ) ) ;
#3434 = DIRECTION ( 'NONE',  ( 1.000000000000000000, 0.0000000000000000000, 0.0000000000000000000 ) ) ;
#3435 = VERTEX_POINT ( 'NONE', #5997 ) ;
#3436 = DIRECTION ( 'NONE',  ( 0.0000000000000000000, 0.0000000000000000000, 1.000000000000000000 ) ) ;
#3437 = CARTESIAN_POINT ( 'NONE',  ( -1.969999999999999973, 5.350000000000000533, 0.1250000000000000000 ) ) ;
#3438 = MANIFOLD_SOLID_BREP ( 'Boss-Extrude7[1]', #6909 ) ;
#3439 = ORIENTED_EDGE ( 'NONE', *, *, #6739, .F. ) ;
#3440 = VERTEX_POINT ( 'NONE', #1697 ) ;
#3441 = VECTOR ( 'NONE', #10166, 1000.000000000000000 ) ;
#3442 = EDGE_CURVE ( 'NONE', #11520, #8886, #4321, .T. ) ;
#3443 = FACE_OUTER_BOUND ( 'NONE', #2177, .T. ) ;
#3444 = ORIENTED_EDGE ( 'NONE', *, *, #3546, .F. ) ;
#3445 = FILL_AREA_STYLE ('',( #11978 ) ) ;
#3446 = DIRECTION ( 'NONE',  ( -1.000000000000000000, 0.0000000000000000000, -0.0000000000000000000 ) ) ;
#3447 = ORIENTED_EDGE ( 'NONE', *, *, #7103, .T. ) ;
#3448 = CARTESIAN_POINT ( 'NONE',  ( -4.169999999999999929, 1.308578643762690730, 1.539314575050761302 ) ) ;
#3449 = CARTESIAN_POINT ( 'NONE',  ( 3.219999999999999751, 0.0000000000000000000, 1.504999999999999449 ) ) ;
#3450 = ORIENTED_EDGE ( 'NONE', *, *, #6087, .T. ) ;
#3451 = ORIENTED_EDGE ( 'NONE', *, *, #6052, .T. ) ;
#3452 = DIRECTION ( 'NONE',  ( -1.000000000000000000, -0.0000000000000000000, -0.0000000000000000000 ) ) ;
#3453 = EDGE_CURVE ( 'NONE', #1914, #11800, #10149, .T. ) ;
#3454 = EDGE_CURVE ( 'NONE', #10344, #8980, #8400, .T. ) ;
#3455 = DIRECTION ( 'NONE',  ( -1.000000000000000000, -0.0000000000000000000, 0.0000000000000000000 ) ) ;
#3456 = VECTOR ( 'NONE', #5158, 1000.000000000000000 ) ;
#3457 = CARTESIAN_POINT ( 'NONE',  ( -0.09999999999999971412, 0.4000000000000002998, 1.304999999999999494 ) ) ;
#3458 = AXIS2_PLACEMENT_3D ( 'NONE', #11506, #10516, #2058 ) ;
#3459 = PRESENTATION_LAYER_ASSIGNMENT (  '', '', ( #11796 ) ) ;
#3460 = AXIS2_PLACEMENT_3D ( 'NONE', #7798, #7931, #11707 ) ;
#3461 = VERTEX_POINT ( 'NONE', #8161 ) ;
#3462 = DIRECTION ( 'NONE',  ( 1.000000000000000000, -0.0000000000000000000, 0.0000000000000000000 ) ) ;
#3463 = LINE ( 'NONE', #4364, #10049 ) ;
#3464 = DIRECTION ( 'NONE',  ( -0.0000000000000000000, -0.0000000000000000000, 1.000000000000000000 ) ) ;
#3465 = SURFACE_STYLE_USAGE ( .BOTH. , #9162 ) ;
#3466 = FACE_OUTER_BOUND ( 'NONE', #2071, .T. ) ;
#3467 = DIRECTION ( 'NONE',  ( 0.0000000000000000000, 0.0000000000000000000, 1.000000000000000000 ) ) ;
#3468 = CARTESIAN_POINT ( 'NONE',  ( -3.219999999999999751, 1.349999999999999645, 1.604999999999999760 ) ) ;
#3469 = EDGE_CURVE ( 'NONE', #4213, #1914, #6419, .T. ) ;
#3470 = VECTOR ( 'NONE', #7585, 1000.000000000000000 ) ;
#3471 = EDGE_LOOP ( 'NONE', ( #3479, #2809, #10221, #9142, #11068 ) ) ;
#3472 = CIRCLE ( 'NONE', #3055, 0.1000000000000002554 ) ;
#3473 = CARTESIAN_POINT ( 'NONE',  ( -4.469999999999999751, 1.250000000000000222, 1.604999999999999760 ) ) ;
#3474 = STYLED_ITEM ( 'NONE', ( #3175 ), #12167 ) ;
#3475 = ORIENTED_EDGE ( 'NONE', *, *, #6088, .T. ) ;
#3476 = CARTESIAN_POINT ( 'NONE',  ( -2.349999999999998312, 6.399999999999997691, -0.3500000000000000333 ) ) ;
#3477 = EDGE_CURVE ( 'NONE', #6463, #5505, #705, .T. ) ;
#3478 = ADVANCED_FACE ( 'NONE', ( #10964 ), #7229, .T. ) ;
#3479 = ORIENTED_EDGE ( 'NONE', *, *, #11774, .F. ) ;
#3480 = VECTOR ( 'NONE', #9380, 1000.000000000000000 ) ;
#3481 = CARTESIAN_POINT ( 'NONE',  ( 0.0000000000000000000, 0.0000000000000000000, 1.304999999999999494 ) ) ;
#3482 = DIRECTION ( 'NONE',  ( -1.000000000000000000, -0.0000000000000000000, -0.0000000000000000000 ) ) ;
#3483 = VECTOR ( 'NONE', #7415, 1000.000000000000000 ) ;
#3484 = DIRECTION ( 'NONE',  ( -1.000000000000000000, -1.734723475976805517E-15, 0.0000000000000000000 ) ) ;
#3485 = DIRECTION ( 'NONE',  ( -1.000000000000000000, 0.0000000000000000000, 0.0000000000000000000 ) ) ;
#3486 = DIRECTION ( 'NONE',  ( 1.000000000000000000, 0.0000000000000000000, 0.0000000000000000000 ) ) ;
#3487 = DIRECTION ( 'NONE',  ( 0.0000000000000000000, 0.0000000000000000000, 1.000000000000000000 ) ) ;
#3488 = EDGE_CURVE ( 'NONE', #7701, #7375, #7601, .T. ) ;
#3489 = VERTEX_POINT ( 'NONE', #9234 ) ;
#3490 = CARTESIAN_POINT ( 'NONE',  ( 0.0000000000000000000, 0.0000000000000000000, 1.304999999999999494 ) ) ;
#3491 = CARTESIAN_POINT ( 'NONE',  ( -2.249999999999998224, 6.500000000000000888, 0.1000000000000000194 ) ) ;
#3492 = VECTOR ( 'NONE', #63, 1000.000000000000000 ) ;
#3493 = AXIS2_PLACEMENT_3D ( 'NONE', #4208, #10661, #471 ) ;
#3494 = EDGE_CURVE ( 'NONE', #12245, #7439, #4511, .T. ) ;
#3495 = CARTESIAN_POINT ( 'NONE',  ( 0.0000000000000000000, 0.4000000000000003553, 1.304999999999999494 ) ) ;
#3496 = CARTESIAN_POINT ( 'NONE',  ( -1.599999999999999867, 0.4000000000000002998, 1.604999999999999760 ) ) ;
#3497 = DIRECTION ( 'NONE',  ( 0.0000000000000000000, -1.000000000000000000, 0.0000000000000000000 ) ) ;
#3498 = ORIENTED_EDGE ( 'NONE', *, *, #1175, .F. ) ;
#3499 = CARTESIAN_POINT ( 'NONE',  ( 3.250000000000001776, 6.500000000000000888, -0.3500000000000000333 ) ) ;
#3500 = PRESENTATION_STYLE_ASSIGNMENT (( #2510 ) ) ;
#3501 = ORIENTED_EDGE ( 'NONE', *, *, #7578, .F. ) ;
#3502 = DIRECTION ( 'NONE',  ( -1.000000000000000000, -0.0000000000000000000, 0.0000000000000000000 ) ) ;
#3503 = CARTESIAN_POINT ( 'NONE',  ( -2.069999999999999840, 0.8328427124746191623, 1.604999999999999316 ) ) ;
#3504 = ORIENTED_EDGE ( 'NONE', *, *, #9037, .T. ) ;
#3505 = FACE_OUTER_BOUND ( 'NONE', #2382, .T. ) ;
#3506 = VERTEX_POINT ( 'NONE', #7352 ) ;
#3507 = CARTESIAN_POINT ( 'NONE',  ( 1.869999999999999885, 0.9499999999999998446, 1.504999999999999449 ) ) ;
#3508 = ORIENTED_EDGE ( 'NONE', *, *, #11104, .F. ) ;
#3509 = LINE ( 'NONE', #11115, #6031 ) ;
#3510 = VECTOR ( 'NONE', #9768, 1000.000000000000000 ) ;
#3511 = CARTESIAN_POINT ( 'NONE',  ( 4.128578643762691236, 1.999999999999999556, 0.3549999999999994271 ) ) ;
#3512 = ORIENTED_EDGE ( 'NONE', *, *, #2503, .F. ) ;
#3513 = EDGE_CURVE ( 'NONE', #963, #1103, #11367, .T. ) ;
#3514 = LINE ( 'NONE', #6402, #4378 ) ;
#3515 = ORIENTED_EDGE ( 'NONE', *, *, #7278, .F. ) ;
#3516 = VERTEX_POINT ( 'NONE', #9358 ) ;
#3517 = VERTEX_POINT ( 'NONE', #5669 ) ;
#3518 = CARTESIAN_POINT ( 'NONE',  ( 4.169999999999999929, 0.1000000000000000472, 1.504999999999999227 ) ) ;
#3519 = FACE_BOUND ( 'NONE', #6104, .T. ) ;
#3520 = UNCERTAINTY_MEASURE_WITH_UNIT (LENGTH_MEASURE( 1.000000000000000082E-05 ), #6218, 'distance_accuracy_value', 'NONE');
#3521 = CLOSED_SHELL ( 'NONE', ( #8050, #6527, #1011, #4267, #3397, #4674, #5609, #4940, #9479, #4973, #152, #6968, #8360, #3861, #9894, #3539, #1164, #2334, #3333, #6272, #6513, #4604, #9577, #1537, #4779, #11975 ) ) ;
#3522 = MANIFOLD_SOLID_BREP ( 'Boss-Extrude7[8]', #5116 ) ;
#3523 = DIRECTION ( 'NONE',  ( 0.0000000000000000000, 1.000000000000000000, -0.0000000000000000000 ) ) ;
#3524 = CARTESIAN_POINT ( 'NONE',  ( -1.099999999999999867, 0.4000000000000003553, 1.304999999999999494 ) ) ;
#3525 = ORIENTED_EDGE ( 'NONE', *, *, #1499, .F. ) ;
#3526 = CARTESIAN_POINT ( 'NONE',  ( 2.050446608846518082, 1.999999999999999556, -1.505000000000002780 ) ) ;
#3527 = FILL_AREA_STYLE_COLOUR ( '', #9845 ) ;
#3528 = EDGE_CURVE ( 'NONE', #3320, #298, #3798, .T. ) ;
#3529 = EDGE_CURVE ( 'NONE', #11626, #1167, #8349, .T. ) ;
#3530 = DIRECTION ( 'NONE',  ( -1.000000000000000000, 0.0000000000000000000, -0.0000000000000000000 ) ) ;
#3531 = DIRECTION ( 'NONE',  ( 1.000000000000000000, -1.244625060509296168E-16, 0.0000000000000000000 ) ) ;
#3532 = DIRECTION ( 'NONE',  ( -1.000000000000000000, 1.244625060509296168E-16, 0.0000000000000000000 ) ) ;
#3533 = AXIS2_PLACEMENT_3D ( 'NONE', #3969, #6711, #1123 ) ;
#3534 = VERTEX_POINT ( 'NONE', #11324 ) ;
#3535 = CARTESIAN_POINT ( 'NONE',  ( 2.149999999999999467, 2.302902790585044546, 0.3750000000000000000 ) ) ;
#3536 = ORIENTED_EDGE ( 'NONE', *, *, #3286, .T. ) ;
#3537 = AXIS2_PLACEMENT_3D ( 'NONE', #12064, #9227, #7288 ) ;
#3538 = ORIENTED_EDGE ( 'NONE', *, *, #8745, .F. ) ;
#3539 = ADVANCED_FACE ( 'NONE', ( #7659 ), #6717, .F. ) ;
#3540 = DIRECTION ( 'NONE',  ( -1.000000000000000000, 0.0000000000000000000, 0.0000000000000000000 ) ) ;
#3541 = DIRECTION ( 'NONE',  ( -0.0000000000000000000, 0.0000000000000000000, 1.000000000000000000 ) ) ;
#3542 = DIRECTION ( 'NONE',  ( -1.000000000000000000, 0.0000000000000000000, 0.0000000000000000000 ) ) ;
#3543 = CARTESIAN_POINT ( 'NONE',  ( 0.3999999999999994671, 0.4000000000000001887, 1.604999999999999760 ) ) ;
#3544 = DIRECTION ( 'NONE',  ( 0.0000000000000000000, 0.0000000000000000000, 1.000000000000000000 ) ) ;
#3545 = FILL_AREA_STYLE_COLOUR ( '', #10437 ) ;
#3546 = EDGE_CURVE ( 'NONE', #11825, #4517, #2235, .T. ) ;
#3547 = ADVANCED_FACE ( 'NONE', ( #11270 ), #3733, .F. ) ;
#3548 = DIRECTION ( 'NONE',  ( 1.000000000000000000, 0.0000000000000000000, 0.0000000000000000000 ) ) ;
#3549 = ADVANCED_FACE ( 'NONE', ( #769 ), #4566, .F. ) ;
#3550 = ORIENTED_EDGE ( 'NONE', *, *, #603, .T. ) ;
#3551 = LINE ( 'NONE', #7357, #11928 ) ;
#3552 = ORIENTED_EDGE ( 'NONE', *, *, #2414, .T. ) ;
#3553 = VECTOR ( 'NONE', #12048, 1000.000000000000000 ) ;
#3554 = ORIENTED_EDGE ( 'NONE', *, *, #2782, .F. ) ;
#3555 = ORIENTED_EDGE ( 'NONE', *, *, #6372, .F. ) ;
#3556 = ADVANCED_FACE ( 'NONE', ( #4176 ), #9342, .T. ) ;
#3557 = CARTESIAN_POINT ( 'NONE',  ( 2.949999999999999734, 0.0000000000000000000, 1.504999999999999449 ) ) ;
#3558 = CARTESIAN_POINT ( 'NONE',  ( 4.169999999999999929, 1.050000000000000044, 0.1499999999999999944 ) ) ;
#3559 = DIRECTION ( 'NONE',  ( 0.0000000000000000000, 1.000000000000000000, 0.0000000000000000000 ) ) ;
#3560 = ORIENTED_EDGE ( 'NONE', *, *, #8431, .F. ) ;
#3561 = CARTESIAN_POINT ( 'NONE',  ( -4.469999999999999751, 0.4000000000000001887, 1.604999999999999760 ) ) ;
#3562 = AXIS2_PLACEMENT_3D ( 'NONE', #7407, #8279, #2665 ) ;
#3563 = EDGE_CURVE ( 'NONE', #10439, #6042, #3085, .T. ) ;
#3564 = CARTESIAN_POINT ( 'NONE',  ( -3.139999999916653906, 1.050000000000000044, 2.185000000110903784 ) ) ;
#3565 = CARTESIAN_POINT ( 'NONE',  ( 2.890000000000000124, 1.050000000000000044, 2.184999999999999165 ) ) ;
#3566 = ORIENTED_EDGE ( 'NONE', *, *, #808, .T. ) ;
#3567 = CARTESIAN_POINT ( 'NONE',  ( -0.5000000000000000000, 2.302902790585058312, -0.3750000000000000000 ) ) ;
#3568 = EDGE_LOOP ( 'NONE', ( #5633, #3424, #6559, #8996 ) ) ;
#3569 = ORIENTED_EDGE ( 'NONE', *, *, #11402, .F. ) ;
#3570 = AXIS2_PLACEMENT_3D ( 'NONE', #3567, #1412, #5192 ) ;
#3571 = DIRECTION ( 'NONE',  ( 0.0000000000000000000, 1.000000000000000000, 0.0000000000000000000 ) ) ;
#3572 = EDGE_CURVE ( 'NONE', #9327, #3506, #5789, .T. ) ;
#3573 = DIRECTION ( 'NONE',  ( 0.0000000000000000000, 0.0000000000000000000, 1.000000000000000000 ) ) ;
#3574 = ORIENTED_EDGE ( 'NONE', *, *, #10852, .T. ) ;
#3575 = DIRECTION ( 'NONE',  ( -1.000000000000000000, -0.0000000000000000000, -0.0000000000000000000 ) ) ;
#3576 = LINE ( 'NONE', #7568, #3633 ) ;
#3577 = ORIENTED_EDGE ( 'NONE', *, *, #731, .T. ) ;
#3578 = CARTESIAN_POINT ( 'NONE',  ( 1.050446608846517860, 0.0000000000000000000, 1.304999999999999716 ) ) ;
#3579 = DIRECTION ( 'NONE',  ( 0.0000000000000000000, 0.0000000000000000000, -1.000000000000000000 ) ) ;
#3580 = VERTEX_POINT ( 'NONE', #11745 ) ;
#3581 = ORIENTED_EDGE ( 'NONE', *, *, #11669, .F. ) ;
#3582 = AXIS2_PLACEMENT_3D ( 'NONE', #8514, #2708, #9273 ) ;
#3583 = ORIENTED_EDGE ( 'NONE', *, *, #5195, .F. ) ;
#3584 = LINE ( 'NONE', #8621, #4762 ) ;
#3585 = FACE_OUTER_BOUND ( 'NONE', #10784, .T. ) ;
#3586 = VECTOR ( 'NONE', #3679, 1000.000000000000000 ) ;
#3587 = CARTESIAN_POINT ( 'NONE',  ( -1.969999999999999973, 5.350000000000000533, 1.304999999999999716 ) ) ;
#3588 = VERTEX_POINT ( 'NONE', #1069 ) ;
#3589 = CYLINDRICAL_SURFACE ( 'NONE', #4693, 0.1000000000000000472 ) ;
#3590 = LINE ( 'NONE', #3844, #4635 ) ;
#3591 = CARTESIAN_POINT ( 'NONE',  ( -0.3999999999999996891, 0.0000000000000000000, 1.304999999999999494 ) ) ;
#3592 = DIRECTION ( 'NONE',  ( 0.0000000000000000000, -0.0000000000000000000, -1.000000000000000000 ) ) ;
#3593 = AXIS2_PLACEMENT_3D ( 'NONE', #1377, #6109, #430 ) ;
#3594 = ORIENTED_EDGE ( 'NONE', *, *, #6740, .T. ) ;
#3595 = CARTESIAN_POINT ( 'NONE',  ( 3.250000000000001776, 6.500000000000000888, 0.09999999999999999167 ) ) ;
#3596 = ORIENTED_EDGE ( 'NONE', *, *, #4709, .F. ) ;
#3597 = DIRECTION ( 'NONE',  ( 0.0000000000000000000, 0.0000000000000000000, -1.000000000000000000 ) ) ;
#3598 = ORIENTED_EDGE ( 'NONE', *, *, #2319, .T. ) ;
#3599 = CARTESIAN_POINT ( 'NONE',  ( -4.471000000000000973, 4.000000000000000000, 1.604999999999999538 ) ) ;
#3600 = ADVANCED_FACE ( 'NONE', ( #8844 ), #2049, .T. ) ;
#3601 = EDGE_CURVE ( 'NONE', #11335, #3807, #6952, .T. ) ;
#3602 = ORIENTED_EDGE ( 'NONE', *, *, #1948, .T. ) ;
#3603 = CARTESIAN_POINT ( 'NONE',  ( 2.350000000000000977, 6.399999999999999467, 0.3500000000000003664 ) ) ;
#3604 = CARTESIAN_POINT ( 'NONE',  ( -2.150000000000000355, 0.0000000000000000000, 1.304999999999999494 ) ) ;
#3605 = CARTESIAN_POINT ( 'NONE',  ( -0.5999999999999997558, -0.5999999999999995337, 1.604999999999999760 ) ) ;
#3606 = VECTOR ( 'NONE', #6458, 1000.000000000000000 ) ;
#3607 = EDGE_LOOP ( 'NONE', ( #1140, #10066, #11930, #6929 ) ) ;
#3608 = CARTESIAN_POINT ( 'NONE',  ( 0.0000000000000000000, 0.2999999999999999889, 2.295000000000000817 ) ) ;
#3609 = VECTOR ( 'NONE', #6556, 1000.000000000000000 ) ;
#3610 = CARTESIAN_POINT ( 'NONE',  ( 4.469999999999999751, 5.350000000000000533, 0.1250000000000000000 ) ) ;
#3611 =( GEOMETRIC_REPRESENTATION_CONTEXT ( 3 ) GLOBAL_UNCERTAINTY_ASSIGNED_CONTEXT ( ( #11989 ) ) GLOBAL_UNIT_ASSIGNED_CONTEXT ( ( #193, #4192, #11761 ) ) REPRESENTATION_CONTEXT ( 'NONE', 'WORKASPACE' ) );
#3612 = ADVANCED_FACE ( 'NONE', ( #11676 ), #4910, .F. ) ;
#3613 = DIRECTION ( 'NONE',  ( 0.0000000000000000000, 1.000000000000000000, 0.0000000000000000000 ) ) ;
#3614 = ORIENTED_EDGE ( 'NONE', *, *, #6065, .F. ) ;
#3615 = FACE_OUTER_BOUND ( 'NONE', #4824, .T. ) ;
#3616 = DIRECTION ( 'NONE',  ( 1.244625060509296168E-16, 1.000000000000000000, -0.0000000000000000000 ) ) ;
#3617 = ORIENTED_EDGE ( 'NONE', *, *, #10527, .T. ) ;
#3618 = FILL_AREA_STYLE ('',( #11221 ) ) ;
#3619 = VECTOR ( 'NONE', #10880, 1000.000000000000000 ) ;
#3620 = DIRECTION ( 'NONE',  ( -0.7071067811865487940, 0.7071067811865463515, 0.0000000000000000000 ) ) ;
#3621 = CARTESIAN_POINT ( 'NONE',  ( 1.050446608846517860, 1.999999999999999556, 2.595000000000000195 ) ) ;
#3622 = VERTEX_POINT ( 'NONE', #1193 ) ;
#3623 = AXIS2_PLACEMENT_3D ( 'NONE', #10506, #1984, #7482 ) ;
#3624 = CARTESIAN_POINT ( 'NONE',  ( 0.8999999999999999112, -0.5999999999999995337, 1.304999999999999494 ) ) ;
#3625 = EDGE_CURVE ( 'NONE', #3997, #3320, #8408, .T. ) ;
#3626 = MANIFOLD_SOLID_BREP ( 'Boss-Extrude7[3]', #9705 ) ;
#3627 = ORIENTED_EDGE ( 'NONE', *, *, #5907, .T. ) ;
#3628 = ORIENTED_EDGE ( 'NONE', *, *, #4559, .F. ) ;
#3629 = EDGE_CURVE ( 'NONE', #10921, #6137, #2445, .T. ) ;
#3630 = EDGE_CURVE ( 'NONE', #201, #9665, #10883, .T. ) ;
#3631 = DIRECTION ( 'NONE',  ( -0.0000000000000000000, 1.000000000000000000, 0.0000000000000000000 ) ) ;
#3632 = CARTESIAN_POINT ( 'NONE',  ( 1.969999999999999973, 1.350000000000000089, 0.1499999999999999944 ) ) ;
#3633 = VECTOR ( 'NONE', #6453, 1000.000000000000000 ) ;
#3634 = DIRECTION ( 'NONE',  ( 1.000000000000000000, 0.0000000000000000000, -0.0000000000000000000 ) ) ;
#3635 = VERTEX_POINT ( 'NONE', #2303 ) ;
#3636 = CARTESIAN_POINT ( 'NONE',  ( -4.028970038433357992, -0.0000000000000000000, -0.6173157080553928200 ) ) ;
#3637 = CARTESIAN_POINT ( 'NONE',  ( 0.09999999999999978351, 0.0000000000000000000, 1.304999999999999494 ) ) ;
#3638 = CARTESIAN_POINT ( 'NONE',  ( 4.169999999999999929, 1.899999999999999911, 0.3549999999999994271 ) ) ;
#3639 = VERTEX_POINT ( 'NONE', #5220 ) ;
#3640 = CARTESIAN_POINT ( 'NONE',  ( -2.069999999999999840, 1.449999999999999067, 1.304999999999999716 ) ) ;
#3641 = CARTESIAN_POINT ( 'NONE',  ( -2.640000000000000124, 1.050000000000000044, 1.604999999999999760 ) ) ;
#3642 = EDGE_CURVE ( 'NONE', #7875, #9722, #1845, .T. ) ;
#3643 = VERTEX_POINT ( 'NONE', #4365 ) ;
#3644 = ORIENTED_EDGE ( 'NONE', *, *, #1523, .F. ) ;
#3645 = VECTOR ( 'NONE', #4338, 1000.000000000000000 ) ;
#3646 = ORIENTED_EDGE ( 'NONE', *, *, #9785, .F. ) ;
#3647 = ADVANCED_FACE ( 'NONE', ( #5403 ), #2424, .T. ) ;
#3648 = DIRECTION ( 'NONE',  ( -1.000000000000000000, 0.0000000000000000000, 0.0000000000000000000 ) ) ;
#3649 = CARTESIAN_POINT ( 'NONE',  ( 3.219999999999999751, 2.032879073410320814E-17, -1.205000000000000737 ) ) ;
#3650 = EDGE_LOOP ( 'NONE', ( #12213, #1150, #1195, #9821 ) ) ;
#3651 = VECTOR ( 'NONE', #10075, 1000.000000000000000 ) ;
#3652 = CARTESIAN_POINT ( 'NONE',  ( 3.219999999999999751, 0.0000000000000000000, 1.304999999999999716 ) ) ;
#3653 = DIRECTION ( 'NONE',  ( -1.000000000000000000, 0.0000000000000000000, -0.0000000000000000000 ) ) ;
#3654 = CYLINDRICAL_SURFACE ( 'NONE', #7625, 0.1000000000000000472 ) ;
#3655 = AXIS2_PLACEMENT_3D ( 'NONE', #3565, #7371, #9251 ) ;
#3656 = CARTESIAN_POINT ( 'NONE',  ( 2.949999999999999734, 0.0000000000000000000, 1.304999999999999494 ) ) ;
#3657 = DIRECTION ( 'NONE',  ( 0.0000000000000000000, 0.0000000000000000000, -1.000000000000000000 ) ) ;
#3658 = CARTESIAN_POINT ( 'NONE',  ( 1.969999999999999973, 5.350000000000000533, 1.304999999999999716 ) ) ;
#3659 = PLANE ( 'NONE',  #9926 ) ;
#3660 = ADVANCED_FACE ( 'NONE', ( #688 ), #8149, .T. ) ;
#3661 = ORIENTED_EDGE ( 'NONE', *, *, #10113, .F. ) ;
#3662 = DIRECTION ( 'NONE',  ( 1.000000000000000000, 0.0000000000000000000, -0.0000000000000000000 ) ) ;
#3663 = CARTESIAN_POINT ( 'NONE',  ( 0.6500000000000001332, 5.787332622142047356, -0.3750000000000000000 ) ) ;
#3664 = VECTOR ( 'NONE', #10865, 1000.000000000000000 ) ;
#3665 = ORIENTED_EDGE ( 'NONE', *, *, #310, .F. ) ;
#3666 = VECTOR ( 'NONE', #5432, 1000.000000000000000 ) ;
#3667 = PLANE ( 'NONE',  #7459 ) ;
#3668 = DIRECTION ( 'NONE',  ( -1.000000000000000000, 0.0000000000000000000, 0.0000000000000000000 ) ) ;
#3669 = CIRCLE ( 'NONE', #3054, 0.2999999999999999334 ) ;
#3670 = MANIFOLD_SOLID_BREP ( 'Boss-Extrude7[9]', #10302 ) ;
#3671 = COLOUR_RGB ( '',0.9686274509803921573, 0.8784313725490195957, 0.5999999999999999778 ) ;
#3672 =( NAMED_UNIT ( * ) SI_UNIT ( $, .STERADIAN. ) SOLID_ANGLE_UNIT ( ) );
#3673 = AXIS2_PLACEMENT_3D ( 'NONE', #10724, #1286, #4512 ) ;
#3674 = VERTEX_POINT ( 'NONE', #1497 ) ;
#3675 = EDGE_CURVE ( 'NONE', #3689, #10991, #563, .T. ) ;
#3676 = CARTESIAN_POINT ( 'NONE',  ( -3.717918471982868844, 2.000000000000000000, 1.204999999999999627 ) ) ;
#3677 = VECTOR ( 'NONE', #3010, 1000.000000000000000 ) ;
#3678 = AXIS2_PLACEMENT_3D ( 'NONE', #1968, #702, #1054 ) ;
#3679 = DIRECTION ( 'NONE',  ( 0.0000000000000000000, -1.000000000000000000, -0.0000000000000000000 ) ) ;
#3680 = AXIS2_PLACEMENT_3D ( 'NONE', #9974, #3542, #521 ) ;
#3681 = ORIENTED_EDGE ( 'NONE', *, *, #9081, .T. ) ;
#3682 = DIRECTION ( 'NONE',  ( -1.000000000000000000, 0.0000000000000000000, 0.0000000000000000000 ) ) ;
#3683 = LINE ( 'NONE', #1827, #10642 ) ;
#3684 = CARTESIAN_POINT ( 'NONE',  ( -3.350000000000000977, 4.999999999999995559, -0.1000000000000000056 ) ) ;
#3685 = DIRECTION ( 'NONE',  ( -1.000000000000000000, 0.0000000000000000000, 0.0000000000000000000 ) ) ;
#3686 = LINE ( 'NONE', #3755, #2063 ) ;
#3687 = AXIS2_PLACEMENT_3D ( 'NONE', #11341, #144, #5566 ) ;
#3688 = AXIS2_PLACEMENT_3D ( 'NONE', #2448, #1532, #11957 ) ;
#3689 = VERTEX_POINT ( 'NONE', #9105 ) ;
#3690 = EDGE_CURVE ( 'NONE', #6463, #12245, #11376, .T. ) ;
#3691 = ADVANCED_FACE ( 'NONE', ( #942 ), #3654, .T. ) ;
#3692 = PLANE ( 'NONE',  #6367 ) ;
#3693 = ORIENTED_EDGE ( 'NONE', *, *, #10616, .F. ) ;
#3694 = VERTEX_POINT ( 'NONE', #12248 ) ;
#3695 = CARTESIAN_POINT ( 'NONE',  ( 1.050446608846517860, 0.0000000000000000000, -1.305000000000001048 ) ) ;
#3696 = AXIS2_PLACEMENT_3D ( 'NONE', #1584, #3358, #10152 ) ;
#3697 = CARTESIAN_POINT ( 'NONE',  ( -2.890000000000000124, 1.050000000000000044, 2.284999999999999698 ) ) ;
#3698 = ORIENTED_EDGE ( 'NONE', *, *, #3546, .T. ) ;
#3699 = CARTESIAN_POINT ( 'NONE',  ( -4.469999999999999751, 1.250000000000000222, 1.604999999999999760 ) ) ;
#3700 = EDGE_CURVE ( 'NONE', #1182, #7129, #4606, .T. ) ;
#3701 = FACE_OUTER_BOUND ( 'NONE', #12283, .T. ) ;
#3702 = VERTEX_POINT ( 'NONE', #4662 ) ;
#3703 = EDGE_CURVE ( 'NONE', #11274, #8904, #4731, .T. ) ;
#3704 = EDGE_CURVE ( 'NONE', #9445, #3312, #8581, .T. ) ;
#3705 = DIRECTION ( 'NONE',  ( 0.0000000000000000000, -0.0000000000000000000, -1.000000000000000000 ) ) ;
#3706 = AXIS2_PLACEMENT_3D ( 'NONE', #1098, #3947, #6869 ) ;
#3707 = ORIENTED_EDGE ( 'NONE', *, *, #5285, .T. ) ;
#3708 = EDGE_LOOP ( 'NONE', ( #1334, #5304, #1361, #10861 ) ) ;
#3709 = EDGE_LOOP ( 'NONE', ( #2270, #8170, #1793, #5896 ) ) ;
#3710 = CARTESIAN_POINT ( 'NONE',  ( -1.099999999999999867, 0.4000000000000003553, 1.604999999999999760 ) ) ;
#3711 = CARTESIAN_POINT ( 'NONE',  ( -3.549999999999999822, -0.5999999999999993117, 1.604999999999999760 ) ) ;
#3712 = ORIENTED_EDGE ( 'NONE', *, *, #12290, .T. ) ;
#3713 = EDGE_CURVE ( 'NONE', #11280, #6327, #2829, .T. ) ;
#3714 = CARTESIAN_POINT ( 'NONE',  ( -4.469999999999999751, 0.1000000000000002554, 1.604999999999999760 ) ) ;
#3715 = DIRECTION ( 'NONE',  ( 0.0000000000000000000, 0.0000000000000000000, -1.000000000000000000 ) ) ;
#3716 = CARTESIAN_POINT ( 'NONE',  ( -1.599999999999999867, -0.5999999999999995337, 1.604999999999999760 ) ) ;
#3717 = DIRECTION ( 'NONE',  ( 0.0000000000000000000, 0.0000000000000000000, 1.000000000000000000 ) ) ;
#3718 = DIRECTION ( 'NONE',  ( 0.0000000000000000000, 1.000000000000000000, 0.0000000000000000000 ) ) ;
#3719 = CARTESIAN_POINT ( 'NONE',  ( 4.069999999999999396, -5.421010862427522170E-17, -0.3549999999999997047 ) ) ;
#3720 = CYLINDRICAL_SURFACE ( 'NONE', #1784, 0.1499999999999999667 ) ;
#3721 = VERTEX_POINT ( 'NONE', #5529 ) ;
#3722 = DIRECTION ( 'NONE',  ( 1.000000000000000000, 0.0000000000000000000, 0.0000000000000000000 ) ) ;
#3723 = ORIENTED_EDGE ( 'NONE', *, *, #12303, .T. ) ;
#3724 = VECTOR ( 'NONE', #3336, 1000.000000000000000 ) ;
#3725 = CARTESIAN_POINT ( 'NONE',  ( -3.219999999999999751, 2.000000000000000000, -1.205000000000000737 ) ) ;
#3726 = LINE ( 'NONE', #3599, #3105 ) ;
#3727 = CARTESIAN_POINT ( 'NONE',  ( 0.9504466088465206575, 7.299999999999999822, 1.604999999999999760 ) ) ;
#3728 = EDGE_LOOP ( 'NONE', ( #9310, #8239, #3968, #7183 ) ) ;
#3729 = EDGE_CURVE ( 'NONE', #5737, #8698, #9528, .T. ) ;
#3730 = CARTESIAN_POINT ( 'NONE',  ( -1.399999999999999689, 0.4000000000000002998, 1.304999999999999494 ) ) ;
#3731 = CARTESIAN_POINT ( 'NONE',  ( -4.469999999999999751, 0.4000000000000001887, 1.604999999999999760 ) ) ;
#3732 = DIRECTION ( 'NONE',  ( 1.000000000000000000, 0.0000000000000000000, 0.0000000000000000000 ) ) ;
#3733 = PLANE ( 'NONE',  #4243 ) ;
#3734 = CLOSED_SHELL ( 'NONE', ( #6655, #7286, #10790, #8189, #7063, #3478 ) ) ;
#3735 = MANIFOLD_SOLID_BREP ( 'Boss-Extrude7[2]', #159 ) ;
#3736 = PRESENTATION_STYLE_ASSIGNMENT (( #3801 ) ) ;
#3737 = CARTESIAN_POINT ( 'NONE',  ( 4.069999999999999396, 0.1000000000000000056, 1.504999999999999449 ) ) ;
#3738 = PLANE ( 'NONE',  #383 ) ;
#3739 = ORIENTED_EDGE ( 'NONE', *, *, #6954, .F. ) ;
#3740 = DIRECTION ( 'NONE',  ( 1.000000000000000000, 0.0000000000000000000, 0.0000000000000000000 ) ) ;
#3741 = VERTEX_POINT ( 'NONE', #5776 ) ;
#3742 = CARTESIAN_POINT ( 'NONE',  ( -2.750000000000000888, 0.4000000000000005218, 1.304999999999999494 ) ) ;
#3743 = CIRCLE ( 'NONE', #1171, 0.9500000000000002887 ) ;
#3744 = ORIENTED_EDGE ( 'NONE', *, *, #3629, .T. ) ;
#3745 = PLANE ( 'NONE',  #5266 ) ;
#3746 = LINE ( 'NONE', #10404, #4623 ) ;
#3747 = ADVANCED_FACE ( 'NONE', ( #9760 ), #2774, .F. ) ;
#3748 = LINE ( 'NONE', #7547, #10254 ) ;
#3749 = CARTESIAN_POINT ( 'NONE',  ( -4.069999999999999396, 0.1000000000000000056, -0.3550000000000007039 ) ) ;
#3750 = EDGE_LOOP ( 'NONE', ( #5237, #11881, #12057, #2487 ) ) ;
#3751 = DIRECTION ( 'NONE',  ( -1.000000000000000000, 0.0000000000000000000, 0.0000000000000000000 ) ) ;
#3752 = DIRECTION ( 'NONE',  ( -1.000000000000000000, 0.0000000000000000000, -0.0000000000000000000 ) ) ;
#3753 = VERTEX_POINT ( 'NONE', #4841 ) ;
#3754 = VECTOR ( 'NONE', #3785, 1000.000000000000000 ) ;
#3755 = CARTESIAN_POINT ( 'NONE',  ( -4.469999999999999751, 0.4000000000000001887, 1.604999999999999760 ) ) ;
#3756 = EDGE_LOOP ( 'NONE', ( #8840, #11915, #9500, #7760 ) ) ;
#3757 = FACE_OUTER_BOUND ( 'NONE', #6276, .T. ) ;
#3758 = ORIENTED_EDGE ( 'NONE', *, *, #5449, .T. ) ;
#3759 = VERTEX_POINT ( 'NONE', #2893 ) ;
#3760 = LINE ( 'NONE', #7562, #4792 ) ;
#3761 = AXIS2_PLACEMENT_3D ( 'NONE', #3263, #7074, #10869 ) ;
#3762 = DIRECTION ( 'NONE',  ( 0.0000000000000000000, 0.0000000000000000000, -1.000000000000000000 ) ) ;
#3763 = ADVANCED_FACE ( 'NONE', ( #11537 ), #1299, .T. ) ;
#3764 = EDGE_CURVE ( 'NONE', #7755, #9498, #1116, .T. ) ;
#3765 = CARTESIAN_POINT ( 'NONE',  ( -3.249999999999998668, 6.399999999999997691, -0.3500000000000000333 ) ) ;
#3766 = ORIENTED_EDGE ( 'NONE', *, *, #974, .T. ) ;
#3767 = FACE_OUTER_BOUND ( 'NONE', #4871, .T. ) ;
#3768 = ORIENTED_EDGE ( 'NONE', *, *, #8895, .F. ) ;
#3769 = DIRECTION ( 'NONE',  ( 0.0000000000000000000, 1.000000000000000000, 0.0000000000000000000 ) ) ;
#3770 = LINE ( 'NONE', #5645, #796 ) ;
#3771 = VECTOR ( 'NONE', #6574, 1000.000000000000000 ) ;
#3772 = ORIENTED_EDGE ( 'NONE', *, *, #12164, .F. ) ;
#3773 = EDGE_CURVE ( 'NONE', #3900, #1122, #3963, .T. ) ;
#3774 = DIRECTION ( 'NONE',  ( 1.000000000000000000, -0.0000000000000000000, 0.0000000000000000000 ) ) ;
#3775 = MANIFOLD_SOLID_BREP ( 'Boss-Extrude14[7]', #1570 ) ;
#3776 = DIRECTION ( 'NONE',  ( 0.0000000000000000000, 0.0000000000000000000, -1.000000000000000000 ) ) ;
#3777 = ADVANCED_FACE ( 'NONE', ( #4353 ), #4226, .F. ) ;
#3778 = ADVANCED_FACE ( 'NONE', ( #2286 ), #3259, .F. ) ;
#3779 = AXIS2_PLACEMENT_3D ( 'NONE', #9639, #7954, #4900 ) ;
#3780 = ORIENTED_EDGE ( 'NONE', *, *, #3026, .F. ) ;
#3781 = CARTESIAN_POINT ( 'NONE',  ( -4.169999999999999929, 5.100000000000000533, 0.0000000000000000000 ) ) ;
#3782 = FILL_AREA_STYLE_COLOUR ( '', #12184 ) ;
#3783 = CARTESIAN_POINT ( 'NONE',  ( -4.469999999999999751, 0.1000000000000002554, 1.604999999999999760 ) ) ;
#3784 = CARTESIAN_POINT ( 'NONE',  ( -1.399999999999999689, -0.5999999999999995337, 1.304999999999999494 ) ) ;
#3785 = DIRECTION ( 'NONE',  ( -0.0000000000000000000, 1.000000000000000000, 0.0000000000000000000 ) ) ;
#3786 = DIRECTION ( 'NONE',  ( 0.0000000000000000000, 0.0000000000000000000, 1.000000000000000000 ) ) ;
#3787 = DIRECTION ( 'NONE',  ( 0.0000000000000000000, 0.0000000000000000000, 1.000000000000000000 ) ) ;
#3788 = ORIENTED_EDGE ( 'NONE', *, *, #8373, .T. ) ;
#3789 = ADVANCED_FACE ( 'NONE', ( #11912 ), #5386, .F. ) ;
#3790 = AXIS2_PLACEMENT_3D ( 'NONE', #11406, #2874, #8503 ) ;
#3791 = ADVANCED_FACE ( 'NONE', ( #9021 ), #489, .T. ) ;
#3792 = CIRCLE ( 'NONE', #1025, 0.1000000000000000472 ) ;
#3793 = ADVANCED_FACE ( 'NONE', ( #5268 ), #8196, .T. ) ;
#3794 = PLANE ( 'NONE',  #9449 ) ;
#3795 = ORIENTED_EDGE ( 'NONE', *, *, #9194, .T. ) ;
#3796 = DIRECTION ( 'NONE',  ( 0.0000000000000000000, 1.000000000000000000, 0.0000000000000000000 ) ) ;
#3797 = DIRECTION ( 'NONE',  ( 1.000000000000000000, 0.0000000000000000000, -0.0000000000000000000 ) ) ;
#3798 = LINE ( 'NONE', #1762, #4825 ) ;
#3799 = MANIFOLD_SOLID_BREP ( 'Boss-Extrude7[6]', #7108 ) ;
#3800 = AXIS2_PLACEMENT_3D ( 'NONE', #4894, #11591, #6757 ) ;
#3801 = SURFACE_STYLE_USAGE ( .BOTH. , #9485 ) ;
#3802 = LINE ( 'NONE', #7602, #7680 ) ;
#3803 = CARTESIAN_POINT ( 'NONE',  ( 2.291421356237309137, 6.599999999999999645, -0.1000000000000000056 ) ) ;
#3804 = ORIENTED_EDGE ( 'NONE', *, *, #4581, .T. ) ;
#3805 = AXIS2_PLACEMENT_3D ( 'NONE', #6354, #10138, #1631 ) ;
#3806 = CARTESIAN_POINT ( 'NONE',  ( -4.169999999999999929, 0.0000000000000000000, 0.0000000000000000000 ) ) ;
#3807 = VERTEX_POINT ( 'NONE', #9393 ) ;
#3808 = ORIENTED_EDGE ( 'NONE', *, *, #110, .F. ) ;
#3809 = EDGE_CURVE ( 'NONE', #4583, #5194, #4404, .T. ) ;
#3810 = VERTEX_POINT ( 'NONE', #3637 ) ;
#3811 = ADVANCED_FACE ( 'NONE', ( #6516 ), #2646, .T. ) ;
#3812 = ORIENTED_EDGE ( 'NONE', *, *, #316, .F. ) ;
#3813 = LINE ( 'NONE', #3219, #7196 ) ;
#3814 = PLANE ( 'NONE',  #6663 ) ;
#3815 = DIRECTION ( 'NONE',  ( 0.0000000000000000000, 0.0000000000000000000, -1.000000000000000000 ) ) ;
#3816 = ORIENTED_EDGE ( 'NONE', *, *, #9136, .T. ) ;
#3817 = DIRECTION ( 'NONE',  ( -0.5773502691896224004, -0.5773502691896224004, -0.5773502691896323924 ) ) ;
#3818 = DIRECTION ( 'NONE',  ( 0.0000000000000000000, 0.0000000000000000000, -1.000000000000000000 ) ) ;
#3819 = ORIENTED_EDGE ( 'NONE', *, *, #11955, .F. ) ;
#3820 = CARTESIAN_POINT ( 'NONE',  ( -1.969999999999999529, 1.249999999999999334, 1.504999999999999227 ) ) ;
#3821 = VECTOR ( 'NONE', #9416, 1000.000000000000000 ) ;
#3822 = EDGE_LOOP ( 'NONE', ( #8744, #7938, #5086, #1792 ) ) ;
#3823 = ORIENTED_EDGE ( 'NONE', *, *, #4692, .T. ) ;
#3824 = FACE_OUTER_BOUND ( 'NONE', #7726, .T. ) ;
#3825 = LINE ( 'NONE', #11348, #3384 ) ;
#3826 = DIRECTION ( 'NONE',  ( -1.000000000000000000, 0.0000000000000000000, -0.0000000000000000000 ) ) ;
#3827 = CARTESIAN_POINT ( 'NONE',  ( -4.469999999999999751, 3.700000000000000178, 1.304999999999999494 ) ) ;
#3828 = VERTEX_POINT ( 'NONE', #8315 ) ;
#3829 = CARTESIAN_POINT ( 'NONE',  ( -4.469999999999999751, 5.350000000000000533, 0.1250000000000000000 ) ) ;
#3830 = VECTOR ( 'NONE', #1564, 1000.000000000000000 ) ;
#3831 =( BOUNDED_SURFACE ( )  B_SPLINE_SURFACE ( 3, 3, ( 
 ( #3638, #5517, #928, #8511 ),
 ( #7384, #11179, #11355, #6630 ),
 ( #3511, #2582, #1668, #5453 ),
 ( #4537, #8316, #5953, #6872 ) ),
 .UNSPECIFIED., .F., .F., .T. ) 
 B_SPLINE_SURFACE_WITH_KNOTS ( ( 4, 4 ),
 ( 4, 4 ),
 ( 0.0000000000000000000, 1.000000000000000000 ),
 ( 0.0000000000000000000, 1.000000000000000000 ),
 .UNSPECIFIED. ) 
 GEOMETRIC_REPRESENTATION_ITEM ( )  RATIONAL_B_SPLINE_SURFACE ( (
 ( 1.000000000000000000, 0.8047378541243649375, 0.8047378541243649375, 1.000000000000000000),
 ( 0.8047378541243670469, 0.6476030138606894138, 0.6476030138606894138, 0.8047378541243670469),
 ( 0.8047378541243670469, 0.6476030138606894138, 0.6476030138606894138, 0.8047378541243670469),
 ( 1.000000000000000000, 0.8047378541243649375, 0.8047378541243649375, 1.000000000000000000) ) ) 
 REPRESENTATION_ITEM ( '' )  SURFACE ( )  );
#3832 = CARTESIAN_POINT ( 'NONE',  ( -4.469999999999999751, 7.299999999999999822, 2.595000000000000195 ) ) ;
#3833 = ORIENTED_EDGE ( 'NONE', *, *, #1201, .F. ) ;
#3834 = SURFACE_STYLE_USAGE ( .BOTH. , #9748 ) ;
#3835 = DIRECTION ( 'NONE',  ( 0.0000000000000000000, -0.0000000000000000000, -1.000000000000000000 ) ) ;
#3836 = EDGE_LOOP ( 'NONE', ( #11304, #1898, #365, #11404 ) ) ;
#3837 = ADVANCED_FACE ( 'NONE', ( #4649 ), #9331, .F. ) ;
#3838 = DIRECTION ( 'NONE',  ( 0.0000000000000000000, 1.000000000000000000, 0.0000000000000000000 ) ) ;
#3839 = LINE ( 'NONE', #7641, #10631 ) ;
#3840 = EDGE_LOOP ( 'NONE', ( #4719, #5130, #3952, #3583 ) ) ;
#3841 = DIRECTION ( 'NONE',  ( -0.0000000000000000000, -0.0000000000000000000, -1.000000000000000000 ) ) ;
#3842 = DIRECTION ( 'NONE',  ( 0.0000000000000000000, -0.0000000000000000000, 1.000000000000000000 ) ) ;
#3843 = DIRECTION ( 'NONE',  ( 0.0000000000000000000, 1.000000000000000000, -0.0000000000000000000 ) ) ;
#3844 = CARTESIAN_POINT ( 'NONE',  ( 2.050446608846518082, 1.999999999999999556, 2.595000000000000195 ) ) ;
#3845 = AXIS2_PLACEMENT_3D ( 'NONE', #2391, #5186, #7052 ) ;
#3846 = LINE ( 'NONE', #1803, #8036 ) ;
#3847 = CARTESIAN_POINT ( 'NONE',  ( 3.431072932076223658, -0.0000000000000000000, -1.178890024457592389 ) ) ;
#3848 = PLANE ( 'NONE',  #10908 ) ;
#3849 = ADVANCED_FACE ( 'NONE', ( #3701 ), #8509, .F. ) ;
#3850 = LINE ( 'NONE', #5019, #9130 ) ;
#3851 = AXIS2_PLACEMENT_3D ( 'NONE', #12118, #11197, #1922 ) ;
#3852 = ORIENTED_EDGE ( 'NONE', *, *, #1108, .F. ) ;
#3853 = CARTESIAN_POINT ( 'NONE',  ( -2.150000000000000355, 0.4000000000000005218, 1.604999999999999760 ) ) ;
#3854 = PRESENTATION_STYLE_ASSIGNMENT (( #6041 ) ) ;
#3855 =( NAMED_UNIT ( * ) SI_UNIT ( $, .STERADIAN. ) SOLID_ANGLE_UNIT ( ) );
#3856 = ADVANCED_FACE ( 'NONE', ( #10183 ), #2581, .F. ) ;
#3857 = PLANE ( 'NONE',  #943 ) ;
#3858 = DIRECTION ( 'NONE',  ( 1.000000000000000000, -0.0000000000000000000, -0.0000000000000000000 ) ) ;
#3859 = EDGE_LOOP ( 'NONE', ( #12141, #6774, #5252, #9807 ) ) ;
#3860 = EDGE_CURVE ( 'NONE', #11659, #6143, #3576, .T. ) ;
#3861 = ADVANCED_FACE ( 'NONE', ( #10371 ), #6629, .F. ) ;
#3862 = CARTESIAN_POINT ( 'NONE',  ( -4.069999999999999396, 2.032879073410320814E-17, -0.3550000000000002598 ) ) ;
#3863 = VERTEX_POINT ( 'NONE', #5761 ) ;
#3864 = CIRCLE ( 'NONE', #4059, 0.1000000000000000472 ) ;
#3865 = LINE ( 'NONE', #2911, #6133 ) ;
#3866 = ORIENTED_EDGE ( 'NONE', *, *, #12161, .F. ) ;
#3867 = CARTESIAN_POINT ( 'NONE',  ( 1.599999999999999867, 0.0000000000000000000, -0.3550000000000007039 ) ) ;
#3868 = VECTOR ( 'NONE', #6884, 1000.000000000000000 ) ;
#3869 = DIRECTION ( 'NONE',  ( -0.0000000000000000000, 1.000000000000000000, -0.0000000000000000000 ) ) ;
#3870 = FACE_OUTER_BOUND ( 'NONE', #8501, .T. ) ;
#3871 = AXIS2_PLACEMENT_3D ( 'NONE', #7111, #12025, #4334 ) ;
#3872 = ORIENTED_EDGE ( 'NONE', *, *, #5772, .F. ) ;
#3873 = EDGE_CURVE ( 'NONE', #7479, #12218, #4827, .T. ) ;
#3874 = PLANE ( 'NONE',  #8264 ) ;
#3875 = EDGE_LOOP ( 'NONE', ( #9798, #4373, #9119, #2595 ) ) ;
#3876 = EDGE_CURVE ( 'NONE', #10278, #11827, #8811, .T. ) ;
#3877 = CARTESIAN_POINT ( 'NONE',  ( -4.169999999999999929, 1.350000000000000089, 1.504999999999999449 ) ) ;
#3878 = VECTOR ( 'NONE', #2597, 1000.000000000000000 ) ;
#3879 = ORIENTED_EDGE ( 'NONE', *, *, #3773, .T. ) ;
#3880 = AXIS2_PLACEMENT_3D ( 'NONE', #6758, #10548, #5835 ) ;
#3881 = PRESENTATION_LAYER_ASSIGNMENT (  '', '', ( #1106 ) ) ;
#3882 = VECTOR ( 'NONE', #9126, 1000.000000000000000 ) ;
#3883 = ORIENTED_EDGE ( 'NONE', *, *, #2912, .F. ) ;
#3884 = CARTESIAN_POINT ( 'NONE',  ( 4.169999999999999929, 0.1000000000000000194, 1.504999999999999449 ) ) ;
#3885 = LINE ( 'NONE', #12284, #6384 ) ;
#3886 = DIRECTION ( 'NONE',  ( -0.0000000000000000000, 0.0000000000000000000, -1.000000000000000000 ) ) ;
#3887 = EDGE_LOOP ( 'NONE', ( #897, #4908, #10902, #1421 ) ) ;
#3888 = CIRCLE ( 'NONE', #8669, 0.2999999999999999334 ) ;
#3889 = CIRCLE ( 'NONE', #1528, 0.1250000000000000000 ) ;
#3890 = SURFACE_SIDE_STYLE ('',( #91 ) ) ;
#3891 = FACE_BOUND ( 'NONE', #3266, .T. ) ;
#3892 = ORIENTED_EDGE ( 'NONE', *, *, #826, .F. ) ;
#3893 = DIRECTION ( 'NONE',  ( -0.0000000000000000000, -0.0000000000000000000, 1.000000000000000000 ) ) ;
#3894 = EDGE_LOOP ( 'NONE', ( #7722, #8952, #2987, #9626 ) ) ;
#3895 = ORIENTED_EDGE ( 'NONE', *, *, #1574, .T. ) ;
#3896 = VECTOR ( 'NONE', #573, 1000.000000000000000 ) ;
#3897 = LINE ( 'NONE', #7699, #2966 ) ;
#3898 = CARTESIAN_POINT ( 'NONE',  ( -2.069999999999999840, 1.349999999999999201, 1.405000000000000027 ) ) ;
#3899 = DIRECTION ( 'NONE',  ( 0.0000000000000000000, 0.0000000000000000000, -1.000000000000000000 ) ) ;
#3900 = VERTEX_POINT ( 'NONE', #4888 ) ;
#3901 = EDGE_CURVE ( 'NONE', #3940, #1737, #2938, .T. ) ;
#3902 = SURFACE_STYLE_FILL_AREA ( #3123 ) ;
#3903 = LINE ( 'NONE', #11428, #4878 ) ;
#3904 = DIRECTION ( 'NONE',  ( 1.244625060509296168E-16, 1.000000000000000000, 0.0000000000000000000 ) ) ;
#3905 = SURFACE_STYLE_USAGE ( .BOTH. , #7887 ) ;
#3906 = CARTESIAN_POINT ( 'NONE',  ( 0.1500000000000000222, 5.787332622142050909, -0.3750000000000000000 ) ) ;
#3907 = EDGE_LOOP ( 'NONE', ( #149, #10289, #7041, #351, #9934, #1019, #6422, #11184, #11148, #2712, #10606, #4892, #550, #8068, #561, #4086 ) ) ;
#3908 = CARTESIAN_POINT ( 'NONE',  ( 0.09999999999999971412, -0.5999999999999995337, 1.304999999999999494 ) ) ;
#3909 = DIRECTION ( 'NONE',  ( -0.0000000000000000000, 1.000000000000000000, 0.0000000000000000000 ) ) ;
#3910 = ORIENTED_EDGE ( 'NONE', *, *, #4421, .T. ) ;
#3911 = EDGE_CURVE ( 'NONE', #100, #8691, #875, .T. ) ;
#3912 = LINE ( 'NONE', #8653, #10444 ) ;
#3913 = LINE ( 'NONE', #4108, #10617 ) ;
#3914 = CARTESIAN_POINT ( 'NONE',  ( 4.170000000000000817, 1.958578643762690419, -0.9114971157455604711 ) ) ;
#3915 = CARTESIAN_POINT ( 'NONE',  ( 1.099999999999999867, 0.4000000000000003553, 1.304999999999999494 ) ) ;
#3916 = DIRECTION ( 'NONE',  ( 0.0000000000000000000, 1.000000000000000000, 0.0000000000000000000 ) ) ;
#3917 = COLOUR_RGB ( '',0.9686274509803921573, 0.8784313725490195957, 0.5999999999999999778 ) ;
#3918 = LINE ( 'NONE', #3806, #10364 ) ;
#3919 = ORIENTED_EDGE ( 'NONE', *, *, #3013, .T. ) ;
#3920 = FILL_AREA_STYLE ('',( #1335 ) ) ;
#3921 = EDGE_CURVE ( 'NONE', #8104, #577, #5630, .T. ) ;
#3922 = STYLED_ITEM ( 'NONE', ( #11685 ), #152 ) ;
#3923 = ORIENTED_EDGE ( 'NONE', *, *, #3368, .F. ) ;
#3924 = FACE_OUTER_BOUND ( 'NONE', #4760, .T. ) ;
#3925 = CARTESIAN_POINT ( 'NONE',  ( 4.169967976139310473, 1.414359862060934336, 0.4587304272019055995 ) ) ;
#3926 = ADVANCED_FACE ( 'NONE', ( #8627, #3891, #4771 ), #10594, .F. ) ;
#3927 = EDGE_CURVE ( 'NONE', #5679, #9981, #2081, .T. ) ;
#3928 = DIRECTION ( 'NONE',  ( -0.0000000000000000000, 0.0000000000000000000, 1.000000000000000000 ) ) ;
#3929 = DIRECTION ( 'NONE',  ( 0.0000000000000000000, 0.0000000000000000000, -1.000000000000000000 ) ) ;
#3930 = CARTESIAN_POINT ( 'NONE',  ( 4.169999999999999929, 2.000000000000000000, 0.3549999999999995937 ) ) ;
#3931 = ORIENTED_EDGE ( 'NONE', *, *, #11668, .F. ) ;
#3932 = SURFACE_SIDE_STYLE ('',( #4872 ) ) ;
#3933 = FACE_OUTER_BOUND ( 'NONE', #3074, .T. ) ;
#3934 = DIRECTION ( 'NONE',  ( 0.0000000000000000000, 1.000000000000000000, 0.0000000000000000000 ) ) ;
#3935 = VERTEX_POINT ( 'NONE', #8563 ) ;
#3936 = CARTESIAN_POINT ( 'NONE',  ( 0.5000000000000000000, 5.787332622142047356, -0.3750000000000000000 ) ) ;
#3937 = AXIS2_PLACEMENT_3D ( 'NONE', #8853, #323, #4116 ) ;
#3938 = ORIENTED_EDGE ( 'NONE', *, *, #3202, .F. ) ;
#3939 = ORIENTED_EDGE ( 'NONE', *, *, #667, .F. ) ;
#3940 = VERTEX_POINT ( 'NONE', #4006 ) ;
#3941 = ADVANCED_FACE ( 'NONE', ( #2880 ), #10537, .T. ) ;
#3942 = DIRECTION ( 'NONE',  ( -1.244625060509296168E-16, -1.000000000000000000, 0.0000000000000000000 ) ) ;
#3943 = ADVANCED_FACE ( 'NONE', ( #10725 ), #11203, .T. ) ;
#3944 = CARTESIAN_POINT ( 'NONE',  ( 0.5999999999999998668, 7.299999999999999822, 1.604999999999999760 ) ) ;
#3945 = CARTESIAN_POINT ( 'NONE',  ( 0.8999999999999999112, 0.4000000000000002998, 1.304999999999999494 ) ) ;
#3946 = ORIENTED_EDGE ( 'NONE', *, *, #9572, .T. ) ;
#3947 = DIRECTION ( 'NONE',  ( 0.0000000000000000000, 1.000000000000000000, 0.0000000000000000000 ) ) ;
#3948 = VECTOR ( 'NONE', #8727, 1000.000000000000000 ) ;
#3949 = CARTESIAN_POINT ( 'NONE',  ( 0.5999999999999997558, 0.4000000000000003553, 1.604999999999999760 ) ) ;
#3950 =( LENGTH_UNIT ( ) NAMED_UNIT ( * ) SI_UNIT ( .MILLI., .METRE. ) );
#3951 = CARTESIAN_POINT ( 'NONE',  ( -1.969999999999999973, 1.349999999999999867, 1.604999999999999760 ) ) ;
#3952 = ORIENTED_EDGE ( 'NONE', *, *, #10037, .F. ) ;
#3953 = CARTESIAN_POINT ( 'NONE',  ( 3.219999999999999751, 4.065758146820641628E-17, -1.205000000000000737 ) ) ;
#3954 = ORIENTED_EDGE ( 'NONE', *, *, #8575, .F. ) ;
#3955 = EDGE_CURVE ( 'NONE', #11800, #145, #407, .T. ) ;
#3956 = DIRECTION ( 'NONE',  ( 0.0000000000000000000, 0.0000000000000000000, -1.000000000000000000 ) ) ;
#3957 = LINE ( 'NONE', #1172, #11532 ) ;
#3958 = EDGE_CURVE ( 'NONE', #3517, #9336, #4138, .T. ) ;
#3959 = FACE_OUTER_BOUND ( 'NONE', #7739, .T. ) ;
#3960 = ORIENTED_EDGE ( 'NONE', *, *, #11654, .F. ) ;
#3961 = DIRECTION ( 'NONE',  ( 0.0000000000000000000, -1.000000000000000000, 0.0000000000000000000 ) ) ;
#3962 = DIRECTION ( 'NONE',  ( -0.0000000000000000000, -1.000000000000000000, -0.0000000000000000000 ) ) ;
#3963 = LINE ( 'NONE', #2100, #662 ) ;
#3964 = AXIS2_PLACEMENT_3D ( 'NONE', #10429, #5764, #11303 ) ;
#3965 = CARTESIAN_POINT ( 'NONE',  ( -3.219999999999999751, 7.040192378864668754, 1.304999999999999716 ) ) ;
#3966 = DIRECTION ( 'NONE',  ( 1.000000000000000000, 0.0000000000000000000, -3.367087492191007655E-17 ) ) ;
#3967 = ORIENTED_EDGE ( 'NONE', *, *, #7676, .T. ) ;
#3968 = ORIENTED_EDGE ( 'NONE', *, *, #8267, .T. ) ;
#3969 = CARTESIAN_POINT ( 'NONE',  ( -0.5000000000000000000, 5.787332622142050909, 0.3750000000000000000 ) ) ;
#3970 = VECTOR ( 'NONE', #7038, 1000.000000000000000 ) ;
#3971 = LINE ( 'NONE', #1773, #3586 ) ;
#3972 = ORIENTED_EDGE ( 'NONE', *, *, #2402, .T. ) ;
#3973 = FACE_OUTER_BOUND ( 'NONE', #2255, .T. ) ;
#3974 = CARTESIAN_POINT ( 'NONE',  ( 1.969999999999999973, 3.575000000000000178, 0.1250000000000000000 ) ) ;
#3975 = DIRECTION ( 'NONE',  ( 1.000000000000000000, 0.0000000000000000000, 0.0000000000000000000 ) ) ;
#3976 = DIRECTION ( 'NONE',  ( -1.244625060509296168E-16, -1.000000000000000000, 0.0000000000000000000 ) ) ;
#3977 = CARTESIAN_POINT ( 'NONE',  ( 3.219999999999999751, 0.0000000000000000000, 1.504999999999999449 ) ) ;
#3978 = DIRECTION ( 'NONE',  ( -1.000000000000000000, 0.0000000000000000000, 0.0000000000000000000 ) ) ;
#3979 = LINE ( 'NONE', #7603, #3948 ) ;
#3980 = CIRCLE ( 'NONE', #10140, 0.1000000000000000472 ) ;
#3981 = ORIENTED_EDGE ( 'NONE', *, *, #6234, .T. ) ;
#3982 = FACE_OUTER_BOUND ( 'NONE', #9680, .T. ) ;
#3983 = EDGE_LOOP ( 'NONE', ( #3306, #8822, #11895, #6004 ) ) ;
#3984 = VERTEX_POINT ( 'NONE', #4211 ) ;
#3985 = EDGE_CURVE ( 'NONE', #10479, #12158, #9069, .T. ) ;
#3986 = EDGE_CURVE ( 'NONE', #6753, #3440, #7936, .T. ) ;
#3987 = AXIS2_PLACEMENT_3D ( 'NONE', #9569, #3112, #347 ) ;
#3988 = ORIENTED_EDGE ( 'NONE', *, *, #988, .T. ) ;
#3989 = CARTESIAN_POINT ( 'NONE',  ( -4.128578643762690348, 0.0000000000000000000, 1.504999999999999227 ) ) ;
#3990 = CYLINDRICAL_SURFACE ( 'NONE', #1897, 0.1499999999999999667 ) ;
#3991 = PRESENTATION_STYLE_ASSIGNMENT (( #4924 ) ) ;
#3992 = DIRECTION ( 'NONE',  ( -0.0000000000000000000, -0.0000000000000000000, -1.000000000000000000 ) ) ;
#3993 = ORIENTED_EDGE ( 'NONE', *, *, #959, .F. ) ;
#3994 = DIRECTION ( 'NONE',  ( 0.0000000000000000000, 0.0000000000000000000, 1.000000000000000000 ) ) ;
#3995 = ORIENTED_EDGE ( 'NONE', *, *, #83, .F. ) ;
#3996 = VECTOR ( 'NONE', #8390, 1000.000000000000000 ) ;
#3997 = VERTEX_POINT ( 'NONE', #586 ) ;
#3998 = ADVANCED_FACE ( 'NONE', ( #536 ), #8880, .F. ) ;
#3999 = ORIENTED_EDGE ( 'NONE', *, *, #9402, .F. ) ;
#4000 = FACE_OUTER_BOUND ( 'NONE', #867, .T. ) ;
#4001 = PLANE ( 'NONE',  #3460 ) ;
#4002 = CARTESIAN_POINT ( 'NONE',  ( -1.099999999999999867, 0.0000000000000000000, 1.304999999999999494 ) ) ;
#4003 = ORIENTED_EDGE ( 'NONE', *, *, #11727, .F. ) ;
#4004 = AXIS2_PLACEMENT_3D ( 'NONE', #7110, #11833, #9805 ) ;
#4005 = DIRECTION ( 'NONE',  ( -0.0000000000000000000, -1.000000000000000000, -0.0000000000000000000 ) ) ;
#4006 = CARTESIAN_POINT ( 'NONE',  ( -3.549999999999999822, 0.4000000000000004663, 1.304999999999999494 ) ) ;
#4007 = EDGE_CURVE ( 'NONE', #11050, #2332, #10047, .T. ) ;
#4008 = CARTESIAN_POINT ( 'NONE',  ( -3.219999999999999751, 7.300000000021691804, 1.455000000012524053 ) ) ;
#4009 = ORIENTED_EDGE ( 'NONE', *, *, #11665, .F. ) ;
#4010 = STYLED_ITEM ( 'NONE', ( #3991 ), #3374 ) ;
#4011 = DIRECTION ( 'NONE',  ( 0.0000000000000000000, 0.0000000000000000000, -1.000000000000000000 ) ) ;
#4012 = CARTESIAN_POINT ( 'NONE',  ( -1.599999999999999867, -0.5999999999999995337, 1.604999999999999760 ) ) ;
#4013 = ORIENTED_EDGE ( 'NONE', *, *, #1329, .T. ) ;
#4014 = EDGE_CURVE ( 'NONE', #3227, #2309, #8179, .T. ) ;
#4015 = ADVANCED_FACE ( 'NONE', ( #6198 ), #3239, .T. ) ;
#4016 = EDGE_LOOP ( 'NONE', ( #10170, #9930, #7473, #9131 ) ) ;
#4017 = VECTOR ( 'NONE', #10972, 1000.000000000000000 ) ;
#4018 = FACE_OUTER_BOUND ( 'NONE', #12124, .T. ) ;
#4019 = AXIS2_PLACEMENT_3D ( 'NONE', #2362, #3344, #6347 ) ;
#4020 = CARTESIAN_POINT ( 'NONE',  ( -4.169999999999999929, 0.1000000000000000056, -0.3550000000000007039 ) ) ;
#4021 = ORIENTED_EDGE ( 'NONE', *, *, #8895, .T. ) ;
#4022 = SURFACE_STYLE_FILL_AREA ( #7818 ) ;
#4023 = DIRECTION ( 'NONE',  ( 1.224646799147353207E-16, 1.000000000000000000, -0.0000000000000000000 ) ) ;
#4024 = AXIS2_PLACEMENT_3D ( 'NONE', #8460, #12250, #3717 ) ;
#4025 = CARTESIAN_POINT ( 'NONE',  ( -2.069999999999999840, 1.249999999999999112, 1.504999999999999449 ) ) ;
#4026 = CARTESIAN_POINT ( 'NONE',  ( 2.750000000000000888, 0.4000000000000005218, 1.604999999999999760 ) ) ;
#4027 = DIRECTION ( 'NONE',  ( 0.0000000000000000000, -0.0000000000000000000, -1.000000000000000000 ) ) ;
#4028 = EDGE_LOOP ( 'NONE', ( #2926, #1067, #5989, #9813 ) ) ;
#4029 =( GEOMETRIC_REPRESENTATION_CONTEXT ( 3 ) GLOBAL_UNCERTAINTY_ASSIGNED_CONTEXT ( ( #3134 ) ) GLOBAL_UNIT_ASSIGNED_CONTEXT ( ( #3950, #10482, #1100 ) ) REPRESENTATION_CONTEXT ( 'NONE', 'WORKASPACE' ) );
#4030 = EDGE_CURVE ( 'NONE', #5579, #10958, #5435, .T. ) ;
#4031 = CARTESIAN_POINT ( 'NONE',  ( 0.8499999999999996447, 5.787332622142043803, 0.3750000000000000000 ) ) ;
#4032 = UNCERTAINTY_MEASURE_WITH_UNIT (LENGTH_MEASURE( 1.000000000000000082E-05 ), #8015, 'distance_accuracy_value', 'NONE');
#4033 = DIRECTION ( 'NONE',  ( -0.5773502691896269523, -0.5773502691896320593, 0.5773502691896181815 ) ) ;
#4034 = DIRECTION ( 'NONE',  ( -0.0000000000000000000, -8.356086107788088083E-17, 1.000000000000000000 ) ) ;
#4035 = VERTEX_POINT ( 'NONE', #5249 ) ;
#4036 = COLOUR_RGB ( '',0.9686274509803921573, 0.8784313725490195957, 0.5999999999999999778 ) ;
#4037 = PLANE ( 'NONE',  #12219 ) ;
#4038 = CARTESIAN_POINT ( 'NONE',  ( 3.776497115745559796, 1.900000000000000133, -1.305000000000001048 ) ) ;
#4039 = ADVANCED_FACE ( 'NONE', ( #6987 ), #1355, .F. ) ;
#4040 = CARTESIAN_POINT ( 'NONE',  ( 3.219999999999999751, 0.0000000000000000000, 1.304999999999999716 ) ) ;
#4041 = CARTESIAN_POINT ( 'NONE',  ( -2.150000000000000355, -0.5999999999999993117, 1.304999999999999494 ) ) ;
#4042 = VERTEX_POINT ( 'NONE', #7245 ) ;
#4043 = DIRECTION ( 'NONE',  ( -1.000000000000000000, 0.0000000000000000000, -0.0000000000000000000 ) ) ;
#4044 = ORIENTED_EDGE ( 'NONE', *, *, #1005, .F. ) ;
#4045 = CARTESIAN_POINT ( 'NONE',  ( -3.220000000000000195, 1.899999999999999911, -1.305000000000001492 ) ) ;
#4046 = EDGE_LOOP ( 'NONE', ( #3780, #6607, #3119, #9622 ) ) ;
#4047 = LINE ( 'NONE', #4184, #2344 ) ;
#4048 = ORIENTED_EDGE ( 'NONE', *, *, #2733, .T. ) ;
#4049 = LINE ( 'NONE', #4865, #10436 ) ;
#4050 = CYLINDRICAL_SURFACE ( 'NONE', #8200, 0.1000000000000000472 ) ;
#4051 = DIRECTION ( 'NONE',  ( 1.000000000000000000, 0.0000000000000000000, 0.0000000000000000000 ) ) ;
#4052 = DIRECTION ( 'NONE',  ( 1.000000000000000000, 0.0000000000000000000, 0.0000000000000000000 ) ) ;
#4053 = DIRECTION ( 'NONE',  ( 0.0000000000000000000, 0.0000000000000000000, 1.000000000000000000 ) ) ;
#4054 = VECTOR ( 'NONE', #9189, 1000.000000000000000 ) ;
#4055 = ADVANCED_FACE ( 'NONE', ( #6257 ), #8120, .T. ) ;
#4056 = CARTESIAN_POINT ( 'NONE',  ( 2.750000000000000888, 0.4000000000000004663, 1.304999999999999494 ) ) ;
#4057 = EDGE_LOOP ( 'NONE', ( #6153, #9602, #4534, #8081, #14 ) ) ;
#4058 = MECHANICAL_DESIGN_GEOMETRIC_PRESENTATION_REPRESENTATION (  '', ( #6283 ), #1522 ) ;
#4059 = AXIS2_PLACEMENT_3D ( 'NONE', #629, #4187, #2311 ) ;
#4060 = ORIENTED_EDGE ( 'NONE', *, *, #5535, .F. ) ;
#4061 = CARTESIAN_POINT ( 'NONE',  ( 1.969999999999999973, 5.350000000000000533, 1.604999999999999760 ) ) ;
#4062 = ORIENTED_EDGE ( 'NONE', *, *, #1368, .T. ) ;
#4063 = ORIENTED_EDGE ( 'NONE', *, *, #6614, .F. ) ;
#4064 = VERTEX_POINT ( 'NONE', #6014 ) ;
#4065 = VECTOR ( 'NONE', #10761, 1000.000000000000000 ) ;
#4066 = CARTESIAN_POINT ( 'NONE',  ( -2.640000000083346343, 1.050000000000000044, 2.185000000110903784 ) ) ;
#4067 = AXIS2_PLACEMENT_3D ( 'NONE', #8508, #10117, #1608 ) ;
#4068 = VECTOR ( 'NONE', #7869, 1000.000000000000000 ) ;
#4069 = FACE_OUTER_BOUND ( 'NONE', #11276, .T. ) ;
#4070 = CARTESIAN_POINT ( 'NONE',  ( 1.899999999999999689, -0.5999999999999995337, 1.304999999999999494 ) ) ;
#4071 = EDGE_LOOP ( 'NONE', ( #8532, #3910, #6074, #1819 ) ) ;
#4072 = CARTESIAN_POINT ( 'NONE',  ( 2.949999999999999289, 7.299999999999999822, 1.604999999999999760 ) ) ;
#4073 = EDGE_CURVE ( 'NONE', #11984, #11983, #1287, .T. ) ;
#4074 = LINE ( 'NONE', #6076, #4868 ) ;
#4075 = DIRECTION ( 'NONE',  ( 0.0000000000000000000, 0.0000000000000000000, -1.000000000000000000 ) ) ;
#4076 = AXIS2_PLACEMENT_3D ( 'NONE', #11131, #5590, #12247 ) ;
#4077 = ORIENTED_EDGE ( 'NONE', *, *, #12302, .F. ) ;
#4078 = DIRECTION ( 'NONE',  ( 1.000000000000000000, 0.0000000000000000000, 0.0000000000000000000 ) ) ;
#4079 = PRESENTATION_LAYER_ASSIGNMENT (  '', '', ( #8660 ) ) ;
#4080 = AXIS2_PLACEMENT_3D ( 'NONE', #4809, #3869, #73 ) ;
#4081 = LINE ( 'NONE', #5068, #7781 ) ;
#4082 = ORIENTED_EDGE ( 'NONE', *, *, #8604, .T. ) ;
#4083 = VERTEX_POINT ( 'NONE', #5437 ) ;
#4084 = CARTESIAN_POINT ( 'NONE',  ( 1.869999999999999885, 0.8499999999999998668, 1.504999999999999449 ) ) ;
#4085 = EDGE_CURVE ( 'NONE', #1946, #7883, #11016, .T. ) ;
#4086 = ORIENTED_EDGE ( 'NONE', *, *, #6248, .F. ) ;
#4087 = LINE ( 'NONE', #9819, #7182 ) ;
#4088 = DIRECTION ( 'NONE',  ( -0.0000000000000000000, -1.000000000000000000, 0.0000000000000000000 ) ) ;
#4089 = EDGE_LOOP ( 'NONE', ( #6211, #189, #3504, #12059 ) ) ;
#4090 = EDGE_CURVE ( 'NONE', #11983, #3217, #7830, .T. ) ;
#4091 = ADVANCED_FACE ( 'NONE', ( #2694 ), #11286, .F. ) ;
#4092 = CARTESIAN_POINT ( 'NONE',  ( -4.169957807753502443, 1.391421356237309670, 0.3460465934885135764 ) ) ;
#4093 = LINE ( 'NONE', #1057, #9465 ) ;
#4094 = CARTESIAN_POINT ( 'NONE',  ( -4.170000000000000817, 1.326674998536095940, 0.8901997131268417629 ) ) ;
#4095 = CYLINDRICAL_SURFACE ( 'NONE', #6640, 0.9500000000000002887 ) ;
#4096 = FILL_AREA_STYLE ('',( #10612 ) ) ;
#4097 = CARTESIAN_POINT ( 'NONE',  ( 0.0000000000000000000, 2.302902790585058312, 0.3750000000000000000 ) ) ;
#4098 = VECTOR ( 'NONE', #889, 999.9999999999998863 ) ;
#4099 = ORIENTED_EDGE ( 'NONE', *, *, #5210, .T. ) ;
#4100 = PLANE ( 'NONE',  #4929 ) ;
#4101 = LINE ( 'NONE', #7202, #9698 ) ;
#4102 = EDGE_CURVE ( 'NONE', #11493, #721, #1282, .T. ) ;
#4103 = LINE ( 'NONE', #10686, #7766 ) ;
#4104 = LINE ( 'NONE', #6712, #11598 ) ;
#4105 = ORIENTED_EDGE ( 'NONE', *, *, #4242, .T. ) ;
#4106 = EDGE_CURVE ( 'NONE', #6788, #6394, #8242, .T. ) ;
#4107 = CARTESIAN_POINT ( 'NONE',  ( 0.9504466088465206575, 7.299999999999999822, 1.604999999999999760 ) ) ;
#4108 = CARTESIAN_POINT ( 'NONE',  ( 2.750000000000000888, -0.5999999999999993117, 1.604999999999999760 ) ) ;
#4109 = CARTESIAN_POINT ( 'NONE',  ( 4.169999999999999929, 1.899999999999999911, -0.3549999999999998712 ) ) ;
#4110 = CARTESIAN_POINT ( 'NONE',  ( 3.219999999999999751, 0.0000000000000000000, 1.304999999999999494 ) ) ;
#4111 = PLANE ( 'NONE',  #9677 ) ;
#4112 = ORIENTED_EDGE ( 'NONE', *, *, #6099, .T. ) ;
#4113 = DIRECTION ( 'NONE',  ( 1.000000000000000000, 0.0000000000000000000, 0.0000000000000000000 ) ) ;
#4114 = ORIENTED_EDGE ( 'NONE', *, *, #11884, .T. ) ;
#4115 = MECHANICAL_DESIGN_GEOMETRIC_PRESENTATION_REPRESENTATION (  '', ( #5512 ), #1744 ) ;
#4116 = DIRECTION ( 'NONE',  ( 0.0000000000000000000, 0.0000000000000000000, -1.000000000000000000 ) ) ;
#4117 = EDGE_CURVE ( 'NONE', #654, #2307, #4582, .T. ) ;
#4118 = ORIENTED_EDGE ( 'NONE', *, *, #1820, .T. ) ;
#4119 = CARTESIAN_POINT ( 'NONE',  ( -1.969999999999999973, 0.0000000000000000000, 0.0000000000000000000 ) ) ;
#4120 = PLANE ( 'NONE',  #11547 ) ;
#4121 = CARTESIAN_POINT ( 'NONE',  ( 3.250000000000002220, 2.000000000000000000, -0.3500000000000000333 ) ) ;
#4122 = FACE_OUTER_BOUND ( 'NONE', #4531, .T. ) ;
#4123 = SURFACE_STYLE_FILL_AREA ( #5041 ) ;
#4124 = COLOUR_RGB ( '',0.9686274509803921573, 0.8784313725490195957, 0.5999999999999999778 ) ;
#4125 = CARTESIAN_POINT ( 'NONE',  ( 4.169999999999999929, 1.899999999999999911, 0.3549999999999995381 ) ) ;
#4126 = CYLINDRICAL_SURFACE ( 'NONE', #7639, 0.1250000000000000000 ) ;
#4127 = ORIENTED_EDGE ( 'NONE', *, *, #3319, .T. ) ;
#4128 = CARTESIAN_POINT ( 'NONE',  ( -4.469999999999999751, 3.700000000000000178, 1.604999999999999760 ) ) ;
#4129 = ORIENTED_EDGE ( 'NONE', *, *, #5228, .T. ) ;
#4130 = ORIENTED_EDGE ( 'NONE', *, *, #1137, .F. ) ;
#4131 = PRESENTATION_LAYER_ASSIGNMENT (  '', '', ( #1358 ) ) ;
#4132 = PLANE ( 'NONE',  #10951 ) ;
#4133 = CARTESIAN_POINT ( 'NONE',  ( -1.899999999999999689, 0.0000000000000000000, 1.304999999999999494 ) ) ;
#4134 = CARTESIAN_POINT ( 'NONE',  ( 3.549999999999999822, 0.0000000000000000000, -0.3550000000000007039 ) ) ;
#4135 = ORIENTED_EDGE ( 'NONE', *, *, #9120, .T. ) ;
#4136 = DIRECTION ( 'NONE',  ( 0.0000000000000000000, 1.000000000000000000, 0.0000000000000000000 ) ) ;
#4137 = DIRECTION ( 'NONE',  ( 0.0000000000000000000, 0.0000000000000000000, -1.000000000000000000 ) ) ;
#4138 = LINE ( 'NONE', #9990, #2456 ) ;
#4139 = MECHANICAL_DESIGN_GEOMETRIC_PRESENTATION_REPRESENTATION (  '', ( #3922 ), #12081 ) ;
#4140 = DIRECTION ( 'NONE',  ( 0.7071067811865465735, -0.7071067811865485719, 0.0000000000000000000 ) ) ;
#4141 = ORIENTED_EDGE ( 'NONE', *, *, #2205, .T. ) ;
#4142 = CARTESIAN_POINT ( 'NONE',  ( -4.469999999999999751, 0.0000000000000000000, -0.3549999999999998712 ) ) ;
#4143 = DIRECTION ( 'NONE',  ( 0.0000000000000000000, 0.0000000000000000000, 1.000000000000000000 ) ) ;
#4144 = ORIENTED_EDGE ( 'NONE', *, *, #7724, .F. ) ;
#4145 = ORIENTED_EDGE ( 'NONE', *, *, #10141, .F. ) ;
#4146 = EDGE_CURVE ( 'NONE', #4504, #399, #12029, .T. ) ;
#4147 = DIRECTION ( 'NONE',  ( 0.0000000000000000000, -0.0000000000000000000, 1.000000000000000000 ) ) ;
#4148 = VECTOR ( 'NONE', #2370, 1000.000000000000000 ) ;
#4149 = ORIENTED_EDGE ( 'NONE', *, *, #2605, .T. ) ;
#4150 = DIRECTION ( 'NONE',  ( -0.0000000000000000000, -0.0000000000000000000, -1.000000000000000000 ) ) ;
#4151 = FACE_OUTER_BOUND ( 'NONE', #3568, .T. ) ;
#4152 = VERTEX_POINT ( 'NONE', #12216 ) ;
#4153 = FACE_OUTER_BOUND ( 'NONE', #9397, .T. ) ;
#4154 = DIRECTION ( 'NONE',  ( 0.0000000000000000000, -1.000000000000000000, 0.0000000000000000000 ) ) ;
#4155 = DIRECTION ( 'NONE',  ( 1.000000000000000000, -0.0000000000000000000, 0.0000000000000000000 ) ) ;
#4156 = CARTESIAN_POINT ( 'NONE',  ( 2.050446608846518082, 1.999999999999999556, -1.505000000000002780 ) ) ;
#4157 = LINE ( 'NONE', #1117, #8849 ) ;
#4158 = DIRECTION ( 'NONE',  ( -0.0000000000000000000, -0.0000000000000000000, -1.000000000000000000 ) ) ;
#4159 = LINE ( 'NONE', #7955, #11313 ) ;
#4160 = VECTOR ( 'NONE', #7115, 1000.000000000000114 ) ;
#4161 = ORIENTED_EDGE ( 'NONE', *, *, #3876, .F. ) ;
#4162 = DIRECTION ( 'NONE',  ( -1.000000000000000000, 0.0000000000000000000, -0.0000000000000000000 ) ) ;
#4163 = EDGE_CURVE ( 'NONE', #10930, #3317, #11163, .T. ) ;
#4164 = EDGE_CURVE ( 'NONE', #5332, #3506, #891, .T. ) ;
#4165 = EDGE_CURVE ( 'NONE', #4520, #11512, #3686, .T. ) ;
#4166 = CARTESIAN_POINT ( 'NONE',  ( -4.069999999999999396, 1.350000000000000311, 0.9714414002968979611 ) ) ;
#4167 = UNCERTAINTY_MEASURE_WITH_UNIT (LENGTH_MEASURE( 1.000000000000000082E-05 ), #4592, 'distance_accuracy_value', 'NONE');
#4168 = LINE ( 'NONE', #10069, #11353 ) ;
#4169 = VECTOR ( 'NONE', #11664, 1000.000000000000000 ) ;
#4170 = LINE ( 'NONE', #7962, #11229 ) ;
#4171 = ORIENTED_EDGE ( 'NONE', *, *, #9728, .F. ) ;
#4172 = CARTESIAN_POINT ( 'NONE',  ( -0.8500000000000005329, 2.302902790585058312, -0.3750000000000000000 ) ) ;
#4173 = CARTESIAN_POINT ( 'NONE',  ( -0.8999999999999998002, 0.0000000000000000000, -0.3550000000000007039 ) ) ;
#4174 = ORIENTED_EDGE ( 'NONE', *, *, #1646, .T. ) ;
#4175 = CARTESIAN_POINT ( 'NONE',  ( 3.219999999999999751, 0.0000000000000000000, 1.304999999999999494 ) ) ;
#4176 = FACE_OUTER_BOUND ( 'NONE', #11165, .T. ) ;
#4177 = DIRECTION ( 'NONE',  ( -1.000000000000000000, 0.0000000000000000000, -0.0000000000000000000 ) ) ;
#4178 = DIRECTION ( 'NONE',  ( 0.0000000000000000000, 0.0000000000000000000, 1.000000000000000000 ) ) ;
#4179 = EDGE_CURVE ( 'NONE', #6173, #6572, #909, .T. ) ;
#4180 = ORIENTED_EDGE ( 'NONE', *, *, #2259, .F. ) ;
#4181 = CARTESIAN_POINT ( 'NONE',  ( -4.128578643762690348, -4.903860132723836668E-16, -0.3550000000000003153 ) ) ;
#4182 = VECTOR ( 'NONE', #2272, 1000.000000000000000 ) ;
#4183 = VERTEX_POINT ( 'NONE', #8495 ) ;
#4184 = CARTESIAN_POINT ( 'NONE',  ( -1.599999999999999867, 7.299999999999999822, 1.604999999999999760 ) ) ;
#4185 = EDGE_CURVE ( 'NONE', #9796, #7622, #1777, .T. ) ;
#4186 = ADVANCED_FACE ( 'NONE', ( #11105 ), #2748, .T. ) ;
#4187 = DIRECTION ( 'NONE',  ( 1.000000000000000000, 0.0000000000000000000, 0.0000000000000000000 ) ) ;
#4188 = ORIENTED_EDGE ( 'NONE', *, *, #5033, .F. ) ;
#4189 = PLANE ( 'NONE',  #6280 ) ;
#4190 = DIRECTION ( 'NONE',  ( 0.0000000000000000000, 1.000000000000000000, 0.0000000000000000000 ) ) ;
#4191 = CARTESIAN_POINT ( 'NONE',  ( 2.069999999999999840, 1.249999999999999778, 1.504999999999999449 ) ) ;
#4192 =( NAMED_UNIT ( * ) PLANE_ANGLE_UNIT ( ) SI_UNIT ( $, .RADIAN. ) );
#4193 = VECTOR ( 'NONE', #10111, 1000.000000000000000 ) ;
#4194 = LINE ( 'NONE', #461, #6483 ) ;
#4195 = CARTESIAN_POINT ( 'NONE',  ( -2.050446608846518082, 1.999999999999999556, -1.305000000000001048 ) ) ;
#4196 = EDGE_CURVE ( 'NONE', #1685, #5737, #6380, .T. ) ;
#4197 = ORIENTED_EDGE ( 'NONE', *, *, #1856, .T. ) ;
#4198 = CIRCLE ( 'NONE', #11140, 0.1499999999999999667 ) ;
#4199 = DIRECTION ( 'NONE',  ( 1.000000000000000000, 0.0000000000000000000, 0.0000000000000000000 ) ) ;
#4200 = DIRECTION ( 'NONE',  ( -1.000000000000000000, -0.0000000000000000000, -0.0000000000000000000 ) ) ;
#4201 = VERTEX_POINT ( 'NONE', #7497 ) ;
#4202 = ORIENTED_EDGE ( 'NONE', *, *, #187, .T. ) ;
#4203 = ORIENTED_EDGE ( 'NONE', *, *, #1264, .T. ) ;
#4204 = AXIS2_PLACEMENT_3D ( 'NONE', #1184, #9707, #8773 ) ;
#4205 = CARTESIAN_POINT ( 'NONE',  ( 1.750000000000000222, 6.500000000000000888, -0.1000000000000000056 ) ) ;
#4206 = CARTESIAN_POINT ( 'NONE',  ( -4.128578643762690348, 2.000000000000000000, 0.3550000000000002598 ) ) ;
#4207 = VECTOR ( 'NONE', #9384, 1000.000000000000000 ) ;
#4208 = CARTESIAN_POINT ( 'NONE',  ( 3.219999999999999751, 1.449999999999999734, 0.3549999999999994271 ) ) ;
#4209 = ORIENTED_EDGE ( 'NONE', *, *, #2661, .F. ) ;
#4210 = FACE_OUTER_BOUND ( 'NONE', #6206, .T. ) ;
#4211 = CARTESIAN_POINT ( 'NONE',  ( -3.249999999999998668, 5.499999999999994671, 0.3499999999999999778 ) ) ;
#4212 = AXIS2_PLACEMENT_3D ( 'NONE', #871, #802, #11128 ) ;
#4213 = VERTEX_POINT ( 'NONE', #5628 ) ;
#4214 = CARTESIAN_POINT ( 'NONE',  ( -3.549999999999999822, -0.5999999999999993117, 1.304999999999999494 ) ) ;
#4215 = CARTESIAN_POINT ( 'NONE',  ( 2.250000000000000888, 6.500000000000000888, 0.0000000000000000000 ) ) ;
#4216 = DIRECTION ( 'NONE',  ( 0.0000000000000000000, -0.7071067811865505703, -0.7071067811865444641 ) ) ;
#4217 = EDGE_LOOP ( 'NONE', ( #1704, #10871, #4388, #3329 ) ) ;
#4218 = ORIENTED_EDGE ( 'NONE', *, *, #4844, .F. ) ;
#4219 = CARTESIAN_POINT ( 'NONE',  ( -1.969999999999999973, 3.449999999999999734, 0.0000000000000000000 ) ) ;
#4220 = ORIENTED_EDGE ( 'NONE', *, *, #6451, .T. ) ;
#4221 = PLANE ( 'NONE',  #10960 ) ;
#4222 = CARTESIAN_POINT ( 'NONE',  ( 3.219999999999999751, 1.899999999999999911, -1.305000000000001048 ) ) ;
#4223 = ORIENTED_EDGE ( 'NONE', *, *, #3385, .F. ) ;
#4224 = VECTOR ( 'NONE', #10798, 1000.000000000000000 ) ;
#4225 =( NAMED_UNIT ( * ) PLANE_ANGLE_UNIT ( ) SI_UNIT ( $, .RADIAN. ) );
#4226 = PLANE ( 'NONE',  #11196 ) ;
#4227 = EDGE_CURVE ( 'NONE', #5693, #12046, #781, .T. ) ;
#4228 = CARTESIAN_POINT ( 'NONE',  ( -4.169999999999999929, 1.249999999999999778, 1.504999999999999227 ) ) ;
#4229 = ORIENTED_EDGE ( 'NONE', *, *, #8665, .T. ) ;
#4230 = AXIS2_PLACEMENT_3D ( 'NONE', #7297, #459, #3544 ) ;
#4231 = CARTESIAN_POINT ( 'NONE',  ( -2.349999999999998757, 6.399999999999997691, -0.3500000000000001443 ) ) ;
#4232 = DIRECTION ( 'NONE',  ( 0.5773502691896215122, 0.5773502691896241767, -0.5773502691896315042 ) ) ;
#4233 = CARTESIAN_POINT ( 'NONE',  ( 4.469999999999999751, 3.449999999999999734, 0.3549999999999994271 ) ) ;
#4234 = ORIENTED_EDGE ( 'NONE', *, *, #5150, .T. ) ;
#4235 = AXIS2_PLACEMENT_3D ( 'NONE', #7085, #10309, #1787 ) ;
#4236 = CARTESIAN_POINT ( 'NONE',  ( -1.399999999999999689, -0.5999999999999995337, 1.304999999999999494 ) ) ;
#4237 =( NAMED_UNIT ( * ) PLANE_ANGLE_UNIT ( ) SI_UNIT ( $, .RADIAN. ) );
#4238 = VERTEX_POINT ( 'NONE', #7554 ) ;
#4239 = CARTESIAN_POINT ( 'NONE',  ( 1.099999999999999867, 0.0000000000000000000, 1.304999999999999494 ) ) ;
#4240 = SURFACE_STYLE_FILL_AREA ( #8213 ) ;
#4241 = CARTESIAN_POINT ( 'NONE',  ( 0.0000000000000000000, 0.0000000000000000000, 0.0000000000000000000 ) ) ;
#4242 = EDGE_CURVE ( 'NONE', #11708, #554, #4526, .T. ) ;
#4243 = AXIS2_PLACEMENT_3D ( 'NONE', #1814, #5607, #9304 ) ;
#4244 = EDGE_CURVE ( 'NONE', #6362, #4298, #10408, .T. ) ;
#4245 = CARTESIAN_POINT ( 'NONE',  ( -3.219999999999999751, 7.040192378894971625, -0.3550000000000004818 ) ) ;
#4246 = CARTESIAN_POINT ( 'NONE',  ( 3.220000000035280863, 499000.0000000000000, -288095.0246686598985 ) ) ;
#4247 = VERTEX_POINT ( 'NONE', #12087 ) ;
#4248 = DIRECTION ( 'NONE',  ( -1.000000000000000000, -0.0000000000000000000, 0.0000000000000000000 ) ) ;
#4249 = CARTESIAN_POINT ( 'NONE',  ( 0.09999999999999971412, 0.4000000000000003553, 1.304999999999999494 ) ) ;
#4250 = DIRECTION ( 'NONE',  ( 0.0000000000000000000, 0.0000000000000000000, -1.000000000000000000 ) ) ;
#4251 = ORIENTED_EDGE ( 'NONE', *, *, #526, .T. ) ;
#4252 = EDGE_CURVE ( 'NONE', #268, #9461, #1214, .T. ) ;
#4253 = SURFACE_STYLE_USAGE ( .BOTH. , #8098 ) ;
#4254 = DIRECTION ( 'NONE',  ( 0.7071067811865552333, 0.0000000000000000000, -0.7071067811865398012 ) ) ;
#4255 = DIRECTION ( 'NONE',  ( -0.7071067811865462405, -0.7071067811865489050, -0.0000000000000000000 ) ) ;
#4256 = CARTESIAN_POINT ( 'NONE',  ( -4.169999999999999929, 1.450000000000000178, 0.3549999999999999267 ) ) ;
#4257 = PRESENTATION_STYLE_ASSIGNMENT (( #6967 ) ) ;
#4258 = EDGE_CURVE ( 'NONE', #5030, #11280, #196, .T. ) ;
#4259 = ADVANCED_FACE ( 'NONE', ( #11568 ), #1151, .F. ) ;
#4260 = CARTESIAN_POINT ( 'NONE',  ( -1.899999999999999689, 0.1000000000000001305, 1.604999999999999760 ) ) ;
#4261 = EDGE_LOOP ( 'NONE', ( #6301, #6247, #2924, #5276 ) ) ;
#4262 = DIRECTION ( 'NONE',  ( -1.000000000000000000, 0.0000000000000000000, 0.0000000000000000000 ) ) ;
#4263 = EDGE_LOOP ( 'NONE', ( #3833, #12138, #7532, #3744 ) ) ;
#4264 = ORIENTED_EDGE ( 'NONE', *, *, #7604, .F. ) ;
#4265 = ORIENTED_EDGE ( 'NONE', *, *, #10683, .T. ) ;
#4266 = FILL_AREA_STYLE ('',( #9919 ) ) ;
#4267 = ADVANCED_FACE ( 'NONE', ( #10412 ), #80, .F. ) ;
#4268 = CARTESIAN_POINT ( 'NONE',  ( 0.5000000000000000000, 2.302902790585054760, -0.3750000000000000000 ) ) ;
#4269 = DIRECTION ( 'NONE',  ( 0.0000000000000000000, -0.0000000000000000000, -1.000000000000000000 ) ) ;
#4270 = CYLINDRICAL_SURFACE ( 'NONE', #1337, 0.1000000000000000472 ) ;
#4271 = EDGE_LOOP ( 'NONE', ( #10123, #8750, #2589, #8278 ) ) ;
#4272 = CARTESIAN_POINT ( 'NONE',  ( 1.750000000000000222, 6.500000000000000888, 0.0000000000000000000 ) ) ;
#4273 = EDGE_CURVE ( 'NONE', #4587, #6691, #5847, .T. ) ;
#4274 = CARTESIAN_POINT ( 'NONE',  ( 4.469999999999999751, 0.7500000000000000000, 2.295000000000000817 ) ) ;
#4275 = CARTESIAN_POINT ( 'NONE',  ( -2.249999999999996891, 6.500000000000000888, -0.2499999999999989175 ) ) ;
#4276 = CARTESIAN_POINT ( 'NONE',  ( 2.150446608846517282, 2.599999999999999201, -1.605000000000000648 ) ) ;
#4277 = DIRECTION ( 'NONE',  ( -0.0000000000000000000, -1.000000000000000000, -0.0000000000000000000 ) ) ;
#4278 = CARTESIAN_POINT ( 'NONE',  ( 2.150446608846515062, 7.299999999999999822, 1.604999999999999760 ) ) ;
#4279 = SURFACE_STYLE_USAGE ( .BOTH. , #481 ) ;
#4280 = ORIENTED_EDGE ( 'NONE', *, *, #5933, .T. ) ;
#4281 = AXIS2_PLACEMENT_3D ( 'NONE', #11264, #5485, #2839 ) ;
#4282 = ORIENTED_EDGE ( 'NONE', *, *, #5750, .F. ) ;
#4283 = FACE_OUTER_BOUND ( 'NONE', #5467, .T. ) ;
#4284 = ADVANCED_FACE ( 'NONE', ( #4761 ), #10276, .T. ) ;
#4285 = VERTEX_POINT ( 'NONE', #7338 ) ;
#4286 = FACE_OUTER_BOUND ( 'NONE', #444, .T. ) ;
#4287 = DIRECTION ( 'NONE',  ( -1.000000000000000000, -0.0000000000000000000, -0.0000000000000000000 ) ) ;
#4288 = ORIENTED_EDGE ( 'NONE', *, *, #1867, .F. ) ;
#4289 = CIRCLE ( 'NONE', #8646, 0.1499999999999999667 ) ;
#4290 = AXIS2_PLACEMENT_3D ( 'NONE', #11599, #11485, #8710 ) ;
#4291 = AXIS2_PLACEMENT_3D ( 'NONE', #11089, #6600, #6719 ) ;
#4292 = FACE_OUTER_BOUND ( 'NONE', #3836, .T. ) ;
#4293 = VECTOR ( 'NONE', #4522, 1000.000000000000000 ) ;
#4294 = EDGE_LOOP ( 'NONE', ( #8359, #4654, #10615, #6337 ) ) ;
#4295 = CARTESIAN_POINT ( 'NONE',  ( 0.0000000000000000000, 2.000000000000000000, 0.0000000000000000000 ) ) ;
#4296 = LINE ( 'NONE', #4650, #1018 ) ;
#4297 = CARTESIAN_POINT ( 'NONE',  ( -4.169999999999999929, 0.3000000000000000444, 2.595000000000000195 ) ) ;
#4298 = VERTEX_POINT ( 'NONE', #8216 ) ;
#4299 = VERTEX_POINT ( 'NONE', #6350 ) ;
#4300 = ORIENTED_EDGE ( 'NONE', *, *, #3050, .F. ) ;
#4301 = CARTESIAN_POINT ( 'NONE',  ( 4.169999999999999929, 0.2999999999999999889, 2.295000000000000817 ) ) ;
#4302 = UNCERTAINTY_MEASURE_WITH_UNIT (LENGTH_MEASURE( 1.000000000000000082E-05 ), #2554, 'distance_accuracy_value', 'NONE');
#4303 = CIRCLE ( 'NONE', #9077, 0.9500000000000002887 ) ;
#4304 = CARTESIAN_POINT ( 'NONE',  ( -2.150446608846514618, 1.900000000000001465, 1.604999999999999760 ) ) ;
#4305 = EDGE_CURVE ( 'NONE', #5568, #10557, #6915, .T. ) ;
#4306 = CARTESIAN_POINT ( 'NONE',  ( 4.469999999999999751, 5.100000000000000533, 0.1250000000000000278 ) ) ;
#4307 = VERTEX_POINT ( 'NONE', #1683 ) ;
#4308 = DIRECTION ( 'NONE',  ( -0.0000000000000000000, 0.0000000000000000000, 1.000000000000000000 ) ) ;
#4309 = ORIENTED_EDGE ( 'NONE', *, *, #10201, .T. ) ;
#4310 = CARTESIAN_POINT ( 'NONE',  ( -1.099999999999999423, 0.0000000000000000000, -0.3550000000000007039 ) ) ;
#4311 = ORIENTED_EDGE ( 'NONE', *, *, #882, .T. ) ;
#4312 = CARTESIAN_POINT ( 'NONE',  ( 3.219999999999999751, 0.0000000000000000000, 1.504999999999999449 ) ) ;
#4313 = ORIENTED_EDGE ( 'NONE', *, *, #1546, .T. ) ;
#4314 = CARTESIAN_POINT ( 'NONE',  ( 2.000000000000000000, 2.302902790585044546, -0.3750000000000000000 ) ) ;
#4315 = ADVANCED_FACE ( 'NONE', ( #5407 ), #8928, .F. ) ;
#4316 = CARTESIAN_POINT ( 'NONE',  ( 3.219999999999999751, 0.0000000000000000000, 1.304999999999999494 ) ) ;
#4317 = ORIENTED_EDGE ( 'NONE', *, *, #7676, .F. ) ;
#4318 =( BOUNDED_SURFACE ( )  B_SPLINE_SURFACE ( 3, 3, ( 
 ( #6356, #6183, #5168, #10955 ),
 ( #4370, #8983, #450, #8035 ),
 ( #8156, #9968, #627, #6299 ),
 ( #11812, #9042, #6233, #513 ) ),
 .UNSPECIFIED., .F., .F., .T. ) 
 B_SPLINE_SURFACE_WITH_KNOTS ( ( 4, 4 ),
 ( 4, 4 ),
 ( 0.0000000000000000000, 1.000000000000000000 ),
 ( 0.0000000000000000000, 1.000000000000000000 ),
 .UNSPECIFIED. ) 
 GEOMETRIC_REPRESENTATION_ITEM ( )  RATIONAL_B_SPLINE_SURFACE ( (
 ( 1.000000000000000000, 0.8047378541243649375, 0.8047378541243649375, 1.000000000000000000),
 ( 0.8047378541243661587, 0.6476030138606886366, 0.6476030138606886366, 0.8047378541243661587),
 ( 0.8047378541243661587, 0.6476030138606886366, 0.6476030138606886366, 0.8047378541243661587),
 ( 1.000000000000000000, 0.8047378541243649375, 0.8047378541243649375, 1.000000000000000000) ) ) 
 REPRESENTATION_ITEM ( '' )  SURFACE ( )  );
#4319 = SURFACE_SIDE_STYLE ('',( #5235 ) ) ;
#4320 = DIRECTION ( 'NONE',  ( 0.0000000000000000000, 1.000000000000000000, 0.0000000000000000000 ) ) ;
#4321 = LINE ( 'NONE', #9050, #4818 ) ;
#4322 = CARTESIAN_POINT ( 'NONE',  ( -4.169999999993924789, 7.040192378872244916, -0.3550000000000003708 ) ) ;
#4323 = ORIENTED_EDGE ( 'NONE', *, *, #3454, .T. ) ;
#4324 = CARTESIAN_POINT ( 'NONE',  ( -4.469999999999999751, 0.0000000000000000000, 2.295000000000000817 ) ) ;
#4325 = ORIENTED_EDGE ( 'NONE', *, *, #12006, .F. ) ;
#4326 = ADVANCED_FACE ( 'NONE', ( #10135 ), #3099, .F. ) ;
#4327 = ORIENTED_EDGE ( 'NONE', *, *, #11082, .F. ) ;
#4328 = EDGE_CURVE ( 'NONE', #485, #3325, #490, .T. ) ;
#4329 = EDGE_CURVE ( 'NONE', #5523, #4949, #9043, .T. ) ;
#4330 = LINE ( 'NONE', #10223, #11936 ) ;
#4331 = ADVANCED_FACE ( 'NONE', ( #11695 ), #5999, .T. ) ;
#4332 = VECTOR ( 'NONE', #780, 1000.000000000000114 ) ;
#4333 = CARTESIAN_POINT ( 'NONE',  ( -3.717918471982868400, 2.000000000000000444, 1.204999999999999849 ) ) ;
#4334 = DIRECTION ( 'NONE',  ( 0.0000000000000000000, 0.0000000000000000000, -1.000000000000000000 ) ) ;
#4335 = FACE_OUTER_BOUND ( 'NONE', #7042, .T. ) ;
#4336 = ORIENTED_EDGE ( 'NONE', *, *, #57, .T. ) ;
#4337 = CARTESIAN_POINT ( 'NONE',  ( -3.219999999999999751, 1.899999999999999911, 1.304999999999999716 ) ) ;
#4338 = DIRECTION ( 'NONE',  ( 0.0000000000000000000, 1.000000000000000000, 0.0000000000000000000 ) ) ;
#4339 = DIRECTION ( 'NONE',  ( 1.000000000000000000, -0.0000000000000000000, -0.0000000000000000000 ) ) ;
#4340 = CARTESIAN_POINT ( 'NONE',  ( 0.0000000000000000000, 0.0000000000000000000, 2.295000000000000817 ) ) ;
#4341 = ORIENTED_EDGE ( 'NONE', *, *, #9502, .T. ) ;
#4342 = LINE ( 'NONE', #2452, #4396 ) ;
#4343 = DIRECTION ( 'NONE',  ( 0.0000000000000000000, 0.0000000000000000000, 1.000000000000000000 ) ) ;
#4344 = EDGE_CURVE ( 'NONE', #8113, #1542, #11398, .T. ) ;
#4345 = ORIENTED_EDGE ( 'NONE', *, *, #12007, .T. ) ;
#4346 = EDGE_CURVE ( 'NONE', #8432, #7826, #12056, .T. ) ;
#4347 = ORIENTED_EDGE ( 'NONE', *, *, #7809, .T. ) ;
#4348 = CARTESIAN_POINT ( 'NONE',  ( 4.128578643762691236, 1.308578643762690064, 1.604999999999999094 ) ) ;
#4349 = LINE ( 'NONE', #6448, #2505 ) ;
#4350 = VERTEX_POINT ( 'NONE', #4195 ) ;
#4351 = CLOSED_SHELL ( 'NONE', ( #3791, #3093, #7133, #5760, #820, #3793 ) ) ;
#4352 = SURFACE_SIDE_STYLE ('',( #2284 ) ) ;
#4353 = FACE_OUTER_BOUND ( 'NONE', #10387, .T. ) ;
#4354 = VERTEX_POINT ( 'NONE', #6972 ) ;
#4355 = CARTESIAN_POINT ( 'NONE',  ( -4.169999999999999929, 1.250000000000000000, 1.604999999999999538 ) ) ;
#4356 = PLANE ( 'NONE',  #4808 ) ;
#4357 = ORIENTED_EDGE ( 'NONE', *, *, #3921, .T. ) ;
#4358 = EDGE_LOOP ( 'NONE', ( #2356, #1332, #134, #2984, #596 ) ) ;
#4359 = ORIENTED_EDGE ( 'NONE', *, *, #3050, .T. ) ;
#4360 = CARTESIAN_POINT ( 'NONE',  ( -1.599999999999999867, 0.4000000000000002998, 1.304999999999999494 ) ) ;
#4361 = DIRECTION ( 'NONE',  ( 1.000000000000000000, -0.0000000000000000000, -0.0000000000000000000 ) ) ;
#4362 = EDGE_LOOP ( 'NONE', ( #9143, #9893, #843, #8908 ) ) ;
#4363 = VERTEX_POINT ( 'NONE', #6416 ) ;
#4364 = CARTESIAN_POINT ( 'NONE',  ( 2.050446608846518082, 0.0000000000000000000, -1.305000000000001048 ) ) ;
#4365 = CARTESIAN_POINT ( 'NONE',  ( -0.8999999999999999112, 0.4000000000000002998, 1.604999999999999760 ) ) ;
#4366 = CIRCLE ( 'NONE', #11487, 0.1000000000000000472 ) ;
#4367 = LINE ( 'NONE', #4310, #5900 ) ;
#4368 = ORIENTED_EDGE ( 'NONE', *, *, #6916, .F. ) ;
#4369 = FACE_OUTER_BOUND ( 'NONE', #4816, .T. ) ;
#4370 = CARTESIAN_POINT ( 'NONE',  ( 2.011421356237309332, 0.9499999999999999556, 1.604999999999999094 ) ) ;
#4371 = AXIS2_PLACEMENT_3D ( 'NONE', #7217, #11011, #2485 ) ;
#4372 = CYLINDRICAL_SURFACE ( 'NONE', #1094, 0.1499999999999999667 ) ;
#4373 = ORIENTED_EDGE ( 'NONE', *, *, #2471, .T. ) ;
#4374 = CARTESIAN_POINT ( 'NONE',  ( 2.949999999999999289, 0.1000000000000001305, 1.604999999999999760 ) ) ;
#4375 = LINE ( 'NONE', #11025, #11805 ) ;
#4376 =( NAMED_UNIT ( * ) PLANE_ANGLE_UNIT ( ) SI_UNIT ( $, .RADIAN. ) );
#4377 = SURFACE_SIDE_STYLE ('',( #9305 ) ) ;
#4378 = VECTOR ( 'NONE', #10187, 1000.000000000000000 ) ;
#4379 = VERTEX_POINT ( 'NONE', #3407 ) ;
#4380 = ADVANCED_FACE ( 'NONE', ( #2601 ), #4126, .F. ) ;
#4381 = CARTESIAN_POINT ( 'NONE',  ( 2.050446608846518082, 1.999999999999999556, 1.304999999999999716 ) ) ;
#4382 = VERTEX_POINT ( 'NONE', #9289 ) ;
#4383 = ORIENTED_EDGE ( 'NONE', *, *, #10985, .F. ) ;
#4384 = AXIS2_PLACEMENT_3D ( 'NONE', #1153, #8741, #198 ) ;
#4385 = AXIS2_PLACEMENT_3D ( 'NONE', #6687, #10588, #2988 ) ;
#4386 = LINE ( 'NONE', #8173, #10769 ) ;
#4387 = FACE_OUTER_BOUND ( 'NONE', #4458, .T. ) ;
#4388 = ORIENTED_EDGE ( 'NONE', *, *, #5321, .F. ) ;
#4389 = DIRECTION ( 'NONE',  ( -0.0000000000000000000, -1.000000000000000000, 0.0000000000000000000 ) ) ;
#4390 = LINE ( 'NONE', #4455, #4505 ) ;
#4391 = CARTESIAN_POINT ( 'NONE',  ( 2.069999999999999840, 1.349999999999999645, 1.563578643762689957 ) ) ;
#4392 = CARTESIAN_POINT ( 'NONE',  ( 1.969999999999999973, 1.200000000000000178, 0.1499999999999999944 ) ) ;
#4393 = EDGE_LOOP ( 'NONE', ( #1724, #4652, #56, #1027 ) ) ;
#4394 = ADVANCED_FACE ( 'NONE', ( #7215 ), #754, .T. ) ;
#4395 = CIRCLE ( 'NONE', #2788, 0.1000000000000000472 ) ;
#4396 = VECTOR ( 'NONE', #4277, 1000.000000000000000 ) ;
#4397 = CARTESIAN_POINT ( 'NONE',  ( -3.249999999999998668, 4.999999999999995559, 0.3499999999999999223 ) ) ;
#4398 = CARTESIAN_POINT ( 'NONE',  ( 4.169999999999999929, 0.7500000000000000000, 2.295000000000000817 ) ) ;
#4399 = CARTESIAN_POINT ( 'NONE',  ( -3.219999999999999751, 0.0000000000000000000, -1.605000000000000648 ) ) ;
#4400 = EDGE_LOOP ( 'NONE', ( #5114, #1743, #6566 ) ) ;
#4401 = EDGE_CURVE ( 'NONE', #1664, #3404, #9793, .T. ) ;
#4402 = VECTOR ( 'NONE', #9952, 1000.000000000000000 ) ;
#4403 = CARTESIAN_POINT ( 'NONE',  ( 0.0000000000000000000, 0.0000000000000000000, 1.604999999999999760 ) ) ;
#4404 = LINE ( 'NONE', #5452, #6036 ) ;
#4405 = ORIENTED_EDGE ( 'NONE', *, *, #11188, .T. ) ;
#4406 = EDGE_CURVE ( 'NONE', #2453, #10921, #2483, .T. ) ;
#4407 = EDGE_CURVE ( 'NONE', #11345, #10954, #12309, .T. ) ;
#4408 = DIRECTION ( 'NONE',  ( 0.0000000000000000000, 0.0000000000000000000, -1.000000000000000000 ) ) ;
#4409 = DIRECTION ( 'NONE',  ( 0.0000000000000000000, 0.0000000000000000000, 1.000000000000000000 ) ) ;
#4410 = ORIENTED_EDGE ( 'NONE', *, *, #11932, .F. ) ;
#4411 = VERTEX_POINT ( 'NONE', #4554 ) ;
#4412 = ORIENTED_EDGE ( 'NONE', *, *, #6724, .T. ) ;
#4413 = DIRECTION ( 'NONE',  ( -0.0000000000000000000, -0.0000000000000000000, 1.000000000000000000 ) ) ;
#4414 = VECTOR ( 'NONE', #4232, 1000.000000000000114 ) ;
#4415 = DIRECTION ( 'NONE',  ( -1.244625060509296168E-16, -1.000000000000000000, 0.0000000000000000000 ) ) ;
#4416 = UNCERTAINTY_MEASURE_WITH_UNIT (LENGTH_MEASURE( 1.000000000000000082E-05 ), #11723, 'distance_accuracy_value', 'NONE');
#4417 = LINE ( 'NONE', #11670, #8378 ) ;
#4418 = AXIS2_PLACEMENT_3D ( 'NONE', #10745, #6033, #8830 ) ;
#4419 = CARTESIAN_POINT ( 'NONE',  ( 2.069999999999999840, 1.349999999999999645, 1.405000000000000027 ) ) ;
#4420 = ORIENTED_EDGE ( 'NONE', *, *, #11072, .F. ) ;
#4421 = EDGE_CURVE ( 'NONE', #6805, #10308, #6531, .T. ) ;
#4422 = CARTESIAN_POINT ( 'NONE',  ( 1.099999999999999867, 0.4000000000000003553, 1.604999999999999760 ) ) ;
#4423 = ORIENTED_EDGE ( 'NONE', *, *, #2740, .F. ) ;
#4424 = DIRECTION ( 'NONE',  ( 0.0000000000000000000, -1.000000000000000000, 0.0000000000000000000 ) ) ;
#4425 = VECTOR ( 'NONE', #6315, 1000.000000000000000 ) ;
#4426 =( NAMED_UNIT ( * ) SI_UNIT ( $, .STERADIAN. ) SOLID_ANGLE_UNIT ( ) );
#4427 = EDGE_CURVE ( 'NONE', #9609, #11984, #6446, .T. ) ;
#4428 = CARTESIAN_POINT ( 'NONE',  ( -1.399999999999999689, 0.4000000000000002998, 1.604999999999999760 ) ) ;
#4429 = VERTEX_POINT ( 'NONE', #2721 ) ;
#4430 = LINE ( 'NONE', #11198, #8948 ) ;
#4431 = ORIENTED_EDGE ( 'NONE', *, *, #7896, .F. ) ;
#4432 = VECTOR ( 'NONE', #12072, 1000.000000000000000 ) ;
#4433 = LINE ( 'NONE', #3473, #9772 ) ;
#4434 = CIRCLE ( 'NONE', #5809, 0.2999999999999999334 ) ;
#4435 = CARTESIAN_POINT ( 'NONE',  ( 3.549999999999999822, 0.4000000000000005218, 1.304999999999999494 ) ) ;
#4436 = ORIENTED_EDGE ( 'NONE', *, *, #2982, .F. ) ;
#4437 = DIRECTION ( 'NONE',  ( 0.0000000000000000000, 0.0000000000000000000, 1.000000000000000000 ) ) ;
#4438 = CARTESIAN_POINT ( 'NONE',  ( -4.169999999999999929, 0.2999999999999999889, 2.295000000000000817 ) ) ;
#4439 =( GEOMETRIC_REPRESENTATION_CONTEXT ( 3 ) GLOBAL_UNCERTAINTY_ASSIGNED_CONTEXT ( ( #3272 ) ) GLOBAL_UNIT_ASSIGNED_CONTEXT ( ( #3278, #9961, #11872 ) ) REPRESENTATION_CONTEXT ( 'NONE', 'WORKASPACE' ) );
#4440 = DIRECTION ( 'NONE',  ( 0.0000000000000000000, 0.0000000000000000000, 1.000000000000000000 ) ) ;
#4441 = CARTESIAN_POINT ( 'NONE',  ( -4.169999999999999041, 1.341281121394083842, 0.5870258337269403937 ) ) ;
#4442 = DIRECTION ( 'NONE',  ( 0.0000000000000000000, -1.000000000000000000, 0.0000000000000000000 ) ) ;
#4443 = CARTESIAN_POINT ( 'NONE',  ( 0.0000000000000000000, 0.0000000000000000000, 1.304999999999999494 ) ) ;
#4444 = VECTOR ( 'NONE', #2720, 1000.000000000000000 ) ;
#4445 = DIRECTION ( 'NONE',  ( -1.000000000000000000, -0.0000000000000000000, -0.0000000000000000000 ) ) ;
#4446 = CARTESIAN_POINT ( 'NONE',  ( 3.219999999999999751, 0.1000000000000000056, 1.504999999999999449 ) ) ;
#4447 = AXIS2_PLACEMENT_3D ( 'NONE', #11429, #1058, #3904 ) ;
#4448 = DIRECTION ( 'NONE',  ( -0.0000000000000000000, -0.0000000000000000000, 1.000000000000000000 ) ) ;
#4449 = LINE ( 'NONE', #8235, #9006 ) ;
#4450 = ADVANCED_FACE ( 'NONE', ( #4607 ), #2832, .F. ) ;
#4451 = DIRECTION ( 'NONE',  ( -0.0000000000000000000, 1.000000000000000000, 0.0000000000000000000 ) ) ;
#4452 = CARTESIAN_POINT ( 'NONE',  ( 3.549999999999999822, 0.0000000000000000000, 1.504999999999999449 ) ) ;
#4453 = ORIENTED_EDGE ( 'NONE', *, *, #9519, .F. ) ;
#4454 = SURFACE_SIDE_STYLE ('',( #11038 ) ) ;
#4455 = CARTESIAN_POINT ( 'NONE',  ( -3.250000000000001776, 0.0000000000000000000, -0.1000000000000000056 ) ) ;
#4456 = DIRECTION ( 'NONE',  ( 1.000000000000000000, 0.0000000000000000000, 0.0000000000000000000 ) ) ;
#4457 = CARTESIAN_POINT ( 'NONE',  ( -1.987157287525381122, 0.7500000000000001110, 1.604999999999999316 ) ) ;
#4458 = EDGE_LOOP ( 'NONE', ( #2350, #7932, #449, #3536 ) ) ;
#4459 = CARTESIAN_POINT ( 'NONE',  ( -3.219999999999999751, 1.449999999999999734, 1.405000000000000027 ) ) ;
#4460 = LINE ( 'NONE', #729, #1398 ) ;
#4461 = ORIENTED_EDGE ( 'NONE', *, *, #5715, .T. ) ;
#4462 = ORIENTED_EDGE ( 'NONE', *, *, #11226, .F. ) ;
#4463 = AXIS2_PLACEMENT_3D ( 'NONE', #10234, #8305, #4456 ) ;
#4464 = EDGE_CURVE ( 'NONE', #2143, #11700, #7522, .T. ) ;
#4465 = LINE ( 'NONE', #8253, #8476 ) ;
#4466 = VERTEX_POINT ( 'NONE', #12251 ) ;
#4467 = CARTESIAN_POINT ( 'NONE',  ( -4.069999999999999396, 0.0000000000000000000, -0.4089546996059121309 ) ) ;
#4468 = ORIENTED_EDGE ( 'NONE', *, *, #11513, .F. ) ;
#4469 = DIRECTION ( 'NONE',  ( 0.0000000000000000000, -0.0000000000000000000, -1.000000000000000000 ) ) ;
#4470 = SURFACE_SIDE_STYLE ('',( #9209 ) ) ;
#4471 = LINE ( 'NONE', #11061, #5358 ) ;
#4472 = VECTOR ( 'NONE', #8907, 1000.000000000000000 ) ;
#4473 = VECTOR ( 'NONE', #7246, 1000.000000000000000 ) ;
#4474 = ORIENTED_EDGE ( 'NONE', *, *, #8268, .T. ) ;
#4475 = ORIENTED_EDGE ( 'NONE', *, *, #8812, .T. ) ;
#4476 = ORIENTED_EDGE ( 'NONE', *, *, #143, .F. ) ;
#4477 = ADVANCED_FACE ( 'NONE', ( #876 ), #7405, .F. ) ;
#4478 = CYLINDRICAL_SURFACE ( 'NONE', #9340, 0.1000000000000000472 ) ;
#4479 = FACE_OUTER_BOUND ( 'NONE', #674, .T. ) ;
#4480 = VECTOR ( 'NONE', #2961, 1000.000000000000000 ) ;
#4481 = DIRECTION ( 'NONE',  ( 0.0000000000000000000, -1.000000000000000000, -8.356086107788086850E-17 ) ) ;
#4482 = VECTOR ( 'NONE', #6100, 1000.000000000000000 ) ;
#4483 = ADVANCED_FACE ( 'NONE', ( #5531 ), #10329, .F. ) ;
#4484 = EDGE_CURVE ( 'NONE', #7168, #5197, #4665, .T. ) ;
#4485 = AXIS2_PLACEMENT_3D ( 'NONE', #2580, #5576, #9269 ) ;
#4486 = EDGE_CURVE ( 'NONE', #9214, #11022, #4734, .T. ) ;
#4487 = VECTOR ( 'NONE', #11770, 1000.000000000000000 ) ;
#4488 = CARTESIAN_POINT ( 'NONE',  ( 2.069999999999999840, 1.249999999999999778, 1.405000000000000027 ) ) ;
#4489 = FILL_AREA_STYLE_COLOUR ( '', #10388 ) ;
#4490 = DIRECTION ( 'NONE',  ( 1.000000000000000000, 0.0000000000000000000, 0.0000000000000000000 ) ) ;
#4491 = DIRECTION ( 'NONE',  ( -0.0000000000000000000, -0.0000000000000000000, -1.000000000000000000 ) ) ;
#4492 = DIRECTION ( 'NONE',  ( 0.0000000000000000000, 0.0000000000000000000, -1.000000000000000000 ) ) ;
#4493 = VECTOR ( 'NONE', #9960, 1000.000000000000000 ) ;
#4494 = ORIENTED_EDGE ( 'NONE', *, *, #166, .T. ) ;
#4495 = VECTOR ( 'NONE', #7447, 1000.000000000000000 ) ;
#4496 = CARTESIAN_POINT ( 'NONE',  ( 3.219999999999999751, 0.1000000000000000056, 1.504999999999999449 ) ) ;
#4497 = VECTOR ( 'NONE', #2501, 1000.000000000000000 ) ;
#4498 = VECTOR ( 'NONE', #5605, 1000.000000000000000 ) ;
#4499 = EDGE_CURVE ( 'NONE', #10696, #9461, #6475, .T. ) ;
#4500 = DIRECTION ( 'NONE',  ( 0.0000000000000000000, -0.0000000000000000000, 1.000000000000000000 ) ) ;
#4501 = ORIENTED_EDGE ( 'NONE', *, *, #6184, .T. ) ;
#4502 = EDGE_CURVE ( 'NONE', #1017, #9835, #3846, .T. ) ;
#4503 = CARTESIAN_POINT ( 'NONE',  ( -3.249999999999998668, 6.399999999999999467, 0.3499999999999999223 ) ) ;
#4504 = VERTEX_POINT ( 'NONE', #8461 ) ;
#4505 = VECTOR ( 'NONE', #11724, 1000.000000000000000 ) ;
#4506 = CARTESIAN_POINT ( 'NONE',  ( -4.069999999999999396, 1.250000000000000000, 0.9714414002968977391 ) ) ;
#4507 = VECTOR ( 'NONE', #10533, 1000.000000000000000 ) ;
#4508 = PRESENTATION_LAYER_ASSIGNMENT (  '', '', ( #3270 ) ) ;
#4509 = CARTESIAN_POINT ( 'NONE',  ( -2.249999999999996891, 6.500000000000000888, -0.1000000000000000611 ) ) ;
#4510 = CARTESIAN_POINT ( 'NONE',  ( -0.8999999999999999112, -0.5999999999999995337, 1.304999999999999494 ) ) ;
#4511 = LINE ( 'NONE', #8292, #4432 ) ;
#4512 = DIRECTION ( 'NONE',  ( 1.000000000000000000, 0.0000000000000000000, 0.0000000000000000000 ) ) ;
#4513 = FACE_OUTER_BOUND ( 'NONE', #11301, .T. ) ;
#4514 = ORIENTED_EDGE ( 'NONE', *, *, #3253, .F. ) ;
#4515 = DIRECTION ( 'NONE',  ( -0.0000000000000000000, -1.000000000000000000, -0.0000000000000000000 ) ) ;
#4516 = DIRECTION ( 'NONE',  ( -0.0000000000000000000, -1.000000000000000000, -0.0000000000000000000 ) ) ;
#4517 = VERTEX_POINT ( 'NONE', #9347 ) ;
#4518 = AXIS2_PLACEMENT_3D ( 'NONE', #9236, #10033, #10896 ) ;
#4519 = EDGE_CURVE ( 'NONE', #7745, #3007, #2658, .T. ) ;
#4520 = VERTEX_POINT ( 'NONE', #11315 ) ;
#4521 = CARTESIAN_POINT ( 'NONE',  ( -2.069999999999999840, 0.9500000000000002887, 1.604999999999999760 ) ) ;
#4522 = DIRECTION ( 'NONE',  ( 1.000000000000000000, 0.0000000000000000000, 0.0000000000000000000 ) ) ;
#4523 = DIRECTION ( 'NONE',  ( 3.942553354511060881E-16, 1.000000000000000000, 0.0000000000000000000 ) ) ;
#4524 = ORIENTED_EDGE ( 'NONE', *, *, #568, .F. ) ;
#4525 = DIRECTION ( 'NONE',  ( 0.0000000000000000000, 0.0000000000000000000, -1.000000000000000000 ) ) ;
#4526 = LINE ( 'NONE', #5373, #3441 ) ;
#4527 = DIRECTION ( 'NONE',  ( 0.0000000000000000000, -0.0000000000000000000, -1.000000000000000000 ) ) ;
#4528 = ORIENTED_EDGE ( 'NONE', *, *, #11504, .F. ) ;
#4529 = CARTESIAN_POINT ( 'NONE',  ( 0.0000000000000000000, 6.500000000000000888, 0.2499999999999996669 ) ) ;
#4530 = DIRECTION ( 'NONE',  ( -0.5773502691896227335, 0.5773502691896215122, -0.5773502691896329475 ) ) ;
#4531 = EDGE_LOOP ( 'NONE', ( #4877, #2763, #11134, #10431 ) ) ;
#4532 = ORIENTED_EDGE ( 'NONE', *, *, #9136, .F. ) ;
#4533 = DIRECTION ( 'NONE',  ( 0.0000000000000000000, 0.0000000000000000000, 1.000000000000000000 ) ) ;
#4534 = ORIENTED_EDGE ( 'NONE', *, *, #8995, .T. ) ;
#4535 = CARTESIAN_POINT ( 'NONE',  ( -3.967315907585692969, -0.0000000000000000000, -0.7766998384598934324 ) ) ;
#4536 = AXIS2_PLACEMENT_3D ( 'NONE', #10751, #7006, #5280 ) ;
#4537 = CARTESIAN_POINT ( 'NONE',  ( 4.070000000000000284, 2.000000000000000000, 0.3549999999999994271 ) ) ;
#4538 = VERTEX_POINT ( 'NONE', #2776 ) ;
#4539 = DIRECTION ( 'NONE',  ( 1.000000000000000000, 0.0000000000000000000, 0.0000000000000000000 ) ) ;
#4540 = CARTESIAN_POINT ( 'NONE',  ( 3.219999999999999751, 0.1000000000000000056, 1.504999999999999449 ) ) ;
#4541 = CARTESIAN_POINT ( 'NONE',  ( 2.150446608846516838, 1.899999999999999689, -1.605000000000000648 ) ) ;
#4542 = EDGE_LOOP ( 'NONE', ( #10714, #624, #10317, #4009 ) ) ;
#4543 = VERTEX_POINT ( 'NONE', #1860 ) ;
#4544 = ADVANCED_FACE ( 'NONE', ( #9288 ), #5655, .T. ) ;
#4545 = ORIENTED_EDGE ( 'NONE', *, *, #7515, .F. ) ;
#4546 = CARTESIAN_POINT ( 'NONE',  ( -0.8999999999999999112, 0.4000000000000003553, 1.304999999999999494 ) ) ;
#4547 = CARTESIAN_POINT ( 'NONE',  ( 2.890000000000000124, 1.050000000000000044, 2.284999999915271474 ) ) ;
#4548 = CLOSED_SHELL ( 'NONE', ( #9417, #650, #5305, #8645, #756, #10910, #11594, #2621, #11756, #7709, #10173, #9122, #1884, #8041, #7025, #3612, #7754, #58, #460, #809, #12235, #2932, #3092, #3647, #12131, #1278, #5462, #9204, #10789, #5484, #6455, #7205, #7059, #6754, #3777, #1288, #384, #1154, #948, #3778, #413, #8284, #1293, #7986, #622, #4736, #47, #4477, #142, #2073, #4394, #1498, #2647, #7835, #4015, #3328, #10758, #4450, #3856, #11595, #2174, #6523, #8589, #1121, #8418, #5684, #12240, #10944, #783, #5848, #11523, #3600, #8760, #10264, #6808, #4380, #10269, #10158, #10447, #4875, #2430, #8788, #3660, #2183, #9052, #5309, #4326, #5924, #9628, #3837, #11613, #7102, #2160, #3926, #4483, #8223, #11097, #8000, #10541, #9219, #6575, #4990, #247, #5209, #4835, #11240 ) ) ;
#4549 = CARTESIAN_POINT ( 'NONE',  ( 3.549999999999999822, 0.4000000000000005218, 1.604999999999999760 ) ) ;
#4550 = ORIENTED_EDGE ( 'NONE', *, *, #2782, .T. ) ;
#4551 = LINE ( 'NONE', #8329, #695 ) ;
#4552 = SURFACE_SIDE_STYLE ('',( #6582 ) ) ;
#4553 = DIRECTION ( 'NONE',  ( 0.0000000000000000000, -0.0000000000000000000, 1.000000000000000000 ) ) ;
#4554 = CARTESIAN_POINT ( 'NONE',  ( 1.099999999999999867, 0.4000000000000003553, 1.304999999999999494 ) ) ;
#4555 = CARTESIAN_POINT ( 'NONE',  ( -4.169999999999999929, 4.800000000000000711, 2.595000000000000195 ) ) ;
#4556 = AXIS2_PLACEMENT_3D ( 'NONE', #9535, #10277, #8471 ) ;
#4557 = EDGE_CURVE ( 'NONE', #6143, #7050, #6452, .T. ) ;
#4558 = CARTESIAN_POINT ( 'NONE',  ( 1.649999999999999911, 5.787332622142040250, -0.3750000000000000000 ) ) ;
#4559 = EDGE_CURVE ( 'NONE', #9019, #6788, #8583, .T. ) ;
#4560 = ORIENTED_EDGE ( 'NONE', *, *, #1050, .F. ) ;
#4561 = LINE ( 'NONE', #1756, #6534 ) ;
#4562 = LINE ( 'NONE', #9295, #6326 ) ;
#4563 = AXIS2_PLACEMENT_3D ( 'NONE', #8002, #6258, #11208 ) ;
#4564 = ORIENTED_EDGE ( 'NONE', *, *, #7809, .F. ) ;
#4565 = DIRECTION ( 'NONE',  ( -1.000000000000000000, 0.0000000000000000000, 0.0000000000000000000 ) ) ;
#4566 = PLANE ( 'NONE',  #466 ) ;
#4567 = EDGE_CURVE ( 'NONE', #10360, #4285, #1177, .T. ) ;
#4568 = EDGE_LOOP ( 'NONE', ( #9787, #7860, #2216, #11554 ) ) ;
#4569 = EDGE_CURVE ( 'NONE', #6905, #4382, #1972, .T. ) ;
#4570 = ADVANCED_FACE ( 'NONE', ( #6763 ), #4842, .F. ) ;
#4571 = CARTESIAN_POINT ( 'NONE',  ( 1.899999999999999689, 0.0000000000000000000, 1.304999999999999494 ) ) ;
#4572 = ORIENTED_EDGE ( 'NONE', *, *, #2027, .T. ) ;
#4573 = AXIS2_PLACEMENT_3D ( 'NONE', #5293, #3532, #6352 ) ;
#4574 = LINE ( 'NONE', #1770, #2735 ) ;
#4575 =( LENGTH_UNIT ( ) NAMED_UNIT ( * ) SI_UNIT ( .MILLI., .METRE. ) );
#4576 = DIRECTION ( 'NONE',  ( 0.0000000000000000000, 0.0000000000000000000, 1.000000000000000000 ) ) ;
#4577 = CARTESIAN_POINT ( 'NONE',  ( 4.469999999999999751, 0.7500000000000000000, 2.595000000000000195 ) ) ;
#4578 = VERTEX_POINT ( 'NONE', #4026 ) ;
#4579 = DIRECTION ( 'NONE',  ( -1.000000000000000000, 0.0000000000000000000, -0.0000000000000000000 ) ) ;
#4580 = AXIS2_PLACEMENT_3D ( 'NONE', #5000, #8816, #4143 ) ;
#4581 = EDGE_CURVE ( 'NONE', #2469, #8376, #4157, .T. ) ;
#4582 = LINE ( 'NONE', #8428, #3232 ) ;
#4583 = VERTEX_POINT ( 'NONE', #231 ) ;
#4584 = ADVANCED_FACE ( 'NONE', ( #1060 ), #3126, .T. ) ;
#4585 = CARTESIAN_POINT ( 'NONE',  ( 2.949999999999999734, -0.5999999999999993117, 1.304999999999999494 ) ) ;
#4586 = ORIENTED_EDGE ( 'NONE', *, *, #11295, .F. ) ;
#4587 = VERTEX_POINT ( 'NONE', #8642 ) ;
#4588 = AXIS2_PLACEMENT_3D ( 'NONE', #3101, #6917, #6000 ) ;
#4589 = DIRECTION ( 'NONE',  ( 0.0000000000000000000, 0.0000000000000000000, -1.000000000000000000 ) ) ;
#4590 = ORIENTED_EDGE ( 'NONE', *, *, #8606, .F. ) ;
#4591 = DIRECTION ( 'NONE',  ( 1.000000000000000000, 0.0000000000000000000, -3.367087492191007655E-17 ) ) ;
#4592 =( LENGTH_UNIT ( ) NAMED_UNIT ( * ) SI_UNIT ( .MILLI., .METRE. ) );
#4593 = ORIENTED_EDGE ( 'NONE', *, *, #7611, .T. ) ;
#4594 = DIRECTION ( 'NONE',  ( 0.0000000000000000000, 0.0000000000000000000, 1.000000000000000000 ) ) ;
#4595 = DIRECTION ( 'NONE',  ( 0.0000000000000000000, -1.000000000000000000, 0.0000000000000000000 ) ) ;
#4596 = LINE ( 'NONE', #12294, #2378 ) ;
#4597 = ORIENTED_EDGE ( 'NONE', *, *, #3488, .F. ) ;
#4598 = VERTEX_POINT ( 'NONE', #296 ) ;
#4599 = VECTOR ( 'NONE', #8630, 1000.000000000000000 ) ;
#4600 = LINE ( 'NONE', #6524, #8704 ) ;
#4601 = AXIS2_PLACEMENT_3D ( 'NONE', #6249, #10043, #775 ) ;
#4602 = CARTESIAN_POINT ( 'NONE',  ( -1.750000000000000222, 6.599999999999999645, -0.1000000000000000056 ) ) ;
#4603 = ORIENTED_EDGE ( 'NONE', *, *, #1604, .F. ) ;
#4604 = ADVANCED_FACE ( 'NONE', ( #112 ), #4954, .T. ) ;
#4605 = CARTESIAN_POINT ( 'NONE',  ( 1.849999999999999645, 5.787332622142036698, -0.3750000000000000000 ) ) ;
#4606 = LINE ( 'NONE', #874, #1657 ) ;
#4607 = FACE_OUTER_BOUND ( 'NONE', #4261, .T. ) ;
#4608 = CARTESIAN_POINT ( 'NONE',  ( -0.5999999999999997558, 0.0000000000000000000, 1.304999999999999494 ) ) ;
#4609 = LINE ( 'NONE', #691, #9544 ) ;
#4610 = AXIS2_PLACEMENT_3D ( 'NONE', #2825, #9524, #3776 ) ;
#4611 = ORIENTED_EDGE ( 'NONE', *, *, #11442, .T. ) ;
#4612 = ORIENTED_EDGE ( 'NONE', *, *, #3469, .F. ) ;
#4613 = CARTESIAN_POINT ( 'NONE',  ( -4.469999999999999751, 1.899999999999999689, -1.605000000000000648 ) ) ;
#4614 = ORIENTED_EDGE ( 'NONE', *, *, #5221, .T. ) ;
#4615 = CARTESIAN_POINT ( 'NONE',  ( 1.849999999999999645, 5.787332622142036698, 0.3750000000000000000 ) ) ;
#4616 = ORIENTED_EDGE ( 'NONE', *, *, #8108, .F. ) ;
#4617 = LINE ( 'NONE', #10503, #6022 ) ;
#4618 = EDGE_CURVE ( 'NONE', #6997, #4299, #10744, .T. ) ;
#4619 = EDGE_CURVE ( 'NONE', #6377, #630, #9763, .T. ) ;
#4620 = DIRECTION ( 'NONE',  ( -1.000000000000000000, 0.0000000000000000000, -0.0000000000000000000 ) ) ;
#4621 = LINE ( 'NONE', #9484, #5265 ) ;
#4622 = CARTESIAN_POINT ( 'NONE',  ( -3.219999999999999751, 2.000000000000000000, 1.204999999999999627 ) ) ;
#4623 = VECTOR ( 'NONE', #19, 1000.000000000000000 ) ;
#4624 = DIRECTION ( 'NONE',  ( -0.0000000000000000000, -1.000000000000000000, 0.0000000000000000000 ) ) ;
#4625 = EDGE_CURVE ( 'NONE', #7719, #8385, #9638, .T. ) ;
#4626 = AXIS2_PLACEMENT_3D ( 'NONE', #635, #10215, #12012 ) ;
#4627 = CARTESIAN_POINT ( 'NONE',  ( 2.150000000000000355, -0.5999999999999993117, 1.304999999999999494 ) ) ;
#4628 = DIRECTION ( 'NONE',  ( -1.000000000000000000, -0.0000000000000000000, 0.0000000000000000000 ) ) ;
#4629 = ADVANCED_FACE ( 'NONE', ( #171 ), #10114, .T. ) ;
#4630 = EDGE_CURVE ( 'NONE', #6691, #8208, #11857, .T. ) ;
#4631 = DIRECTION ( 'NONE',  ( 0.0000000000000000000, 0.0000000000000000000, -1.000000000000000000 ) ) ;
#4632 = DIRECTION ( 'NONE',  ( 0.0000000000000000000, 1.000000000000000000, 0.0000000000000000000 ) ) ;
#4633 = VERTEX_POINT ( 'NONE', #7072 ) ;
#4634 = DIRECTION ( 'NONE',  ( 1.000000000000000000, -0.0000000000000000000, 0.0000000000000000000 ) ) ;
#4635 = VECTOR ( 'NONE', #6641, 1000.000000000000000 ) ;
#4636 = CARTESIAN_POINT ( 'NONE',  ( -4.169999999999999929, 5.225000000000000533, 0.1250000000000000000 ) ) ;
#4637 = DIRECTION ( 'NONE',  ( 0.0000000000000000000, 0.0000000000000000000, -1.000000000000000000 ) ) ;
#4638 = ORIENTED_EDGE ( 'NONE', *, *, #10402, .F. ) ;
#4639 = DIRECTION ( 'NONE',  ( 0.0000000000000000000, 0.0000000000000000000, -1.000000000000000000 ) ) ;
#4640 = ORIENTED_EDGE ( 'NONE', *, *, #2319, .F. ) ;
#4641 = ORIENTED_EDGE ( 'NONE', *, *, #3601, .T. ) ;
#4642 = EDGE_CURVE ( 'NONE', #7050, #11542, #7262, .T. ) ;
#4643 = DIRECTION ( 'NONE',  ( -1.000000000000000000, -0.0000000000000000000, 0.0000000000000000000 ) ) ;
#4644 = DIRECTION ( 'NONE',  ( -1.000000000000000000, 0.0000000000000000000, -0.0000000000000000000 ) ) ;
#4645 = AXIS2_PLACEMENT_3D ( 'NONE', #212, #6871, #6694 ) ;
#4646 = EDGE_CURVE ( 'NONE', #11829, #2090, #8247, .T. ) ;
#4647 = ADVANCED_FACE ( 'NONE', ( #3261 ), #10063, .T. ) ;
#4648 = CARTESIAN_POINT ( 'NONE',  ( -4.469999999999999751, 2.499999999999999556, 1.505000000000000338 ) ) ;
#4649 = FACE_OUTER_BOUND ( 'NONE', #5399, .T. ) ;
#4650 = CARTESIAN_POINT ( 'NONE',  ( -4.469999999999999751, 0.1000000000000002554, 1.604999999999999760 ) ) ;
#4651 = CARTESIAN_POINT ( 'NONE',  ( 4.070000230595437252, 1.349999999998404254, 0.9714414002968979611 ) ) ;
#4652 = ORIENTED_EDGE ( 'NONE', *, *, #11480, .F. ) ;
#4653 = ORIENTED_EDGE ( 'NONE', *, *, #9430, .F. ) ;
#4654 = ORIENTED_EDGE ( 'NONE', *, *, #3860, .T. ) ;
#4655 = EDGE_CURVE ( 'NONE', #8288, #1235, #8859, .T. ) ;
#4656 = DIRECTION ( 'NONE',  ( 0.0000000000000000000, 0.0000000000000000000, -1.000000000000000000 ) ) ;
#4657 = ORIENTED_EDGE ( 'NONE', *, *, #502, .T. ) ;
#4658 = AXIS2_PLACEMENT_3D ( 'NONE', #11133, #3467, #690 ) ;
#4659 = VECTOR ( 'NONE', #435, 1000.000000000000000 ) ;
#4660 = DIRECTION ( 'NONE',  ( -0.0000000000000000000, -1.000000000000000000, -0.0000000000000000000 ) ) ;
#4661 = DIRECTION ( 'NONE',  ( 0.0000000000000000000, 0.0000000000000000000, -1.000000000000000000 ) ) ;
#4662 = CARTESIAN_POINT ( 'NONE',  ( -0.3999999999999997446, 0.0000000000000000000, 1.304999999999999494 ) ) ;
#4663 = CIRCLE ( 'NONE', #5457, 0.1500000000000000222 ) ;
#4664 = PLANE ( 'NONE',  #5817 ) ;
#4665 = LINE ( 'NONE', #8524, #10024 ) ;
#4666 = LINE ( 'NONE', #4608, #3754 ) ;
#4667 = CARTESIAN_POINT ( 'NONE',  ( 4.169999999999999929, 1.050000000000000044, 0.0000000000000000000 ) ) ;
#4668 = ORIENTED_EDGE ( 'NONE', *, *, #9378, .F. ) ;
#4669 = CARTESIAN_POINT ( 'NONE',  ( 4.169999999999999929, 3.575000000000000178, 0.1250000000000000000 ) ) ;
#4670 = ORIENTED_EDGE ( 'NONE', *, *, #9938, .F. ) ;
#4671 = VECTOR ( 'NONE', #8843, 1000.000000000000000 ) ;
#4672 = LINE ( 'NONE', #4613, #10310 ) ;
#4673 = VECTOR ( 'NONE', #8769, 1000.000000000000000 ) ;
#4674 = ADVANCED_FACE ( 'NONE', ( #6335 ), #491, .T. ) ;
#4675 = PRESENTATION_LAYER_ASSIGNMENT (  '', '', ( #5465 ) ) ;
#4676 = CARTESIAN_POINT ( 'NONE',  ( 1.050446608846517860, 1.999999999999999556, 1.304999999999999716 ) ) ;
#4677 = DIRECTION ( 'NONE',  ( 0.0000000000000000000, 1.000000000000000000, 0.0000000000000000000 ) ) ;
#4678 = EDGE_LOOP ( 'NONE', ( #7847, #4611, #11689, #4476 ) ) ;
#4679 = CARTESIAN_POINT ( 'NONE',  ( 4.069999999999999396, 1.899999999999999911, 0.3549999999999996492 ) ) ;
#4680 = DIRECTION ( 'NONE',  ( 0.0000000000000000000, 1.000000000000000000, 0.0000000000000000000 ) ) ;
#4681 = CIRCLE ( 'NONE', #8657, 1.250000000000000000 ) ;
#4682 = CARTESIAN_POINT ( 'NONE',  ( -4.469999999999999751, 0.3000000000000000444, 2.595000000000000195 ) ) ;
#4683 = CARTESIAN_POINT ( 'NONE',  ( 0.3499999999999998113, 2.302902790585054760, 0.3750000000000000000 ) ) ;
#4684 = CARTESIAN_POINT ( 'NONE',  ( 1.899999999999999689, 0.4000000000000002998, 1.304999999999999494 ) ) ;
#4685 = CIRCLE ( 'NONE', #3680, 0.3000000000000001554 ) ;
#4686 = EDGE_LOOP ( 'NONE', ( #10583, #1087, #6266, #5570 ) ) ;
#4687 = CARTESIAN_POINT ( 'NONE',  ( -4.069999999999999396, 1.250000000000000000, 1.504999999999999449 ) ) ;
#4688 = ORIENTED_EDGE ( 'NONE', *, *, #5286, .T. ) ;
#4689 = ORIENTED_EDGE ( 'NONE', *, *, #7457, .F. ) ;
#4690 = PLANE ( 'NONE',  #8110 ) ;
#4691 = EDGE_CURVE ( 'NONE', #10406, #8135, #5271, .T. ) ;
#4692 = EDGE_CURVE ( 'NONE', #2586, #5259, #8455, .T. ) ;
#4693 = AXIS2_PLACEMENT_3D ( 'NONE', #7402, #941, #8521 ) ;
#4694 = AXIS2_PLACEMENT_3D ( 'NONE', #3121, #5136, #5201 ) ;
#4695 = VERTEX_POINT ( 'NONE', #6400 ) ;
#4696 = LINE ( 'NONE', #8487, #3002 ) ;
#4697 = CARTESIAN_POINT ( 'NONE',  ( -4.469999999999999751, 4.800000000000000711, 2.595000000000000195 ) ) ;
#4698 = DIRECTION ( 'NONE',  ( -1.000000000000000000, 0.0000000000000000000, -0.0000000000000000000 ) ) ;
#4699 = ORIENTED_EDGE ( 'NONE', *, *, #1341, .T. ) ;
#4700 = DIRECTION ( 'NONE',  ( 0.0000000000000000000, -1.000000000000000000, -0.0000000000000000000 ) ) ;
#4701 = DIRECTION ( 'NONE',  ( 0.0000000000000000000, 0.0000000000000000000, 1.000000000000000000 ) ) ;
#4702 = DIRECTION ( 'NONE',  ( -0.0000000000000000000, -0.0000000000000000000, -1.000000000000000000 ) ) ;
#4703 = EDGE_CURVE ( 'NONE', #3341, #2143, #2707, .T. ) ;
#4704 = VECTOR ( 'NONE', #5055, 1000.000000000000000 ) ;
#4705 = VERTEX_POINT ( 'NONE', #11119 ) ;
#4706 = DIRECTION ( 'NONE',  ( 0.0000000000000000000, 0.0000000000000000000, -1.000000000000000000 ) ) ;
#4707 = ORIENTED_EDGE ( 'NONE', *, *, #7604, .T. ) ;
#4708 = ADVANCED_FACE ( 'NONE', ( #863 ), #2764, .T. ) ;
#4709 = EDGE_CURVE ( 'NONE', #3674, #3122, #9645, .T. ) ;
#4710 = VERTEX_POINT ( 'NONE', #5519 ) ;
#4711 = CARTESIAN_POINT ( 'NONE',  ( 2.050446608846518082, 2.499999999999999556, 2.595000000000000195 ) ) ;
#4712 = VECTOR ( 'NONE', #11747, 1000.000000000000000 ) ;
#4713 = PLANE ( 'NONE',  #10763 ) ;
#4714 = ORIENTED_EDGE ( 'NONE', *, *, #10418, .T. ) ;
#4715 = PLANE ( 'NONE',  #4067 ) ;
#4716 =( BOUNDED_SURFACE ( )  B_SPLINE_SURFACE ( 3, 3, ( 
 ( #5868, #9672, #11690, #5037 ),
 ( #2916, #6728, #4920, #3989 ),
 ( #9846, #10645, #2128, #6963 ),
 ( #4976, #8790, #2244, #6054 ) ),
 .UNSPECIFIED., .F., .F., .T. ) 
 B_SPLINE_SURFACE_WITH_KNOTS ( ( 4, 4 ),
 ( 4, 4 ),
 ( 0.0000000000000000000, 1.000000000000000000 ),
 ( 0.0000000000000000000, 1.000000000000000000 ),
 .UNSPECIFIED. ) 
 GEOMETRIC_REPRESENTATION_ITEM ( )  RATIONAL_B_SPLINE_SURFACE ( (
 ( 1.000000000000000000, 0.8047378541243649375, 0.8047378541243649375, 1.000000000000000000),
 ( 0.8047378541243649375, 0.6476030138606876374, 0.6476030138606876374, 0.8047378541243649375),
 ( 0.8047378541243649375, 0.6476030138606876374, 0.6476030138606876374, 0.8047378541243649375),
 ( 1.000000000000000000, 0.8047378541243649375, 0.8047378541243649375, 1.000000000000000000) ) ) 
 REPRESENTATION_ITEM ( '' )  SURFACE ( )  );
#4717 =( NAMED_UNIT ( * ) SI_UNIT ( $, .STERADIAN. ) SOLID_ANGLE_UNIT ( ) );
#4718 = EDGE_CURVE ( 'NONE', #7439, #10198, #11358, .T. ) ;
#4719 = ORIENTED_EDGE ( 'NONE', *, *, #8678, .T. ) ;
#4720 = FACE_OUTER_BOUND ( 'NONE', #790, .T. ) ;
#4721 = LINE ( 'NONE', #11360, #11502 ) ;
#4722 = VECTOR ( 'NONE', #3406, 1000.000000000000000 ) ;
#4723 = EDGE_CURVE ( 'NONE', #5389, #2494, #3472, .T. ) ;
#4724 = ORIENTED_EDGE ( 'NONE', *, *, #4196, .F. ) ;
#4725 =( NAMED_UNIT ( * ) SI_UNIT ( $, .STERADIAN. ) SOLID_ANGLE_UNIT ( ) );
#4726 = CARTESIAN_POINT ( 'NONE',  ( -2.069999999999999840, 0.8500000000000000888, 1.504999999999999449 ) ) ;
#4727 = ORIENTED_EDGE ( 'NONE', *, *, #128, .F. ) ;
#4728 = CIRCLE ( 'NONE', #10287, 0.1499999999999999667 ) ;
#4729 = DIRECTION ( 'NONE',  ( -1.000000000000000000, 0.0000000000000000000, -0.0000000000000000000 ) ) ;
#4730 = CARTESIAN_POINT ( 'NONE',  ( 3.219999999999999751, 0.0000000000000000000, 1.504999999999999449 ) ) ;
#4731 = LINE ( 'NONE', #1747, #1465 ) ;
#4732 = EDGE_CURVE ( 'NONE', #4705, #8605, #8382, .T. ) ;
#4733 = CYLINDRICAL_SURFACE ( 'NONE', #11183, 0.9500000000000002887 ) ;
#4734 = LINE ( 'NONE', #2663, #1678 ) ;
#4735 = CARTESIAN_POINT ( 'NONE',  ( 3.968039948762235092, -0.0000000000000000000, -0.7606998992381618363 ) ) ;
#4736 = ADVANCED_FACE ( 'NONE', ( #6457 ), #9333, .T. ) ;
#4737 = ORIENTED_EDGE ( 'NONE', *, *, #10020, .F. ) ;
#4738 = DIRECTION ( 'NONE',  ( 0.0000000000000000000, 0.0000000000000000000, 1.000000000000000000 ) ) ;
#4739 = LINE ( 'NONE', #4615, #7832 ) ;
#4740 = ORIENTED_EDGE ( 'NONE', *, *, #7177, .F. ) ;
#4741 = LINE ( 'NONE', #6654, #2230 ) ;
#4742 = CARTESIAN_POINT ( 'NONE',  ( 0.0000000000000000000, 7.299999999999999822, 0.0000000000000000000 ) ) ;
#4743 = FACE_OUTER_BOUND ( 'NONE', #7921, .T. ) ;
#4744 = DIRECTION ( 'NONE',  ( -0.0000000000000000000, 1.000000000000000000, -0.0000000000000000000 ) ) ;
#4745 = AXIS2_PLACEMENT_3D ( 'NONE', #7610, #69, #11390 ) ;
#4746 = CARTESIAN_POINT ( 'NONE',  ( 4.069999999999999396, -7.453889935837842984E-17, 1.504999999999999449 ) ) ;
#4747 = LINE ( 'NONE', #5675, #2749 ) ;
#4748 = ORIENTED_EDGE ( 'NONE', *, *, #3985, .F. ) ;
#4749 = DIRECTION ( 'NONE',  ( 0.0000000000000000000, 0.0000000000000000000, -1.000000000000000000 ) ) ;
#4750 = DIRECTION ( 'NONE',  ( 0.0000000000000000000, -0.0000000000000000000, 1.000000000000000000 ) ) ;
#4751 = VECTOR ( 'NONE', #5972, 1000.000000000000000 ) ;
#4752 = ORIENTED_EDGE ( 'NONE', *, *, #10232, .T. ) ;
#4753 = CARTESIAN_POINT ( 'NONE',  ( 4.169999999999999929, 1.354674450986195433, 0.5511097068081615147 ) ) ;
#4754 = DIRECTION ( 'NONE',  ( 0.0000000000000000000, 1.000000000000000000, 0.0000000000000000000 ) ) ;
#4755 = DIRECTION ( 'NONE',  ( 0.0000000000000000000, -0.0000000000000000000, -1.000000000000000000 ) ) ;
#4756 = ORIENTED_EDGE ( 'NONE', *, *, #9223, .T. ) ;
#4757 = DIRECTION ( 'NONE',  ( 0.0000000000000000000, 0.0000000000000000000, 1.000000000000000000 ) ) ;
#4758 = ADVANCED_FACE ( 'NONE', ( #9623 ), #4828, .F. ) ;
#4759 = CARTESIAN_POINT ( 'NONE',  ( 1.969999999999999973, 3.575000000000000178, 0.0000000000000000000 ) ) ;
#4760 = EDGE_LOOP ( 'NONE', ( #3285, #11556, #3430 ) ) ;
#4761 = FACE_OUTER_BOUND ( 'NONE', #2687, .T. ) ;
#4762 = VECTOR ( 'NONE', #9278, 1000.000000000000000 ) ;
#4763 = DIRECTION ( 'NONE',  ( 1.000000000000000000, 0.0000000000000000000, 0.0000000000000000000 ) ) ;
#4764 = VERTEX_POINT ( 'NONE', #1104 ) ;
#4765 = FACE_OUTER_BOUND ( 'NONE', #7358, .T. ) ;
#4766 = CARTESIAN_POINT ( 'NONE',  ( -0.5999999999999997558, -0.5999999999999995337, 1.304999999999999494 ) ) ;
#4767 = LINE ( 'NONE', #6689, #2214 ) ;
#4768 = ORIENTED_EDGE ( 'NONE', *, *, #8071, .T. ) ;
#4769 = ADVANCED_FACE ( 'NONE', ( #8814 ), #2998, .T. ) ;
#4770 = EDGE_CURVE ( 'NONE', #1542, #3322, #5955, .T. ) ;
#4771 = FACE_BOUND ( 'NONE', #5326, .T. ) ;
#4772 = ORIENTED_EDGE ( 'NONE', *, *, #2968, .F. ) ;
#4773 = DIRECTION ( 'NONE',  ( 0.0000000000000000000, 0.0000000000000000000, 1.000000000000000000 ) ) ;
#4774 = CARTESIAN_POINT ( 'NONE',  ( 4.169999999999999929, 3.575000000000000178, 0.0000000000000000000 ) ) ;
#4775 = DIRECTION ( 'NONE',  ( 0.0000000000000000000, 0.0000000000000000000, 1.000000000000000000 ) ) ;
#4776 = VECTOR ( 'NONE', #8430, 1000.000000000000000 ) ;
#4777 = ORIENTED_EDGE ( 'NONE', *, *, #6938, .F. ) ;
#4778 = CARTESIAN_POINT ( 'NONE',  ( 0.0000000000000000000, -0.5999999999999995337, 1.304999999999999494 ) ) ;
#4779 = ADVANCED_FACE ( 'NONE', ( #1959 ), #11475, .F. ) ;
#4780 = CARTESIAN_POINT ( 'NONE',  ( 4.170000000000000817, 1.377678377605630944, 0.5070578929386388989 ) ) ;
#4781 = PLANE ( 'NONE',  #8466 ) ;
#4782 = ORIENTED_EDGE ( 'NONE', *, *, #6204, .F. ) ;
#4783 = VECTOR ( 'NONE', #7320, 1000.000000000000000 ) ;
#4784 = EDGE_CURVE ( 'NONE', #3639, #8680, #10350, .T. ) ;
#4785 = FILL_AREA_STYLE_COLOUR ( '', #290 ) ;
#4786 = DIRECTION ( 'NONE',  ( 1.000000000000000000, 0.0000000000000000000, -0.0000000000000000000 ) ) ;
#4787 = PRESENTATION_LAYER_ASSIGNMENT (  '', '', ( #10767 ) ) ;
#4788 = DIRECTION ( 'NONE',  ( -0.0000000000000000000, -1.000000000000000000, 0.0000000000000000000 ) ) ;
#4789 = CARTESIAN_POINT ( 'NONE',  ( 3.482315708055247594, -0.0000000000000000000, -1.163970038433358889 ) ) ;
#4790 = SURFACE_STYLE_USAGE ( .BOTH. , #1008 ) ;
#4791 = VERTEX_POINT ( 'NONE', #964 ) ;
#4792 = VECTOR ( 'NONE', #6134, 1000.000000000000000 ) ;
#4793 = ADVANCED_FACE ( 'NONE', ( #3615 ), #7614, .T. ) ;
#4794 = DIRECTION ( 'NONE',  ( 0.0000000000000000000, 0.0000000000000000000, 1.000000000000000000 ) ) ;
#4795 = DIRECTION ( 'NONE',  ( 0.0000000000000000000, 0.0000000000000000000, 1.000000000000000000 ) ) ;
#4796 = EDGE_CURVE ( 'NONE', #11860, #11403, #838, .T. ) ;
#4797 = AXIS2_PLACEMENT_3D ( 'NONE', #2458, #6267, #8823 ) ;
#4798 = CARTESIAN_POINT ( 'NONE',  ( -0.6500000000000003553, 5.787332622142050909, 0.3750000000000000000 ) ) ;
#4799 = ORIENTED_EDGE ( 'NONE', *, *, #270, .T. ) ;
#4800 = CIRCLE ( 'NONE', #2008, 0.1499999999999999667 ) ;
#4801 = CARTESIAN_POINT ( 'NONE',  ( -4.469999999999999751, 0.8500000000000000888, 1.604999999999999760 ) ) ;
#4802 = ORIENTED_EDGE ( 'NONE', *, *, #11728, .F. ) ;
#4803 = FACE_OUTER_BOUND ( 'NONE', #380, .T. ) ;
#4804 = VECTOR ( 'NONE', #5704, 1000.000000000000000 ) ;
#4805 = ORIENTED_EDGE ( 'NONE', *, *, #7442, .T. ) ;
#4806 = PLANE ( 'NONE',  #7259 ) ;
#4807 = LINE ( 'NONE', #8608, #3609 ) ;
#4808 = AXIS2_PLACEMENT_3D ( 'NONE', #7195, #7073, #8132 ) ;
#4809 = CARTESIAN_POINT ( 'NONE',  ( -3.219999999999999751, 5.350000000000000533, 0.3549999999999994271 ) ) ;
#4810 = DIRECTION ( 'NONE',  ( -1.000000000000000000, 0.0000000000000000000, 0.0000000000000000000 ) ) ;
#4811 = ORIENTED_EDGE ( 'NONE', *, *, #1536, .T. ) ;
#4812 = LINE ( 'NONE', #8404, #11651 ) ;
#4813 = CYLINDRICAL_SURFACE ( 'NONE', #2495, 0.2500000000000002220 ) ;
#4814 = CARTESIAN_POINT ( 'NONE',  ( -2.249999999999996891, 6.500000000000000888, 0.0000000000000000000 ) ) ;
#4815 = VECTOR ( 'NONE', #455, 1000.000000000000000 ) ;
#4816 = EDGE_LOOP ( 'NONE', ( #3693, #6727, #9671, #3566 ) ) ;
#4817 = ORIENTED_EDGE ( 'NONE', *, *, #8435, .T. ) ;
#4818 = VECTOR ( 'NONE', #5355, 1000.000000000000000 ) ;
#4819 = ORIENTED_EDGE ( 'NONE', *, *, #5033, .T. ) ;
#4820 = ADVANCED_FACE ( 'NONE', ( #900 ), #3745, .T. ) ;
#4821 = DIRECTION ( 'NONE',  ( 0.0000000000000000000, 0.0000000000000000000, -1.000000000000000000 ) ) ;
#4822 = VECTOR ( 'NONE', #1665, 1000.000000000000000 ) ;
#4823 = CARTESIAN_POINT ( 'NONE',  ( 3.350000000000000977, 4.999999999999995559, 0.1000000000000000056 ) ) ;
#4824 = EDGE_LOOP ( 'NONE', ( #10873, #9956, #10471, #10988 ) ) ;
#4825 = VECTOR ( 'NONE', #7600, 1000.000000000000000 ) ;
#4826 = LINE ( 'NONE', #7803, #9647 ) ;
#4827 = LINE ( 'NONE', #3832, #11570 ) ;
#4828 = PLANE ( 'NONE',  #915 ) ;
#4829 = DIRECTION ( 'NONE',  ( 0.0000000000000000000, 1.000000000000000000, 0.0000000000000000000 ) ) ;
#4830 = CARTESIAN_POINT ( 'NONE',  ( 4.169999999999999929, 3.700000000000000178, 0.1250000000000000000 ) ) ;
#4831 = VERTEX_POINT ( 'NONE', #2799 ) ;
#4832 = ORIENTED_EDGE ( 'NONE', *, *, #10604, .T. ) ;
#4833 = EDGE_CURVE ( 'NONE', #4504, #3588, #5671, .T. ) ;
#4834 = AXIS2_PLACEMENT_3D ( 'NONE', #6334, #4155, #11854 ) ;
#4835 = ADVANCED_FACE ( 'NONE', ( #1020 ), #4806, .F. ) ;
#4836 = LINE ( 'NONE', #997, #11714 ) ;
#4837 = CARTESIAN_POINT ( 'NONE',  ( 4.169999999999999929, 1.318359407845498543, 0.6490866571810550711 ) ) ;
#4838 = VERTEX_POINT ( 'NONE', #7849 ) ;
#4839 = CARTESIAN_POINT ( 'NONE',  ( -1.350000000000000089, 5.787332622142050909, -0.3750000000000000000 ) ) ;
#4840 = FACE_OUTER_BOUND ( 'NONE', #8281, .T. ) ;
#4841 = CARTESIAN_POINT ( 'NONE',  ( 4.069999999999999396, -5.421010862427522170E-17, -0.3549999999999997047 ) ) ;
#4842 = PLANE ( 'NONE',  #902 ) ;
#4843 = CARTESIAN_POINT ( 'NONE',  ( 0.5999999999999998668, 0.4000000000000001887, 1.604999999999999760 ) ) ;
#4844 = EDGE_CURVE ( 'NONE', #3694, #6491, #4049, .T. ) ;
#4845 = ORIENTED_EDGE ( 'NONE', *, *, #1903, .T. ) ;
#4846 = VERTEX_POINT ( 'NONE', #5928 ) ;
#4847 = ADVANCED_FACE ( 'NONE', ( #11627 ), #10577, .F. ) ;
#4848 = EDGE_CURVE ( 'NONE', #9017, #10296, #1143, .T. ) ;
#4849 = DIRECTION ( 'NONE',  ( 0.0000000000000000000, 0.0000000000000000000, 1.000000000000000000 ) ) ;
#4850 = AXIS2_PLACEMENT_3D ( 'NONE', #9501, #6735, #8615 ) ;
#4851 = CARTESIAN_POINT ( 'NONE',  ( -4.169999999999999929, 1.350000000000000089, 1.128071624551392021E-16 ) ) ;
#4852 = EDGE_LOOP ( 'NONE', ( #309, #10108, #195, #487 ) ) ;
#4853 = LINE ( 'NONE', #8652, #7791 ) ;
#4854 = DIRECTION ( 'NONE',  ( 1.000000000000000000, 0.0000000000000000000, 0.0000000000000000000 ) ) ;
#4855 = DIRECTION ( 'NONE',  ( -1.000000000000000000, -0.0000000000000000000, -0.0000000000000000000 ) ) ;
#4856 = CARTESIAN_POINT ( 'NONE',  ( 3.717918471982869288, 2.000000000000000000, -1.205000000000000959 ) ) ;
#4857 = ADVANCED_FACE ( 'NONE', ( #136 ), #387, .T. ) ;
#4858 = ORIENTED_EDGE ( 'NONE', *, *, #7199, .T. ) ;
#4859 = VERTEX_POINT ( 'NONE', #1992 ) ;
#4860 =( GEOMETRIC_REPRESENTATION_CONTEXT ( 3 ) GLOBAL_UNCERTAINTY_ASSIGNED_CONTEXT ( ( #7893 ) ) GLOBAL_UNIT_ASSIGNED_CONTEXT ( ( #2891, #9526, #1056 ) ) REPRESENTATION_CONTEXT ( 'NONE', 'WORKASPACE' ) );
#4861 = FACE_OUTER_BOUND ( 'NONE', #9066, .T. ) ;
#4862 = EDGE_CURVE ( 'NONE', #7437, #12241, #1203, .T. ) ;
#4863 = ORIENTED_EDGE ( 'NONE', *, *, #4227, .F. ) ;
#4864 = AXIS2_PLACEMENT_3D ( 'NONE', #8101, #1520, #9116 ) ;
#4865 = CARTESIAN_POINT ( 'NONE',  ( 3.219999999999999751, 2.000000000000000000, -1.305000000000001048 ) ) ;
#4866 = CARTESIAN_POINT ( 'NONE',  ( 4.169999999999999929, 1.426178466855933857, 0.4647766502819802303 ) ) ;
#4867 = AXIS2_PLACEMENT_3D ( 'NONE', #5581, #2584, #10313 ) ;
#4868 = VECTOR ( 'NONE', #636, 1000.000000000000000 ) ;
#4869 = LINE ( 'NONE', #3222, #5480 ) ;
#4870 = VECTOR ( 'NONE', #7308, 999.9999999999998863 ) ;
#4871 = EDGE_LOOP ( 'NONE', ( #8921, #1275, #8512, #7879 ) ) ;
#4872 = SURFACE_STYLE_FILL_AREA ( #8677 ) ;
#4873 = CARTESIAN_POINT ( 'NONE',  ( -1.969999999999999973, 3.449999999999999734, 0.0000000000000000000 ) ) ;
#4874 = ORIENTED_EDGE ( 'NONE', *, *, #7822, .F. ) ;
#4875 = ADVANCED_FACE ( 'NONE', ( #9788 ), #190, .T. ) ;
#4876 = DIRECTION ( 'NONE',  ( 0.0000000000000000000, -0.0000000000000000000, 1.000000000000000000 ) ) ;
#4877 = ORIENTED_EDGE ( 'NONE', *, *, #10009, .T. ) ;
#4878 = VECTOR ( 'NONE', #2099, 1000.000000000000000 ) ;
#4879 = EDGE_LOOP ( 'NONE', ( #2477, #9642, #2899, #9918, #4945 ) ) ;
#4880 = VECTOR ( 'NONE', #10863, 1000.000000000000000 ) ;
#4881 = ORIENTED_EDGE ( 'NONE', *, *, #7686, .F. ) ;
#4882 = CARTESIAN_POINT ( 'NONE',  ( -2.069999999999999840, 1.349999999999999201, 1.405000000000000027 ) ) ;
#4883 = CARTESIAN_POINT ( 'NONE',  ( -0.09999999999999971412, 0.4000000000000002998, 1.304999999999999494 ) ) ;
#4884 = CARTESIAN_POINT ( 'NONE',  ( -4.169999999999999929, 4.800000000000000711, 2.295000000000000817 ) ) ;
#4885 = ORIENTED_EDGE ( 'NONE', *, *, #5950, .F. ) ;
#4886 = AXIS2_PLACEMENT_3D ( 'NONE', #845, #10410, #3685 ) ;
#4887 = LINE ( 'NONE', #158, #903 ) ;
#4888 = CARTESIAN_POINT ( 'NONE',  ( 4.169999999999999929, 3.449999999999999734, 0.3549999999999995381 ) ) ;
#4889 = CARTESIAN_POINT ( 'NONE',  ( -4.169999999999999929, 4.800000000000000711, 2.595000000000000195 ) ) ;
#4890 = EDGE_LOOP ( 'NONE', ( #12255, #3094, #11636, #1388 ) ) ;
#4891 = LINE ( 'NONE', #5891, #10943 ) ;
#4892 = ORIENTED_EDGE ( 'NONE', *, *, #6878, .F. ) ;
#4893 = AXIS2_PLACEMENT_3D ( 'NONE', #2118, #2426, #1566 ) ;
#4894 = CARTESIAN_POINT ( 'NONE',  ( 3.219999999999999751, 1.899999999999999911, -0.3550000000000007039 ) ) ;
#4895 = EDGE_LOOP ( 'NONE', ( #3995, #4209, #2001, #3498 ) ) ;
#4896 = CARTESIAN_POINT ( 'NONE',  ( -2.150000000000000355, 0.0000000000000000000, 1.304999999999999494 ) ) ;
#4897 = AXIS2_PLACEMENT_3D ( 'NONE', #38, #211, #7800 ) ;
#4898 = PLANE ( 'NONE',  #7620 ) ;
#4899 = EDGE_CURVE ( 'NONE', #2373, #12089, #3035, .T. ) ;
#4900 = DIRECTION ( 'NONE',  ( 0.0000000000000000000, 0.0000000000000000000, 1.000000000000000000 ) ) ;
#4901 = PLANE ( 'NONE',  #4946 ) ;
#4902 = ORIENTED_EDGE ( 'NONE', *, *, #4165, .F. ) ;
#4903 = VERTEX_POINT ( 'NONE', #2184 ) ;
#4904 = CYLINDRICAL_SURFACE ( 'NONE', #11677, 0.1499999999999999667 ) ;
#4905 = VECTOR ( 'NONE', #4700, 1000.000000000000000 ) ;
#4906 = LINE ( 'NONE', #2684, #9386 ) ;
#4907 = CARTESIAN_POINT ( 'NONE',  ( 1.987157287525380678, 1.391421356237309226, 1.304999999999999938 ) ) ;
#4908 = ORIENTED_EDGE ( 'NONE', *, *, #4179, .F. ) ;
#4909 = FACE_OUTER_BOUND ( 'NONE', #11287, .T. ) ;
#4910 = PLANE ( 'NONE',  #869 ) ;
#4911 = LINE ( 'NONE', #3977, #926 ) ;
#4912 = DIRECTION ( 'NONE',  ( -1.000000000000000000, -0.0000000000000000000, -0.0000000000000000000 ) ) ;
#4913 = VERTEX_POINT ( 'NONE', #2972 ) ;
#4914 = CARTESIAN_POINT ( 'NONE',  ( -1.899999999999999689, -0.5999999999999995337, 1.304999999999999494 ) ) ;
#4915 = AXIS2_PLACEMENT_3D ( 'NONE', #800, #5586, #8388 ) ;
#4916 = ORIENTED_EDGE ( 'NONE', *, *, #11746, .T. ) ;
#4917 = CARTESIAN_POINT ( 'NONE',  ( -3.776497115745560684, 1.900000000000000133, -1.305000000000001270 ) ) ;
#4918 = ORIENTED_EDGE ( 'NONE', *, *, #7969, .F. ) ;
#4919 = ADVANCED_FACE ( 'NONE', ( #3924 ), #4716, .T. ) ;
#4920 = CARTESIAN_POINT ( 'NONE',  ( -4.128578643762691236, -1.270221856575269460E-16, 1.563578643762689513 ) ) ;
#4921 = DIRECTION ( 'NONE',  ( -0.0000000000000000000, -1.000000000000000000, 0.0000000000000000000 ) ) ;
#4922 = DIRECTION ( 'NONE',  ( 1.000000000000000000, 0.0000000000000000000, -0.0000000000000000000 ) ) ;
#4923 = DIRECTION ( 'NONE',  ( -1.000000000000000000, 0.0000000000000000000, 0.0000000000000000000 ) ) ;
#4924 = SURFACE_STYLE_USAGE ( .BOTH. , #1340 ) ;
#4925 = ADVANCED_FACE ( 'NONE', ( #5106 ), #5420, .F. ) ;
#4926 = CARTESIAN_POINT ( 'NONE',  ( -4.169999999999999929, 1.899999999999999911, -0.3550000000000001488 ) ) ;
#4927 = ORIENTED_EDGE ( 'NONE', *, *, #2387, .F. ) ;
#4928 = LINE ( 'NONE', #11510, #12296 ) ;
#4929 = AXIS2_PLACEMENT_3D ( 'NONE', #7891, #5845, #9644 ) ;
#4930 = VERTEX_POINT ( 'NONE', #7097 ) ;
#4931 = ORIENTED_EDGE ( 'NONE', *, *, #5925, .F. ) ;
#4932 = ORIENTED_EDGE ( 'NONE', *, *, #7494, .F. ) ;
#4933 = PRESENTATION_STYLE_ASSIGNMENT (( #1159 ) ) ;
#4934 = ADVANCED_FACE ( 'NONE', ( #2496 ), #11943, .T. ) ;
#4935 = AXIS2_PLACEMENT_3D ( 'NONE', #5841, #7824, #1061 ) ;
#4936 = DIRECTION ( 'NONE',  ( 1.000000000000000000, -0.0000000000000000000, 0.0000000000000000000 ) ) ;
#4937 = ORIENTED_EDGE ( 'NONE', *, *, #7742, .T. ) ;
#4938 = CARTESIAN_POINT ( 'NONE',  ( 1.050446608846517860, 2.499999999999999556, 1.304999999999999716 ) ) ;
#4939 = VECTOR ( 'NONE', #6199, 1000.000000000000000 ) ;
#4940 = ADVANCED_FACE ( 'NONE', ( #1638 ), #4189, .T. ) ;
#4941 =( NAMED_UNIT ( * ) PLANE_ANGLE_UNIT ( ) SI_UNIT ( $, .RADIAN. ) );
#4942 = CARTESIAN_POINT ( 'NONE',  ( 3.350000000000000533, 5.541421356237305140, 0.1000000000000000056 ) ) ;
#4943 = ORIENTED_EDGE ( 'NONE', *, *, #9882, .F. ) ;
#4944 = CARTESIAN_POINT ( 'NONE',  ( -1.050446608846517860, 1.999999999999999556, -1.305000000000001048 ) ) ;
#4945 = ORIENTED_EDGE ( 'NONE', *, *, #7806, .F. ) ;
#4946 = AXIS2_PLACEMENT_3D ( 'NONE', #5725, #8712, #173 ) ;
#4947 = DIRECTION ( 'NONE',  ( 0.0000000000000000000, 0.0000000000000000000, -1.000000000000000000 ) ) ;
#4948 = LINE ( 'NONE', #2404, #10250 ) ;
#4949 = VERTEX_POINT ( 'NONE', #8038 ) ;
#4950 = PRESENTATION_STYLE_ASSIGNMENT (( #10739 ) ) ;
#4951 = CARTESIAN_POINT ( 'NONE',  ( -2.069999999999999840, 0.9500000000000002887, 1.604999999999999760 ) ) ;
#4952 = VECTOR ( 'NONE', #9385, 1000.000000000000000 ) ;
#4953 = DIRECTION ( 'NONE',  ( 0.0000000000000000000, -1.000000000000000000, 0.0000000000000000000 ) ) ;
#4954 = PLANE ( 'NONE',  #1699 ) ;
#4955 = DIRECTION ( 'NONE',  ( 0.0000000000000000000, 0.0000000000000000000, 1.000000000000000000 ) ) ;
#4956 = DIRECTION ( 'NONE',  ( -1.000000000000000000, -0.0000000000000000000, -0.0000000000000000000 ) ) ;
#4957 = VERTEX_POINT ( 'NONE', #7029 ) ;
#4958 = DIRECTION ( 'NONE',  ( 0.0000000000000000000, 1.000000000000000000, 0.0000000000000000000 ) ) ;
#4959 = AXIS2_PLACEMENT_3D ( 'NONE', #8397, #1923, #6707 ) ;
#4960 = LINE ( 'NONE', #307, #614 ) ;
#4961 = EDGE_CURVE ( 'NONE', #6709, #640, #8989, .T. ) ;
#4962 = LINE ( 'NONE', #4851, #11810 ) ;
#4963 = ORIENTED_EDGE ( 'NONE', *, *, #448, .F. ) ;
#4964 = DIRECTION ( 'NONE',  ( 0.0000000000000000000, -0.0000000000000000000, 1.000000000000000000 ) ) ;
#4965 = LINE ( 'NONE', #9654, #4472 ) ;
#4966 = CARTESIAN_POINT ( 'NONE',  ( 1.870000000000000107, 2.000000000000000000, 1.304999999999999716 ) ) ;
#4967 = CARTESIAN_POINT ( 'NONE',  ( 4.128578643762692124, 2.000000000000000000, -0.8872330470336319275 ) ) ;
#4968 = DIRECTION ( 'NONE',  ( 0.0000000000000000000, -0.0000000000000000000, -1.000000000000000000 ) ) ;
#4969 = EDGE_LOOP ( 'NONE', ( #2606, #7070, #246, #5563 ) ) ;
#4970 = CARTESIAN_POINT ( 'NONE',  ( -2.000000000000000000, 5.787332622142050909, -0.3750000000000000000 ) ) ;
#4971 = VECTOR ( 'NONE', #1901, 1000.000000000000000 ) ;
#4972 = DIRECTION ( 'NONE',  ( 0.0000000000000000000, 0.0000000000000000000, -1.000000000000000000 ) ) ;
#4973 = ADVANCED_FACE ( 'NONE', ( #10831 ), #2374, .T. ) ;
#4974 = EDGE_CURVE ( 'NONE', #11800, #682, #12232, .T. ) ;
#4975 = EDGE_LOOP ( 'NONE', ( #9452, #5753, #12274, #1669 ) ) ;
#4976 = CARTESIAN_POINT ( 'NONE',  ( -4.169999999999999929, 0.1000000000000000056, 1.504999999999999449 ) ) ;
#4977 = AXIS2_PLACEMENT_3D ( 'NONE', #265, #6005, #7045 ) ;
#4978 = LINE ( 'NONE', #5172, #10177 ) ;
#4979 = DIRECTION ( 'NONE',  ( 0.0000000000000000000, 1.000000000000000000, 0.0000000000000000000 ) ) ;
#4980 = CARTESIAN_POINT ( 'NONE',  ( 4.394049177309263988E-17, 1.999999999999999556, 1.304999999999999716 ) ) ;
#4981 = CARTESIAN_POINT ( 'NONE',  ( -1.000000000000000000, 2.302902790585058312, -0.3750000000000000000 ) ) ;
#4982 = ORIENTED_EDGE ( 'NONE', *, *, #10232, .F. ) ;
#4983 = DIRECTION ( 'NONE',  ( -0.0000000000000000000, 1.000000000000000000, -0.0000000000000000000 ) ) ;
#4984 = EDGE_LOOP ( 'NONE', ( #3919, #8789, #10189, #3043 ) ) ;
#4985 = EDGE_CURVE ( 'NONE', #12208, #10274, #2030, .T. ) ;
#4986 = AXIS2_PLACEMENT_3D ( 'NONE', #11972, #6331, #7446 ) ;
#4987 = ORIENTED_EDGE ( 'NONE', *, *, #4569, .F. ) ;
#4988 = ORIENTED_EDGE ( 'NONE', *, *, #10526, .T. ) ;
#4989 = EDGE_CURVE ( 'NONE', #416, #4997, #9357, .T. ) ;
#4990 = ADVANCED_FACE ( 'NONE', ( #766 ), #4781, .F. ) ;
#4991 = CARTESIAN_POINT ( 'NONE',  ( -0.5999999999999998668, 0.0000000000000000000, -0.3550000000000007039 ) ) ;
#4992 = DIRECTION ( 'NONE',  ( 1.000000000000000000, 0.0000000000000000000, 0.0000000000000000000 ) ) ;
#4993 = LINE ( 'NONE', #403, #4068 ) ;
#4994 = EDGE_LOOP ( 'NONE', ( #8939, #2012, #3205, #6814 ) ) ;
#4995 = DIRECTION ( 'NONE',  ( 0.0000000000000000000, 0.0000000000000000000, -1.000000000000000000 ) ) ;
#4996 = VECTOR ( 'NONE', #3942, 1000.000000000000000 ) ;
#4997 = VERTEX_POINT ( 'NONE', #8577 ) ;
#4998 = AXIS2_PLACEMENT_3D ( 'NONE', #1209, #256, #4053 ) ;
#4999 = CARTESIAN_POINT ( 'NONE',  ( 4.069999999999999396, 7.299999999999999822, 1.604999999999999760 ) ) ;
#5000 = CARTESIAN_POINT ( 'NONE',  ( -0.3999999999999996891, -0.5999999999999995337, 1.304999999999999494 ) ) ;
#5001 = EDGE_LOOP ( 'NONE', ( #9218, #6895, #9860, #9568 ) ) ;
#5002 = ORIENTED_EDGE ( 'NONE', *, *, #370, .F. ) ;
#5003 = VECTOR ( 'NONE', #10352, 1000.000000000000000 ) ;
#5004 = ADVANCED_FACE ( 'NONE', ( #11483 ), #3006, .F. ) ;
#5005 = EDGE_CURVE ( 'NONE', #3674, #7427, #2295, .T. ) ;
#5006 = ORIENTED_EDGE ( 'NONE', *, *, #6139, .F. ) ;
#5007 = CARTESIAN_POINT ( 'NONE',  ( 4.169999999999999929, 1.249999999999999112, 1.563578643762689291 ) ) ;
#5008 = STYLED_ITEM ( 'NONE', ( #9161 ), #3670 ) ;
#5009 = CARTESIAN_POINT ( 'NONE',  ( -1.050446608846517860, 2.499999999999999556, -1.305000000000001048 ) ) ;
#5010 = ORIENTED_EDGE ( 'NONE', *, *, #6904, .T. ) ;
#5011 = CARTESIAN_POINT ( 'NONE',  ( -4.269953366464397604, 1.350000000000000089, 0.3451041296451992646 ) ) ;
#5012 = AXIS2_PLACEMENT_3D ( 'NONE', #6947, #10756, #8905 ) ;
#5013 = FACE_OUTER_BOUND ( 'NONE', #10576, .T. ) ;
#5014 = DIRECTION ( 'NONE',  ( -1.000000000000000000, 1.244625060509296168E-16, 0.0000000000000000000 ) ) ;
#5015 = CARTESIAN_POINT ( 'NONE',  ( 1.969999999999999973, 5.350000000000000533, 0.0000000000000000000 ) ) ;
#5016 = DIRECTION ( 'NONE',  ( 0.0000000000000000000, -0.0000000000000000000, 1.000000000000000000 ) ) ;
#5017 = ADVANCED_FACE ( 'NONE', ( #9575 ), #2609, .F. ) ;
#5018 = ORIENTED_EDGE ( 'NONE', *, *, #4406, .F. ) ;
#5019 = CARTESIAN_POINT ( 'NONE',  ( -2.750000000000000888, 0.0000000000000000000, 1.304999999999999494 ) ) ;
#5020 = DIRECTION ( 'NONE',  ( 0.0000000000000000000, 1.000000000000000000, 0.0000000000000000000 ) ) ;
#5021 = LINE ( 'NONE', #11609, #1422 ) ;
#5022 = CARTESIAN_POINT ( 'NONE',  ( 4.169999999999999929, 1.050000000000000044, 8.773890413177493905E-17 ) ) ;
#5023 = ORIENTED_EDGE ( 'NONE', *, *, #7969, .T. ) ;
#5024 = FACE_OUTER_BOUND ( 'NONE', #8578, .T. ) ;
#5025 = AXIS2_PLACEMENT_3D ( 'NONE', #3109, #11646, #985 ) ;
#5026 = LINE ( 'NONE', #8909, #4671 ) ;
#5027 = CARTESIAN_POINT ( 'NONE',  ( -0.3999999999999996891, 0.4000000000000002998, 1.304999999999999494 ) ) ;
#5028 = DIRECTION ( 'NONE',  ( -0.0000000000000000000, -0.0000000000000000000, 1.000000000000000000 ) ) ;
#5029 = PLANE ( 'NONE',  #2886 ) ;
#5030 = VERTEX_POINT ( 'NONE', #999 ) ;
#5031 = DIRECTION ( 'NONE',  ( 0.0000000000000000000, -0.0000000000000000000, -1.000000000000000000 ) ) ;
#5032 = ORIENTED_EDGE ( 'NONE', *, *, #12254, .F. ) ;
#5033 = EDGE_CURVE ( 'NONE', #9917, #12067, #3839, .T. ) ;
#5034 = CARTESIAN_POINT ( 'NONE',  ( -3.717918471982868400, 2.000000000000000000, -1.205000000000000071 ) ) ;
#5035 = AXIS2_PLACEMENT_3D ( 'NONE', #6321, #8367, #7370 ) ;
#5036 = ORIENTED_EDGE ( 'NONE', *, *, #794, .F. ) ;
#5037 = CARTESIAN_POINT ( 'NONE',  ( -4.069999999999999396, 0.0000000000000000000, 1.504999999999999227 ) ) ;
#5038 = PLANE ( 'NONE',  #11753 ) ;
#5039 = DIRECTION ( 'NONE',  ( -1.000000000000000000, 0.0000000000000000000, 0.0000000000000000000 ) ) ;
#5040 = CARTESIAN_POINT ( 'NONE',  ( 0.6500000000000001332, 5.787332622142047356, 0.3750000000000000000 ) ) ;
#5041 = FILL_AREA_STYLE ('',( #9791 ) ) ;
#5042 = LINE ( 'NONE', #11763, #1527 ) ;
#5043 = VECTOR ( 'NONE', #7086, 1000.000000000000000 ) ;
#5044 = AXIS2_PLACEMENT_3D ( 'NONE', #7136, #10118, #10867 ) ;
#5045 = EDGE_CURVE ( 'NONE', #1187, #12236, #12031, .T. ) ;
#5046 = ORIENTED_EDGE ( 'NONE', *, *, #9402, .T. ) ;
#5047 = ORIENTED_EDGE ( 'NONE', *, *, #1076, .T. ) ;
#5048 = EDGE_LOOP ( 'NONE', ( #7173, #3104, #8457, #5085 ) ) ;
#5049 = VECTOR ( 'NONE', #5931, 1000.000000000000000 ) ;
#5050 = VECTOR ( 'NONE', #3153, 1000.000000000000000 ) ;
#5051 = CARTESIAN_POINT ( 'NONE',  ( -1.969999999999999973, 3.449999999999999734, 0.1249999999999999722 ) ) ;
#5052 = AXIS2_PLACEMENT_3D ( 'NONE', #1651, #2563, #6195 ) ;
#5053 = CARTESIAN_POINT ( 'NONE',  ( -4.169999999999999041, 1.900000000000000133, 0.9114971157455595829 ) ) ;
#5054 = DIRECTION ( 'NONE',  ( 0.0000000000000000000, 0.0000000000000000000, 1.000000000000000000 ) ) ;
#5055 = DIRECTION ( 'NONE',  ( 0.0000000000000000000, 0.0000000000000000000, 1.000000000000000000 ) ) ;
#5056 = ORIENTED_EDGE ( 'NONE', *, *, #1741, .T. ) ;
#5057 = CARTESIAN_POINT ( 'NONE',  ( 3.219999999999999751, 0.0000000000000000000, 1.504999999999999449 ) ) ;
#5058 = ADVANCED_FACE ( 'NONE', ( #10212 ), #9631, .T. ) ;
#5059 = FILL_AREA_STYLE ('',( #5495 ) ) ;
#5060 = VECTOR ( 'NONE', #5402, 1000.000000000000000 ) ;
#5061 = DIRECTION ( 'NONE',  ( 1.000000000000000000, -0.0000000000000000000, 0.0000000000000000000 ) ) ;
#5062 = AXIS2_PLACEMENT_3D ( 'NONE', #11592, #6026, #3254 ) ;
#5063 = EDGE_LOOP ( 'NONE', ( #10636, #6590, #1079, #9735 ) ) ;
#5064 = ADVANCED_FACE ( 'NONE', ( #3959 ), #2673, .F. ) ;
#5065 = EDGE_CURVE ( 'NONE', #5482, #3334, #7759, .T. ) ;
#5066 = LINE ( 'NONE', #7873, #1990 ) ;
#5067 =( GEOMETRIC_REPRESENTATION_CONTEXT ( 3 ) GLOBAL_UNCERTAINTY_ASSIGNED_CONTEXT ( ( #11736 ) ) GLOBAL_UNIT_ASSIGNED_CONTEXT ( ( #5608, #2736, #5672 ) ) REPRESENTATION_CONTEXT ( 'NONE', 'WORKASPACE' ) );
#5068 = CARTESIAN_POINT ( 'NONE',  ( -0.09999999999999971412, 0.4000000000000003553, 1.304999999999999494 ) ) ;
#5069 = ORIENTED_EDGE ( 'NONE', *, *, #3298, .T. ) ;
#5070 = DIRECTION ( 'NONE',  ( 0.0000000000000000000, 1.000000000000000000, 0.0000000000000000000 ) ) ;
#5071 = AXIS2_PLACEMENT_3D ( 'NONE', #9553, #1026, #8613 ) ;
#5072 = EDGE_LOOP ( 'NONE', ( #11937, #6122, #6092, #5429 ) ) ;
#5073 = CARTESIAN_POINT ( 'NONE',  ( 4.169999999999999929, 1.249999999999999556, 1.504999999999999227 ) ) ;
#5074 = MECHANICAL_DESIGN_GEOMETRIC_PRESENTATION_REPRESENTATION (  '', ( #1907 ), #9268 ) ;
#5075 = DIRECTION ( 'NONE',  ( 0.0000000000000000000, 0.0000000000000000000, -1.000000000000000000 ) ) ;
#5076 = EDGE_LOOP ( 'NONE', ( #8682, #504, #1796, #3661 ) ) ;
#5077 = LINE ( 'NONE', #1306, #2877 ) ;
#5078 = CARTESIAN_POINT ( 'NONE',  ( -4.169999999999999929, 1.426178466860147376, 0.4647766502828886703 ) ) ;
#5079 = EDGE_CURVE ( 'NONE', #9151, #9398, #518, .T. ) ;
#5080 = ADVANCED_FACE ( 'NONE', ( #11720 ), #11658, .T. ) ;
#5081 = CARTESIAN_POINT ( 'NONE',  ( -288097.8896686598891, 499000.0000000000000, 0.3549999999470773160 ) ) ;
#5082 = CARTESIAN_POINT ( 'NONE',  ( 4.169999999999999929, 0.2999999999999999889, 2.295000000000000817 ) ) ;
#5083 = CARTESIAN_POINT ( 'NONE',  ( 0.0000000000000000000, 0.0000000000000000000, 1.304999999999999494 ) ) ;
#5084 = VECTOR ( 'NONE', #10453, 1000.000000000000000 ) ;
#5085 = ORIENTED_EDGE ( 'NONE', *, *, #10540, .T. ) ;
#5086 = ORIENTED_EDGE ( 'NONE', *, *, #2778, .F. ) ;
#5087 = CARTESIAN_POINT ( 'NONE',  ( -4.169999999999999929, 3.700000000000000178, 0.1250000000000000000 ) ) ;
#5088 = FACE_OUTER_BOUND ( 'NONE', #3840, .T. ) ;
#5089 = CARTESIAN_POINT ( 'NONE',  ( 0.0000000000000000000, 0.0000000000000000000, 1.604999999999999760 ) ) ;
#5090 = ORIENTED_EDGE ( 'NONE', *, *, #1499, .T. ) ;
#5091 = AXIS2_PLACEMENT_3D ( 'NONE', #1625, #10134, #10074 ) ;
#5092 = EDGE_CURVE ( 'NONE', #7991, #6164, #6933, .T. ) ;
#5093 =( NAMED_UNIT ( * ) PLANE_ANGLE_UNIT ( ) SI_UNIT ( $, .RADIAN. ) );
#5094 = DIRECTION ( 'NONE',  ( -0.7071067811865552333, 0.0000000000000000000, -0.7071067811865398012 ) ) ;
#5095 = ORIENTED_EDGE ( 'NONE', *, *, #7561, .F. ) ;
#5096 = CARTESIAN_POINT ( 'NONE',  ( 0.3999999999999996891, -0.5999999999999995337, 1.304999999999999494 ) ) ;
#5097 = CARTESIAN_POINT ( 'NONE',  ( -1.969999999999999973, 0.8500000000000000888, 1.504999999999999449 ) ) ;
#5098 = EDGE_CURVE ( 'NONE', #8093, #3694, #10672, .T. ) ;
#5099 = FACE_OUTER_BOUND ( 'NONE', #5971, .T. ) ;
#5100 =( BOUNDED_SURFACE ( )  B_SPLINE_SURFACE ( 3, 3, ( 
 ( #6322, #4457, #3503, #11107 ),
 ( #2569, #11164, #12030, #6381 ),
 ( #10169, #9191, #2633, #6440 ),
 ( #1655, #8306, #10235, #5231 ) ),
 .UNSPECIFIED., .F., .F., .T. ) 
 B_SPLINE_SURFACE_WITH_KNOTS ( ( 4, 4 ),
 ( 4, 4 ),
 ( 0.0000000000000000000, 1.000000000000000000 ),
 ( 0.0000000000000000000, 1.000000000000000000 ),
 .UNSPECIFIED. ) 
 GEOMETRIC_REPRESENTATION_ITEM ( )  RATIONAL_B_SPLINE_SURFACE ( (
 ( 1.000000000000000000, 0.8047378541243647154, 0.8047378541243647154, 1.000000000000000000),
 ( 0.8047378541243640493, 0.6476030138606867492, 0.6476030138606867492, 0.8047378541243640493),
 ( 0.8047378541243640493, 0.6476030138606867492, 0.6476030138606867492, 0.8047378541243640493),
 ( 1.000000000000000000, 0.8047378541243647154, 0.8047378541243647154, 1.000000000000000000) ) ) 
 REPRESENTATION_ITEM ( '' )  SURFACE ( )  );
#5101 = EDGE_LOOP ( 'NONE', ( #8825, #9896, #4357, #8516 ) ) ;
#5102 = LINE ( 'NONE', #7977, #7386 ) ;
#5103 = AXIS2_PLACEMENT_3D ( 'NONE', #8940, #1534, #473 ) ;
#5104 = CARTESIAN_POINT ( 'NONE',  ( -1.649999999999999911, 5.787332622142050909, -0.3750000000000000000 ) ) ;
#5105 = ORIENTED_EDGE ( 'NONE', *, *, #4989, .F. ) ;
#5106 = FACE_OUTER_BOUND ( 'NONE', #4046, .T. ) ;
#5107 = DIRECTION ( 'NONE',  ( 0.7071067811865489050, -0.7071067811865462405, 0.0000000000000000000 ) ) ;
#5108 = CARTESIAN_POINT ( 'NONE',  ( -1.928578643762690614, 0.8499999999999999778, 1.304999999999999716 ) ) ;
#5109 = FACE_OUTER_BOUND ( 'NONE', #5624, .T. ) ;
#5110 =( GEOMETRIC_REPRESENTATION_CONTEXT ( 3 ) GLOBAL_UNCERTAINTY_ASSIGNED_CONTEXT ( ( #3520 ) ) GLOBAL_UNIT_ASSIGNED_CONTEXT ( ( #6218, #11865, #3196 ) ) REPRESENTATION_CONTEXT ( 'NONE', 'WORKASPACE' ) );
#5111 = CARTESIAN_POINT ( 'NONE',  ( -2.890000000000000124, 1.050000000000000044, 2.284999999999999698 ) ) ;
#5112 = EDGE_LOOP ( 'NONE', ( #8317, #9856, #559, #7333 ) ) ;
#5113 = FACE_OUTER_BOUND ( 'NONE', #3425, .T. ) ;
#5114 = ORIENTED_EDGE ( 'NONE', *, *, #11848, .F. ) ;
#5115 = ORIENTED_EDGE ( 'NONE', *, *, #9552, .F. ) ;
#5116 = CLOSED_SHELL ( 'NONE', ( #1052, #3221, #371, #4647, #3310, #1120 ) ) ;
#5117 = DIRECTION ( 'NONE',  ( -0.0000000000000000000, -0.0000000000000000000, -1.000000000000000000 ) ) ;
#5118 = ADVANCED_FACE ( 'NONE', ( #10803 ), #9756, .T. ) ;
#5119 = ORIENTED_EDGE ( 'NONE', *, *, #4464, .T. ) ;
#5120 = DIRECTION ( 'NONE',  ( -0.0000000000000000000, 0.0000000000000000000, 1.000000000000000000 ) ) ;
#5121 = CARTESIAN_POINT ( 'NONE',  ( 4.469999999999999751, 7.299999999999999822, -0.3549999999999997047 ) ) ;
#5122 = DIRECTION ( 'NONE',  ( -1.000000000000000000, 0.0000000000000000000, -0.0000000000000000000 ) ) ;
#5123 = VECTOR ( 'NONE', #1141, 1000.000000000000000 ) ;
#5124 = CARTESIAN_POINT ( 'NONE',  ( -4.469999999999999751, 1.900000000000001465, 1.604999999999999760 ) ) ;
#5125 = ORIENTED_EDGE ( 'NONE', *, *, #1844, .T. ) ;
#5126 = LINE ( 'NONE', #9132, #9571 ) ;
#5127 = FACE_OUTER_BOUND ( 'NONE', #12269, .T. ) ;
#5128 = DIRECTION ( 'NONE',  ( 0.0000000000000000000, -0.7071067811865444641, 0.7071067811865505703 ) ) ;
#5129 = ORIENTED_EDGE ( 'NONE', *, *, #3298, .F. ) ;
#5130 = ORIENTED_EDGE ( 'NONE', *, *, #5228, .F. ) ;
#5131 = CARTESIAN_POINT ( 'NONE',  ( -1.050446608846517860, 1.999999999999999556, -1.505000000000002780 ) ) ;
#5132 = VECTOR ( 'NONE', #2007, 1000.000000000000000 ) ;
#5133 = ORIENTED_EDGE ( 'NONE', *, *, #5937, .F. ) ;
#5134 = CARTESIAN_POINT ( 'NONE',  ( 3.219999999999999751, 0.1000000000000000056, 1.504999999999999449 ) ) ;
#5135 = EDGE_CURVE ( 'NONE', #3534, #1366, #4948, .T. ) ;
#5136 = DIRECTION ( 'NONE',  ( 0.0000000000000000000, 0.0000000000000000000, 1.000000000000000000 ) ) ;
#5137 = ORIENTED_EDGE ( 'NONE', *, *, #8678, .F. ) ;
#5138 = CARTESIAN_POINT ( 'NONE',  ( -4.169999999999999929, 3.700000000000000178, 0.0000000000000000000 ) ) ;
#5139 = CARTESIAN_POINT ( 'NONE',  ( -4.069999999999999396, 1.349999999999999867, 1.504999999999999227 ) ) ;
#5140 = CARTESIAN_POINT ( 'NONE',  ( -2.750000000000000888, 0.4000000000000003553, 1.604999999999999760 ) ) ;
#5141 = CARTESIAN_POINT ( 'NONE',  ( 3.219999999999999751, 0.0000000000000000000, -1.305000000000001048 ) ) ;
#5142 = CIRCLE ( 'NONE', #7530, 0.9500000000000002887 ) ;
#5143 = ORIENTED_EDGE ( 'NONE', *, *, #2770, .F. ) ;
#5144 = ORIENTED_EDGE ( 'NONE', *, *, #883, .T. ) ;
#5145 = EDGE_CURVE ( 'NONE', #1215, #7137, #9072, .T. ) ;
#5146 = DIRECTION ( 'NONE',  ( 1.000000000000000000, 0.0000000000000000000, 0.0000000000000000000 ) ) ;
#5147 = DIRECTION ( 'NONE',  ( -0.0000000000000000000, -0.0000000000000000000, 1.000000000000000000 ) ) ;
#5148 = UNCERTAINTY_MEASURE_WITH_UNIT (LENGTH_MEASURE( 1.000000000000000082E-05 ), #5217, 'distance_accuracy_value', 'NONE');
#5149 = CARTESIAN_POINT ( 'NONE',  ( 0.09999999999999971412, 0.4000000000000002998, 1.604999999999999760 ) ) ;
#5150 = EDGE_CURVE ( 'NONE', #7266, #6312, #5682, .T. ) ;
#5151 = EDGE_CURVE ( 'NONE', #6863, #2726, #287, .T. ) ;
#5152 = COLOUR_RGB ( '',0.9686274509803921573, 0.8784313725490195957, 0.5999999999999999778 ) ;
#5153 = CARTESIAN_POINT ( 'NONE',  ( 3.219999999999999751, 0.1000000000000000056, -1.305000000000001048 ) ) ;
#5154 = ORIENTED_EDGE ( 'NONE', *, *, #10540, .F. ) ;
#5155 = CARTESIAN_POINT ( 'NONE',  ( 0.0000000000000000000, 0.4000000000000004663, 1.304999999999999494 ) ) ;
#5156 = CARTESIAN_POINT ( 'NONE',  ( 1.149999999999999911, 5.787332622142043803, 0.3750000000000000000 ) ) ;
#5157 = VERTEX_POINT ( 'NONE', #5009 ) ;
#5158 = DIRECTION ( 'NONE',  ( -1.000000000000000000, -0.0000000000000000000, -0.0000000000000000000 ) ) ;
#5159 = SURFACE_SIDE_STYLE ('',( #4240 ) ) ;
#5160 = APPLICATION_PROTOCOL_DEFINITION ( 'draft international standard', 'automotive_design', 1998, #6162 ) ;
#5161 = FACE_OUTER_BOUND ( 'NONE', #4217, .T. ) ;
#5162 = DIRECTION ( 'NONE',  ( 6.123233995736793153E-17, 0.8660254037844373753, -0.5000000000000022204 ) ) ;
#5163 = ORIENTED_EDGE ( 'NONE', *, *, #12254, .T. ) ;
#5164 = CARTESIAN_POINT ( 'NONE',  ( -4.069999999999999396, 4.065758146820641628E-17, -0.3550000000000002598 ) ) ;
#5165 = VECTOR ( 'NONE', #11288, 1000.000000000000000 ) ;
#5166 = ORIENTED_EDGE ( 'NONE', *, *, #3075, .T. ) ;
#5167 = EDGE_CURVE ( 'NONE', #2332, #11827, #1300, .T. ) ;
#5168 = CARTESIAN_POINT ( 'NONE',  ( 1.987157287525381122, 0.7499999999999997780, 1.604999999999999316 ) ) ;
#5169 = EDGE_CURVE ( 'NONE', #907, #773, #9848, .T. ) ;
#5170 = DIRECTION ( 'NONE',  ( 0.0000000000000000000, -1.000000000000000000, -0.0000000000000000000 ) ) ;
#5171 = VERTEX_POINT ( 'NONE', #11785 ) ;
#5172 = CARTESIAN_POINT ( 'NONE',  ( -0.09999999999999939493, 7.299999999999999822, 1.604999999999999760 ) ) ;
#5173 = DIRECTION ( 'NONE',  ( 0.0000000000000000000, -1.000000000000000000, -0.0000000000000000000 ) ) ;
#5174 = AXIS2_PLACEMENT_3D ( 'NONE', #2339, #6148, #9935 ) ;
#5175 = ORIENTED_EDGE ( 'NONE', *, *, #7312, .F. ) ;
#5176 = AXIS2_PLACEMENT_3D ( 'NONE', #8198, #11981, #2524 ) ;
#5177 = DIRECTION ( 'NONE',  ( 0.0000000000000000000, 0.0000000000000000000, 1.000000000000000000 ) ) ;
#5178 = ORIENTED_EDGE ( 'NONE', *, *, #5045, .F. ) ;
#5179 = EDGE_CURVE ( 'NONE', #12236, #298, #2215, .T. ) ;
#5180 = ORIENTED_EDGE ( 'NONE', *, *, #5750, .T. ) ;
#5181 = ORIENTED_EDGE ( 'NONE', *, *, #9682, .F. ) ;
#5182 = PLANE ( 'NONE',  #5377 ) ;
#5183 = VECTOR ( 'NONE', #591, 1000.000000000000000 ) ;
#5184 = CARTESIAN_POINT ( 'NONE',  ( 4.169999999999999929, 1.899999999999999911, -0.3549999999999997047 ) ) ;
#5185 = ORIENTED_EDGE ( 'NONE', *, *, #6890, .T. ) ;
#5186 = DIRECTION ( 'NONE',  ( 0.0000000000000000000, 0.0000000000000000000, 1.000000000000000000 ) ) ;
#5187 = PLANE ( 'NONE',  #9536 ) ;
#5188 = CIRCLE ( 'NONE', #4610, 0.1250000000000000000 ) ;
#5189 = DIRECTION ( 'NONE',  ( 1.000000000000000000, 0.0000000000000000000, 0.0000000000000000000 ) ) ;
#5190 = ORIENTED_EDGE ( 'NONE', *, *, #2573, .T. ) ;
#5191 = CARTESIAN_POINT ( 'NONE',  ( 1.969999999999999973, 5.225000000000000533, 0.1250000000000000000 ) ) ;
#5192 = DIRECTION ( 'NONE',  ( 1.000000000000000000, 0.0000000000000000000, 0.0000000000000000000 ) ) ;
#5193 = CARTESIAN_POINT ( 'NONE',  ( 0.0000000000000000000, 6.500000000000000888, -0.2499999999999989175 ) ) ;
#5194 = VERTEX_POINT ( 'NONE', #7882 ) ;
#5195 = EDGE_CURVE ( 'NONE', #6338, #9757, #3324, .T. ) ;
#5196 = AXIS2_PLACEMENT_3D ( 'NONE', #758, #12001, #10275 ) ;
#5197 = VERTEX_POINT ( 'NONE', #7815 ) ;
#5198 = PLANE ( 'NONE',  #9373 ) ;
#5199 = ORIENTED_EDGE ( 'NONE', *, *, #6169, .F. ) ;
#5200 = CARTESIAN_POINT ( 'NONE',  ( 4.070000000000000284, 2.000000000000000000, -0.8529184719828699635 ) ) ;
#5201 = DIRECTION ( 'NONE',  ( 1.000000000000000000, 0.0000000000000000000, 0.0000000000000000000 ) ) ;
#5202 = ORIENTED_EDGE ( 'NONE', *, *, #9492, .F. ) ;
#5203 = FACE_OUTER_BOUND ( 'NONE', #5063, .T. ) ;
#5204 = FILL_AREA_STYLE ('',( #8956 ) ) ;
#5205 = CARTESIAN_POINT ( 'NONE',  ( -4.169999999999999929, 1.250000000000000000, 1.504999999999999227 ) ) ;
#5206 = DIRECTION ( 'NONE',  ( -0.0000000000000000000, 0.0000000000000000000, 1.000000000000000000 ) ) ;
#5207 = VECTOR ( 'NONE', #12069, 1000.000000000000000 ) ;
#5208 = EDGE_LOOP ( 'NONE', ( #4988, #2942, #7464, #10497 ) ) ;
#5209 = ADVANCED_FACE ( 'NONE', ( #4151 ), #6882, .F. ) ;
#5210 = EDGE_CURVE ( 'NONE', #9840, #3828, #7069, .T. ) ;
#5211 = ORIENTED_EDGE ( 'NONE', *, *, #5092, .F. ) ;
#5212 = CARTESIAN_POINT ( 'NONE',  ( -1.350000000000000089, 5.787332622142050909, 0.3750000000000000000 ) ) ;
#5213 =( GEOMETRIC_REPRESENTATION_CONTEXT ( 3 ) GLOBAL_UNCERTAINTY_ASSIGNED_CONTEXT ( ( #7145 ) ) GLOBAL_UNIT_ASSIGNED_CONTEXT ( ( #5302, #2439, #2553 ) ) REPRESENTATION_CONTEXT ( 'NONE', 'WORKASPACE' ) );
#5214 = CARTESIAN_POINT ( 'NONE',  ( 0.0000000000000000000, 0.0000000000000000000, 1.604999999999999760 ) ) ;
#5215 = LINE ( 'NONE', #9031, #8852 ) ;
#5216 = ORIENTED_EDGE ( 'NONE', *, *, #10098, .F. ) ;
#5217 =( LENGTH_UNIT ( ) NAMED_UNIT ( * ) SI_UNIT ( .MILLI., .METRE. ) );
#5218 = ORIENTED_EDGE ( 'NONE', *, *, #4085, .F. ) ;
#5219 = CARTESIAN_POINT ( 'NONE',  ( -4.471000000000000973, 4.299999999999999822, 1.904999999999999361 ) ) ;
#5220 = CARTESIAN_POINT ( 'NONE',  ( -2.050446608846517638, 1.999999999999999112, 1.505000000000000338 ) ) ;
#5221 = EDGE_CURVE ( 'NONE', #6863, #4035, #8375, .T. ) ;
#5222 = STYLED_ITEM ( 'NONE', ( #3207 ), #3626 ) ;
#5223 = CARTESIAN_POINT ( 'NONE',  ( 1.050446608846517860, 2.499999999999999556, 2.595000000000000195 ) ) ;
#5224 = DIRECTION ( 'NONE',  ( -1.000000000000000000, 0.0000000000000000000, -0.0000000000000000000 ) ) ;
#5225 = ORIENTED_EDGE ( 'NONE', *, *, #7190, .F. ) ;
#5226 = ADVANCED_FACE ( 'NONE', ( #2577 ), #2459, .T. ) ;
#5227 = PLANE ( 'NONE',  #11939 ) ;
#5228 = EDGE_CURVE ( 'NONE', #1833, #10671, #5445, .T. ) ;
#5229 = ORIENTED_EDGE ( 'NONE', *, *, #6175, .T. ) ;
#5230 = AXIS2_PLACEMENT_3D ( 'NONE', #12233, #2705, #5577 ) ;
#5231 = CARTESIAN_POINT ( 'NONE',  ( -1.969999999999999085, 0.9500000000000002887, 1.504999999999999449 ) ) ;
#5232 = ORIENTED_EDGE ( 'NONE', *, *, #55, .F. ) ;
#5233 = DIRECTION ( 'NONE',  ( 0.0000000000000000000, 1.000000000000000000, 0.0000000000000000000 ) ) ;
#5234 = LINE ( 'NONE', #11205, #5207 ) ;
#5235 = SURFACE_STYLE_FILL_AREA ( #2551 ) ;
#5236 = DIRECTION ( 'NONE',  ( 0.0000000000000000000, -0.0000000000000000000, -1.000000000000000000 ) ) ;
#5237 = ORIENTED_EDGE ( 'NONE', *, *, #6293, .T. ) ;
#5238 = VERTEX_POINT ( 'NONE', #7380 ) ;
#5239 = DIRECTION ( 'NONE',  ( 0.0000000000000000000, -1.000000000000000000, 0.0000000000000000000 ) ) ;
#5240 = DIRECTION ( 'NONE',  ( 1.000000000000000000, -0.0000000000000000000, 0.0000000000000000000 ) ) ;
#5241 = ORIENTED_EDGE ( 'NONE', *, *, #794, .T. ) ;
#5242 = LINE ( 'NONE', #2446, #1816 ) ;
#5243 = DIRECTION ( 'NONE',  ( 1.000000000000000000, 0.0000000000000000000, 0.0000000000000000000 ) ) ;
#5244 = VECTOR ( 'NONE', #9407, 1000.000000000000000 ) ;
#5245 = LINE ( 'NONE', #10045, #4870 ) ;
#5246 = ORIENTED_EDGE ( 'NONE', *, *, #10409, .T. ) ;
#5247 = LINE ( 'NONE', #1351, #952 ) ;
#5248 = ADVANCED_FACE ( 'NONE', ( #2519 ), #599, .T. ) ;
#5249 = CARTESIAN_POINT ( 'NONE',  ( 1.899999999999999689, 0.4000000000000003553, 1.304999999999999494 ) ) ;
#5250 = DIRECTION ( 'NONE',  ( 0.0000000000000000000, 1.000000000000000000, 0.0000000000000000000 ) ) ;
#5251 = DIRECTION ( 'NONE',  ( 0.0000000000000000000, 0.0000000000000000000, 1.000000000000000000 ) ) ;
#5252 = ORIENTED_EDGE ( 'NONE', *, *, #4961, .T. ) ;
#5253 = EDGE_CURVE ( 'NONE', #5171, #6362, #549, .T. ) ;
#5254 = CARTESIAN_POINT ( 'NONE',  ( 3.219999999999999751, -7.415971530979564484E-17, -1.263578643762691689 ) ) ;
#5255 = DIRECTION ( 'NONE',  ( 1.000000000000000000, 0.0000000000000000000, 0.0000000000000000000 ) ) ;
#5256 = ORIENTED_EDGE ( 'NONE', *, *, #519, .F. ) ;
#5257 = VECTOR ( 'NONE', #2760, 1000.000000000000000 ) ;
#5258 = CIRCLE ( 'NONE', #7455, 0.1499999999999999667 ) ;
#5259 = VERTEX_POINT ( 'NONE', #4399 ) ;
#5260 = DIRECTION ( 'NONE',  ( -0.0000000000000000000, -0.0000000000000000000, -1.000000000000000000 ) ) ;
#5261 = ORIENTED_EDGE ( 'NONE', *, *, #12303, .F. ) ;
#5262 = CARTESIAN_POINT ( 'NONE',  ( 0.0000000000000000000, 0.0000000000000000000, 1.304999999999999494 ) ) ;
#5263 = CARTESIAN_POINT ( 'NONE',  ( -4.069999999999999396, 1.899999999999999911, -0.3550000000000001488 ) ) ;
#5264 = ORIENTED_EDGE ( 'NONE', *, *, #8984, .T. ) ;
#5265 = VECTOR ( 'NONE', #11269, 1000.000000000000000 ) ;
#5266 = AXIS2_PLACEMENT_3D ( 'NONE', #11336, #5686, #10403 ) ;
#5267 = CARTESIAN_POINT ( 'NONE',  ( -3.219999999999999751, 1.349999999999999645, 1.405000000000000027 ) ) ;
#5268 = FACE_OUTER_BOUND ( 'NONE', #4895, .T. ) ;
#5269 = CIRCLE ( 'NONE', #8662, 0.2999999999999999334 ) ;
#5270 = ORIENTED_EDGE ( 'NONE', *, *, #11073, .T. ) ;
#5271 = LINE ( 'NONE', #8259, #11606 ) ;
#5272 =( LENGTH_UNIT ( ) NAMED_UNIT ( * ) SI_UNIT ( .MILLI., .METRE. ) );
#5273 = CARTESIAN_POINT ( 'NONE',  ( 1.000000000000000000, 5.787332622142043803, -0.3750000000000000000 ) ) ;
#5274 = EDGE_LOOP ( 'NONE', ( #10131, #9691, #8743, #8624 ) ) ;
#5275 = VERTEX_POINT ( 'NONE', #11976 ) ;
#5276 = ORIENTED_EDGE ( 'NONE', *, *, #11031, .T. ) ;
#5277 = DIRECTION ( 'NONE',  ( -1.000000000000000000, -0.0000000000000000000, 0.0000000000000000000 ) ) ;
#5278 = PRESENTATION_LAYER_ASSIGNMENT (  '', '', ( #1517 ) ) ;
#5279 =( GEOMETRIC_REPRESENTATION_CONTEXT ( 3 ) GLOBAL_UNCERTAINTY_ASSIGNED_CONTEXT ( ( #801 ) ) GLOBAL_UNIT_ASSIGNED_CONTEXT ( ( #7838, #3025, #6841 ) ) REPRESENTATION_CONTEXT ( 'NONE', 'WORKASPACE' ) );
#5280 = DIRECTION ( 'NONE',  ( 0.7071067811865513475, 0.0000000000000000000, -0.7071067811865436870 ) ) ;
#5281 = VECTOR ( 'NONE', #6715, 1000.000000000000000 ) ;
#5282 = PLANE ( 'NONE',  #6200 ) ;
#5283 = DIRECTION ( 'NONE',  ( -0.0000000000000000000, -0.0000000000000000000, -1.000000000000000000 ) ) ;
#5284 = ORIENTED_EDGE ( 'NONE', *, *, #9262, .T. ) ;
#5285 = EDGE_CURVE ( 'NONE', #4538, #2583, #4349, .T. ) ;
#5286 = EDGE_CURVE ( 'NONE', #8671, #3404, #4465, .T. ) ;
#5287 = ORIENTED_EDGE ( 'NONE', *, *, #10589, .T. ) ;
#5288 = CYLINDRICAL_SURFACE ( 'NONE', #1316, 0.1499999999999999667 ) ;
#5289 = CARTESIAN_POINT ( 'NONE',  ( 0.0000000000000000000, 6.500000000000000888, -0.1000000000000000056 ) ) ;
#5290 = AXIS2_PLACEMENT_3D ( 'NONE', #5138, #11222, #2693 ) ;
#5291 = VECTOR ( 'NONE', #9264, 1000.000000000000000 ) ;
#5292 = CARTESIAN_POINT ( 'NONE',  ( 4.169999999999999929, 1.350000000000000089, 0.1499999999999999944 ) ) ;
#5293 = CARTESIAN_POINT ( 'NONE',  ( -1.350000000000000089, 5.787332622142050909, -0.3750000000000000000 ) ) ;
#5294 = VERTEX_POINT ( 'NONE', #3382 ) ;
#5295 = FACE_OUTER_BOUND ( 'NONE', #10970, .T. ) ;
#5296 = EDGE_LOOP ( 'NONE', ( #12016, #9965, #10830, #7989 ) ) ;
#5297 = DIRECTION ( 'NONE',  ( 1.000000000000000000, 0.0000000000000000000, 0.0000000000000000000 ) ) ;
#5298 = ORIENTED_EDGE ( 'NONE', *, *, #829, .T. ) ;
#5299 = CARTESIAN_POINT ( 'NONE',  ( 1.889893295065268042, 1.352368927062183257, 1.304999999999999938 ) ) ;
#5300 = EDGE_CURVE ( 'NONE', #5647, #4201, #12039, .T. ) ;
#5301 = CARTESIAN_POINT ( 'NONE',  ( 0.6499999999999996891, 2.302902790585054760, -0.3750000000000000000 ) ) ;
#5302 =( LENGTH_UNIT ( ) NAMED_UNIT ( * ) SI_UNIT ( .MILLI., .METRE. ) );
#5303 = ORIENTED_EDGE ( 'NONE', *, *, #4407, .T. ) ;
#5304 = ORIENTED_EDGE ( 'NONE', *, *, #7076, .F. ) ;
#5305 = ADVANCED_FACE ( 'NONE', ( #6393 ), #10179, .F. ) ;
#5306 = FACE_OUTER_BOUND ( 'NONE', #2864, .T. ) ;
#5307 = AXIS2_PLACEMENT_3D ( 'NONE', #1717, #4525, #6378 ) ;
#5308 = EDGE_CURVE ( 'NONE', #9498, #7706, #8559, .T. ) ;
#5309 = ADVANCED_FACE ( 'NONE', ( #10420 ), #10478, .F. ) ;
#5310 = CARTESIAN_POINT ( 'NONE',  ( -2.149999999999999911, 2.302902790585058312, -0.3750000000000000000 ) ) ;
#5311 = VERTEX_POINT ( 'NONE', #11296 ) ;
#5312 = DIRECTION ( 'NONE',  ( 1.000000000000000000, 0.0000000000000000000, -0.0000000000000000000 ) ) ;
#5313 = CARTESIAN_POINT ( 'NONE',  ( 1.970000000000000417, 1.308578643762690286, 1.539314575050761302 ) ) ;
#5314 = DIRECTION ( 'NONE',  ( 0.0000000000000000000, -1.000000000000000000, -0.0000000000000000000 ) ) ;
#5315 = CARTESIAN_POINT ( 'NONE',  ( 4.469999999999999751, 1.049999999999999822, 1.604999999999999760 ) ) ;
#5316 = VERTEX_POINT ( 'NONE', #5757 ) ;
#5317 = CARTESIAN_POINT ( 'NONE',  ( 0.9504466088465189921, 7.299999999999999822, -1.605000000000000648 ) ) ;
#5318 = CARTESIAN_POINT ( 'NONE',  ( -1.099999999999999645, 0.0000000000000000000, 1.304999999999999494 ) ) ;
#5319 = VECTOR ( 'NONE', #10126, 1000.000000000000000 ) ;
#5320 = ORIENTED_EDGE ( 'NONE', *, *, #2781, .F. ) ;
#5321 = EDGE_CURVE ( 'NONE', #9782, #2469, #858, .T. ) ;
#5322 = CARTESIAN_POINT ( 'NONE',  ( 4.069999999999999396, 1.349999999999999645, 1.504999999999999449 ) ) ;
#5323 = CARTESIAN_POINT ( 'NONE',  ( -3.550000000000000266, 0.0000000000000000000, 1.504999999999999449 ) ) ;
#5324 = EDGE_CURVE ( 'NONE', #3702, #5860, #7689, .T. ) ;
#5325 = DIRECTION ( 'NONE',  ( 1.000000000000000000, 0.0000000000000000000, 0.0000000000000000000 ) ) ;
#5326 = EDGE_LOOP ( 'NONE', ( #7583, #10349, #3172, #5958 ) ) ;
#5327 = CLOSED_SHELL ( 'NONE', ( #6830, #8819, #6986, #3346, #6308, #4544 ) ) ;
#5328 = DIRECTION ( 'NONE',  ( 0.0000000000000000000, 0.0000000000000000000, 1.000000000000000000 ) ) ;
#5329 = VERTEX_POINT ( 'NONE', #921 ) ;
#5330 = VERTEX_POINT ( 'NONE', #3827 ) ;
#5331 = ORIENTED_EDGE ( 'NONE', *, *, #2189, .T. ) ;
#5332 = VERTEX_POINT ( 'NONE', #2757 ) ;
#5333 = CONICAL_SURFACE ( 'NONE', #6918, 0.2499999999166536979, 0.7853981636816653733 ) ;
#5334 = CARTESIAN_POINT ( 'NONE',  ( 2.640000000000000124, 1.050000000000000044, 1.604999999999999760 ) ) ;
#5335 = DIRECTION ( 'NONE',  ( 0.0000000000000000000, -1.000000000000000000, -0.0000000000000000000 ) ) ;
#5336 = FACE_OUTER_BOUND ( 'NONE', #10534, .T. ) ;
#5337 = CARTESIAN_POINT ( 'NONE',  ( -0.8999999999999999112, 0.4000000000000002998, 1.304999999999999494 ) ) ;
#5338 = EDGE_LOOP ( 'NONE', ( #853, #197, #264, #9681, #10901 ) ) ;
#5339 = CARTESIAN_POINT ( 'NONE',  ( 0.8999999999999999112, 0.0000000000000000000, 1.304999999999999494 ) ) ;
#5340 = ORIENTED_EDGE ( 'NONE', *, *, #6916, .T. ) ;
#5341 = VECTOR ( 'NONE', #2722, 1000.000000000000000 ) ;
#5342 = LINE ( 'NONE', #11071, #11421 ) ;
#5343 = AXIS2_PLACEMENT_3D ( 'NONE', #9838, #6229, #10697 ) ;
#5344 = DIRECTION ( 'NONE',  ( 0.0000000000000000000, -0.0000000000000000000, -1.000000000000000000 ) ) ;
#5345 = DIRECTION ( 'NONE',  ( 1.000000000000000000, -0.0000000000000000000, 0.0000000000000000000 ) ) ;
#5346 = FACE_OUTER_BOUND ( 'NONE', #11777, .T. ) ;
#5347 = VERTEX_POINT ( 'NONE', #9563 ) ;
#5348 = DIRECTION ( 'NONE',  ( 1.000000000000000000, -0.0000000000000000000, 0.0000000000000000000 ) ) ;
#5349 = EDGE_CURVE ( 'NONE', #2469, #3516, #9451, .T. ) ;
#5350 = FACE_OUTER_BOUND ( 'NONE', #12045, .T. ) ;
#5351 = EDGE_LOOP ( 'NONE', ( #11941, #1674, #9271, #1623 ) ) ;
#5352 =( LENGTH_UNIT ( ) NAMED_UNIT ( * ) SI_UNIT ( .MILLI., .METRE. ) );
#5353 = CARTESIAN_POINT ( 'NONE',  ( 2.014404444539215522, 1.450000000000000178, 1.304999999999999716 ) ) ;
#5354 = LINE ( 'NONE', #8160, #6850 ) ;
#5355 = DIRECTION ( 'NONE',  ( 0.0000000000000000000, 1.000000000000000000, 0.0000000000000000000 ) ) ;
#5356 = CARTESIAN_POINT ( 'NONE',  ( -1.099999999999999867, -0.5999999999999995337, 1.304999999999999494 ) ) ;
#5357 = PLANE ( 'NONE',  #2700 ) ;
#5358 = VECTOR ( 'NONE', #12044, 1000.000000000000000 ) ;
#5359 = EDGE_LOOP ( 'NONE', ( #4368, #8258, #6150, #3164 ) ) ;
#5360 = DIRECTION ( 'NONE',  ( 0.0000000000000000000, 0.0000000000000000000, 1.000000000000000000 ) ) ;
#5361 = CARTESIAN_POINT ( 'NONE',  ( 3.219999999999999751, 5.350000000000000533, 1.304999999999999716 ) ) ;
#5362 = VERTEX_POINT ( 'NONE', #8623 ) ;
#5363 = EDGE_CURVE ( 'NONE', #10557, #2667, #89, .T. ) ;
#5364 = ADVANCED_FACE ( 'NONE', ( #9688 ), #2142, .F. ) ;
#5365 = CARTESIAN_POINT ( 'NONE',  ( 3.040000000039781547, 1.050000000000000044, 2.284999999915271474 ) ) ;
#5366 = AXIS2_PLACEMENT_3D ( 'NONE', #3182, #5070, #1237 ) ;
#5367 = CARTESIAN_POINT ( 'NONE',  ( 2.250000000000000888, 6.500000000000000888, 0.1000000000000000056 ) ) ;
#5368 = LINE ( 'NONE', #1463, #9842 ) ;
#5369 = ORIENTED_EDGE ( 'NONE', *, *, #912, .T. ) ;
#5370 = CARTESIAN_POINT ( 'NONE',  ( -1.870000000000000107, 0.7500000000000000000, 1.604999999999999760 ) ) ;
#5371 = VECTOR ( 'NONE', #1849, 1000.000000000000000 ) ;
#5372 =( LENGTH_UNIT ( ) NAMED_UNIT ( * ) SI_UNIT ( .MILLI., .METRE. ) );
#5373 = CARTESIAN_POINT ( 'NONE',  ( 0.0000000000000000000, 6.500000000000000888, -0.2499999999999989175 ) ) ;
#5374 = EDGE_CURVE ( 'NONE', #8385, #215, #3052, .T. ) ;
#5375 = ORIENTED_EDGE ( 'NONE', *, *, #7577, .F. ) ;
#5376 = CARTESIAN_POINT ( 'NONE',  ( 4.170000000000001705, 0.04142135623730947014, -0.9114971157455600270 ) ) ;
#5377 = AXIS2_PLACEMENT_3D ( 'NONE', #8746, #3046, #11831 ) ;
#5378 = ADVANCED_FACE ( 'NONE', ( #3171 ), #6867, .F. ) ;
#5379 = EDGE_CURVE ( 'NONE', #7875, #10965, #9279, .T. ) ;
#5380 = ORIENTED_EDGE ( 'NONE', *, *, #6878, .T. ) ;
#5381 = VECTOR ( 'NONE', #6874, 1000.000000000000000 ) ;
#5382 = DIRECTION ( 'NONE',  ( -0.0000000000000000000, -1.000000000000000000, 0.0000000000000000000 ) ) ;
#5383 = CARTESIAN_POINT ( 'NONE',  ( -0.09999999999999971412, -0.5999999999999995337, 1.604999999999999760 ) ) ;
#5384 = EDGE_LOOP ( 'NONE', ( #8634, #8202, #8224, #5588, #6186 ) ) ;
#5385 = CARTESIAN_POINT ( 'NONE',  ( 2.150000000000000355, -0.5999999999999993117, 1.604999999999999760 ) ) ;
#5386 = PLANE ( 'NONE',  #2643 ) ;
#5387 = ADVANCED_FACE ( 'NONE', ( #3236 ), #4270, .T. ) ;
#5388 = DIRECTION ( 'NONE',  ( -0.0000000000000000000, -0.0000000000000000000, -1.000000000000000000 ) ) ;
#5389 = VERTEX_POINT ( 'NONE', #10722 ) ;
#5390 = FILL_AREA_STYLE ('',( #10004 ) ) ;
#5391 = LINE ( 'NONE', #4541, #10721 ) ;
#5392 = ORIENTED_EDGE ( 'NONE', *, *, #8318, .F. ) ;
#5393 = EDGE_LOOP ( 'NONE', ( #8442, #4943, #8399, #6477 ) ) ;
#5394 = EDGE_CURVE ( 'NONE', #12046, #7443, #267, .T. ) ;
#5395 = ORIENTED_EDGE ( 'NONE', *, *, #5469, .F. ) ;
#5396 = CARTESIAN_POINT ( 'NONE',  ( -2.890000000000000124, 1.050000000000000044, 2.185000000110903784 ) ) ;
#5397 = AXIS2_PLACEMENT_3D ( 'NONE', #11517, #2989, #3826 ) ;
#5398 = FACE_OUTER_BOUND ( 'NONE', #954, .T. ) ;
#5399 = EDGE_LOOP ( 'NONE', ( #4327, #3264, #5762, #3362 ) ) ;
#5400 = CARTESIAN_POINT ( 'NONE',  ( -3.563032732177486395, 1.349999999999999867, 1.405000000000000249 ) ) ;
#5401 = ORIENTED_EDGE ( 'NONE', *, *, #10775, .F. ) ;
#5402 = DIRECTION ( 'NONE',  ( 0.0000000000000000000, 1.000000000000000000, 0.0000000000000000000 ) ) ;
#5403 = FACE_OUTER_BOUND ( 'NONE', #10662, .T. ) ;
#5404 = EDGE_CURVE ( 'NONE', #1568, #3341, #209, .T. ) ;
#5405 = VECTOR ( 'NONE', #11892, 1000.000000000000000 ) ;
#5406 = CARTESIAN_POINT ( 'NONE',  ( -1.899999999999999689, 0.4000000000000002998, 1.304999999999999494 ) ) ;
#5407 = FACE_OUTER_BOUND ( 'NONE', #6214, .T. ) ;
#5408 = VERTEX_POINT ( 'NONE', #10046 ) ;
#5409 = CARTESIAN_POINT ( 'NONE',  ( -1.869999999999999885, 1.249999999999999112, 1.304999999999999716 ) ) ;
#5410 = VERTEX_POINT ( 'NONE', #9987 ) ;
#5411 =( GEOMETRIC_REPRESENTATION_CONTEXT ( 3 ) GLOBAL_UNCERTAINTY_ASSIGNED_CONTEXT ( ( #8142 ) ) GLOBAL_UNIT_ASSIGNED_CONTEXT ( ( #6306, #4376, #9976 ) ) REPRESENTATION_CONTEXT ( 'NONE', 'WORKASPACE' ) );
#5412 = CARTESIAN_POINT ( 'NONE',  ( 1.599999999999999867, -0.5999999999999995337, 1.604999999999999760 ) ) ;
#5413 = ORIENTED_EDGE ( 'NONE', *, *, #9111, .T. ) ;
#5414 = CARTESIAN_POINT ( 'NONE',  ( 1.399999999999999689, -0.5999999999999995337, 1.304999999999999494 ) ) ;
#5415 = ORIENTED_EDGE ( 'NONE', *, *, #2205, .F. ) ;
#5416 = SURFACE_SIDE_STYLE ('',( #7346 ) ) ;
#5417 = VECTOR ( 'NONE', #6837, 1000.000000000000000 ) ;
#5418 = DIRECTION ( 'NONE',  ( -0.0000000000000000000, -1.000000000000000000, -0.0000000000000000000 ) ) ;
#5419 = ORIENTED_EDGE ( 'NONE', *, *, #4499, .F. ) ;
#5420 = PLANE ( 'NONE',  #10833 ) ;
#5421 = CARTESIAN_POINT ( 'NONE',  ( 1.967263992460111410, 1.430473785412436305, 1.304999999999999938 ) ) ;
#5422 = CARTESIAN_POINT ( 'NONE',  ( -4.169999999999999929, 1.250000000000000000, 0.9714414002968977391 ) ) ;
#5423 = FILL_AREA_STYLE_COLOUR ( '', #1452 ) ;
#5424 = SURFACE_SIDE_STYLE ('',( #10151 ) ) ;
#5425 = CARTESIAN_POINT ( 'NONE',  ( -2.949999999999999734, 0.4000000000000005218, 1.304999999999999494 ) ) ;
#5426 = ORIENTED_EDGE ( 'NONE', *, *, #2228, .F. ) ;
#5427 = FACE_OUTER_BOUND ( 'NONE', #7558, .T. ) ;
#5428 = FACE_OUTER_BOUND ( 'NONE', #1578, .T. ) ;
#5429 = ORIENTED_EDGE ( 'NONE', *, *, #10682, .T. ) ;
#5430 = AXIS2_PLACEMENT_3D ( 'NONE', #12103, #7508, #6570 ) ;
#5431 = PLANE ( 'NONE',  #2973 ) ;
#5432 = DIRECTION ( 'NONE',  ( 0.0000000000000000000, 0.0000000000000000000, 1.000000000000000000 ) ) ;
#5433 = ORIENTED_EDGE ( 'NONE', *, *, #1772, .T. ) ;
#5434 = LINE ( 'NONE', #9248, #12052 ) ;
#5435 = CIRCLE ( 'NONE', #7012, 0.2999999999999999334 ) ;
#5436 = ADVANCED_FACE ( 'NONE', ( #9246 ), #9127, .F. ) ;
#5437 = CARTESIAN_POINT ( 'NONE',  ( -1.150000000000000133, 5.787332622142050909, 0.3750000000000000000 ) ) ;
#5438 = ORIENTED_EDGE ( 'NONE', *, *, #2844, .T. ) ;
#5439 = DIRECTION ( 'NONE',  ( 0.0000000000000000000, -0.0000000000000000000, 1.000000000000000000 ) ) ;
#5440 = VERTEX_POINT ( 'NONE', #4452 ) ;
#5441 = ORIENTED_EDGE ( 'NONE', *, *, #11686, .F. ) ;
#5442 = AXIS2_PLACEMENT_3D ( 'NONE', #5936, #10468, #1028 ) ;
#5443 = DIRECTION ( 'NONE',  ( -1.000000000000000000, -0.0000000000000000000, -0.0000000000000000000 ) ) ;
#5444 = CARTESIAN_POINT ( 'NONE',  ( 4.169999999999999929, 5.100000000000000533, 2.295000000000000817 ) ) ;
#5445 = LINE ( 'NONE', #5383, #324 ) ;
#5446 = ORIENTED_EDGE ( 'NONE', *, *, #3700, .F. ) ;
#5447 = CARTESIAN_POINT ( 'NONE',  ( -4.021071092982407613, 0.0000000000000000000, -0.6406756692945178022 ) ) ;
#5448 = EDGE_CURVE ( 'NONE', #6137, #29, #3889, .T. ) ;
#5449 = EDGE_CURVE ( 'NONE', #1103, #11246, #779, .T. ) ;
#5450 = LINE ( 'NONE', #3053, #2474 ) ;
#5451 = EDGE_CURVE ( 'NONE', #9151, #3089, #3305, .T. ) ;
#5452 = CARTESIAN_POINT ( 'NONE',  ( 1.099999999999999867, 0.4000000000000003553, 1.304999999999999494 ) ) ;
#5453 = CARTESIAN_POINT ( 'NONE',  ( 3.219999999999999751, 1.999999999999999556, 1.263578643762690357 ) ) ;
#5454 = EDGE_LOOP ( 'NONE', ( #10952, #6742, #4323, #10082 ) ) ;
#5455 = CARTESIAN_POINT ( 'NONE',  ( 1.969999999999999973, 1.349999999999999867, 1.304999999999999716 ) ) ;
#5456 = AXIS2_PLACEMENT_3D ( 'NONE', #4742, #8534, #9302 ) ;
#5457 = AXIS2_PLACEMENT_3D ( 'NONE', #9945, #5388, #2409 ) ;
#5458 = ORIENTED_EDGE ( 'NONE', *, *, #188, .T. ) ;
#5459 = ORIENTED_EDGE ( 'NONE', *, *, #10639, .T. ) ;
#5460 = ORIENTED_EDGE ( 'NONE', *, *, #8150, .F. ) ;
#5461 = DIRECTION ( 'NONE',  ( 0.0000000000000000000, -0.0000000000000000000, -1.000000000000000000 ) ) ;
#5462 = ADVANCED_FACE ( 'NONE', ( #4335 ), #5490, .F. ) ;
#5463 = AXIS2_PLACEMENT_3D ( 'NONE', #1641, #10148, #4320 ) ;
#5464 = FACE_OUTER_BOUND ( 'NONE', #2394, .T. ) ;
#5465 = STYLED_ITEM ( 'NONE', ( #7643 ), #11890 ) ;
#5466 = VECTOR ( 'NONE', #266, 1000.000000000000000 ) ;
#5467 = EDGE_LOOP ( 'NONE', ( #6117, #9606, #9073, #3444, #12035 ) ) ;
#5468 = ADVANCED_FACE ( 'NONE', ( #11894 ), #2564, .F. ) ;
#5469 = EDGE_CURVE ( 'NONE', #1660, #11450, #10974, .T. ) ;
#5470 = DIRECTION ( 'NONE',  ( 1.000000000000000000, 0.0000000000000000000, 0.0000000000000000000 ) ) ;
#5471 = LINE ( 'NONE', #4605, #2867 ) ;
#5472 = DIRECTION ( 'NONE',  ( 0.0000000000000000000, -0.0000000000000000000, 1.000000000000000000 ) ) ;
#5473 = DIRECTION ( 'NONE',  ( 1.000000000000000000, 0.0000000000000000000, -0.0000000000000000000 ) ) ;
#5474 = DIRECTION ( 'NONE',  ( 0.0000000000000000000, 0.7071067811865430208, -0.7071067811865521247 ) ) ;
#5475 = DIRECTION ( 'NONE',  ( 0.0000000000000000000, 0.7071067811865474617, -0.7071067811865474617 ) ) ;
#5476 = VECTOR ( 'NONE', #2828, 1000.000000000000000 ) ;
#5477 = EDGE_LOOP ( 'NONE', ( #6181, #11260, #6286, #7310 ) ) ;
#5478 = VECTOR ( 'NONE', #2096, 1000.000000000000000 ) ;
#5479 = FACE_OUTER_BOUND ( 'NONE', #3822, .T. ) ;
#5480 = VECTOR ( 'NONE', #7729, 1000.000000000000000 ) ;
#5481 = DIRECTION ( 'NONE',  ( -1.000000000000000000, -0.0000000000000000000, 3.367087492191007655E-17 ) ) ;
#5482 = VERTEX_POINT ( 'NONE', #10163 ) ;
#5483 = CARTESIAN_POINT ( 'NONE',  ( -2.149999999999999911, 0.0000000000000000000, -0.3550000000000007039 ) ) ;
#5484 = ADVANCED_FACE ( 'NONE', ( #1715 ), #3366, .F. ) ;
#5485 = DIRECTION ( 'NONE',  ( 0.0000000000000000000, 0.0000000000000000000, 1.000000000000000000 ) ) ;
#5486 = ORIENTED_EDGE ( 'NONE', *, *, #7647, .T. ) ;
#5487 = VECTOR ( 'NONE', #11630, 1000.000000000000000 ) ;
#5488 = DIRECTION ( 'NONE',  ( 0.0000000000000000000, -1.000000000000000000, -0.0000000000000000000 ) ) ;
#5489 = CARTESIAN_POINT ( 'NONE',  ( -4.070000000000000284, 0.1000000000000000472, -0.3550000000000002598 ) ) ;
#5490 = CONICAL_SURFACE ( 'NONE', #115, 1.099999999994889288, 0.5235987756318971620 ) ;
#5491 = ADVANCED_FACE ( 'NONE', ( #7240 ), #11036, .T. ) ;
#5492 = LINE ( 'NONE', #11322, #1294 ) ;
#5493 = PLANE ( 'NONE',  #7043 ) ;
#5494 = SURFACE_STYLE_FILL_AREA ( #11087 ) ;
#5495 = FILL_AREA_STYLE_COLOUR ( '', #10834 ) ;
#5496 = ORIENTED_EDGE ( 'NONE', *, *, #3729, .T. ) ;
#5497 = DIRECTION ( 'NONE',  ( 1.000000000000000000, -0.0000000000000000000, 0.0000000000000000000 ) ) ;
#5498 = ORIENTED_EDGE ( 'NONE', *, *, #7561, .T. ) ;
#5499 = ORIENTED_EDGE ( 'NONE', *, *, #10998, .T. ) ;
#5500 = VECTOR ( 'NONE', #8725, 1000.000000000000000 ) ;
#5501 = DIRECTION ( 'NONE',  ( 0.0000000000000000000, 0.0000000000000000000, -1.000000000000000000 ) ) ;
#5502 = CARTESIAN_POINT ( 'NONE',  ( 1.399999999999999689, 0.4000000000000002998, 1.304999999999999494 ) ) ;
#5503 = CARTESIAN_POINT ( 'NONE',  ( 1.969999999999999973, 5.225000000000000533, 0.1250000000000000000 ) ) ;
#5504 = CARTESIAN_POINT ( 'NONE',  ( 0.6500000000000001332, 5.787332622142047356, 0.3750000000000000000 ) ) ;
#5505 = VERTEX_POINT ( 'NONE', #967 ) ;
#5506 = FACE_OUTER_BOUND ( 'NONE', #8611, .T. ) ;
#5507 = DIRECTION ( 'NONE',  ( -1.000000000000000000, -0.0000000000000000000, 0.0000000000000000000 ) ) ;
#5508 = ORIENTED_EDGE ( 'NONE', *, *, #5556, .F. ) ;
#5509 = CARTESIAN_POINT ( 'NONE',  ( -3.549999999999999822, 0.0000000000000000000, 1.304999999999999494 ) ) ;
#5510 = ORIENTED_EDGE ( 'NONE', *, *, #827, .T. ) ;
#5511 = VERTEX_POINT ( 'NONE', #8364 ) ;
#5512 = STYLED_ITEM ( 'NONE', ( #2860 ), #7569 ) ;
#5513 = ADVANCED_FACE ( 'NONE', ( #7431 ), #9497, .T. ) ;
#5514 = CARTESIAN_POINT ( 'NONE',  ( -0.09999999999999971412, 0.0000000000000000000, 1.304999999999999494 ) ) ;
#5515 = LINE ( 'NONE', #8311, #2014 ) ;
#5516 = PRESENTATION_LAYER_ASSIGNMENT (  '', '', ( #7907 ) ) ;
#5517 = CARTESIAN_POINT ( 'NONE',  ( 4.169999999999999929, 1.900000000000000133, 0.9114971157455594719 ) ) ;
#5518 = VERTEX_POINT ( 'NONE', #5562 ) ;
#5519 = CARTESIAN_POINT ( 'NONE',  ( 0.8499999999999998668, 5.787332622142043803, 0.3750000000000000000 ) ) ;
#5520 = CARTESIAN_POINT ( 'NONE',  ( 2.050446608846518082, 1.999999999999999556, -1.305000000000001048 ) ) ;
#5521 = DIRECTION ( 'NONE',  ( 0.0000000000000000000, -0.0000000000000000000, -1.000000000000000000 ) ) ;
#5522 = VERTEX_POINT ( 'NONE', #10519 ) ;
#5523 = VERTEX_POINT ( 'NONE', #9549 ) ;
#5524 = VERTEX_POINT ( 'NONE', #21 ) ;
#5525 = ADVANCED_FACE ( 'NONE', ( #6676 ), #12151, .F. ) ;
#5526 = CYLINDRICAL_SURFACE ( 'NONE', #4915, 0.1499999999999999667 ) ;
#5527 = UNCERTAINTY_MEASURE_WITH_UNIT (LENGTH_MEASURE( 1.000000000000000082E-05 ), #5897, 'distance_accuracy_value', 'NONE');
#5528 = LINE ( 'NONE', #5653, #10434 ) ;
#5529 = CARTESIAN_POINT ( 'NONE',  ( 1.969999999999999973, 1.249999999999999778, 1.504999999999999449 ) ) ;
#5530 = LINE ( 'NONE', #10382, #4444 ) ;
#5531 = FACE_OUTER_BOUND ( 'NONE', #11985, .T. ) ;
#5532 = CARTESIAN_POINT ( 'NONE',  ( 3.505675669294634034, 0.0000000000000000000, -1.156071092982327242 ) ) ;
#5533 = PLANE ( 'NONE',  #4573 ) ;
#5534 = VECTOR ( 'NONE', #6421, 1000.000000000000000 ) ;
#5535 = EDGE_CURVE ( 'NONE', #8432, #4183, #3280, .T. ) ;
#5536 = ORIENTED_EDGE ( 'NONE', *, *, #826, .T. ) ;
#5537 = DIRECTION ( 'NONE',  ( -0.0000000000000000000, -1.000000000000000000, 0.0000000000000000000 ) ) ;
#5538 = EDGE_CURVE ( 'NONE', #1607, #11488, #8489, .T. ) ;
#5539 = EDGE_CURVE ( 'NONE', #7479, #7129, #12211, .T. ) ;
#5540 = VERTEX_POINT ( 'NONE', #1940 ) ;
#5541 = CARTESIAN_POINT ( 'NONE',  ( -4.469999999999999751, 0.1000000000000002554, 1.604999999999999760 ) ) ;
#5542 = CIRCLE ( 'NONE', #7559, 0.1499999999999999667 ) ;
#5543 = AXIS2_PLACEMENT_3D ( 'NONE', #9716, #6844, #8479 ) ;
#5544 = ORIENTED_EDGE ( 'NONE', *, *, #10709, .T. ) ;
#5545 = CARTESIAN_POINT ( 'NONE',  ( -0.9504466088465185480, 7.299999999999999822, -1.605000000000000648 ) ) ;
#5546 = DIRECTION ( 'NONE',  ( -1.000000000000000000, 0.0000000000000000000, 0.0000000000000000000 ) ) ;
#5547 = DIRECTION ( 'NONE',  ( 0.0000000000000000000, 0.0000000000000000000, 1.000000000000000000 ) ) ;
#5548 = DIRECTION ( 'NONE',  ( -1.000000000000000000, 0.0000000000000000000, 0.0000000000000000000 ) ) ;
#5549 = LINE ( 'NONE', #6490, #10500 ) ;
#5550 = VERTEX_POINT ( 'NONE', #8548 ) ;
#5551 = CARTESIAN_POINT ( 'NONE',  ( 4.169999999999999929, 1.200000000000000178, 0.1499999999999999944 ) ) ;
#5552 = VERTEX_POINT ( 'NONE', #11283 ) ;
#5553 = STYLED_ITEM ( 'NONE', ( #8585 ), #1164 ) ;
#5554 = EDGE_LOOP ( 'NONE', ( #325, #6738, #5395, #9040 ) ) ;
#5555 = DIRECTION ( 'NONE',  ( 0.0000000000000000000, 1.000000000000000000, 0.0000000000000000000 ) ) ;
#5556 = EDGE_CURVE ( 'NONE', #11743, #4299, #12273, .T. ) ;
#5557 = EDGE_CURVE ( 'NONE', #10109, #7865, #2919, .T. ) ;
#5558 = LINE ( 'NONE', #11545, #1228 ) ;
#5559 = CARTESIAN_POINT ( 'NONE',  ( 2.000000000000000000, 2.302902790585044546, -0.3750000000000000000 ) ) ;
#5560 = LINE ( 'NONE', #9185, #2618 ) ;
#5561 = CARTESIAN_POINT ( 'NONE',  ( 1.050446608846517860, 2.499999999999999556, 2.595000000000000195 ) ) ;
#5562 = CARTESIAN_POINT ( 'NONE',  ( 4.169999999999999929, 1.050000000000000044, 0.1499999999999999944 ) ) ;
#5563 = ORIENTED_EDGE ( 'NONE', *, *, #6371, .F. ) ;
#5564 = DIRECTION ( 'NONE',  ( -1.000000000000000000, -0.0000000000000000000, -0.0000000000000000000 ) ) ;
#5565 = AXIS2_PLACEMENT_3D ( 'NONE', #9396, #8569, #1913 ) ;
#5566 = DIRECTION ( 'NONE',  ( 0.0000000000000000000, -0.0000000000000000000, -1.000000000000000000 ) ) ;
#5567 = DIRECTION ( 'NONE',  ( 0.0000000000000000000, -0.0000000000000000000, -1.000000000000000000 ) ) ;
#5568 = VERTEX_POINT ( 'NONE', #2802 ) ;
#5569 = EDGE_LOOP ( 'NONE', ( #4572, #10917, #5270, #116 ) ) ;
#5570 = ORIENTED_EDGE ( 'NONE', *, *, #12164, .T. ) ;
#5571 = AXIS2_PLACEMENT_3D ( 'NONE', #12018, #4262, #5177 ) ;
#5572 = LINE ( 'NONE', #12037, #4783 ) ;
#5573 = PLANE ( 'NONE',  #3183 ) ;
#5574 = ORIENTED_EDGE ( 'NONE', *, *, #10909, .F. ) ;
#5575 = CARTESIAN_POINT ( 'NONE',  ( -3.903726331572872521, -0.0000000000000000000, -0.8732503669085611708 ) ) ;
#5576 = DIRECTION ( 'NONE',  ( 0.0000000000000000000, 0.0000000000000000000, 1.000000000000000000 ) ) ;
#5577 = DIRECTION ( 'NONE',  ( 0.0000000000000000000, 0.7071067811865430208, -0.7071067811865521247 ) ) ;
#5578 = AXIS2_PLACEMENT_3D ( 'NONE', #3321, #11782, #9016 ) ;
#5579 = VERTEX_POINT ( 'NONE', #4577 ) ;
#5580 = EDGE_CURVE ( 'NONE', #3138, #9088, #3683, .T. ) ;
#5581 = CARTESIAN_POINT ( 'NONE',  ( -1.869999999999999885, 0.9500000000000000666, 1.504999999999999449 ) ) ;
#5582 = CARTESIAN_POINT ( 'NONE',  ( 1.969999999999999973, 0.8499999999999998668, 1.304999999999999494 ) ) ;
#5583 = ORIENTED_EDGE ( 'NONE', *, *, #6008, .T. ) ;
#5584 = CIRCLE ( 'NONE', #7170, 0.9500000000000002887 ) ;
#5585 = ORIENTED_EDGE ( 'NONE', *, *, #4007, .T. ) ;
#5586 = DIRECTION ( 'NONE',  ( 0.0000000000000000000, 0.0000000000000000000, 1.000000000000000000 ) ) ;
#5587 = COLOUR_RGB ( '',0.9686274509803921573, 0.8784313725490195957, 0.5999999999999999778 ) ;
#5588 = ORIENTED_EDGE ( 'NONE', *, *, #2576, .T. ) ;
#5589 = VECTOR ( 'NONE', #131, 1000.000000000000000 ) ;
#5590 = DIRECTION ( 'NONE',  ( -1.000000000000000000, 0.0000000000000000000, 0.0000000000000000000 ) ) ;
#5591 = FACE_OUTER_BOUND ( 'NONE', #9614, .T. ) ;
#5592 = ADVANCED_FACE ( 'NONE', ( #5623 ), #905, .T. ) ;
#5593 = EDGE_CURVE ( 'NONE', #10930, #5171, #11339, .T. ) ;
#5594 = DIRECTION ( 'NONE',  ( 0.0000000000000000000, 0.0000000000000000000, 1.000000000000000000 ) ) ;
#5595 = DIRECTION ( 'NONE',  ( 1.000000000000000000, 0.0000000000000000000, 0.0000000000000000000 ) ) ;
#5596 = DIRECTION ( 'NONE',  ( 1.000000000000000000, -0.0000000000000000000, 0.0000000000000000000 ) ) ;
#5597 = VECTOR ( 'NONE', #4150, 1000.000000000000000 ) ;
#5598 = CARTESIAN_POINT ( 'NONE',  ( -4.394049177309269535E-17, 2.499999999999999556, -1.305000000000001048 ) ) ;
#5599 = ORIENTED_EDGE ( 'NONE', *, *, #595, .T. ) ;
#5600 = AXIS2_PLACEMENT_3D ( 'NONE', #6646, #10599, #11845 ) ;
#5601 = DIRECTION ( 'NONE',  ( 0.0000000000000000000, -0.0000000000000000000, 1.000000000000000000 ) ) ;
#5602 = EDGE_LOOP ( 'NONE', ( #8220, #5959, #4799, #11977 ) ) ;
#5603 = EDGE_CURVE ( 'NONE', #10965, #2494, #11924, .T. ) ;
#5604 = VECTOR ( 'NONE', #3106, 1000.000000000000000 ) ;
#5605 = DIRECTION ( 'NONE',  ( -0.0000000000000000000, 0.0000000000000000000, 1.000000000000000000 ) ) ;
#5606 = CARTESIAN_POINT ( 'NONE',  ( 3.350000000000000977, 5.541421356237306028, 0.1000000000000000056 ) ) ;
#5607 = DIRECTION ( 'NONE',  ( 0.0000000000000000000, 0.0000000000000000000, 1.000000000000000000 ) ) ;
#5608 =( LENGTH_UNIT ( ) NAMED_UNIT ( * ) SI_UNIT ( .MILLI., .METRE. ) );
#5609 = ADVANCED_FACE ( 'NONE', ( #3870 ), #7673, .F. ) ;
#5610 = ADVANCED_FACE ( 'NONE', ( #5873 ), #8924, .F. ) ;
#5611 = DIRECTION ( 'NONE',  ( -0.0000000000000000000, 1.000000000000000000, 0.0000000000000000000 ) ) ;
#5612 = ADVANCED_FACE ( 'NONE', ( #1270 ), #2315, .T. ) ;
#5613 = DIRECTION ( 'NONE',  ( -1.000000000000000000, -0.0000000000000000000, -0.0000000000000000000 ) ) ;
#5614 = FACE_OUTER_BOUND ( 'NONE', #5072, .T. ) ;
#5615 = VERTEX_POINT ( 'NONE', #10648 ) ;
#5616 = DIRECTION ( 'NONE',  ( 1.000000000000000000, 0.0000000000000000000, -0.0000000000000000000 ) ) ;
#5617 = AXIS2_PLACEMENT_3D ( 'NONE', #6777, #125, #10566 ) ;
#5618 = ORIENTED_EDGE ( 'NONE', *, *, #8122, .T. ) ;
#5619 = EDGE_CURVE ( 'NONE', #9742, #11262, #10835, .T. ) ;
#5620 = CARTESIAN_POINT ( 'NONE',  ( -4.469999999999999751, 1.999999999999999556, 1.505000000000000338 ) ) ;
#5621 = CARTESIAN_POINT ( 'NONE',  ( 4.170000000000000817, 1.377210440567183003, 0.5683295391614655578 ) ) ;
#5622 = CARTESIAN_POINT ( 'NONE',  ( 0.3999999999999996891, -0.5999999999999995337, 1.604999999999999760 ) ) ;
#5623 = FACE_OUTER_BOUND ( 'NONE', #11297, .T. ) ;
#5624 = EDGE_LOOP ( 'NONE', ( #10464, #3628, #11409, #3577 ) ) ;
#5625 = AXIS2_PLACEMENT_3D ( 'NONE', #311, #5913, #9710 ) ;
#5626 = EDGE_CURVE ( 'NONE', #11852, #2479, #9726, .T. ) ;
#5627 = DIRECTION ( 'NONE',  ( -0.0000000000000000000, 1.000000000000000000, -0.0000000000000000000 ) ) ;
#5628 = CARTESIAN_POINT ( 'NONE',  ( -0.8500000000000005329, 2.302902790585058312, 0.3750000000000000000 ) ) ;
#5629 = ORIENTED_EDGE ( 'NONE', *, *, #10459, .T. ) ;
#5630 = CIRCLE ( 'NONE', #6245, 0.1000000000000000472 ) ;
#5631 = DIRECTION ( 'NONE',  ( 0.0000000000000000000, 1.000000000000000000, 0.0000000000000000000 ) ) ;
#5632 = VERTEX_POINT ( 'NONE', #5040 ) ;
#5633 = ORIENTED_EDGE ( 'NONE', *, *, #11082, .T. ) ;
#5634 = CARTESIAN_POINT ( 'NONE',  ( -4.169999999999999929, 1.899999999999999911, 0.3550000000000002598 ) ) ;
#5635 = EDGE_CURVE ( 'NONE', #1895, #7622, #1208, .T. ) ;
#5636 = DIRECTION ( 'NONE',  ( 0.0000000000000000000, 0.0000000000000000000, -1.000000000000000000 ) ) ;
#5637 = AXIS2_PLACEMENT_3D ( 'NONE', #6077, #11711, #9867 ) ;
#5638 = DIRECTION ( 'NONE',  ( -0.0000000000000000000, 0.0000000000000000000, 1.000000000000000000 ) ) ;
#5639 = ORIENTED_EDGE ( 'NONE', *, *, #5772, .T. ) ;
#5640 = CARTESIAN_POINT ( 'NONE',  ( 2.750000000000000888, -0.5999999999999993117, 1.304999999999999494 ) ) ;
#5641 = EDGE_CURVE ( 'NONE', #10816, #2472, #4289, .T. ) ;
#5642 = DIRECTION ( 'NONE',  ( 0.0000000000000000000, 0.0000000000000000000, -1.000000000000000000 ) ) ;
#5643 = VERTEX_POINT ( 'NONE', #7853 ) ;
#5644 = DIRECTION ( 'NONE',  ( 0.0000000000000000000, 0.0000000000000000000, 1.000000000000000000 ) ) ;
#5645 = CARTESIAN_POINT ( 'NONE',  ( 1.899999999999999689, -0.5999999999999995337, 1.304999999999999494 ) ) ;
#5646 = EDGE_LOOP ( 'NONE', ( #6836, #7678, #3617, #9199 ) ) ;
#5647 = VERTEX_POINT ( 'NONE', #3097 ) ;
#5648 = LINE ( 'NONE', #7757, #8510 ) ;
#5649 = CARTESIAN_POINT ( 'NONE',  ( -2.011421356237309332, 1.349999999999999423, 1.346421356237309519 ) ) ;
#5650 = EDGE_LOOP ( 'NONE', ( #9192, #3879, #6405, #609 ) ) ;
#5651 = COLOUR_RGB ( '',0.9686274509803921573, 0.8784313725490195957, 0.5999999999999999778 ) ;
#5652 = CARTESIAN_POINT ( 'NONE',  ( 0.5999999999999997558, -0.5999999999999995337, 1.304999999999999494 ) ) ;
#5653 = CARTESIAN_POINT ( 'NONE',  ( -2.949999999999999734, 0.4000000000000005218, 1.304999999999999494 ) ) ;
#5654 = DIRECTION ( 'NONE',  ( -1.000000000000000000, 0.0000000000000000000, -0.0000000000000000000 ) ) ;
#5655 = PLANE ( 'NONE',  #6250 ) ;
#5656 = CARTESIAN_POINT ( 'NONE',  ( 3.219999999999999751, 2.000000000000000000, 1.304999999999999716 ) ) ;
#5657 = CARTESIAN_POINT ( 'NONE',  ( -0.09999999999999950595, 0.4000000000000001887, 1.604999999999999760 ) ) ;
#5658 = ORIENTED_EDGE ( 'NONE', *, *, #3958, .T. ) ;
#5659 = CARTESIAN_POINT ( 'NONE',  ( 4.169999999999999929, 0.1000000000000000056, 1.504999999999999449 ) ) ;
#5660 = ORIENTED_EDGE ( 'NONE', *, *, #6360, .F. ) ;
#5661 = CIRCLE ( 'NONE', #899, 0.2500000000000002220 ) ;
#5662 = MECHANICAL_DESIGN_GEOMETRIC_PRESENTATION_REPRESENTATION (  '', ( #7655 ), #1688 ) ;
#5663 = VECTOR ( 'NONE', #5884, 1000.000000000000000 ) ;
#5664 = EDGE_CURVE ( 'NONE', #3807, #5737, #390, .T. ) ;
#5665 = LINE ( 'NONE', #11141, #11588 ) ;
#5666 = EDGE_LOOP ( 'NONE', ( #12079, #3852, #3439, #11847 ) ) ;
#5667 = DIRECTION ( 'NONE',  ( -1.000000000000000000, 0.0000000000000000000, 0.0000000000000000000 ) ) ;
#5668 = FACE_OUTER_BOUND ( 'NONE', #6535, .T. ) ;
#5669 = CARTESIAN_POINT ( 'NONE',  ( -1.599999999999999867, 0.0000000000000000000, 1.304999999999999494 ) ) ;
#5670 = CIRCLE ( 'NONE', #8856, 0.9500000000000002887 ) ;
#5671 = CIRCLE ( 'NONE', #302, 0.1499999999417557517 ) ;
#5672 =( NAMED_UNIT ( * ) SI_UNIT ( $, .STERADIAN. ) SOLID_ANGLE_UNIT ( ) );
#5673 = LINE ( 'NONE', #9486, #10450 ) ;
#5674 = AXIS2_PLACEMENT_3D ( 'NONE', #9422, #888, #5548 ) ;
#5675 = CARTESIAN_POINT ( 'NONE',  ( -3.219999999964718640, 499000.0000000000000, -288095.0246686598985 ) ) ;
#5676 = VECTOR ( 'NONE', #7985, 1000.000000000000114 ) ;
#5677 = ORIENTED_EDGE ( 'NONE', *, *, #1806, .F. ) ;
#5678 = CARTESIAN_POINT ( 'NONE',  ( -1.969999999999999973, 3.449999999999999734, 1.604999999999999760 ) ) ;
#5679 = VERTEX_POINT ( 'NONE', #6912 ) ;
#5680 = VERTEX_POINT ( 'NONE', #329 ) ;
#5681 = LINE ( 'NONE', #1263, #7323 ) ;
#5682 = CIRCLE ( 'NONE', #12021, 0.2999999999999999334 ) ;
#5683 = ADVANCED_FACE ( 'NONE', ( #4122 ), #11693, .T. ) ;
#5684 = ADVANCED_FACE ( 'NONE', ( #5109 ), #8675, .T. ) ;
#5685 = ORIENTED_EDGE ( 'NONE', *, *, #2831, .F. ) ;
#5686 = DIRECTION ( 'NONE',  ( 1.000000000000000000, -0.0000000000000000000, 0.0000000000000000000 ) ) ;
#5687 = CARTESIAN_POINT ( 'NONE',  ( -4.469999999999999751, 1.350000000000000089, 1.128071624551392021E-16 ) ) ;
#5688 = LINE ( 'NONE', #9496, #2491 ) ;
#5689 = CARTESIAN_POINT ( 'NONE',  ( 4.169999999373336763, 1.426178235579347975, 0.4647765319643497040 ) ) ;
#5690 = VERTEX_POINT ( 'NONE', #10088 ) ;
#5691 = CARTESIAN_POINT ( 'NONE',  ( -3.219999999999999751, 2.000000000000000000, -1.305000000000001048 ) ) ;
#5692 = CARTESIAN_POINT ( 'NONE',  ( -4.469999999999999751, 7.299999999999999822, -0.3549999999999991496 ) ) ;
#5693 = VERTEX_POINT ( 'NONE', #1582 ) ;
#5694 = VECTOR ( 'NONE', #1454, 1000.000000000000000 ) ;
#5695 = VECTOR ( 'NONE', #6612, 1000.000000000000000 ) ;
#5696 = DIRECTION ( 'NONE',  ( 0.0000000000000000000, -1.000000000000000000, 0.0000000000000000000 ) ) ;
#5697 = EDGE_CURVE ( 'NONE', #3227, #6020, #5354, .T. ) ;
#5698 = VERTEX_POINT ( 'NONE', #9172 ) ;
#5699 = EDGE_LOOP ( 'NONE', ( #2702, #6332, #11721, #263 ) ) ;
#5700 = LINE ( 'NONE', #9507, #1778 ) ;
#5701 = EDGE_CURVE ( 'NONE', #10864, #8037, #706, .T. ) ;
#5702 = EDGE_CURVE ( 'NONE', #1946, #8486, #12011, .T. ) ;
#5703 = FACE_OUTER_BOUND ( 'NONE', #4393, .T. ) ;
#5704 = DIRECTION ( 'NONE',  ( 0.0000000000000000000, 0.0000000000000000000, -1.000000000000000000 ) ) ;
#5705 = ORIENTED_EDGE ( 'NONE', *, *, #275, .T. ) ;
#5706 = CARTESIAN_POINT ( 'NONE',  ( 1.000000000000000000, 5.787332622142043803, 0.3750000000000000000 ) ) ;
#5707 = CARTESIAN_POINT ( 'NONE',  ( 2.350000000000000977, 6.400000000000000355, 0.3499999999999999223 ) ) ;
#5708 = ORIENTED_EDGE ( 'NONE', *, *, #7457, .T. ) ;
#5709 = DIRECTION ( 'NONE',  ( 0.0000000000000000000, -1.000000000000000000, 0.0000000000000000000 ) ) ;
#5710 = DIRECTION ( 'NONE',  ( 1.000000000000000000, 0.0000000000000000000, 0.0000000000000000000 ) ) ;
#5711 = FACE_OUTER_BOUND ( 'NONE', #2587, .T. ) ;
#5712 = VECTOR ( 'NONE', #10907, 1000.000000000000000 ) ;
#5713 = EDGE_CURVE ( 'NONE', #320, #7701, #3070, .T. ) ;
#5714 = VERTEX_POINT ( 'NONE', #3293 ) ;
#5715 = EDGE_CURVE ( 'NONE', #10406, #10804, #8228, .T. ) ;
#5716 = DIRECTION ( 'NONE',  ( 0.0000000000000000000, 1.000000000000000000, 0.0000000000000000000 ) ) ;
#5717 = CARTESIAN_POINT ( 'NONE',  ( -2.069999999999999840, 1.249999999999999112, 1.504999999999999449 ) ) ;
#5718 = ORIENTED_EDGE ( 'NONE', *, *, #11608, .T. ) ;
#5719 = VECTOR ( 'NONE', #9353, 1000.000000000000000 ) ;
#5720 = SURFACE_SIDE_STYLE ('',( #3902 ) ) ;
#5721 =( NAMED_UNIT ( * ) PLANE_ANGLE_UNIT ( ) SI_UNIT ( $, .RADIAN. ) );
#5722 = CARTESIAN_POINT ( 'NONE',  ( 2.949999999999999734, 0.4000000000000004663, 1.304999999999999494 ) ) ;
#5723 = CARTESIAN_POINT ( 'NONE',  ( 1.399999999999999689, 0.0000000000000000000, 1.304999999999999494 ) ) ;
#5724 = CARTESIAN_POINT ( 'NONE',  ( 4.005346727228320525, 0.0000000000000000000, -0.6804206103764652847 ) ) ;
#5725 = CARTESIAN_POINT ( 'NONE',  ( 1.750000000000000222, 6.500000000000000888, 0.1000000000000000056 ) ) ;
#5726 = ORIENTED_EDGE ( 'NONE', *, *, #2015, .T. ) ;
#5727 = VECTOR ( 'NONE', #5147, 1000.000000000000000 ) ;
#5728 = B_SPLINE_CURVE_WITH_KNOTS ( 'NONE', 3,
 ( #6585, #12119, #8462, #9348, #7587, #2777 ),
 .UNSPECIFIED., .F., .F.,
 ( 4, 2, 4 ),
 ( 0.0000000000000000000, 0.5000000000000000000, 1.000000000000000000 ),
 .UNSPECIFIED. ) ;
#5729 = CYLINDRICAL_SURFACE ( 'NONE', #6212, 0.1000000000000002554 ) ;
#5730 = CARTESIAN_POINT ( 'NONE',  ( 0.5999999999999998668, 0.0000000000000000000, -0.3550000000000007039 ) ) ;
#5731 = DIRECTION ( 'NONE',  ( 1.000000000000000000, 0.0000000000000000000, -0.0000000000000000000 ) ) ;
#5732 = CLOSED_SHELL ( 'NONE', ( #3549, #1575, #6668, #6879, #11471, #4315 ) ) ;
#5733 = LINE ( 'NONE', #955, #7877 ) ;
#5734 = VERTEX_POINT ( 'NONE', #3543 ) ;
#5735 = ORIENTED_EDGE ( 'NONE', *, *, #261, .T. ) ;
#5736 = EDGE_CURVE ( 'NONE', #399, #11822, #5661, .T. ) ;
#5737 = VERTEX_POINT ( 'NONE', #7228 ) ;
#5738 = ORIENTED_EDGE ( 'NONE', *, *, #5964, .F. ) ;
#5739 = AXIS2_PLACEMENT_3D ( 'NONE', #6166, #7143, #9950 ) ;
#5740 = VERTEX_POINT ( 'NONE', #5301 ) ;
#5741 = CARTESIAN_POINT ( 'NONE',  ( -2.150000000000000355, 7.299999999999999822, 1.604999999999999760 ) ) ;
#5742 = LINE ( 'NONE', #7615, #10044 ) ;
#5743 = CARTESIAN_POINT ( 'NONE',  ( 4.095946790291740136, 1.349999635427323375, 0.8810732918898589450 ) ) ;
#5744 = ORIENTED_EDGE ( 'NONE', *, *, #8888, .F. ) ;
#5745 = DIRECTION ( 'NONE',  ( -1.000000000000000000, -0.0000000000000000000, 0.0000000000000000000 ) ) ;
#5746 = LINE ( 'NONE', #5692, #12242 ) ;
#5747 = ORIENTED_EDGE ( 'NONE', *, *, #7221, .F. ) ;
#5748 = AXIS2_PLACEMENT_3D ( 'NONE', #6781, #7717, #10570 ) ;
#5749 = EDGE_CURVE ( 'NONE', #10274, #8772, #2438, .T. ) ;
#5750 = EDGE_CURVE ( 'NONE', #7694, #7701, #10513, .T. ) ;
#5751 = CARTESIAN_POINT ( 'NONE',  ( -2.150446608846515062, 2.599999999999996980, 1.604999999999999760 ) ) ;
#5752 = VERTEX_POINT ( 'NONE', #11819 ) ;
#5753 = ORIENTED_EDGE ( 'NONE', *, *, #5765, .F. ) ;
#5754 = CARTESIAN_POINT ( 'NONE',  ( 1.099999999999999867, 0.4000000000000002998, 1.604999999999999760 ) ) ;
#5755 = CARTESIAN_POINT ( 'NONE',  ( -1.599999999999999867, -0.5999999999999995337, 1.304999999999999494 ) ) ;
#5756 = LINE ( 'NONE', #1902, #7785 ) ;
#5757 = CARTESIAN_POINT ( 'NONE',  ( 3.250000000000001776, 4.999999999999995559, -0.09999999999999999167 ) ) ;
#5758 = ORIENTED_EDGE ( 'NONE', *, *, #1132, .T. ) ;
#5759 = DIRECTION ( 'NONE',  ( -1.000000000000000000, 0.0000000000000000000, -0.0000000000000000000 ) ) ;
#5760 = ADVANCED_FACE ( 'NONE', ( #2376 ), #7100, .T. ) ;
#5761 = CARTESIAN_POINT ( 'NONE',  ( -2.149999999999999911, 5.787332622142050909, -0.3750000000000000000 ) ) ;
#5762 = ORIENTED_EDGE ( 'NONE', *, *, #6767, .T. ) ;
#5763 = DIRECTION ( 'NONE',  ( 0.0000000000000000000, 0.0000000000000000000, 1.000000000000000000 ) ) ;
#5764 = DIRECTION ( 'NONE',  ( 0.0000000000000000000, 0.0000000000000000000, -1.000000000000000000 ) ) ;
#5765 = EDGE_CURVE ( 'NONE', #3320, #8093, #2855, .T. ) ;
#5766 = AXIS2_PLACEMENT_3D ( 'NONE', #348, #8754, #218 ) ;
#5767 = ORIENTED_EDGE ( 'NONE', *, *, #12114, .F. ) ;
#5768 = ORIENTED_EDGE ( 'NONE', *, *, #7441, .T. ) ;
#5769 = CARTESIAN_POINT ( 'NONE',  ( -3.549999999999999822, -0.5999999999999993117, 1.304999999999999494 ) ) ;
#5770 = CARTESIAN_POINT ( 'NONE',  ( 4.169999999999999929, 1.322541272202458318, 0.6380993913495909275 ) ) ;
#5771 = EDGE_LOOP ( 'NONE', ( #6665, #5036, #4105, #6799 ) ) ;
#5772 = EDGE_CURVE ( 'NONE', #5316, #1613, #4375, .T. ) ;
#5773 = VECTOR ( 'NONE', #3631, 1000.000000000000000 ) ;
#5774 = SURFACE_STYLE_USAGE ( .BOTH. , #11427 ) ;
#5775 = DIRECTION ( 'NONE',  ( 0.0000000000000000000, 0.0000000000000000000, -1.000000000000000000 ) ) ;
#5776 = CARTESIAN_POINT ( 'NONE',  ( 2.291421356237309581, 6.599999999999999645, 0.1000000000000000056 ) ) ;
#5777 = LINE ( 'NONE', #109, #2823 ) ;
#5778 = VECTOR ( 'NONE', #8883, 1000.000000000000000 ) ;
#5779 = DIRECTION ( 'NONE',  ( 0.0000000000000000000, -0.8660254037844373753, -0.5000000000000022204 ) ) ;
#5780 = LINE ( 'NONE', #5656, #5341 ) ;
#5781 = ORIENTED_EDGE ( 'NONE', *, *, #8633, .F. ) ;
#5782 = CARTESIAN_POINT ( 'NONE',  ( -4.469999999999999751, 2.599999999999999201, -1.605000000000000648 ) ) ;
#5783 = AXIS2_PLACEMENT_3D ( 'NONE', #8172, #1708, #7306 ) ;
#5784 = DIRECTION ( 'NONE',  ( 0.0000000000000000000, -0.0000000000000000000, -1.000000000000000000 ) ) ;
#5785 = CARTESIAN_POINT ( 'NONE',  ( 2.069999999999999840, 1.391421356237309226, 1.304999999999999716 ) ) ;
#5786 = EDGE_LOOP ( 'NONE', ( #11457, #5023, #3788, #9376 ) ) ;
#5787 = EDGE_CURVE ( 'NONE', #8121, #1402, #1302, .T. ) ;
#5788 = LINE ( 'NONE', #124, #7842 ) ;
#5789 = LINE ( 'NONE', #10629, #6226 ) ;
#5790 = DIRECTION ( 'NONE',  ( 0.0000000000000000000, 0.0000000000000000000, 1.000000000000000000 ) ) ;
#5791 = CARTESIAN_POINT ( 'NONE',  ( 1.969999999999999973, 3.449999999999999734, 1.304999999999999716 ) ) ;
#5792 = ORIENTED_EDGE ( 'NONE', *, *, #2016, .F. ) ;
#5793 = VECTOR ( 'NONE', #2849, 1000.000000000000000 ) ;
#5794 = DIRECTION ( 'NONE',  ( -0.0000000000000000000, 0.0000000000000000000, -1.000000000000000000 ) ) ;
#5795 = ORIENTED_EDGE ( 'NONE', *, *, #4618, .T. ) ;
#5796 = CARTESIAN_POINT ( 'NONE',  ( 0.0000000000000000000, 0.0000000000000000000, 1.604999999999999760 ) ) ;
#5797 = ORIENTED_EDGE ( 'NONE', *, *, #6387, .T. ) ;
#5798 = CARTESIAN_POINT ( 'NONE',  ( 3.219999999999999751, 0.0000000000000000000, 1.304999999999999494 ) ) ;
#5799 = CARTESIAN_POINT ( 'NONE',  ( 4.169999999999999929, 1.278856477087340071, 0.7555932156017771684 ) ) ;
#5800 = AXIS2_PLACEMENT_3D ( 'NONE', #5193, #5128, #4216 ) ;
#5801 = AXIS2_PLACEMENT_3D ( 'NONE', #4540, #5710, #7637 ) ;
#5802 = LINE ( 'NONE', #11759, #1321 ) ;
#5803 = CARTESIAN_POINT ( 'NONE',  ( -2.890000000000000124, 1.050000000000000044, 1.604999999999999760 ) ) ;
#5804 = ORIENTED_EDGE ( 'NONE', *, *, #11565, .F. ) ;
#5805 = LINE ( 'NONE', #76, #3302 ) ;
#5806 = CARTESIAN_POINT ( 'NONE',  ( 2.250000000000000888, 6.500000000000000888, 0.0000000000000000000 ) ) ;
#5807 = ORIENTED_EDGE ( 'NONE', *, *, #9177, .T. ) ;
#5808 = CARTESIAN_POINT ( 'NONE',  ( -1.969999999999999973, 1.308578643762689842, 1.539314575050761080 ) ) ;
#5809 = AXIS2_PLACEMENT_3D ( 'NONE', #4438, #3482, #517 ) ;
#5810 = DIRECTION ( 'NONE',  ( -1.000000000000000000, -0.0000000000000000000, -0.0000000000000000000 ) ) ;
#5811 = ORIENTED_EDGE ( 'NONE', *, *, #1329, .F. ) ;
#5812 = ORIENTED_EDGE ( 'NONE', *, *, #8965, .T. ) ;
#5813 = COLOUR_RGB ( '',0.9686274509803921573, 0.8784313725490195957, 0.5999999999999999778 ) ;
#5814 = ORIENTED_EDGE ( 'NONE', *, *, #10022, .T. ) ;
#5815 = LINE ( 'NONE', #745, #3553 ) ;
#5816 = CARTESIAN_POINT ( 'NONE',  ( 3.219999999999999751, 0.0000000000000000000, 1.504999999999999449 ) ) ;
#5817 = AXIS2_PLACEMENT_3D ( 'NONE', #2599, #10272, #1748 ) ;
#5818 = DIRECTION ( 'NONE',  ( -0.0000000000000000000, -0.0000000000000000000, 1.000000000000000000 ) ) ;
#5819 = EDGE_CURVE ( 'NONE', #1568, #11700, #10283, .T. ) ;
#5820 = CARTESIAN_POINT ( 'NONE',  ( -0.9504466088465202134, 7.299999999999999822, 1.604999999999999760 ) ) ;
#5821 = ORIENTED_EDGE ( 'NONE', *, *, #11388, .T. ) ;
#5822 = DIRECTION ( 'NONE',  ( 0.0000000000000000000, 0.0000000000000000000, -1.000000000000000000 ) ) ;
#5823 = PRESENTATION_LAYER_ASSIGNMENT (  '', '', ( #456 ) ) ;
#5824 = CARTESIAN_POINT ( 'NONE',  ( -1.050446608846517860, 2.499999999999999556, 2.595000000000000195 ) ) ;
#5825 = ORIENTED_EDGE ( 'NONE', *, *, #4085, .T. ) ;
#5826 = DIRECTION ( 'NONE',  ( -1.000000000000000000, 0.0000000000000000000, 0.0000000000000000000 ) ) ;
#5827 = CARTESIAN_POINT ( 'NONE',  ( 4.394049177309263988E-17, 7.040192378864668754, 1.304999999999999716 ) ) ;
#5828 = FACE_OUTER_BOUND ( 'NONE', #713, .T. ) ;
#5829 = ORIENTED_EDGE ( 'NONE', *, *, #8827, .T. ) ;
#5830 = ORIENTED_EDGE ( 'NONE', *, *, #12085, .T. ) ;
#5831 = AXIS2_PLACEMENT_3D ( 'NONE', #11117, #5642, #669 ) ;
#5832 = DIRECTION ( 'NONE',  ( -0.0000000000000000000, -1.000000000000000000, -0.0000000000000000000 ) ) ;
#5833 = CARTESIAN_POINT ( 'NONE',  ( 4.169999999999999041, 1.249999999999999112, 0.8790177991621581643 ) ) ;
#5834 = EDGE_CURVE ( 'NONE', #2608, #228, #5867, .T. ) ;
#5835 = DIRECTION ( 'NONE',  ( 1.000000000000000000, 0.0000000000000000000, 0.0000000000000000000 ) ) ;
#5836 = ORIENTED_EDGE ( 'NONE', *, *, #4519, .F. ) ;
#5837 = CARTESIAN_POINT ( 'NONE',  ( -4.175241869717497778, 1.391421356237309670, 0.9066863804691729367 ) ) ;
#5838 = CARTESIAN_POINT ( 'NONE',  ( -4.169999999999999929, 1.450000000000000178, 0.3549999999999994271 ) ) ;
#5839 = LINE ( 'NONE', #10678, #8209 ) ;
#5840 = AXIS2_PLACEMENT_3D ( 'NONE', #9746, #4075, #9512 ) ;
#5841 = CARTESIAN_POINT ( 'NONE',  ( 3.219999999999999751, 7.299999999999999822, 0.3549999999999994271 ) ) ;
#5842 = FILL_AREA_STYLE_COLOUR ( '', #5152 ) ;
#5843 = ORIENTED_EDGE ( 'NONE', *, *, #7466, .F. ) ;
#5844 = EDGE_CURVE ( 'NONE', #3935, #4930, #4621, .T. ) ;
#5845 = DIRECTION ( 'NONE',  ( 1.000000000000000000, -0.0000000000000000000, 0.0000000000000000000 ) ) ;
#5846 = FACE_BOUND ( 'NONE', #8262, .T. ) ;
#5847 = CIRCLE ( 'NONE', #4850, 0.1000000000000000472 ) ;
#5848 = ADVANCED_FACE ( 'NONE', ( #6547 ), #7535, .F. ) ;
#5849 = EDGE_CURVE ( 'NONE', #11983, #228, #9539, .T. ) ;
#5850 = AXIS2_PLACEMENT_3D ( 'NONE', #9071, #538, #8182 ) ;
#5851 = CARTESIAN_POINT ( 'NONE',  ( 3.776497115745559352, 1.391421356237309226, 1.305000000000000382 ) ) ;
#5852 = ORIENTED_EDGE ( 'NONE', *, *, #10343, .F. ) ;
#5853 =( LENGTH_UNIT ( ) NAMED_UNIT ( * ) SI_UNIT ( .MILLI., .METRE. ) );
#5854 = CARTESIAN_POINT ( 'NONE',  ( 3.250000000000002220, 5.499999999999995559, -0.09999999999999999167 ) ) ;
#5855 = PLANE ( 'NONE',  #6466 ) ;
#5856 = CARTESIAN_POINT ( 'NONE',  ( 4.170000000000000817, 1.900000000000000133, -0.9114971157455602491 ) ) ;
#5857 = CARTESIAN_POINT ( 'NONE',  ( -1.050446608846517860, 2.499999999999999556, -1.505000000000002780 ) ) ;
#5858 = ORIENTED_EDGE ( 'NONE', *, *, #10549, .T. ) ;
#5859 = DIRECTION ( 'NONE',  ( 0.0000000000000000000, 0.0000000000000000000, -1.000000000000000000 ) ) ;
#5860 = VERTEX_POINT ( 'NONE', #6427 ) ;
#5861 = AXIS2_PLACEMENT_3D ( 'NONE', #1549, #10927, #3187 ) ;
#5862 = AXIS2_PLACEMENT_3D ( 'NONE', #9045, #6121, #5297 ) ;
#5863 = VERTEX_POINT ( 'NONE', #10452 ) ;
#5864 = ADVANCED_FACE ( 'NONE', ( #2674 ), #3667, .T. ) ;
#5865 = ADVANCED_FACE ( 'NONE', ( #4743 ), #5493, .F. ) ;
#5866 = ORIENTED_EDGE ( 'NONE', *, *, #1138, .T. ) ;
#5867 = CIRCLE ( 'NONE', #2473, 0.1499999999999999667 ) ;
#5868 = CARTESIAN_POINT ( 'NONE',  ( -4.069999999999999396, 0.1000000000000000194, 1.604999999999999538 ) ) ;
#5869 = CARTESIAN_POINT ( 'NONE',  ( 4.169999999999999929, 1.332055636572855750, 0.7788749234013543354 ) ) ;
#5870 = AXIS2_PLACEMENT_3D ( 'NONE', #6160, #1483, #9023 ) ;
#5871 = CIRCLE ( 'NONE', #7664, 0.1499999999999999667 ) ;
#5872 = CARTESIAN_POINT ( 'NONE',  ( 1.969999999999999973, 1.349999999999999867, 1.405000000000000027 ) ) ;
#5873 = FACE_OUTER_BOUND ( 'NONE', #10644, .T. ) ;
#5874 = ORIENTED_EDGE ( 'NONE', *, *, #7119, .F. ) ;
#5875 = CARTESIAN_POINT ( 'NONE',  ( -2.069999999999999840, 1.308578643762690286, 1.604999999999999538 ) ) ;
#5876 = DIRECTION ( 'NONE',  ( 0.0000000000000000000, 0.0000000000000000000, -1.000000000000000000 ) ) ;
#5877 = VERTEX_POINT ( 'NONE', #7599 ) ;
#5878 = CIRCLE ( 'NONE', #515, 0.1499999999999999667 ) ;
#5879 = ORIENTED_EDGE ( 'NONE', *, *, #9505, .F. ) ;
#5880 = AXIS2_PLACEMENT_3D ( 'NONE', #2889, #3540, #7348 ) ;
#5881 = VECTOR ( 'NONE', #4255, 1000.000000000000000 ) ;
#5882 = ORIENTED_EDGE ( 'NONE', *, *, #3630, .T. ) ;
#5883 = PLANE ( 'NONE',  #11329 ) ;
#5884 = DIRECTION ( 'NONE',  ( -1.000000000000000000, 0.0000000000000000000, -0.0000000000000000000 ) ) ;
#5885 = EDGE_LOOP ( 'NONE', ( #10190, #4931, #7862, #10130 ) ) ;
#5886 = VECTOR ( 'NONE', #9439, 1000.000000000000000 ) ;
#5887 = AXIS2_PLACEMENT_3D ( 'NONE', #5820, #1904, #7564 ) ;
#5888 = CARTESIAN_POINT ( 'NONE',  ( -0.5999999999999998668, 0.1000000000000000056, 1.504999999999999449 ) ) ;
#5889 = ORIENTED_EDGE ( 'NONE', *, *, #11608, .F. ) ;
#5890 = DIRECTION ( 'NONE',  ( 0.0000000000000000000, -1.000000000000000000, 0.0000000000000000000 ) ) ;
#5891 = CARTESIAN_POINT ( 'NONE',  ( 2.350000000000001865, 6.399999999999998579, -0.3500000000000002554 ) ) ;
#5892 = ADVANCED_FACE ( 'NONE', ( #11323 ), #8535, .T. ) ;
#5893 = AXIS2_PLACEMENT_3D ( 'NONE', #3737, #6489, #11326 ) ;
#5894 = DIRECTION ( 'NONE',  ( 1.000000000000000000, 0.0000000000000000000, -0.0000000000000000000 ) ) ;
#5895 = CARTESIAN_POINT ( 'NONE',  ( 4.169999999999999041, 1.418190112491121369, 0.4205794023982700192 ) ) ;
#5896 = ORIENTED_EDGE ( 'NONE', *, *, #6637, .T. ) ;
#5897 =( LENGTH_UNIT ( ) NAMED_UNIT ( * ) SI_UNIT ( .MILLI., .METRE. ) );
#5898 = CARTESIAN_POINT ( 'NONE',  ( -3.219999999999999751, 7.300000000043382897, 0.3549999999999994271 ) ) ;
#5899 = DIRECTION ( 'NONE',  ( -0.0000000000000000000, -1.000000000000000000, -0.0000000000000000000 ) ) ;
#5900 = VECTOR ( 'NONE', #5344, 1000.000000000000000 ) ;
#5901 = DIRECTION ( 'NONE',  ( 0.0000000000000000000, 0.0000000000000000000, 1.000000000000000000 ) ) ;
#5902 =( LENGTH_UNIT ( ) NAMED_UNIT ( * ) SI_UNIT ( .MILLI., .METRE. ) );
#5903 = DIRECTION ( 'NONE',  ( 1.000000000000000000, 0.0000000000000000000, 0.0000000000000000000 ) ) ;
#5904 = PLANE ( 'NONE',  #1185 ) ;
#5905 = ORIENTED_EDGE ( 'NONE', *, *, #11654, .T. ) ;
#5906 = EDGE_CURVE ( 'NONE', #10355, #3741, #768, .T. ) ;
#5907 = EDGE_CURVE ( 'NONE', #4517, #7168, #8, .T. ) ;
#5908 = DIRECTION ( 'NONE',  ( -0.0000000000000000000, -0.0000000000000000000, 1.000000000000000000 ) ) ;
#5909 = VECTOR ( 'NONE', #5564, 1000.000000000000000 ) ;
#5910 = DIRECTION ( 'NONE',  ( -0.0000000000000000000, -0.0000000000000000000, -1.000000000000000000 ) ) ;
#5911 = DIRECTION ( 'NONE',  ( 0.0000000000000000000, 0.0000000000000000000, 1.000000000000000000 ) ) ;
#5912 = VERTEX_POINT ( 'NONE', #8721 ) ;
#5913 = DIRECTION ( 'NONE',  ( -0.0000000000000000000, -0.0000000000000000000, -1.000000000000000000 ) ) ;
#5914 = DIRECTION ( 'NONE',  ( 0.0000000000000000000, -1.000000000000000000, 0.0000000000000000000 ) ) ;
#5915 = CARTESIAN_POINT ( 'NONE',  ( -3.219999999999999751, 7.040192378894971625, 0.3549999999999994271 ) ) ;
#5916 = CARTESIAN_POINT ( 'NONE',  ( 4.169999999999999929, 1.958578643762690641, -0.3549999999999997047 ) ) ;
#5917 = EDGE_CURVE ( 'NONE', #7023, #9017, #2234, .T. ) ;
#5918 = DIRECTION ( 'NONE',  ( 0.0000000000000000000, 0.0000000000000000000, 1.000000000000000000 ) ) ;
#5919 = CARTESIAN_POINT ( 'NONE',  ( -3.219999999999999751, 2.000000000000000000, 0.3549999999999994271 ) ) ;
#5920 = ORIENTED_EDGE ( 'NONE', *, *, #1308, .T. ) ;
#5921 = DIRECTION ( 'NONE',  ( 0.7071067811865463515, -0.7071067811865487940, 0.0000000000000000000 ) ) ;
#5922 = AXIS2_PLACEMENT_3D ( 'NONE', #5214, #10813, #6108 ) ;
#5923 = ORIENTED_EDGE ( 'NONE', *, *, #8366, .T. ) ;
#5924 = ADVANCED_FACE ( 'NONE', ( #375 ), #5855, .F. ) ;
#5925 = EDGE_CURVE ( 'NONE', #7150, #7056, #10690, .T. ) ;
#5926 = CLOSED_SHELL ( 'NONE', ( #4820, #8481, #11538, #8334, #10643, #9098 ) ) ;
#5927 = ORIENTED_EDGE ( 'NONE', *, *, #4252, .T. ) ;
#5928 = CARTESIAN_POINT ( 'NONE',  ( 0.6500000000000001332, 5.787332622142047356, -0.3750000000000000000 ) ) ;
#5929 = CARTESIAN_POINT ( 'NONE',  ( -2.249999999999996891, 6.500000000000000888, 0.0000000000000000000 ) ) ;
#5930 = CARTESIAN_POINT ( 'NONE',  ( 2.291421356237309137, 6.599999999999999645, 0.1000000000000000056 ) ) ;
#5931 = DIRECTION ( 'NONE',  ( -0.0000000000000000000, 0.0000000000000000000, 1.000000000000000000 ) ) ;
#5932 = CARTESIAN_POINT ( 'NONE',  ( 1.050446608846518082, 7.299999999999999822, 1.505000000000000115 ) ) ;
#5933 = EDGE_CURVE ( 'NONE', #4411, #9428, #3023, .T. ) ;
#5934 = FACE_OUTER_BOUND ( 'NONE', #7345, .T. ) ;
#5935 = ORIENTED_EDGE ( 'NONE', *, *, #10857, .T. ) ;
#5936 = CARTESIAN_POINT ( 'NONE',  ( 0.0000000000000000000, 0.0000000000000000000, 1.604999999999999760 ) ) ;
#5937 = EDGE_CURVE ( 'NONE', #3506, #2444, #5788, .T. ) ;
#5938 = CIRCLE ( 'NONE', #3937, 0.1000000000000000472 ) ;
#5939 = ORIENTED_EDGE ( 'NONE', *, *, #4625, .T. ) ;
#5940 = ORIENTED_EDGE ( 'NONE', *, *, #7120, .F. ) ;
#5941 = ORIENTED_EDGE ( 'NONE', *, *, #4164, .F. ) ;
#5942 = DIRECTION ( 'NONE',  ( 1.000000000000000000, 0.0000000000000000000, 0.0000000000000000000 ) ) ;
#5943 = DIRECTION ( 'NONE',  ( -0.0000000000000000000, -0.0000000000000000000, -1.000000000000000000 ) ) ;
#5944 = AXIS2_PLACEMENT_3D ( 'NONE', #2254, #10716, #6063 ) ;
#5945 = DIRECTION ( 'NONE',  ( -0.0000000000000000000, -0.0000000000000000000, -1.000000000000000000 ) ) ;
#5946 = DIRECTION ( 'NONE',  ( -0.0000000000000000000, 1.000000000000000000, 0.0000000000000000000 ) ) ;
#5947 = ORIENTED_EDGE ( 'NONE', *, *, #12299, .T. ) ;
#5948 = LINE ( 'NONE', #10480, #10659 ) ;
#5949 = VECTOR ( 'NONE', #129, 1000.000000000000000 ) ;
#5950 = EDGE_CURVE ( 'NONE', #11274, #11335, #7713, .T. ) ;
#5951 = CARTESIAN_POINT ( 'NONE',  ( 0.0000000000000000000, 0.0000000000000000000, 1.304999999999999494 ) ) ;
#5952 = DIRECTION ( 'NONE',  ( 0.0000000000000000000, 0.0000000000000000000, -1.000000000000000000 ) ) ;
#5953 = CARTESIAN_POINT ( 'NONE',  ( 3.717918471982869288, 2.000000000000000000, 1.205000000000000293 ) ) ;
#5954 = ORIENTED_EDGE ( 'NONE', *, *, #2861, .T. ) ;
#5955 = LINE ( 'NONE', #216, #2283 ) ;
#5956 = DIRECTION ( 'NONE',  ( -0.0000000000000000000, -1.000000000000000000, -0.0000000000000000000 ) ) ;
#5957 = CARTESIAN_POINT ( 'NONE',  ( 3.219999999999999751, 7.299999999999999822, 1.604999999999999760 ) ) ;
#5958 = ORIENTED_EDGE ( 'NONE', *, *, #7044, .F. ) ;
#5959 = ORIENTED_EDGE ( 'NONE', *, *, #474, .F. ) ;
#5960 = VECTOR ( 'NONE', #423, 1000.000000000000000 ) ;
#5961 = ORIENTED_EDGE ( 'NONE', *, *, #11363, .T. ) ;
#5962 = DIRECTION ( 'NONE',  ( 0.0000000000000000000, 0.0000000000000000000, 1.000000000000000000 ) ) ;
#5963 = ORIENTED_EDGE ( 'NONE', *, *, #5556, .T. ) ;
#5964 = EDGE_CURVE ( 'NONE', #4238, #5734, #6716, .T. ) ;
#5965 = CARTESIAN_POINT ( 'NONE',  ( -4.275793645477234506, 1.350000000000000089, 0.9647586310448755809 ) ) ;
#5966 = CARTESIAN_POINT ( 'NONE',  ( 1.050446608846518082, 2.499999999999999556, 1.504999999999999893 ) ) ;
#5967 = VECTOR ( 'NONE', #673, 1000.000000000000000 ) ;
#5968 = DIRECTION ( 'NONE',  ( 0.0000000000000000000, 0.0000000000000000000, 1.000000000000000000 ) ) ;
#5969 = CARTESIAN_POINT ( 'NONE',  ( -3.219999999999999751, 0.0000000000000000000, -1.305000000000001048 ) ) ;
#5970 = CARTESIAN_POINT ( 'NONE',  ( 1.399999999999999689, -0.5999999999999995337, 1.304999999999999494 ) ) ;
#5971 = EDGE_LOOP ( 'NONE', ( #9971, #386, #914, #3594 ) ) ;
#5972 = DIRECTION ( 'NONE',  ( -0.0000000000000000000, -0.0000000000000000000, 1.000000000000000000 ) ) ;
#5973 = CARTESIAN_POINT ( 'NONE',  ( -1.150000000000000355, 5.787332622142050909, 0.3750000000000000000 ) ) ;
#5974 = AXIS2_PLACEMENT_3D ( 'NONE', #2949, #4955, #6764 ) ;
#5975 = DIRECTION ( 'NONE',  ( 0.0000000000000000000, 0.0000000000000000000, -1.000000000000000000 ) ) ;
#5976 = CARTESIAN_POINT ( 'NONE',  ( 3.219999999999999307, 1.391421356237309226, 1.305000000000000160 ) ) ;
#5977 = EDGE_LOOP ( 'NONE', ( #11340, #9829, #3574, #4412 ) ) ;
#5978 = EDGE_CURVE ( 'NONE', #630, #4285, #9455, .T. ) ;
#5979 = EDGE_CURVE ( 'NONE', #2716, #11345, #3669, .T. ) ;
#5980 = CARTESIAN_POINT ( 'NONE',  ( 0.0000000000000000000, 6.500000000000000888, -0.1000000000000000056 ) ) ;
#5981 = DIRECTION ( 'NONE',  ( -0.0000000000000000000, -1.000000000000000000, 0.0000000000000000000 ) ) ;
#5982 = DIRECTION ( 'NONE',  ( -1.000000000000000000, 1.244625060509296168E-16, 0.0000000000000000000 ) ) ;
#5983 = FACE_OUTER_BOUND ( 'NONE', #6146, .T. ) ;
#5984 = DIRECTION ( 'NONE',  ( 0.0000000000000000000, 0.0000000000000000000, -1.000000000000000000 ) ) ;
#5985 = ORIENTED_EDGE ( 'NONE', *, *, #1755, .T. ) ;
#5986 = AXIS2_PLACEMENT_3D ( 'NONE', #11891, #3363, #7175 ) ;
#5987 = ORIENTED_EDGE ( 'NONE', *, *, #9828, .T. ) ;
#5988 = DIRECTION ( 'NONE',  ( 1.244625060509296168E-16, 1.000000000000000000, 0.0000000000000000000 ) ) ;
#5989 = ORIENTED_EDGE ( 'NONE', *, *, #8833, .T. ) ;
#5990 = CARTESIAN_POINT ( 'NONE',  ( 1.899999999999999689, 0.4000000000000001887, 1.604999999999999760 ) ) ;
#5991 = AXIS2_PLACEMENT_3D ( 'NONE', #5551, #6551, #6492 ) ;
#5992 = EDGE_CURVE ( 'NONE', #8605, #5238, #9711, .T. ) ;
#5993 = ORIENTED_EDGE ( 'NONE', *, *, #10402, .T. ) ;
#5994 = LINE ( 'NONE', #8858, #4815 ) ;
#5995 = EDGE_CURVE ( 'NONE', #4578, #5540, #3913, .T. ) ;
#5996 = LINE ( 'NONE', #5872, #6479 ) ;
#5997 = CARTESIAN_POINT ( 'NONE',  ( 1.969999999999999973, 5.350000000000000533, 1.604999999999999760 ) ) ;
#5998 = CARTESIAN_POINT ( 'NONE',  ( -0.9504466088465202134, 2.599999999999996980, 1.604999999999999538 ) ) ;
#5999 = PLANE ( 'NONE',  #1480 ) ;
#6000 = DIRECTION ( 'NONE',  ( 0.0000000000000000000, -0.7071067811865544561, -0.7071067811865406894 ) ) ;
#6001 = ORIENTED_EDGE ( 'NONE', *, *, #7376, .F. ) ;
#6002 = CIRCLE ( 'NONE', #631, 0.1250000000000000000 ) ;
#6003 = ORIENTED_EDGE ( 'NONE', *, *, #6149, .T. ) ;
#6004 = ORIENTED_EDGE ( 'NONE', *, *, #4770, .F. ) ;
#6005 = DIRECTION ( 'NONE',  ( 0.0000000000000000000, -1.000000000000000000, 0.0000000000000000000 ) ) ;
#6006 = AXIS2_PLACEMENT_3D ( 'NONE', #7263, #11060, #2465 ) ;
#6007 = CARTESIAN_POINT ( 'NONE',  ( -4.469999999999999751, 2.599999999999997424, 1.604999999999999760 ) ) ;
#6008 = EDGE_CURVE ( 'NONE', #9704, #3940, #3140, .T. ) ;
#6009 = PLANE ( 'NONE',  #9649 ) ;
#6010 = ORIENTED_EDGE ( 'NONE', *, *, #10206, .T. ) ;
#6011 = PLANE ( 'NONE',  #6120 ) ;
#6012 = AXIS2_PLACEMENT_3D ( 'NONE', #1663, #11052, #10245 ) ;
#6013 = CARTESIAN_POINT ( 'NONE',  ( 3.219999999999999751, 0.1000000000000000472, -1.205000000000000959 ) ) ;
#6014 = CARTESIAN_POINT ( 'NONE',  ( 4.169999999999999929, 3.700000000000000178, 0.1250000000000000000 ) ) ;
#6015 = ORIENTED_EDGE ( 'NONE', *, *, #9899, .F. ) ;
#6016 = CARTESIAN_POINT ( 'NONE',  ( 4.070000000000000284, 4.065758146820641628E-17, -0.8529184719828692973 ) ) ;
#6017 = CARTESIAN_POINT ( 'NONE',  ( 4.169999999999999929, 0.1000000000000000056, -0.3550000000000007039 ) ) ;
#6018 = CARTESIAN_POINT ( 'NONE',  ( -4.469999999999999751, 0.1000000000000002554, 1.604999999999999760 ) ) ;
#6019 = VERTEX_POINT ( 'NONE', #9595 ) ;
#6020 = VERTEX_POINT ( 'NONE', #10565 ) ;
#6021 = ADVANCED_FACE ( 'NONE', ( #10505 ), #4037, .T. ) ;
#6022 = VECTOR ( 'NONE', #2786, 1000.000000000000000 ) ;
#6023 = EDGE_LOOP ( 'NONE', ( #11103, #11170, #2967, #7318 ) ) ;
#6024 = DIRECTION ( 'NONE',  ( -0.0000000000000000000, 0.0000000000000000000, 1.000000000000000000 ) ) ;
#6025 = EDGE_CURVE ( 'NONE', #11380, #12245, #6043, .T. ) ;
#6026 = DIRECTION ( 'NONE',  ( 0.0000000000000000000, -1.000000000000000000, 0.0000000000000000000 ) ) ;
#6027 = ORIENTED_EDGE ( 'NONE', *, *, #5701, .T. ) ;
#6028 = LINE ( 'NONE', #9822, #3664 ) ;
#6029 = CARTESIAN_POINT ( 'NONE',  ( -3.219999999999999751, 3.449999999999999734, 1.304999999999999716 ) ) ;
#6030 = CARTESIAN_POINT ( 'NONE',  ( -4.169999999999999929, 1.332055636572867963, 0.7788749234013560008 ) ) ;
#6031 = VECTOR ( 'NONE', #4591, 1000.000000000000000 ) ;
#6032 = CARTESIAN_POINT ( 'NONE',  ( 0.0000000000000000000, 0.0000000000000000000, 1.304999999999999494 ) ) ;
#6033 = DIRECTION ( 'NONE',  ( 0.0000000000000000000, 0.0000000000000000000, 1.000000000000000000 ) ) ;
#6034 = CARTESIAN_POINT ( 'NONE',  ( 1.349999999999999867, 5.787332622142040250, -0.3750000000000000000 ) ) ;
#6035 = EDGE_LOOP ( 'NONE', ( #10001, #5002, #9079, #2909 ) ) ;
#6036 = VECTOR ( 'NONE', #1731, 1000.000000000000000 ) ;
#6037 = DIRECTION ( 'NONE',  ( 0.0000000000000000000, 0.0000000000000000000, -1.000000000000000000 ) ) ;
#6038 = UNCERTAINTY_MEASURE_WITH_UNIT (LENGTH_MEASURE( 1.000000000000000082E-05 ), #2660, 'distance_accuracy_value', 'NONE');
#6039 = CARTESIAN_POINT ( 'NONE',  ( -4.169999999999999929, 0.7500000000000000000, 2.295000000000000817 ) ) ;
#6040 = ORIENTED_EDGE ( 'NONE', *, *, #2533, .F. ) ;
#6041 = SURFACE_STYLE_USAGE ( .BOTH. , #10759 ) ;
#6042 = VERTEX_POINT ( 'NONE', #7967 ) ;
#6043 = LINE ( 'NONE', #9775, #7653 ) ;
#6044 =( LENGTH_UNIT ( ) NAMED_UNIT ( * ) SI_UNIT ( .MILLI., .METRE. ) );
#6045 = DIRECTION ( 'NONE',  ( 0.0000000000000000000, 0.0000000000000000000, -1.000000000000000000 ) ) ;
#6046 = CARTESIAN_POINT ( 'NONE',  ( -1.899999999999999689, -0.5999999999999995337, 1.304999999999999494 ) ) ;
#6047 = PLANE ( 'NONE',  #5343 ) ;
#6048 = EDGE_LOOP ( 'NONE', ( #9202, #1931, #4597, #4282 ) ) ;
#6049 = CARTESIAN_POINT ( 'NONE',  ( -3.717918471982868400, 4.065758146820642244E-17, -1.205000000000000071 ) ) ;
#6050 = EDGE_LOOP ( 'NONE', ( #7414, #3808 ) ) ;
#6051 = VECTOR ( 'NONE', #4788, 1000.000000000000000 ) ;
#6052 = EDGE_CURVE ( 'NONE', #1090, #4705, #5026, .T. ) ;
#6053 = ORIENTED_EDGE ( 'NONE', *, *, #6908, .F. ) ;
#6054 = CARTESIAN_POINT ( 'NONE',  ( -4.169999999999999929, 0.1000000000000000472, 1.504999999999999227 ) ) ;
#6055 = DIRECTION ( 'NONE',  ( 0.0000000000000000000, 0.0000000000000000000, 1.000000000000000000 ) ) ;
#6056 = CARTESIAN_POINT ( 'NONE',  ( 1.969999999999999529, 1.249999999999999778, 1.405000000000000027 ) ) ;
#6057 =( NAMED_UNIT ( * ) PLANE_ANGLE_UNIT ( ) SI_UNIT ( $, .RADIAN. ) );
#6058 = CARTESIAN_POINT ( 'NONE',  ( 1.149999999999999911, 5.787332622142043803, -0.3750000000000000000 ) ) ;
#6059 = VECTOR ( 'NONE', #2960, 1000.000000000000000 ) ;
#6060 = VECTOR ( 'NONE', #9812, 1000.000000000000000 ) ;
#6061 = EDGE_LOOP ( 'NONE', ( #1348, #4724, #5889, #4641 ) ) ;
#6062 = DIRECTION ( 'NONE',  ( -0.0000000000000000000, -0.0000000000000000000, -1.000000000000000000 ) ) ;
#6063 = DIRECTION ( 'NONE',  ( -1.000000000000000000, 0.0000000000000000000, 0.0000000000000000000 ) ) ;
#6064 = EDGE_LOOP ( 'NONE', ( #9988, #2084, #3032, #2360 ) ) ;
#6065 = EDGE_CURVE ( 'NONE', #7375, #7343, #2907, .T. ) ;
#6066 = ORIENTED_EDGE ( 'NONE', *, *, #8056, .F. ) ;
#6067 = VECTOR ( 'NONE', #11495, 1000.000000000000000 ) ;
#6068 = AXIS2_PLACEMENT_3D ( 'NONE', #2523, #2348, #7140 ) ;
#6069 = CARTESIAN_POINT ( 'NONE',  ( 2.949999999999999734, -0.5999999999999993117, 1.304999999999999494 ) ) ;
#6070 = PRESENTATION_LAYER_ASSIGNMENT (  '', '', ( #9053 ) ) ;
#6071 = VECTOR ( 'NONE', #10590, 1000.000000000000000 ) ;
#6072 = CARTESIAN_POINT ( 'NONE',  ( -4.169999999999999929, 1.958578643762690641, 0.3550000000000002598 ) ) ;
#6073 = FACE_OUTER_BOUND ( 'NONE', #7690, .T. ) ;
#6074 = ORIENTED_EDGE ( 'NONE', *, *, #439, .F. ) ;
#6075 = FACE_OUTER_BOUND ( 'NONE', #2351, .T. ) ;
#6076 = CARTESIAN_POINT ( 'NONE',  ( -2.050446608846518082, 0.0000000000000000000, -1.305000000000001048 ) ) ;
#6077 = CARTESIAN_POINT ( 'NONE',  ( -0.5999999999999997558, 0.4000000000000003553, 1.304999999999999494 ) ) ;
#6078 = EDGE_CURVE ( 'NONE', #5540, #8592, #1983, .T. ) ;
#6079 = VECTOR ( 'NONE', #2361, 1000.000000000000000 ) ;
#6080 = LINE ( 'NONE', #9929, #9637 ) ;
#6081 = ORIENTED_EDGE ( 'NONE', *, *, #680, .F. ) ;
#6082 = CARTESIAN_POINT ( 'NONE',  ( 1.599999999999999867, 0.0000000000000000000, 1.304999999999999494 ) ) ;
#6083 = DIRECTION ( 'NONE',  ( -0.0000000000000000000, -1.000000000000000000, -0.0000000000000000000 ) ) ;
#6084 = CIRCLE ( 'NONE', #8064, 0.1499999999999999667 ) ;
#6085 = DIRECTION ( 'NONE',  ( -1.000000000000000000, 0.0000000000000000000, -0.0000000000000000000 ) ) ;
#6086 = ORIENTED_EDGE ( 'NONE', *, *, #2913, .F. ) ;
#6087 = EDGE_CURVE ( 'NONE', #9225, #485, #2282, .T. ) ;
#6088 = EDGE_CURVE ( 'NONE', #10439, #3350, #11007, .T. ) ;
#6089 = ORIENTED_EDGE ( 'NONE', *, *, #5819, .F. ) ;
#6090 = CARTESIAN_POINT ( 'NONE',  ( -3.549999999999999822, 0.4000000000000005218, 1.604999999999999760 ) ) ;
#6091 = AXIS2_PLACEMENT_3D ( 'NONE', #4981, #8796, #257 ) ;
#6092 = ORIENTED_EDGE ( 'NONE', *, *, #9744, .T. ) ;
#6093 = LINE ( 'NONE', #2401, #9573 ) ;
#6094 = VECTOR ( 'NONE', #7191, 1000.000000000000000 ) ;
#6095 = CARTESIAN_POINT ( 'NONE',  ( -3.550000000000000266, 0.1000000000000000056, 1.504999999999999449 ) ) ;
#6096 = ORIENTED_EDGE ( 'NONE', *, *, #219, .T. ) ;
#6097 = CARTESIAN_POINT ( 'NONE',  ( 1.399999999999999689, -0.5999999999999995337, 1.604999999999999760 ) ) ;
#6098 = DIRECTION ( 'NONE',  ( 1.000000000000000000, -0.0000000000000000000, 0.0000000000000000000 ) ) ;
#6099 = EDGE_CURVE ( 'NONE', #2479, #6173, #3463, .T. ) ;
#6100 = DIRECTION ( 'NONE',  ( -1.000000000000000000, -0.0000000000000000000, -0.0000000000000000000 ) ) ;
#6101 = CARTESIAN_POINT ( 'NONE',  ( 1.599999999999999867, 0.0000000000000000000, 1.304999999999999494 ) ) ;
#6102 = LINE ( 'NONE', #8961, #5960 ) ;
#6103 = VECTOR ( 'NONE', #4912, 1000.000000000000000 ) ;
#6104 = EDGE_LOOP ( 'NONE', ( #8420, #5129, #12203, #5677 ) ) ;
#6105 = ORIENTED_EDGE ( 'NONE', *, *, #4619, .T. ) ;
#6106 = EDGE_CURVE ( 'NONE', #9241, #9796, #6113, .T. ) ;
#6107 = PLANE ( 'NONE',  #7331 ) ;
#6108 = DIRECTION ( 'NONE',  ( 1.000000000000000000, 0.0000000000000000000, -0.0000000000000000000 ) ) ;
#6109 = DIRECTION ( 'NONE',  ( -1.000000000000000000, 0.0000000000000000000, 0.0000000000000000000 ) ) ;
#6110 = CARTESIAN_POINT ( 'NONE',  ( -1.850000000000000089, 5.787332622142050909, -0.3750000000000000000 ) ) ;
#6111 = EDGE_LOOP ( 'NONE', ( #1126, #1595, #7812, #4265 ) ) ;
#6112 = ORIENTED_EDGE ( 'NONE', *, *, #4718, .T. ) ;
#6113 = LINE ( 'NONE', #8148, #12231 ) ;
#6114 = CARTESIAN_POINT ( 'NONE',  ( 1.969999999999999973, 0.0000000000000000000, 0.0000000000000000000 ) ) ;
#6115 = DIRECTION ( 'NONE',  ( -1.000000000000000000, -0.0000000000000000000, 0.0000000000000000000 ) ) ;
#6116 = DIRECTION ( 'NONE',  ( 0.0000000000000000000, 0.0000000000000000000, 1.000000000000000000 ) ) ;
#6117 = ORIENTED_EDGE ( 'NONE', *, *, #9177, .F. ) ;
#6118 = CARTESIAN_POINT ( 'NONE',  ( -4.170000000000000817, 0.04142135623730912319, -0.3550000000000003153 ) ) ;
#6119 = ORIENTED_EDGE ( 'NONE', *, *, #4196, .T. ) ;
#6120 = AXIS2_PLACEMENT_3D ( 'NONE', #1285, #7933, #9067 ) ;
#6121 = DIRECTION ( 'NONE',  ( 0.0000000000000000000, 0.0000000000000000000, 1.000000000000000000 ) ) ;
#6122 = ORIENTED_EDGE ( 'NONE', *, *, #7742, .F. ) ;
#6123 = DIRECTION ( 'NONE',  ( 1.000000000000000000, 0.0000000000000000000, -0.0000000000000000000 ) ) ;
#6124 = PLANE ( 'NONE',  #1840 ) ;
#6125 = CARTESIAN_POINT ( 'NONE',  ( 0.09999999999999971412, 0.0000000000000000000, 1.304999999999999494 ) ) ;
#6126 = DIRECTION ( 'NONE',  ( 1.000000000000000000, -0.0000000000000000000, 0.0000000000000000000 ) ) ;
#6127 = VECTOR ( 'NONE', #4361, 1000.000000000000000 ) ;
#6128 = EDGE_CURVE ( 'NONE', #10198, #11380, #1383, .T. ) ;
#6129 = CARTESIAN_POINT ( 'NONE',  ( -0.5999999999999997558, 0.4000000000000003553, 1.304999999999999494 ) ) ;
#6130 = ORIENTED_EDGE ( 'NONE', *, *, #11529, .F. ) ;
#6131 = ORIENTED_EDGE ( 'NONE', *, *, #5150, .F. ) ;
#6132 = EDGE_LOOP ( 'NONE', ( #2258, #6813, #12113, #6522 ) ) ;
#6133 = VECTOR ( 'NONE', #774, 1000.000000000000000 ) ;
#6134 = DIRECTION ( 'NONE',  ( -0.0000000000000000000, 0.0000000000000000000, 1.000000000000000000 ) ) ;
#6135 = LINE ( 'NONE', #3049, #9784 ) ;
#6136 = LINE ( 'NONE', #3235, #6071 ) ;
#6137 = VERTEX_POINT ( 'NONE', #6225 ) ;
#6138 = PLANE ( 'NONE',  #1550 ) ;
#6139 = EDGE_CURVE ( 'NONE', #4838, #784, #6289, .T. ) ;
#6140 = CARTESIAN_POINT ( 'NONE',  ( 2.069999999999999840, 1.349999999999999423, 1.504999999999999227 ) ) ;
#6141 = FACE_OUTER_BOUND ( 'NONE', #9541, .T. ) ;
#6142 = LINE ( 'NONE', #5124, #12204 ) ;
#6143 = VERTEX_POINT ( 'NONE', #7088 ) ;
#6144 = CARTESIAN_POINT ( 'NONE',  ( 4.169999999999999929, 0.1000000000000000472, -0.3549999999999994271 ) ) ;
#6145 = FILL_AREA_STYLE_COLOUR ( '', #3186 ) ;
#6146 = EDGE_LOOP ( 'NONE', ( #1284, #11648, #11433, #10426, #11593, #2767, #11479, #10267, #1373, #10224, #5499, #10889, #3892, #5401, #7929, #2340, #10587, #7632, #2328, #7923, #4264, #6429, #771 ) ) ;
#6147 = ORIENTED_EDGE ( 'NONE', *, *, #11468, .T. ) ;
#6148 = DIRECTION ( 'NONE',  ( 0.0000000000000000000, 0.0000000000000000000, -1.000000000000000000 ) ) ;
#6149 = EDGE_CURVE ( 'NONE', #3741, #1607, #5342, .T. ) ;
#6150 = ORIENTED_EDGE ( 'NONE', *, *, #3703, .F. ) ;
#6151 = FACE_OUTER_BOUND ( 'NONE', #5699, .T. ) ;
#6152 = DIRECTION ( 'NONE',  ( 0.0000000000000000000, 0.0000000000000000000, 1.000000000000000000 ) ) ;
#6153 = ORIENTED_EDGE ( 'NONE', *, *, #3901, .F. ) ;
#6154 = ADVANCED_FACE ( 'NONE', ( #9160 ), #5288, .T. ) ;
#6155 = EDGE_CURVE ( 'NONE', #11659, #11022, #11032, .T. ) ;
#6156 = SURFACE_STYLE_USAGE ( .BOTH. , #4352 ) ;
#6157 = EDGE_CURVE ( 'NONE', #10842, #4543, #4681, .T. ) ;
#6158 = DIRECTION ( 'NONE',  ( 0.0000000000000000000, -0.0000000000000000000, -1.000000000000000000 ) ) ;
#6159 = CARTESIAN_POINT ( 'NONE',  ( -4.169999999999999929, 0.0000000000000000000, -0.3550000000000003153 ) ) ;
#6160 = CARTESIAN_POINT ( 'NONE',  ( 1.099999999999999867, 0.1000000000000000056, 1.504999999999999449 ) ) ;
#6161 = CYLINDRICAL_SURFACE ( 'NONE', #6006, 0.1000000000000002554 ) ;
#6162 = APPLICATION_CONTEXT ( 'automotive_design' ) ;
#6163 = AXIS2_PLACEMENT_3D ( 'NONE', #1924, #8463, #1805 ) ;
#6164 = VERTEX_POINT ( 'NONE', #8212 ) ;
#6165 = ORIENTED_EDGE ( 'NONE', *, *, #11225, .F. ) ;
#6166 = CARTESIAN_POINT ( 'NONE',  ( 2.150000000000000355, -0.5999999999999993117, 1.304999999999999494 ) ) ;
#6167 = DIRECTION ( 'NONE',  ( -1.000000000000000000, 3.469446951953611033E-15, 0.0000000000000000000 ) ) ;
#6168 = UNCERTAINTY_MEASURE_WITH_UNIT (LENGTH_MEASURE( 1.000000000000000082E-05 ), #7579, 'distance_accuracy_value', 'NONE');
#6169 = EDGE_CURVE ( 'NONE', #1122, #335, #5670, .T. ) ;
#6170 = CARTESIAN_POINT ( 'NONE',  ( 1.599999999999999867, -0.5999999999999995337, 1.304999999999999494 ) ) ;
#6171 = VECTOR ( 'NONE', #7874, 1000.000000000000000 ) ;
#6172 = CARTESIAN_POINT ( 'NONE',  ( 1.970000000000000417, 1.249999999999999556, 1.346421356237309075 ) ) ;
#6173 = VERTEX_POINT ( 'NONE', #6346 ) ;
#6174 = CARTESIAN_POINT ( 'NONE',  ( -3.328266144094438328, -0.0000000000000000000, -1.205000000000001181 ) ) ;
#6175 = EDGE_CURVE ( 'NONE', #7841, #8782, #10132, .T. ) ;
#6176 =( BOUNDED_CURVE ( )  B_SPLINE_CURVE ( 3, ( #11692, #5108, #8793, #7787 ),
 .UNSPECIFIED., .F., .T. ) 
 B_SPLINE_CURVE_WITH_KNOTS ( ( 4, 4 ),
 ( 3.141592653589790896, 4.712388980384689674 ),
 .UNSPECIFIED. ) 
 CURVE ( )  GEOMETRIC_REPRESENTATION_ITEM ( )  RATIONAL_B_SPLINE_CURVE ( ( 1.000000000000000000, 0.8047378541243644934, 0.8047378541243644934, 1.000000000000000000 ) ) 
 REPRESENTATION_ITEM ( '' )  );
#6177 = LINE ( 'NONE', #7275, #11407 ) ;
#6178 = ORIENTED_EDGE ( 'NONE', *, *, #6538, .F. ) ;
#6179 = DIRECTION ( 'NONE',  ( 1.000000000000000000, 0.0000000000000000000, 1.084202172485501673E-15 ) ) ;
#6180 = DIRECTION ( 'NONE',  ( 1.000000000000000000, 0.0000000000000000000, 0.0000000000000000000 ) ) ;
#6181 = ORIENTED_EDGE ( 'NONE', *, *, #12249, .T. ) ;
#6182 = VECTOR ( 'NONE', #4200, 1000.000000000000000 ) ;
#6183 = CARTESIAN_POINT ( 'NONE',  ( 2.069999999999999840, 0.8328427124746190513, 1.604999999999999316 ) ) ;
#6184 = EDGE_CURVE ( 'NONE', #8139, #5194, #3206, .T. ) ;
#6185 = DIRECTION ( 'NONE',  ( 0.0000000000000000000, 0.0000000000000000000, 1.000000000000000000 ) ) ;
#6186 = ORIENTED_EDGE ( 'NONE', *, *, #11091, .F. ) ;
#6187 = DIRECTION ( 'NONE',  ( -1.000000000000000000, -0.0000000000000000000, -0.0000000000000000000 ) ) ;
#6188 = DIRECTION ( 'NONE',  ( -0.0000000000000000000, -0.0000000000000000000, -1.000000000000000000 ) ) ;
#6189 = AXIS2_PLACEMENT_3D ( 'NONE', #3490, #641, #7303 ) ;
#6190 = DIRECTION ( 'NONE',  ( -0.0000000000000000000, -0.0000000000000000000, -1.000000000000000000 ) ) ;
#6191 = ORIENTED_EDGE ( 'NONE', *, *, #6806, .F. ) ;
#6192 = VECTOR ( 'NONE', #10623, 1000.000000000000000 ) ;
#6193 = DIRECTION ( 'NONE',  ( 0.0000000000000000000, 0.0000000000000000000, 1.000000000000000000 ) ) ;
#6194 = CARTESIAN_POINT ( 'NONE',  ( 1.899999999999999689, 0.0000000000000000000, 1.304999999999999494 ) ) ;
#6195 = DIRECTION ( 'NONE',  ( 0.0000000000000000000, 8.356086107788088083E-17, -1.000000000000000000 ) ) ;
#6196 = ORIENTED_EDGE ( 'NONE', *, *, #12074, .T. ) ;
#6197 = DIRECTION ( 'NONE',  ( 1.000000000000000000, 0.0000000000000000000, 0.0000000000000000000 ) ) ;
#6198 = FACE_OUTER_BOUND ( 'NONE', #2019, .T. ) ;
#6199 = DIRECTION ( 'NONE',  ( -0.0000000000000000000, -1.000000000000000000, -0.0000000000000000000 ) ) ;
#6200 = AXIS2_PLACEMENT_3D ( 'NONE', #7273, #4481, #7398 ) ;
#6201 = DIRECTION ( 'NONE',  ( 0.0000000000000000000, 0.0000000000000000000, 1.000000000000000000 ) ) ;
#6202 = LINE ( 'NONE', #5317, #2970 ) ;
#6203 = PRESENTATION_STYLE_ASSIGNMENT (( #4279 ) ) ;
#6204 = EDGE_CURVE ( 'NONE', #9114, #1326, #1439, .T. ) ;
#6205 = EDGE_CURVE ( 'NONE', #11246, #3255, #11815, .T. ) ;
#6206 = EDGE_LOOP ( 'NONE', ( #742, #16, #961, #11330 ) ) ;
#6207 = CARTESIAN_POINT ( 'NONE',  ( 4.128578643762691236, 1.349999999999999645, 1.563578643762689513 ) ) ;
#6208 = ORIENTED_EDGE ( 'NONE', *, *, #1415, .T. ) ;
#6209 = FILL_AREA_STYLE_COLOUR ( '', #2669 ) ;
#6210 = DIRECTION ( 'NONE',  ( -1.000000000000000000, 0.0000000000000000000, 0.0000000000000000000 ) ) ;
#6211 = ORIENTED_EDGE ( 'NONE', *, *, #4692, .F. ) ;
#6212 = AXIS2_PLACEMENT_3D ( 'NONE', #4679, #2906, #9592 ) ;
#6213 = ORIENTED_EDGE ( 'NONE', *, *, #11746, .F. ) ;
#6214 = EDGE_LOOP ( 'NONE', ( #533, #8407, #10460, #8541 ) ) ;
#6215 = DIRECTION ( 'NONE',  ( -1.000000000000000000, 0.0000000000000000000, -0.0000000000000000000 ) ) ;
#6216 = MECHANICAL_DESIGN_GEOMETRIC_PRESENTATION_REPRESENTATION (  '', ( #4010 ), #3611 ) ;
#6217 = EDGE_CURVE ( 'NONE', #1032, #1851, #10249, .T. ) ;
#6218 =( LENGTH_UNIT ( ) NAMED_UNIT ( * ) SI_UNIT ( .MILLI., .METRE. ) );
#6219 = CARTESIAN_POINT ( 'NONE',  ( 2.890000000000000124, 1.050000000000000044, 1.604999999999999760 ) ) ;
#6220 = DIRECTION ( 'NONE',  ( 0.0000000000000000000, -1.000000000000000000, 0.0000000000000000000 ) ) ;
#6221 = ORIENTED_EDGE ( 'NONE', *, *, #7190, .T. ) ;
#6222 = AXIS2_PLACEMENT_3D ( 'NONE', #8582, #7646, #6473 ) ;
#6223 = CARTESIAN_POINT ( 'NONE',  ( 1.050446608846517860, 1.999999999999999556, -1.505000000000002780 ) ) ;
#6224 = ORIENTED_EDGE ( 'NONE', *, *, #7302, .T. ) ;
#6225 = CARTESIAN_POINT ( 'NONE',  ( 4.469999999999999751, 5.225000000000000533, 0.0000000000000000000 ) ) ;
#6226 = VECTOR ( 'NONE', #3976, 1000.000000000000000 ) ;
#6227 = PLANE ( 'NONE',  #5091 ) ;
#6228 = EDGE_LOOP ( 'NONE', ( #6579, #4202, #4234, #3360 ) ) ;
#6229 = DIRECTION ( 'NONE',  ( -1.000000000000000000, 0.0000000000000000000, 0.0000000000000000000 ) ) ;
#6230 = EDGE_CURVE ( 'NONE', #5863, #3289, #5471, .T. ) ;
#6231 = CARTESIAN_POINT ( 'NONE',  ( -3.752233047033631586, -4.903860132723835682E-16, -1.263578643762690801 ) ) ;
#6232 = ORIENTED_EDGE ( 'NONE', *, *, #1380, .T. ) ;
#6233 = CARTESIAN_POINT ( 'NONE',  ( 1.928578643762690614, 0.8499999999999990896, 1.504999999999999449 ) ) ;
#6234 = EDGE_CURVE ( 'NONE', #10296, #4949, #9527, .T. ) ;
#6235 = EDGE_CURVE ( 'NONE', #6858, #1975, #5528, .T. ) ;
#6236 = VECTOR ( 'NONE', #10665, 1000.000000000000000 ) ;
#6237 = ORIENTED_EDGE ( 'NONE', *, *, #3488, .T. ) ;
#6238 = DIRECTION ( 'NONE',  ( -1.000000000000000000, 0.0000000000000000000, 0.0000000000000000000 ) ) ;
#6239 = CARTESIAN_POINT ( 'NONE',  ( 2.949999999999999734, 0.0000000000000000000, -0.3550000000000007039 ) ) ;
#6240 = DIRECTION ( 'NONE',  ( -1.000000000000000000, 0.0000000000000000000, -0.0000000000000000000 ) ) ;
#6241 = DIRECTION ( 'NONE',  ( 0.0000000000000000000, -1.000000000000000000, 0.0000000000000000000 ) ) ;
#6242 = DIRECTION ( 'NONE',  ( 0.0000000000000000000, 0.0000000000000000000, -1.000000000000000000 ) ) ;
#6243 = EDGE_CURVE ( 'NONE', #2453, #11527, #10270, .T. ) ;
#6244 = ORIENTED_EDGE ( 'NONE', *, *, #366, .F. ) ;
#6245 = AXIS2_PLACEMENT_3D ( 'NONE', #5888, #272, #1165 ) ;
#6246 = LINE ( 'NONE', #7232, #2188 ) ;
#6247 = ORIENTED_EDGE ( 'NONE', *, *, #2945, .T. ) ;
#6248 = EDGE_CURVE ( 'NONE', #9675, #2470, #6412, .T. ) ;
#6249 = CARTESIAN_POINT ( 'NONE',  ( -0.5999999999999997558, 0.4000000000000003553, 1.304999999999999494 ) ) ;
#6250 = AXIS2_PLACEMENT_3D ( 'NONE', #9473, #945, #1006 ) ;
#6251 = VECTOR ( 'NONE', #7209, 1000.000000000000000 ) ;
#6252 = FACE_OUTER_BOUND ( 'NONE', #10207, .T. ) ;
#6253 = CARTESIAN_POINT ( 'NONE',  ( -0.09999999999999971412, 0.4000000000000003553, 1.304999999999999494 ) ) ;
#6254 = AXIS2_PLACEMENT_3D ( 'NONE', #1692, #8344, #10337 ) ;
#6255 = EDGE_LOOP ( 'NONE', ( #10015, #5954, #4218, #12259 ) ) ;
#6256 = LINE ( 'NONE', #5057, #6309 ) ;
#6257 = FACE_OUTER_BOUND ( 'NONE', #8882, .T. ) ;
#6258 = DIRECTION ( 'NONE',  ( -0.0000000000000000000, -0.0000000000000000000, -1.000000000000000000 ) ) ;
#6259 = ADVANCED_FACE ( 'NONE', ( #11368 ), #7520, .F. ) ;
#6260 = CARTESIAN_POINT ( 'NONE',  ( -1.969999999999999973, 0.9500000000000000666, 10.05355608965224157 ) ) ;
#6261 = ORIENTED_EDGE ( 'NONE', *, *, #11402, .T. ) ;
#6262 = DIRECTION ( 'NONE',  ( 1.000000000000000000, -0.0000000000000000000, -0.0000000000000000000 ) ) ;
#6263 = ORIENTED_EDGE ( 'NONE', *, *, #8513, .T. ) ;
#6264 = VECTOR ( 'NONE', #2080, 1000.000000000000000 ) ;
#6265 = CONICAL_SURFACE ( 'NONE', #7048, 1.099999999964457631, 0.5235987755625433060 ) ;
#6266 = ORIENTED_EDGE ( 'NONE', *, *, #1769, .T. ) ;
#6267 = DIRECTION ( 'NONE',  ( 0.0000000000000000000, -1.000000000000000000, 0.0000000000000000000 ) ) ;
#6268 = ORIENTED_EDGE ( 'NONE', *, *, #7589, .F. ) ;
#6269 = VECTOR ( 'NONE', #1920, 1000.000000000000000 ) ;
#6270 = SURFACE_SIDE_STYLE ('',( #11725 ) ) ;
#6271 = VECTOR ( 'NONE', #7917, 1000.000000000000000 ) ;
#6272 = ADVANCED_FACE ( 'NONE', ( #11194 ), #1858, .T. ) ;
#6273 = EDGE_CURVE ( 'NONE', #6950, #2379, #12116, .T. ) ;
#6274 = DIRECTION ( 'NONE',  ( -1.000000000000000000, 0.0000000000000000000, 0.0000000000000000000 ) ) ;
#6275 = DIRECTION ( 'NONE',  ( 0.0000000000000000000, -1.000000000000000000, 0.0000000000000000000 ) ) ;
#6276 = EDGE_LOOP ( 'NONE', ( #6445, #7021, #7004, #6386, #148 ) ) ;
#6277 = EDGE_LOOP ( 'NONE', ( #3408, #1347, #7732, #734, #2991, #6130, #7163, #11192 ) ) ;
#6278 = COLOUR_RGB ( '',0.9686274509803921573, 0.8784313725490195957, 0.5999999999999999778 ) ;
#6279 = CYLINDRICAL_SURFACE ( 'NONE', #8931, 0.2999999999999999334 ) ;
#6280 = AXIS2_PLACEMENT_3D ( 'NONE', #3413, #11757, #7293 ) ;
#6281 = FACE_BOUND ( 'NONE', #3887, .T. ) ;
#6282 = UNCERTAINTY_MEASURE_WITH_UNIT (LENGTH_MEASURE( 1.000000000000000082E-05 ), #8459, 'distance_accuracy_value', 'NONE');
#6283 = STYLED_ITEM ( 'NONE', ( #3854 ), #11681 ) ;
#6284 = CARTESIAN_POINT ( 'NONE',  ( -4.169999999999999929, 7.040192378864668754, 0.0000000000000000000 ) ) ;
#6285 = CARTESIAN_POINT ( 'NONE',  ( 4.069999999999999396, 1.249999999999999334, 1.504999999999999449 ) ) ;
#6286 = ORIENTED_EDGE ( 'NONE', *, *, #11226, .T. ) ;
#6287 = CARTESIAN_POINT ( 'NONE',  ( -1.599999999999999867, -0.5999999999999995337, 1.304999999999999494 ) ) ;
#6288 = EDGE_LOOP ( 'NONE', ( #11265, #6785, #11652, #1239 ) ) ;
#6289 = LINE ( 'NONE', #1563, #4493 ) ;
#6290 = VECTOR ( 'NONE', #10233, 1000.000000000000000 ) ;
#6291 = SURFACE_STYLE_FILL_AREA ( #3405 ) ;
#6292 = ADVANCED_FACE ( 'NONE', ( #873 ), #3589, .F. ) ;
#6293 = EDGE_CURVE ( 'NONE', #8980, #9291, #12305, .T. ) ;
#6294 = DIRECTION ( 'NONE',  ( -0.0000000000000000000, 0.0000000000000000000, -1.000000000000000000 ) ) ;
#6295 = CARTESIAN_POINT ( 'NONE',  ( 4.169999999999999929, 5.100000000000000533, 0.1250000000000000000 ) ) ;
#6296 = ORIENTED_EDGE ( 'NONE', *, *, #9047, .T. ) ;
#6297 = LINE ( 'NONE', #9411, #6399 ) ;
#6298 = ORIENTED_EDGE ( 'NONE', *, *, #10773, .F. ) ;
#6299 = CARTESIAN_POINT ( 'NONE',  ( 1.869999999999999885, 0.8499999999999992006, 1.563578643762689513 ) ) ;
#6300 = CARTESIAN_POINT ( 'NONE',  ( 3.549999999999999822, -0.5999999999999993117, 1.604999999999999760 ) ) ;
#6301 = ORIENTED_EDGE ( 'NONE', *, *, #9668, .F. ) ;
#6302 = EDGE_CURVE ( 'NONE', #4587, #7694, #10441, .T. ) ;
#6303 = FILL_AREA_STYLE_COLOUR ( '', #8061 ) ;
#6304 = FACE_OUTER_BOUND ( 'NONE', #10727, .T. ) ;
#6305 = FACE_OUTER_BOUND ( 'NONE', #11530, .T. ) ;
#6306 =( LENGTH_UNIT ( ) NAMED_UNIT ( * ) SI_UNIT ( .MILLI., .METRE. ) );
#6307 = FACE_OUTER_BOUND ( 'NONE', #8602, .T. ) ;
#6308 = ADVANCED_FACE ( 'NONE', ( #3068 ), #3124, .T. ) ;
#6309 = VECTOR ( 'NONE', #3307, 1000.000000000000000 ) ;
#6310 = ORIENTED_EDGE ( 'NONE', *, *, #6541, .T. ) ;
#6311 = CARTESIAN_POINT ( 'NONE',  ( 3.219999999999999751, 2.032879073410320814E-17, -1.205000000000000737 ) ) ;
#6312 = VERTEX_POINT ( 'NONE', #6761 ) ;
#6313 =( BOUNDED_SURFACE ( )  B_SPLINE_SURFACE ( 3, 3, ( 
 ( #7684, #3884, #2590, #3518 ),
 ( #12109, #7394, #7629, #11466 ),
 ( #85, #11187, #11405, #1899 ),
 ( #2930, #6743, #9559, #2873 ) ),
 .UNSPECIFIED., .F., .F., .T. ) 
 B_SPLINE_SURFACE_WITH_KNOTS ( ( 4, 4 ),
 ( 4, 4 ),
 ( 0.0000000000000000000, 1.000000000000000000 ),
 ( 0.0000000000000000000, 1.000000000000000000 ),
 .UNSPECIFIED. ) 
 GEOMETRIC_REPRESENTATION_ITEM ( )  RATIONAL_B_SPLINE_SURFACE ( (
 ( 1.000000000000000000, 0.8047378541243649375, 0.8047378541243649375, 1.000000000000000000),
 ( 0.8047378541243649375, 0.6476030138606876374, 0.6476030138606876374, 0.8047378541243649375),
 ( 0.8047378541243649375, 0.6476030138606876374, 0.6476030138606876374, 0.8047378541243649375),
 ( 1.000000000000000000, 0.8047378541243649375, 0.8047378541243649375, 1.000000000000000000) ) ) 
 REPRESENTATION_ITEM ( '' )  SURFACE ( )  );
#6314 = VECTOR ( 'NONE', #12194, 1000.000000000000000 ) ;
#6315 = DIRECTION ( 'NONE',  ( -0.0000000000000000000, 0.0000000000000000000, 1.000000000000000000 ) ) ;
#6316 = CARTESIAN_POINT ( 'NONE',  ( 1.850000000000000089, 5.787332622142036698, -0.3750000000000000000 ) ) ;
#6317 = ORIENTED_EDGE ( 'NONE', *, *, #4346, .T. ) ;
#6318 = CARTESIAN_POINT ( 'NONE',  ( 0.9504466088465206575, 2.599999999999997424, 1.604999999999999760 ) ) ;
#6319 = ADVANCED_FACE ( 'NONE', ( #4840 ), #8639, .T. ) ;
#6320 = DIRECTION ( 'NONE',  ( -0.0000000000000000000, 0.0000000000000000000, 1.000000000000000000 ) ) ;
#6321 = CARTESIAN_POINT ( 'NONE',  ( 1.149999999999999911, 5.787332622142043803, -0.3750000000000000000 ) ) ;
#6322 = CARTESIAN_POINT ( 'NONE',  ( -1.869999999999999662, 0.7500000000000002220, 1.604999999999999538 ) ) ;
#6323 = ORIENTED_EDGE ( 'NONE', *, *, #837, .T. ) ;
#6324 = CARTESIAN_POINT ( 'NONE',  ( 4.169999999999999929, 4.599999999999999645, 2.295000000000000817 ) ) ;
#6325 = CARTESIAN_POINT ( 'NONE',  ( 3.350000000000000977, 4.999999999999995559, -0.1000000000000000056 ) ) ;
#6326 = VECTOR ( 'NONE', #6592, 1000.000000000000000 ) ;
#6327 = VERTEX_POINT ( 'NONE', #5966 ) ;
#6328 = VERTEX_POINT ( 'NONE', #2158 ) ;
#6329 = CARTESIAN_POINT ( 'NONE',  ( -3.219999999999999751, 1.899999999999999911, 0.3549999999999994271 ) ) ;
#6330 = EDGE_CURVE ( 'NONE', #11176, #3018, #10494, .T. ) ;
#6331 = DIRECTION ( 'NONE',  ( 0.0000000000000000000, 0.7071067811865536790, -0.7071067811865414665 ) ) ;
#6332 = ORIENTED_EDGE ( 'NONE', *, *, #7519, .F. ) ;
#6333 = AXIS2_PLACEMENT_3D ( 'NONE', #10514, #9312, #8543 ) ;
#6334 = CARTESIAN_POINT ( 'NONE',  ( 0.8999999999999999112, -0.5999999999999995337, 1.304999999999999494 ) ) ;
#6335 = FACE_OUTER_BOUND ( 'NONE', #1879, .T. ) ;
#6336 = CARTESIAN_POINT ( 'NONE',  ( 3.219999999999999751, 7.040192378879820190, -1.304999999994453042 ) ) ;
#6337 = ORIENTED_EDGE ( 'NONE', *, *, #10016, .F. ) ;
#6338 = VERTEX_POINT ( 'NONE', #9823 ) ;
#6339 = EDGE_LOOP ( 'NONE', ( #583, #8726, #590, #1889 ) ) ;
#6340 = VECTOR ( 'NONE', #11261, 1000.000000000000000 ) ;
#6341 = LINE ( 'NONE', #8964, #8116 ) ;
#6342 = LINE ( 'NONE', #3710, #5319 ) ;
#6343 = PLANE ( 'NONE',  #6396 ) ;
#6344 = EDGE_LOOP ( 'NONE', ( #4752, #2045, #701, #6666 ) ) ;
#6345 = VERTEX_POINT ( 'NONE', #8826 ) ;
#6346 = CARTESIAN_POINT ( 'NONE',  ( 2.050446608846518082, 2.499999999999999556, -1.305000000000001048 ) ) ;
#6347 = DIRECTION ( 'NONE',  ( 0.0000000000000000000, -1.000000000000000000, 0.0000000000000000000 ) ) ;
#6348 = AXIS2_PLACEMENT_3D ( 'NONE', #4392, #7484, #11962 ) ;
#6349 = CARTESIAN_POINT ( 'NONE',  ( 3.549999999999999822, 0.1000000000000000056, 1.504999999999999449 ) ) ;
#6350 = CARTESIAN_POINT ( 'NONE',  ( 0.8999999999999998002, 0.4000000000000001887, 1.604999999999999760 ) ) ;
#6351 = ORIENTED_EDGE ( 'NONE', *, *, #9797, .T. ) ;
#6352 = DIRECTION ( 'NONE',  ( -1.244625060509296168E-16, -1.000000000000000000, 0.0000000000000000000 ) ) ;
#6353 = ORIENTED_EDGE ( 'NONE', *, *, #10335, .T. ) ;
#6354 = CARTESIAN_POINT ( 'NONE',  ( -1.500000000000000000, 5.787332622142050909, 0.3750000000000000000 ) ) ;
#6355 = VERTEX_POINT ( 'NONE', #4951 ) ;
#6356 = CARTESIAN_POINT ( 'NONE',  ( 2.069999999999999840, 0.9499999999999998446, 1.604999999999999538 ) ) ;
#6357 = ORIENTED_EDGE ( 'NONE', *, *, #219, .F. ) ;
#6358 = FILL_AREA_STYLE ('',( #817 ) ) ;
#6359 = AXIS2_PLACEMENT_3D ( 'NONE', #10932, #6275, #10064 ) ;
#6360 = EDGE_CURVE ( 'NONE', #7375, #2412, #1970, .T. ) ;
#6361 = CARTESIAN_POINT ( 'NONE',  ( -1.750000000000000222, 0.0000000000000000000, 0.1000000000000000056 ) ) ;
#6362 = VERTEX_POINT ( 'NONE', #6029 ) ;
#6363 = CARTESIAN_POINT ( 'NONE',  ( 1.050446608846518304, 1.999999999999999112, 1.505000000000000115 ) ) ;
#6364 = CARTESIAN_POINT ( 'NONE',  ( 1.969999999999999973, 3.449999999999999734, 1.604999999999999760 ) ) ;
#6365 = DIRECTION ( 'NONE',  ( -0.0000000000000000000, 1.000000000000000000, -0.0000000000000000000 ) ) ;
#6366 = FILL_AREA_STYLE ('',( #3545 ) ) ;
#6367 = AXIS2_PLACEMENT_3D ( 'NONE', #3624, #911, #10301 ) ;
#6368 = PLANE ( 'NONE',  #6189 ) ;
#6369 = DIRECTION ( 'NONE',  ( 1.000000000000000000, 0.0000000000000000000, 0.0000000000000000000 ) ) ;
#6370 = VERTEX_POINT ( 'NONE', #1115 ) ;
#6371 = EDGE_CURVE ( 'NONE', #11500, #5238, #3267, .T. ) ;
#6372 = EDGE_CURVE ( 'NONE', #1997, #3534, #3903, .T. ) ;
#6373 = CARTESIAN_POINT ( 'NONE',  ( -1.099999999999999867, 0.4000000000000002998, 1.604999999999999760 ) ) ;
#6374 = AXIS2_PLACEMENT_3D ( 'NONE', #1545, #6390, #8124 ) ;
#6375 = DIRECTION ( 'NONE',  ( -0.0000000000000000000, 1.000000000000000000, 0.0000000000000000000 ) ) ;
#6376 = CARTESIAN_POINT ( 'NONE',  ( 1.050446608846517860, 2.499999999999999556, -1.505000000000002780 ) ) ;
#6377 = VERTEX_POINT ( 'NONE', #7819 ) ;
#6378 = DIRECTION ( 'NONE',  ( -1.000000000000000000, 0.0000000000000000000, -0.0000000000000000000 ) ) ;
#6379 =( GEOMETRIC_REPRESENTATION_CONTEXT ( 3 ) GLOBAL_UNCERTAINTY_ASSIGNED_CONTEXT ( ( #6892 ) ) GLOBAL_UNIT_ASSIGNED_CONTEXT ( ( #5272, #3262, #9883 ) ) REPRESENTATION_CONTEXT ( 'NONE', 'WORKASPACE' ) );
#6380 = LINE ( 'NONE', #1832, #8434 ) ;
#6381 = CARTESIAN_POINT ( 'NONE',  ( -2.011421356237308888, 0.9500000000000003997, 1.604999999999999538 ) ) ;
#6382 = ORIENTED_EDGE ( 'NONE', *, *, #10184, .F. ) ;
#6383 = DIRECTION ( 'NONE',  ( 0.0000000000000000000, 1.000000000000000000, 0.0000000000000000000 ) ) ;
#6384 = VECTOR ( 'NONE', #86, 1000.000000000000114 ) ;
#6385 = ORIENTED_EDGE ( 'NONE', *, *, #10253, .F. ) ;
#6386 = ORIENTED_EDGE ( 'NONE', *, *, #9908, .F. ) ;
#6387 = EDGE_CURVE ( 'NONE', #9032, #10278, #6935, .T. ) ;
#6388 = CIRCLE ( 'NONE', #5991, 0.1499999999999999944 ) ;
#6389 = ADVANCED_FACE ( 'NONE', ( #10552 ), #7702, .T. ) ;
#6390 = DIRECTION ( 'NONE',  ( 0.0000000000000000000, 0.0000000000000000000, 1.000000000000000000 ) ) ;
#6391 = APPLICATION_CONTEXT ( 'automotive_design' ) ;
#6392 = CYLINDRICAL_SURFACE ( 'NONE', #7188, 0.1000000000000000472 ) ;
#6393 = FACE_OUTER_BOUND ( 'NONE', #11037, .T. ) ;
#6394 = VERTEX_POINT ( 'NONE', #8707 ) ;
#6395 = CARTESIAN_POINT ( 'NONE',  ( -3.545420610376421422, 0.0000000000000000000, -1.140346727228322088 ) ) ;
#6396 = AXIS2_PLACEMENT_3D ( 'NONE', #681, #11066, #6525 ) ;
#6397 =( NAMED_UNIT ( * ) SI_UNIT ( $, .STERADIAN. ) SOLID_ANGLE_UNIT ( ) );
#6398 = ORIENTED_EDGE ( 'NONE', *, *, #1053, .F. ) ;
#6399 = VECTOR ( 'NONE', #3662, 1000.000000000000000 ) ;
#6400 = CARTESIAN_POINT ( 'NONE',  ( -4.169999999999999929, 4.299999999999999822, 1.904999999999999361 ) ) ;
#6401 = FACE_OUTER_BOUND ( 'NONE', #1450, .T. ) ;
#6402 = CARTESIAN_POINT ( 'NONE',  ( 3.219999999999999751, 7.299999999999999822, 1.604999999999999760 ) ) ;
#6403 = EDGE_CURVE ( 'NONE', #145, #878, #5878, .T. ) ;
#6404 = ORIENTED_EDGE ( 'NONE', *, *, #11528, .T. ) ;
#6405 = ORIENTED_EDGE ( 'NONE', *, *, #6169, .T. ) ;
#6406 = ORIENTED_EDGE ( 'NONE', *, *, #8664, .F. ) ;
#6407 = DIRECTION ( 'NONE',  ( 0.0000000000000000000, 0.0000000000000000000, -1.000000000000000000 ) ) ;
#6408 = AXIS2_PLACEMENT_3D ( 'NONE', #2141, #1222, #5243 ) ;
#6409 = DIRECTION ( 'NONE',  ( -1.000000000000000000, 0.0000000000000000000, 3.367087492191007655E-17 ) ) ;
#6410 = AXIS2_PLACEMENT_3D ( 'NONE', #931, #8568, #5644 ) ;
#6411 = ORIENTED_EDGE ( 'NONE', *, *, #5992, .T. ) ;
#6412 = LINE ( 'NONE', #805, #8060 ) ;
#6413 = VECTOR ( 'NONE', #3541, 1000.000000000000000 ) ;
#6414 = CARTESIAN_POINT ( 'NONE',  ( 1.969999999999999973, 0.8499999999999998668, 1.304999999999999494 ) ) ;
#6415 = LINE ( 'NONE', #2536, #11837 ) ;
#6416 = CARTESIAN_POINT ( 'NONE',  ( -1.099999999999999867, -0.5999999999999995337, 1.604999999999999760 ) ) ;
#6417 = DIRECTION ( 'NONE',  ( 0.0000000000000000000, -0.0000000000000000000, -1.000000000000000000 ) ) ;
#6418 = ORIENTED_EDGE ( 'NONE', *, *, #4557, .T. ) ;
#6419 = CIRCLE ( 'NONE', #1051, 0.1499999999999999667 ) ;
#6420 = CARTESIAN_POINT ( 'NONE',  ( -0.3999999999999996891, 0.4000000000000002998, 1.304999999999999494 ) ) ;
#6421 = DIRECTION ( 'NONE',  ( -0.7071067811865463515, -0.7071067811865487940, 0.0000000000000000000 ) ) ;
#6422 = ORIENTED_EDGE ( 'NONE', *, *, #4163, .T. ) ;
#6423 = PLANE ( 'NONE',  #4281 ) ;
#6424 = ORIENTED_EDGE ( 'NONE', *, *, #7278, .T. ) ;
#6425 = DIRECTION ( 'NONE',  ( 1.000000000000000000, 0.0000000000000000000, 0.0000000000000000000 ) ) ;
#6426 =( GEOMETRIC_REPRESENTATION_CONTEXT ( 3 ) GLOBAL_UNCERTAINTY_ASSIGNED_CONTEXT ( ( #2418 ) ) GLOBAL_UNIT_ASSIGNED_CONTEXT ( ( #11382, #62, #3855 ) ) REPRESENTATION_CONTEXT ( 'NONE', 'WORKASPACE' ) );
#6427 = CARTESIAN_POINT ( 'NONE',  ( -0.3999999999999997446, 0.0000000000000000000, 1.504999999999999449 ) ) ;
#6428 = CARTESIAN_POINT ( 'NONE',  ( 1.599999999999999867, 0.4000000000000003553, 1.304999999999999494 ) ) ;
#6429 = ORIENTED_EDGE ( 'NONE', *, *, #988, .F. ) ;
#6430 = ADVANCED_FACE ( 'NONE', ( #2032 ), #10630, .T. ) ;
#6431 = DIRECTION ( 'NONE',  ( 0.0000000000000000000, -1.000000000000000000, -9.582220501765203653E-13 ) ) ;
#6432 = VERTEX_POINT ( 'NONE', #7761 ) ;
#6433 = CARTESIAN_POINT ( 'NONE',  ( 2.149999999999999467, 2.302902790585044546, -0.3750000000000000000 ) ) ;
#6434 = DIRECTION ( 'NONE',  ( 0.0000000000000000000, 0.0000000000000000000, 1.000000000000000000 ) ) ;
#6435 = CARTESIAN_POINT ( 'NONE',  ( 3.250000000000002220, 2.000000000000000000, 0.3499999999999999223 ) ) ;
#6436 = DIRECTION ( 'NONE',  ( -0.0000000000000000000, -1.000000000000000000, -0.0000000000000000000 ) ) ;
#6437 = ORIENTED_EDGE ( 'NONE', *, *, #1834, .F. ) ;
#6438 = PLANE ( 'NONE',  #9110 ) ;
#6439 = DIRECTION ( 'NONE',  ( -1.000000000000000000, 0.0000000000000000000, 0.0000000000000000000 ) ) ;
#6440 = CARTESIAN_POINT ( 'NONE',  ( -1.969999999999999085, 0.9500000000000003997, 1.563578643762689957 ) ) ;
#6441 = ORIENTED_EDGE ( 'NONE', *, *, #366, .T. ) ;
#6442 = EDGE_CURVE ( 'NONE', #4429, #4354, #292, .T. ) ;
#6443 = CARTESIAN_POINT ( 'NONE',  ( -1.000000000000000000, 5.787332622142050909, 0.3750000000000000000 ) ) ;
#6444 = ORIENTED_EDGE ( 'NONE', *, *, #6403, .T. ) ;
#6445 = ORIENTED_EDGE ( 'NONE', *, *, #3131, .F. ) ;
#6446 = CIRCLE ( 'NONE', #2463, 0.1499999999999999667 ) ;
#6447 = CARTESIAN_POINT ( 'NONE',  ( 3.219999999999999751, 0.1000000000000000056, 1.504999999999999449 ) ) ;
#6448 = CARTESIAN_POINT ( 'NONE',  ( 2.949999999999999734, -0.5999999999999993117, 1.604999999999999760 ) ) ;
#6449 = ORIENTED_EDGE ( 'NONE', *, *, #3454, .F. ) ;
#6450 = CARTESIAN_POINT ( 'NONE',  ( -3.625699899238179924, -0.0000000000000000000, -1.103039948762126743 ) ) ;
#6451 = EDGE_CURVE ( 'NONE', #2484, #6461, #4093, .T. ) ;
#6452 =( BOUNDED_CURVE ( )  B_SPLINE_CURVE ( 3, ( #7649, #361, #7823, #1245 ),
 .UNSPECIFIED., .F., .T. ) 
 B_SPLINE_CURVE_WITH_KNOTS ( ( 4, 4 ),
 ( 0.0000000000000000000, 1.000000000000000000 ),
 .UNSPECIFIED. ) 
 CURVE ( )  GEOMETRIC_REPRESENTATION_ITEM ( )  RATIONAL_B_SPLINE_CURVE ( ( 1.000000000000000000, 0.8047378541243649375, 0.8047378541243649375, 1.000000000000000000 ) ) 
 REPRESENTATION_ITEM ( '' )  );
#6453 = DIRECTION ( 'NONE',  ( -0.0000000000000000000, 0.0000000000000000000, 1.000000000000000000 ) ) ;
#6454 = PLANE ( 'NONE',  #1876 ) ;
#6455 = ADVANCED_FACE ( 'NONE', ( #11536 ), #1119, .F. ) ;
#6456 = EDGE_CURVE ( 'NONE', #8152, #7701, #1653, .T. ) ;
#6457 = FACE_OUTER_BOUND ( 'NONE', #9182, .T. ) ;
#6458 = DIRECTION ( 'NONE',  ( 0.0000000000000000000, 1.000000000000000000, -0.0000000000000000000 ) ) ;
#6459 = CARTESIAN_POINT ( 'NONE',  ( -1.099999999999999867, -0.5999999999999995337, 1.304999999999999494 ) ) ;
#6460 = VECTOR ( 'NONE', #2018, 1000.000000000000000 ) ;
#6461 = VERTEX_POINT ( 'NONE', #6999 ) ;
#6462 = ORIENTED_EDGE ( 'NONE', *, *, #7801, .F. ) ;
#6463 = VERTEX_POINT ( 'NONE', #11162 ) ;
#6464 = CARTESIAN_POINT ( 'NONE',  ( -4.169999999997475726, 7.040192378879820190, 0.3549999999999996492 ) ) ;
#6465 = DIRECTION ( 'NONE',  ( 0.0000000000000000000, 1.000000000000000000, 0.0000000000000000000 ) ) ;
#6466 = AXIS2_PLACEMENT_3D ( 'NONE', #9655, #7773, #1130 ) ;
#6467 = VECTOR ( 'NONE', #7953, 1000.000000000000000 ) ;
#6468 = AXIS2_PLACEMENT_3D ( 'NONE', #11551, #8724, #7017 ) ;
#6469 = CIRCLE ( 'NONE', #10242, 0.1499999999999999944 ) ;
#6470 = ORIENTED_EDGE ( 'NONE', *, *, #11884, .F. ) ;
#6471 = EDGE_CURVE ( 'NONE', #1291, #6766, #651, .T. ) ;
#6472 = DIRECTION ( 'NONE',  ( 0.0000000000000000000, -1.000000000000000000, 0.0000000000000000000 ) ) ;
#6473 = DIRECTION ( 'NONE',  ( 0.0000000000000000000, 0.0000000000000000000, -1.000000000000000000 ) ) ;
#6474 = EDGE_CURVE ( 'NONE', #2429, #7991, #4390, .T. ) ;
#6475 = LINE ( 'NONE', #5723, #8632 ) ;
#6476 = AXIS2_PLACEMENT_3D ( 'NONE', #6529, #6472, #3715 ) ;
#6477 = ORIENTED_EDGE ( 'NONE', *, *, #4862, .F. ) ;
#6478 = VECTOR ( 'NONE', #4968, 1000.000000000000000 ) ;
#6479 = VECTOR ( 'NONE', #10647, 1000.000000000000000 ) ;
#6480 = CYLINDRICAL_SURFACE ( 'NONE', #4556, 0.1000000000000000472 ) ;
#6481 = ORIENTED_EDGE ( 'NONE', *, *, #1175, .T. ) ;
#6482 = VERTEX_POINT ( 'NONE', #8896 ) ;
#6483 = VECTOR ( 'NONE', #3158, 1000.000000000000000 ) ;
#6484 = EDGE_CURVE ( 'NONE', #6394, #8974, #11432, .T. ) ;
#6485 = CARTESIAN_POINT ( 'NONE',  ( -2.949999999999999734, 0.4000000000000004663, 1.304999999999999494 ) ) ;
#6486 = AXIS2_PLACEMENT_3D ( 'NONE', #5263, #8312, #5325 ) ;
#6487 = CARTESIAN_POINT ( 'NONE',  ( -2.000000000000000000, 5.787332622142050909, 0.3750000000000000000 ) ) ;
#6488 = FILL_AREA_STYLE_COLOUR ( '', #10194 ) ;
#6489 = DIRECTION ( 'NONE',  ( -1.000000000000000000, -0.0000000000000000000, -0.0000000000000000000 ) ) ;
#6490 = CARTESIAN_POINT ( 'NONE',  ( 4.169999999999999929, 0.0000000000000000000, 0.0000000000000000000 ) ) ;
#6491 = VERTEX_POINT ( 'NONE', #10805 ) ;
#6492 = DIRECTION ( 'NONE',  ( 0.0000000000000000000, 0.0000000000000000000, -1.000000000000000000 ) ) ;
#6493 = ORIENTED_EDGE ( 'NONE', *, *, #4844, .T. ) ;
#6494 = VECTOR ( 'NONE', #11873, 1000.000000000000000 ) ;
#6495 = CARTESIAN_POINT ( 'NONE',  ( -2.000000000000000000, 5.787332622142050909, -0.3750000000000000000 ) ) ;
#6496 = EDGE_LOOP ( 'NONE', ( #8429, #10651, #743, #8154 ) ) ;
#6497 = CARTESIAN_POINT ( 'NONE',  ( -4.469999999999999751, 2.599999999999997424, 1.604999999999999760 ) ) ;
#6498 = EDGE_CURVE ( 'NONE', #10278, #11050, #2630, .T. ) ;
#6499 = CARTESIAN_POINT ( 'NONE',  ( 2.750000000000000888, 0.1000000000000001305, 1.604999999999999760 ) ) ;
#6500 = DIRECTION ( 'NONE',  ( 0.0000000000000000000, 1.000000000000000000, 0.0000000000000000000 ) ) ;
#6501 = ORIENTED_EDGE ( 'NONE', *, *, #9815, .F. ) ;
#6502 = CARTESIAN_POINT ( 'NONE',  ( -4.469999999999999751, 0.7500000000000000000, 2.595000000000000195 ) ) ;
#6503 = DIRECTION ( 'NONE',  ( 1.000000000000000000, -0.0000000000000000000, -3.367087492191007655E-17 ) ) ;
#6504 = ORIENTED_EDGE ( 'NONE', *, *, #5179, .F. ) ;
#6505 = CARTESIAN_POINT ( 'NONE',  ( -4.469999999999999751, 5.350000000000000533, 0.0000000000000000000 ) ) ;
#6506 = DIRECTION ( 'NONE',  ( -1.000000000000000000, -0.0000000000000000000, -0.0000000000000000000 ) ) ;
#6507 = ORIENTED_EDGE ( 'NONE', *, *, #9463, .T. ) ;
#6508 = EDGE_LOOP ( 'NONE', ( #11846, #7941, #5018, #11414 ) ) ;
#6509 = VECTOR ( 'NONE', #2607, 1000.000000000000000 ) ;
#6510 = CARTESIAN_POINT ( 'NONE',  ( 2.050446608846518526, 2.499999999999999556, -1.505000000000002780 ) ) ;
#6511 = FACE_OUTER_BOUND ( 'NONE', #11534, .T. ) ;
#6512 = EDGE_CURVE ( 'NONE', #1737, #9151, #5077, .T. ) ;
#6513 = ADVANCED_FACE ( 'NONE', ( #8178 ), #1718, .T. ) ;
#6514 = ORIENTED_EDGE ( 'NONE', *, *, #3494, .T. ) ;
#6515 = FACE_OUTER_BOUND ( 'NONE', #9620, .T. ) ;
#6516 = FACE_OUTER_BOUND ( 'NONE', #3650, .T. ) ;
#6517 = VECTOR ( 'NONE', #5335, 1000.000000000000000 ) ;
#6518 = ORIENTED_EDGE ( 'NONE', *, *, #11139, .F. ) ;
#6519 = CARTESIAN_POINT ( 'NONE',  ( -3.250000000000001332, 4.999999999999995559, -0.09999999999999999167 ) ) ;
#6520 = ORIENTED_EDGE ( 'NONE', *, *, #6372, .T. ) ;
#6521 = ORIENTED_EDGE ( 'NONE', *, *, #10999, .F. ) ;
#6522 = ORIENTED_EDGE ( 'NONE', *, *, #12217, .F. ) ;
#6523 = ADVANCED_FACE ( 'NONE', ( #9879 ), #7434, .F. ) ;
#6524 = CARTESIAN_POINT ( 'NONE',  ( -4.169999999999999929, 5.100000000000000533, 0.1250000000000000000 ) ) ;
#6525 = DIRECTION ( 'NONE',  ( 0.0000000000000000000, 0.0000000000000000000, -1.000000000000000000 ) ) ;
#6526 = EDGE_CURVE ( 'NONE', #12089, #201, #359, .T. ) ;
#6527 = ADVANCED_FACE ( 'NONE', ( #970 ), #2000, .F. ) ;
#6528 = ORIENTED_EDGE ( 'NONE', *, *, #9514, .F. ) ;
#6529 = CARTESIAN_POINT ( 'NONE',  ( 3.219999999999999751, 0.0000000000000000000, -0.3550000000000007039 ) ) ;
#6530 = FACE_OUTER_BOUND ( 'NONE', #3756, .T. ) ;
#6531 = LINE ( 'NONE', #12185, #6832 ) ;
#6532 = CARTESIAN_POINT ( 'NONE',  ( 3.862435962558653291, -0.0000000000000000000, -0.9146979802263993653 ) ) ;
#6533 = DIRECTION ( 'NONE',  ( 1.000000000000000000, 0.0000000000000000000, 0.0000000000000000000 ) ) ;
#6534 = VECTOR ( 'NONE', #5481, 1000.000000000000000 ) ;
#6535 = EDGE_LOOP ( 'NONE', ( #7682, #9424, #6623, #3931, #9265, #398, #804, #10105 ) ) ;
#6536 = CARTESIAN_POINT ( 'NONE',  ( 0.0000000000000000000, 0.4000000000000003553, 1.304999999999999494 ) ) ;
#6537 = ORIENTED_EDGE ( 'NONE', *, *, #9668, .T. ) ;
#6538 = EDGE_CURVE ( 'NONE', #1944, #4379, #3888, .T. ) ;
#6539 = PLANE ( 'NONE',  #11880 ) ;
#6540 = ORIENTED_EDGE ( 'NONE', *, *, #9262, .F. ) ;
#6541 = EDGE_CURVE ( 'NONE', #11527, #2240, #6669, .T. ) ;
#6542 = AXIS2_PLACEMENT_3D ( 'NONE', #11430, #7523, #5595 ) ;
#6543 = AXIS2_PLACEMENT_3D ( 'NONE', #9900, #8090, #4178 ) ;
#6544 = ORIENTED_EDGE ( 'NONE', *, *, #2333, .T. ) ;
#6545 = LINE ( 'NONE', #8594, #648 ) ;
#6546 = CARTESIAN_POINT ( 'NONE',  ( 0.0000000000000000000, 0.0000000000000000000, 1.304999999999999494 ) ) ;
#6547 = FACE_OUTER_BOUND ( 'NONE', #10592, .T. ) ;
#6548 = CARTESIAN_POINT ( 'NONE',  ( 3.219999999999999751, 7.299999999999999822, 1.604999999999999760 ) ) ;
#6549 = CARTESIAN_POINT ( 'NONE',  ( 0.0000000000000000000, 0.0000000000000000000, 0.0000000000000000000 ) ) ;
#6550 = ORIENTED_EDGE ( 'NONE', *, *, #5749, .T. ) ;
#6551 = DIRECTION ( 'NONE',  ( -1.000000000000000000, -0.0000000000000000000, -0.0000000000000000000 ) ) ;
#6552 = AXIS2_PLACEMENT_3D ( 'NONE', #4970, #8783, #1387 ) ;
#6553 = EDGE_CURVE ( 'NONE', #5171, #3056, #2746, .T. ) ;
#6554 = FACE_OUTER_BOUND ( 'NONE', #11850, .T. ) ;
#6555 = ORIENTED_EDGE ( 'NONE', *, *, #7519, .T. ) ;
#6556 = DIRECTION ( 'NONE',  ( -0.0000000000000000000, -1.000000000000000000, -0.0000000000000000000 ) ) ;
#6557 = LINE ( 'NONE', #6675, #7666 ) ;
#6558 = DIRECTION ( 'NONE',  ( 0.0000000000000000000, 0.0000000000000000000, -1.000000000000000000 ) ) ;
#6559 = ORIENTED_EDGE ( 'NONE', *, *, #5635, .T. ) ;
#6560 =( NAMED_UNIT ( * ) PLANE_ANGLE_UNIT ( ) SI_UNIT ( $, .RADIAN. ) );
#6561 = AXIS2_PLACEMENT_3D ( 'NONE', #8320, #12106, #3579 ) ;
#6562 = DIRECTION ( 'NONE',  ( -1.000000000000000000, 0.0000000000000000000, 0.0000000000000000000 ) ) ;
#6563 = DIRECTION ( 'NONE',  ( 0.0000000000000000000, 0.0000000000000000000, 1.000000000000000000 ) ) ;
#6564 = ORIENTED_EDGE ( 'NONE', *, *, #10184, .T. ) ;
#6565 = ORIENTED_EDGE ( 'NONE', *, *, #10757, .F. ) ;
#6566 = ORIENTED_EDGE ( 'NONE', *, *, #4273, .F. ) ;
#6567 = VECTOR ( 'NONE', #10680, 1000.000000000000000 ) ;
#6568 = LINE ( 'NONE', #7563, #4804 ) ;
#6569 = ORIENTED_EDGE ( 'NONE', *, *, #1713, .T. ) ;
#6570 = DIRECTION ( 'NONE',  ( 0.0000000000000000000, 0.0000000000000000000, 1.000000000000000000 ) ) ;
#6571 = CIRCLE ( 'NONE', #7363, 1.250000000000000000 ) ;
#6572 = VERTEX_POINT ( 'NONE', #8679 ) ;
#6573 = VERTEX_POINT ( 'NONE', #8427 ) ;
#6574 = DIRECTION ( 'NONE',  ( 0.0000000000000000000, -0.0000000000000000000, -1.000000000000000000 ) ) ;
#6575 = ADVANCED_FACE ( 'NONE', ( #25 ), #10357, .F. ) ;
#6576 = SURFACE_STYLE_FILL_AREA ( #1170 ) ;
#6577 = VECTOR ( 'NONE', #4448, 1000.000000000000000 ) ;
#6578 = CARTESIAN_POINT ( 'NONE',  ( -1.987157287525380900, 1.391421356237308560, 1.305000000000000160 ) ) ;
#6579 = ORIENTED_EDGE ( 'NONE', *, *, #11916, .T. ) ;
#6580 = AXIS2_PLACEMENT_3D ( 'NONE', #2428, #8034, #8850 ) ;
#6581 = CARTESIAN_POINT ( 'NONE',  ( 1.500000000000000000, 5.787332622142040250, 0.3750000000000000000 ) ) ;
#6582 = SURFACE_STYLE_FILL_AREA ( #9346 ) ;
#6583 = LINE ( 'NONE', #944, #6615 ) ;
#6584 = CARTESIAN_POINT ( 'NONE',  ( 1.969999999999999973, 1.200000000000000178, 0.1499999999999999944 ) ) ;
#6585 = CARTESIAN_POINT ( 'NONE',  ( -2.069999999999999840, 1.449999999999999067, 1.304999999999999716 ) ) ;
#6586 = CIRCLE ( 'NONE', #6012, 0.1000000000000000472 ) ;
#6587 = ORIENTED_EDGE ( 'NONE', *, *, #8966, .F. ) ;
#6588 = ADVANCED_FACE ( 'NONE', ( #3933 ), #7734, .T. ) ;
#6589 = CARTESIAN_POINT ( 'NONE',  ( -1.500000000000000000, 5.787332622142050909, -0.3750000000000000000 ) ) ;
#6590 = ORIENTED_EDGE ( 'NONE', *, *, #12002, .F. ) ;
#6591 = VECTOR ( 'NONE', #10332, 1000.000000000000000 ) ;
#6592 = DIRECTION ( 'NONE',  ( 1.000000000000000000, 0.0000000000000000000, 0.0000000000000000000 ) ) ;
#6593 = CIRCLE ( 'NONE', #5176, 0.1000000000000002554 ) ;
#6594 = FACE_OUTER_BOUND ( 'NONE', #10654, .T. ) ;
#6595 = ORIENTED_EDGE ( 'NONE', *, *, #5950, .T. ) ;
#6596 = VECTOR ( 'NONE', #5117, 1000.000000000000000 ) ;
#6597 = DIRECTION ( 'NONE',  ( 0.0000000000000000000, 0.0000000000000000000, 1.000000000000000000 ) ) ;
#6598 = FILL_AREA_STYLE ('',( #1869 ) ) ;
#6599 = ADVANCED_FACE ( 'NONE', ( #12215 ), #4813, .T. ) ;
#6600 = DIRECTION ( 'NONE',  ( -0.0000000000000000000, -0.0000000000000000000, -1.000000000000000000 ) ) ;
#6601 = VECTOR ( 'NONE', #9173, 1000.000000000000000 ) ;
#6602 = LINE ( 'NONE', #1871, #3492 ) ;
#6603 = ORIENTED_EDGE ( 'NONE', *, *, #10206, .F. ) ;
#6604 = EDGE_CURVE ( 'NONE', #2586, #11698, #5746, .T. ) ;
#6605 = EDGE_CURVE ( 'NONE', #12032, #5523, #11507, .T. ) ;
#6606 = CARTESIAN_POINT ( 'NONE',  ( -4.170000000000000817, 1.958578643762691085, -0.3550000000000003153 ) ) ;
#6607 = ORIENTED_EDGE ( 'NONE', *, *, #10474, .F. ) ;
#6608 = CARTESIAN_POINT ( 'NONE',  ( 1.050446608846517860, 1.999999999999999556, -1.305000000000001048 ) ) ;
#6609 = MECHANICAL_DESIGN_GEOMETRIC_PRESENTATION_REPRESENTATION (  '', ( #5008 ), #4439 ) ;
#6610 = CARTESIAN_POINT ( 'NONE',  ( 4.169999999999999929, 1.402425641453266980, 0.4530795044341079936 ) ) ;
#6611 = DIRECTION ( 'NONE',  ( -0.0000000000000000000, 0.0000000000000000000, 1.000000000000000000 ) ) ;
#6612 = DIRECTION ( 'NONE',  ( -0.0000000000000000000, -1.000000000000000000, 0.0000000000000000000 ) ) ;
#6613 = VERTEX_POINT ( 'NONE', #2978 ) ;
#6614 = EDGE_CURVE ( 'NONE', #2367, #7745, #10298, .T. ) ;
#6615 = VECTOR ( 'NONE', #8523, 1000.000000000000000 ) ;
#6616 = DIRECTION ( 'NONE',  ( -0.7071067811865487940, -0.7071067811865463515, 0.0000000000000000000 ) ) ;
#6617 = ORIENTED_EDGE ( 'NONE', *, *, #1482, .F. ) ;
#6618 = ORIENTED_EDGE ( 'NONE', *, *, #11909, .T. ) ;
#6619 = EDGE_CURVE ( 'NONE', #9291, #7681, #7065, .T. ) ;
#6620 = CARTESIAN_POINT ( 'NONE',  ( -4.469999999999999751, 0.1000000000000002554, 1.604999999999999760 ) ) ;
#6621 = PRODUCT_DEFINITION_SHAPE ( 'NONE', 'NONE',  #1630 ) ;
#6622 = EDGE_LOOP ( 'NONE', ( #1436, #3993, #6208, #1836 ) ) ;
#6623 = ORIENTED_EDGE ( 'NONE', *, *, #8138, .F. ) ;
#6624 = DIRECTION ( 'NONE',  ( -1.000000000000000000, -0.0000000000000000000, -0.0000000000000000000 ) ) ;
#6625 = CARTESIAN_POINT ( 'NONE',  ( 0.9504466088465213236, 1.900000000000001465, 1.604999999999999760 ) ) ;
#6626 = AXIS2_PLACEMENT_3D ( 'NONE', #7804, #2145, #5952 ) ;
#6627 = ORIENTED_EDGE ( 'NONE', *, *, #7589, .T. ) ;
#6628 = LINE ( 'NONE', #7634, #11216 ) ;
#6629 = PLANE ( 'NONE',  #4645 ) ;
#6630 = CARTESIAN_POINT ( 'NONE',  ( 3.219999999999999751, 1.958578643762690197, 1.304999999999999716 ) ) ;
#6631 = ORIENTED_EDGE ( 'NONE', *, *, #7026, .F. ) ;
#6632 = DIRECTION ( 'NONE',  ( -1.000000000000000000, -1.100712865467517079E-16, 0.0000000000000000000 ) ) ;
#6633 = ORIENTED_EDGE ( 'NONE', *, *, #157, .T. ) ;
#6634 = AXIS2_PLACEMENT_3D ( 'NONE', #7435, #7314, #652 ) ;
#6635 = DIRECTION ( 'NONE',  ( -1.000000000000000000, -0.0000000000000000000, 0.0000000000000000000 ) ) ;
#6636 = ORIENTED_EDGE ( 'NONE', *, *, #10470, .T. ) ;
#6637 = EDGE_CURVE ( 'NONE', #4350, #2070, #7621, .T. ) ;
#6638 = VECTOR ( 'NONE', #4729, 1000.000000000000000 ) ;
#6639 = PRESENTATION_STYLE_ASSIGNMENT (( #1746 ) ) ;
#6640 = AXIS2_PLACEMENT_3D ( 'NONE', #7820, #2159, #5968 ) ;
#6641 = DIRECTION ( 'NONE',  ( 0.0000000000000000000, 0.0000000000000000000, -1.000000000000000000 ) ) ;
#6642 = DIRECTION ( 'NONE',  ( -0.0000000000000000000, -1.000000000000000000, -0.0000000000000000000 ) ) ;
#6643 = DIRECTION ( 'NONE',  ( 1.000000000000000000, -0.0000000000000000000, 0.0000000000000000000 ) ) ;
#6644 = FACE_OUTER_BOUND ( 'NONE', #3728, .T. ) ;
#6645 = ORIENTED_EDGE ( 'NONE', *, *, #11171, .T. ) ;
#6646 = CARTESIAN_POINT ( 'NONE',  ( 4.169999999999999929, 0.7500000000000000000, 2.295000000000000817 ) ) ;
#6647 = VECTOR ( 'NONE', #10031, 1000.000000000000000 ) ;
#6648 = DIRECTION ( 'NONE',  ( 0.0000000000000000000, 1.000000000000000000, 0.0000000000000000000 ) ) ;
#6649 = STYLED_ITEM ( 'NONE', ( #1310 ), #4604 ) ;
#6650 = VECTOR ( 'NONE', #2217, 1000.000000000000000 ) ;
#6651 = VECTOR ( 'NONE', #1225, 1000.000000000000000 ) ;
#6652 = CARTESIAN_POINT ( 'NONE',  ( 0.0000000000000000000, 0.3000000000000000444, 2.595000000000000639 ) ) ;
#6653 = ORIENTED_EDGE ( 'NONE', *, *, #7350, .F. ) ;
#6654 = CARTESIAN_POINT ( 'NONE',  ( -4.471000000000000973, 4.299999999999999822, 2.295000000000000817 ) ) ;
#6655 = ADVANCED_FACE ( 'NONE', ( #6678 ), #1943, .T. ) ;
#6656 = ADVANCED_FACE ( 'NONE', ( #78 ), #3874, .F. ) ;
#6657 = DIRECTION ( 'NONE',  ( 0.0000000000000000000, 0.0000000000000000000, 1.000000000000000000 ) ) ;
#6658 = VECTOR ( 'NONE', #10923, 1000.000000000000000 ) ;
#6659 =( NAMED_UNIT ( * ) PLANE_ANGLE_UNIT ( ) SI_UNIT ( $, .RADIAN. ) );
#6660 = CARTESIAN_POINT ( 'NONE',  ( -0.3999999999999996891, 0.4000000000000003553, 1.304999999999999494 ) ) ;
#6661 = COLOUR_RGB ( '',0.9686274509803921573, 0.8784313725490195957, 0.5999999999999999778 ) ;
#6662 = PLANE ( 'NONE',  #3345 ) ;
#6663 = AXIS2_PLACEMENT_3D ( 'NONE', #1939, #1022, #8609 ) ;
#6664 = CARTESIAN_POINT ( 'NONE',  ( 4.169999999999999929, 2.000000000000000000, 0.3549999999999996492 ) ) ;
#6665 = ORIENTED_EDGE ( 'NONE', *, *, #5308, .T. ) ;
#6666 = ORIENTED_EDGE ( 'NONE', *, *, #6955, .F. ) ;
#6667 = DIRECTION ( 'NONE',  ( -1.000000000000000000, 0.0000000000000000000, -0.0000000000000000000 ) ) ;
#6668 = ADVANCED_FACE ( 'NONE', ( #7034 ), #6793, .T. ) ;
#6669 = CIRCLE ( 'NONE', #8067, 0.2999999999999999334 ) ;
#6670 = AXIS2_PLACEMENT_3D ( 'NONE', #139, #2061, #7032 ) ;
#6671 = ORIENTED_EDGE ( 'NONE', *, *, #2364, .T. ) ;
#6672 = DIRECTION ( 'NONE',  ( 0.0000000000000000000, -0.0000000000000000000, -1.000000000000000000 ) ) ;
#6673 = EDGE_CURVE ( 'NONE', #2910, #2726, #8994, .T. ) ;
#6674 = EDGE_CURVE ( 'NONE', #980, #9917, #4194, .T. ) ;
#6675 = CARTESIAN_POINT ( 'NONE',  ( -1.399999999999999689, 0.0000000000000000000, 1.604999999999999760 ) ) ;
#6676 = FACE_OUTER_BOUND ( 'NONE', #7186, .T. ) ;
#6677 = VERTEX_POINT ( 'NONE', #4125 ) ;
#6678 = FACE_OUTER_BOUND ( 'NONE', #9181, .T. ) ;
#6679 = ORIENTED_EDGE ( 'NONE', *, *, #8590, .T. ) ;
#6680 = CARTESIAN_POINT ( 'NONE',  ( -2.069999999999999840, 1.349999999999999201, 1.563578643762689513 ) ) ;
#6681 = VECTOR ( 'NONE', #5638, 1000.000000000000000 ) ;
#6682 = PLANE ( 'NONE',  #11705 ) ;
#6683 = ORIENTED_EDGE ( 'NONE', *, *, #8664, .T. ) ;
#6684 = ORIENTED_EDGE ( 'NONE', *, *, #9112, .F. ) ;
#6685 = CARTESIAN_POINT ( 'NONE',  ( 3.219999999999999751, 0.0000000000000000000, -1.205000000000000959 ) ) ;
#6686 = EDGE_CURVE ( 'NONE', #8152, #3320, #10838, .T. ) ;
#6687 = CARTESIAN_POINT ( 'NONE',  ( 1.869999999999999885, 1.349999999999999867, 1.405000000000000027 ) ) ;
#6688 = AXIS2_PLACEMENT_3D ( 'NONE', #1500, #6180, #7214 ) ;
#6689 = CARTESIAN_POINT ( 'NONE',  ( -1.899999999999999689, 0.0000000000000000000, -0.3550000000000007039 ) ) ;
#6690 = FACE_OUTER_BOUND ( 'NONE', #11400, .T. ) ;
#6691 = VERTEX_POINT ( 'NONE', #1149 ) ;
#6692 = CARTESIAN_POINT ( 'NONE',  ( 0.8999999999999999112, -0.5999999999999995337, 1.304999999999999494 ) ) ;
#6693 = CARTESIAN_POINT ( 'NONE',  ( -1.599999999999999867, 0.0000000000000000000, 1.304999999999999494 ) ) ;
#6694 = DIRECTION ( 'NONE',  ( 0.0000000000000000000, -0.0000000000000000000, -1.000000000000000000 ) ) ;
#6695 = VERTEX_POINT ( 'NONE', #4260 ) ;
#6696 = PLANE ( 'NONE',  #10918 ) ;
#6697 = COLOUR_RGB ( '',0.9686274509803921573, 0.8784313725490195957, 0.5999999999999999778 ) ;
#6698 = ORIENTED_EDGE ( 'NONE', *, *, #2861, .F. ) ;
#6699 = VERTEX_POINT ( 'NONE', #8044 ) ;
#6700 = CARTESIAN_POINT ( 'NONE',  ( 0.09999999999999971412, 0.0000000000000000000, 1.604999999999999760 ) ) ;
#6701 = CARTESIAN_POINT ( 'NONE',  ( 4.169999999999999041, 1.343020105567090061, 0.5871408923859217088 ) ) ;
#6702 = ORIENTED_EDGE ( 'NONE', *, *, #7662, .T. ) ;
#6703 = CARTESIAN_POINT ( 'NONE',  ( -3.219999999999999751, 1.349999999999999645, 1.405000000000000027 ) ) ;
#6704 = DIRECTION ( 'NONE',  ( 0.0000000000000000000, -1.000000000000000000, 0.0000000000000000000 ) ) ;
#6705 = DIRECTION ( 'NONE',  ( 0.0000000000000000000, -1.000000000000000000, -0.0000000000000000000 ) ) ;
#6706 = DIRECTION ( 'NONE',  ( -0.0000000000000000000, 1.000000000000000000, 8.356086107788088083E-17 ) ) ;
#6707 = DIRECTION ( 'NONE',  ( 1.000000000000000000, 0.0000000000000000000, -0.0000000000000000000 ) ) ;
#6708 = ORIENTED_EDGE ( 'NONE', *, *, #5448, .F. ) ;
#6709 = VERTEX_POINT ( 'NONE', #2248 ) ;
#6710 = AXIS2_PLACEMENT_3D ( 'NONE', #6723, #5555, #4750 ) ;
#6711 = DIRECTION ( 'NONE',  ( 0.0000000000000000000, 0.0000000000000000000, -1.000000000000000000 ) ) ;
#6712 = CARTESIAN_POINT ( 'NONE',  ( 288097.8896686598891, 499000.0000000000000, -0.3549999997264803309 ) ) ;
#6713 = ORIENTED_EDGE ( 'NONE', *, *, #10167, .F. ) ;
#6714 = DIRECTION ( 'NONE',  ( 1.000000000000000000, 0.0000000000000000000, -0.0000000000000000000 ) ) ;
#6715 = DIRECTION ( 'NONE',  ( 0.0000000000000000000, 1.000000000000000000, 0.0000000000000000000 ) ) ;
#6716 = LINE ( 'NONE', #11614, #2082 ) ;
#6717 = PLANE ( 'NONE',  #9601 ) ;
#6718 = VECTOR ( 'NONE', #11015, 1000.000000000000000 ) ;
#6719 = DIRECTION ( 'NONE',  ( 1.000000000000000000, 0.0000000000000000000, 0.0000000000000000000 ) ) ;
#6720 = LINE ( 'NONE', #4684, #5949 ) ;
#6721 = LINE ( 'NONE', #1139, #7178 ) ;
#6722 = ORIENTED_EDGE ( 'NONE', *, *, #7312, .T. ) ;
#6723 = CARTESIAN_POINT ( 'NONE',  ( -2.150000000000000355, 0.4000000000000004663, 1.304999999999999494 ) ) ;
#6724 = EDGE_CURVE ( 'NONE', #4578, #11118, #7920, .T. ) ;
#6725 = EDGE_CURVE ( 'NONE', #11512, #12301, #6971, .T. ) ;
#6726 = VECTOR ( 'NONE', #7091, 1000.000000000000000 ) ;
#6727 = ORIENTED_EDGE ( 'NONE', *, *, #2419, .F. ) ;
#6728 = CARTESIAN_POINT ( 'NONE',  ( -4.128578643762691236, 0.04142135623730948402, 1.604999999999999316 ) ) ;
#6729 = FACE_OUTER_BOUND ( 'NONE', #6784, .T. ) ;
#6730 = CARTESIAN_POINT ( 'NONE',  ( -1.850000000000000089, 5.787332622142050909, -0.3750000000000000000 ) ) ;
#6731 = DIRECTION ( 'NONE',  ( 0.0000000000000000000, 0.0000000000000000000, 1.000000000000000000 ) ) ;
#6732 = EDGE_LOOP ( 'NONE', ( #5181, #8885, #4345, #6819, #8425 ) ) ;
#6733 = CYLINDRICAL_SURFACE ( 'NONE', #2325, 0.09999999999999982514 ) ;
#6734 = ORIENTED_EDGE ( 'NONE', *, *, #8918, .T. ) ;
#6735 = DIRECTION ( 'NONE',  ( 1.000000000000000000, -4.565061778886333058E-16, 0.0000000000000000000 ) ) ;
#6736 = LINE ( 'NONE', #4128, #2163 ) ;
#6737 = ORIENTED_EDGE ( 'NONE', *, *, #4484, .T. ) ;
#6738 = ORIENTED_EDGE ( 'NONE', *, *, #10397, .F. ) ;
#6739 = EDGE_CURVE ( 'NONE', #7192, #9731, #11821, .T. ) ;
#6740 = EDGE_CURVE ( 'NONE', #4846, #5740, #2064, .T. ) ;
#6741 = EDGE_CURVE ( 'NONE', #11733, #9327, #194, .T. ) ;
#6742 = ORIENTED_EDGE ( 'NONE', *, *, #2043, .T. ) ;
#6743 = CARTESIAN_POINT ( 'NONE',  ( 4.070000000000000284, 0.04142135623730948402, 1.604999999999999316 ) ) ;
#6744 = LINE ( 'NONE', #1092, #2196 ) ;
#6745 = ORIENTED_EDGE ( 'NONE', *, *, #1738, .T. ) ;
#6746 = DIRECTION ( 'NONE',  ( -0.0000000000000000000, -0.0000000000000000000, 1.000000000000000000 ) ) ;
#6747 = DIRECTION ( 'NONE',  ( -0.0000000000000000000, -1.000000000000000000, -0.0000000000000000000 ) ) ;
#6748 = EDGE_CURVE ( 'NONE', #9840, #2119, #10710, .T. ) ;
#6749 = DIRECTION ( 'NONE',  ( 0.0000000000000000000, 0.0000000000000000000, 1.000000000000000000 ) ) ;
#6750 = DIRECTION ( 'NONE',  ( 0.0000000000000000000, -1.000000000000000000, 0.0000000000000000000 ) ) ;
#6751 = CARTESIAN_POINT ( 'NONE',  ( -1.500000000000000000, 5.787332622142050909, -0.3750000000000000000 ) ) ;
#6752 = AXIS2_PLACEMENT_3D ( 'NONE', #6751, #7696, #11243 ) ;
#6753 = VERTEX_POINT ( 'NONE', #7788 ) ;
#6754 = ADVANCED_FACE ( 'NONE', ( #3039 ), #2317, .F. ) ;
#6755 = ORIENTED_EDGE ( 'NONE', *, *, #6008, .F. ) ;
#6756 = LINE ( 'NONE', #8572, #10730 ) ;
#6757 = DIRECTION ( 'NONE',  ( 0.0000000000000000000, 0.0000000000000000000, -1.000000000000000000 ) ) ;
#6758 = CARTESIAN_POINT ( 'NONE',  ( -4.069999999999999396, 0.1000000000000000056, 1.504999999999999449 ) ) ;
#6759 = ORIENTED_EDGE ( 'NONE', *, *, #11864, .F. ) ;
#6760 = VECTOR ( 'NONE', #8517, 1000.000000000000000 ) ;
#6761 = CARTESIAN_POINT ( 'NONE',  ( -4.169999999999999929, 4.000000000000000000, 1.604999999999999538 ) ) ;
#6762 = ADVANCED_FACE ( 'NONE', ( #5934 ), #9730, .T. ) ;
#6763 = FACE_OUTER_BOUND ( 'NONE', #8544, .T. ) ;
#6764 = DIRECTION ( 'NONE',  ( 1.000000000000000000, 0.0000000000000000000, 0.0000000000000000000 ) ) ;
#6765 = DIRECTION ( 'NONE',  ( 0.0000000000000000000, 0.0000000000000000000, 1.000000000000000000 ) ) ;
#6766 = VERTEX_POINT ( 'NONE', #5998 ) ;
#6767 = EDGE_CURVE ( 'NONE', #9241, #6345, #7988, .T. ) ;
#6768 =( BOUNDED_SURFACE ( )  B_SPLINE_SURFACE ( 3, 3, ( 
 ( #2123, #7720, #4917, #4045 ),
 ( #6606, #1873, #6906, #9966 ),
 ( #1261, #2178, #7908, #447 ),
 ( #8155, #10888, #5034, #3148 ) ),
 .UNSPECIFIED., .F., .F., .F. ) 
 B_SPLINE_SURFACE_WITH_KNOTS ( ( 4, 4 ),
 ( 4, 4 ),
 ( 0.0000000000000000000, 1.000000000000000000 ),
 ( 0.0000000000000000000, 1.000000000000000000 ),
 .UNSPECIFIED. ) 
 GEOMETRIC_REPRESENTATION_ITEM ( )  RATIONAL_B_SPLINE_SURFACE ( (
 ( 1.000000000000000000, 0.8047378541243649375, 0.8047378541243649375, 1.000000000000000000),
 ( 0.8047378541243628280, 0.6476030138606859721, 0.6476030138606859721, 0.8047378541243628280),
 ( 0.8047378541243628280, 0.6476030138606859721, 0.6476030138606859721, 0.8047378541243628280),
 ( 1.000000000000000000, 0.8047378541243649375, 0.8047378541243649375, 1.000000000000000000) ) ) 
 REPRESENTATION_ITEM ( '' )  SURFACE ( )  );
#6769 = ORIENTED_EDGE ( 'NONE', *, *, #157, .F. ) ;
#6770 = DIRECTION ( 'NONE',  ( 0.0000000000000000000, 1.000000000000000000, 0.0000000000000000000 ) ) ;
#6771 = DIRECTION ( 'NONE',  ( -0.7071067811865463515, -0.7071067811865487940, 0.0000000000000000000 ) ) ;
#6772 = AXIS2_PLACEMENT_3D ( 'NONE', #6990, #9253, #10171 ) ;
#6773 = CARTESIAN_POINT ( 'NONE',  ( 3.219999999999999751, 7.299999999929696060, 0.3549999999999994271 ) ) ;
#6774 = ORIENTED_EDGE ( 'NONE', *, *, #2347, .F. ) ;
#6775 = SURFACE_STYLE_USAGE ( .BOTH. , #7771 ) ;
#6776 = CARTESIAN_POINT ( 'NONE',  ( 0.0000000000000000000, 0.4000000000000004663, 1.304999999999999494 ) ) ;
#6777 = CARTESIAN_POINT ( 'NONE',  ( -4.169999999999999929, 0.7500000000000000000, 2.295000000000000817 ) ) ;
#6778 = CIRCLE ( 'NONE', #3800, 0.9500000000000002887 ) ;
#6779 = DIRECTION ( 'NONE',  ( 0.0000000000000000000, 1.000000000000000000, -0.0000000000000000000 ) ) ;
#6780 = DIRECTION ( 'NONE',  ( 0.0000000000000000000, -1.000000000000000000, 0.0000000000000000000 ) ) ;
#6781 = CARTESIAN_POINT ( 'NONE',  ( 4.469999999999999751, 4.000000000000000000, 1.304999999999999494 ) ) ;
#6782 = VERTEX_POINT ( 'NONE', #1272 ) ;
#6783 = CARTESIAN_POINT ( 'NONE',  ( 4.169999999999999929, 0.3000000000000000444, 2.595000000000000195 ) ) ;
#6784 = EDGE_LOOP ( 'NONE', ( #9058, #949, #1768 ) ) ;
#6785 = ORIENTED_EDGE ( 'NONE', *, *, #8227, .T. ) ;
#6786 = DIRECTION ( 'NONE',  ( -1.000000000000000000, 0.0000000000000000000, -0.0000000000000000000 ) ) ;
#6787 = AXIS2_PLACEMENT_3D ( 'NONE', #9619, #1952, #3762 ) ;
#6788 = VERTEX_POINT ( 'NONE', #9912 ) ;
#6789 = FACE_OUTER_BOUND ( 'NONE', #11232, .T. ) ;
#6790 =( GEOMETRIC_REPRESENTATION_CONTEXT ( 3 ) GLOBAL_UNCERTAINTY_ASSIGNED_CONTEXT ( ( #11001 ) ) GLOBAL_UNIT_ASSIGNED_CONTEXT ( ( #8993, #6057, #1271 ) ) REPRESENTATION_CONTEXT ( 'NONE', 'WORKASPACE' ) );
#6791 = CARTESIAN_POINT ( 'NONE',  ( 1.870000000000000107, 0.8499999999999997558, 1.305000000000000160 ) ) ;
#6792 = EDGE_CURVE ( 'NONE', #29, #1729, #5042, .T. ) ;
#6793 = CYLINDRICAL_SURFACE ( 'NONE', #6091, 0.1499999999999999667 ) ;
#6794 = ORIENTED_EDGE ( 'NONE', *, *, #5451, .T. ) ;
#6795 = CARTESIAN_POINT ( 'NONE',  ( -2.011421356237309332, 1.349999999999999645, 1.504999999999999227 ) ) ;
#6796 = VECTOR ( 'NONE', #7836, 1000.000000000000000 ) ;
#6797 = VERTEX_POINT ( 'NONE', #10090 ) ;
#6798 = LINE ( 'NONE', #10585, #3342 ) ;
#6799 = ORIENTED_EDGE ( 'NONE', *, *, #2638, .F. ) ;
#6800 = EDGE_LOOP ( 'NONE', ( #1487, #1918, #6015, #8762 ) ) ;
#6801 = MECHANICAL_DESIGN_GEOMETRIC_PRESENTATION_REPRESENTATION (  '', ( #9597 ), #5411 ) ;
#6802 = ORIENTED_EDGE ( 'NONE', *, *, #7350, .T. ) ;
#6803 = DIRECTION ( 'NONE',  ( 0.0000000000000000000, 0.0000000000000000000, -1.000000000000000000 ) ) ;
#6804 = LINE ( 'NONE', #9922, #4487 ) ;
#6805 = VERTEX_POINT ( 'NONE', #4322 ) ;
#6806 = EDGE_CURVE ( 'NONE', #4307, #11766, #3287, .T. ) ;
#6807 = MECHANICAL_DESIGN_GEOMETRIC_PRESENTATION_REPRESENTATION (  '', ( #5222 ), #7802 ) ;
#6808 = ADVANCED_FACE ( 'NONE', ( #4513 ), #7167, .T. ) ;
#6809 = DIRECTION ( 'NONE',  ( 0.0000000000000000000, -0.0000000000000000000, -1.000000000000000000 ) ) ;
#6810 = DIRECTION ( 'NONE',  ( -0.0000000000000000000, -1.000000000000000000, -0.0000000000000000000 ) ) ;
#6811 = ORIENTED_EDGE ( 'NONE', *, *, #11668, .T. ) ;
#6812 = CARTESIAN_POINT ( 'NONE',  ( 2.150000000000000799, 7.299999999999999822, 1.604999999999999760 ) ) ;
#6813 = ORIENTED_EDGE ( 'NONE', *, *, #2753, .T. ) ;
#6814 = ORIENTED_EDGE ( 'NONE', *, *, #11441, .F. ) ;
#6815 =( GEOMETRIC_REPRESENTATION_CONTEXT ( 3 ) GLOBAL_UNCERTAINTY_ASSIGNED_CONTEXT ( ( #4167 ) ) GLOBAL_UNIT_ASSIGNED_CONTEXT ( ( #4592, #11299, #4717 ) ) REPRESENTATION_CONTEXT ( 'NONE', 'WORKASPACE' ) );
#6816 = EDGE_CURVE ( 'NONE', #7343, #11542, #6877, .T. ) ;
#6817 = CARTESIAN_POINT ( 'NONE',  ( -1.969999999999999529, 1.249999999999999112, 1.405000000000000027 ) ) ;
#6818 = CARTESIAN_POINT ( 'NONE',  ( -1.649999999999999911, 2.302902790585058312, -0.3750000000000000000 ) ) ;
#6819 = ORIENTED_EDGE ( 'NONE', *, *, #1755, .F. ) ;
#6820 = EDGE_CURVE ( 'NONE', #8448, #7883, #1524, .T. ) ;
#6821 = EDGE_CURVE ( 'NONE', #10696, #10717, #12014, .T. ) ;
#6822 =( NAMED_UNIT ( * ) SI_UNIT ( $, .STERADIAN. ) SOLID_ANGLE_UNIT ( ) );
#6823 = CARTESIAN_POINT ( 'NONE',  ( -2.150000000000000355, 0.4000000000000004663, 1.304999999999999494 ) ) ;
#6824 = CARTESIAN_POINT ( 'NONE',  ( -4.169999999999999929, 1.350000000000000089, 0.9714414002968976281 ) ) ;
#6825 = DIRECTION ( 'NONE',  ( -0.0000000000000000000, -1.000000000000000000, -0.0000000000000000000 ) ) ;
#6826 = DIRECTION ( 'NONE',  ( 0.0000000000000000000, 1.000000000000000000, 0.0000000000000000000 ) ) ;
#6827 = ORIENTED_EDGE ( 'NONE', *, *, #4655, .T. ) ;
#6828 = EDGE_LOOP ( 'NONE', ( #10390, #5438, #10164, #5744, #3614, #10933, #1540, #3451, #2520, #6411 ) ) ;
#6829 = CARTESIAN_POINT ( 'NONE',  ( 1.899999999999999689, 0.4000000000000002998, 1.304999999999999494 ) ) ;
#6830 = ADVANCED_FACE ( 'NONE', ( #770 ), #5357, .F. ) ;
#6831 = CYLINDRICAL_SURFACE ( 'NONE', #824, 0.2999999999999999334 ) ;
#6832 = VECTOR ( 'NONE', #8335, 1000.000000000000000 ) ;
#6833 = VECTOR ( 'NONE', #1561, 1000.000000000000000 ) ;
#6834 = VECTOR ( 'NONE', #10726, 1000.000000000000000 ) ;
#6835 = CARTESIAN_POINT ( 'NONE',  ( 4.170000000000000817, 1.391421356237309226, 0.9114971157455593609 ) ) ;
#6836 = ORIENTED_EDGE ( 'NONE', *, *, #5593, .T. ) ;
#6837 = DIRECTION ( 'NONE',  ( -1.000000000000000000, -0.0000000000000000000, -0.0000000000000000000 ) ) ;
#6838 = DIRECTION ( 'NONE',  ( -1.000000000000000000, 4.565061778886333058E-16, 0.0000000000000000000 ) ) ;
#6839 = DIRECTION ( 'NONE',  ( 0.0000000000000000000, 0.0000000000000000000, -1.000000000000000000 ) ) ;
#6840 = FILL_AREA_STYLE_COLOUR ( '', #10575 ) ;
#6841 =( NAMED_UNIT ( * ) SI_UNIT ( $, .STERADIAN. ) SOLID_ANGLE_UNIT ( ) );
#6842 = DIRECTION ( 'NONE',  ( 0.0000000000000000000, 0.0000000000000000000, 1.000000000000000000 ) ) ;
#6843 = ORIENTED_EDGE ( 'NONE', *, *, #7285, .T. ) ;
#6844 = DIRECTION ( 'NONE',  ( -1.000000000000000000, -0.0000000000000000000, -0.0000000000000000000 ) ) ;
#6845 = CARTESIAN_POINT ( 'NONE',  ( -1.969999999999999973, 1.249999999999999112, 10.05355608965224157 ) ) ;
#6846 = AXIS2_PLACEMENT_3D ( 'NONE', #2957, #59, #11546 ) ;
#6847 = DIRECTION ( 'NONE',  ( 0.0000000000000000000, -0.0000000000000000000, 1.000000000000000000 ) ) ;
#6848 = EDGE_CURVE ( 'NONE', #10975, #6370, #2555, .T. ) ;
#6849 = ORIENTED_EDGE ( 'NONE', *, *, #544, .T. ) ;
#6850 = VECTOR ( 'NONE', #458, 1000.000000000000000 ) ;
#6851 = DIRECTION ( 'NONE',  ( 0.0000000000000000000, -1.000000000000000000, -0.0000000000000000000 ) ) ;
#6852 = AXIS2_PLACEMENT_3D ( 'NONE', #95, #5890, #10596 ) ;
#6853 = CARTESIAN_POINT ( 'NONE',  ( -4.169999999999999929, 0.0000000000000000000, 0.3549999999999999267 ) ) ;
#6854 = DIRECTION ( 'NONE',  ( -1.000000000000000000, 0.0000000000000000000, -0.0000000000000000000 ) ) ;
#6855 = DIRECTION ( 'NONE',  ( 0.0000000000000000000, 0.0000000000000000000, 1.000000000000000000 ) ) ;
#6856 = MECHANICAL_DESIGN_GEOMETRIC_PRESENTATION_REPRESENTATION (  '', ( #7261 ), #2298 ) ;
#6857 = DIRECTION ( 'NONE',  ( -0.0000000000000000000, 0.0000000000000000000, -1.000000000000000000 ) ) ;
#6858 = VERTEX_POINT ( 'NONE', #5425 ) ;
#6859 = CARTESIAN_POINT ( 'NONE',  ( 3.219999999999999751, 5.350000000000000533, 0.3549999999999994271 ) ) ;
#6860 = ORIENTED_EDGE ( 'NONE', *, *, #933, .F. ) ;
#6861 = ORIENTED_EDGE ( 'NONE', *, *, #5906, .T. ) ;
#6862 = VECTOR ( 'NONE', #10706, 1000.000000000000000 ) ;
#6863 = VERTEX_POINT ( 'NONE', #6428 ) ;
#6864 = ADVANCED_FACE ( 'NONE', ( #709 ), #9977, .T. ) ;
#6865 = CARTESIAN_POINT ( 'NONE',  ( -2.739999999999999325, 1.249999999999999334, 1.604999999999999760 ) ) ;
#6866 = LINE ( 'NONE', #11769, #6596 ) ;
#6867 = PLANE ( 'NONE',  #7279 ) ;
#6868 = ORIENTED_EDGE ( 'NONE', *, *, #8117, .F. ) ;
#6869 = DIRECTION ( 'NONE',  ( 0.0000000000000000000, -0.0000000000000000000, 1.000000000000000000 ) ) ;
#6870 = AXIS2_PLACEMENT_3D ( 'NONE', #5111, #8926, #392 ) ;
#6871 = DIRECTION ( 'NONE',  ( 0.0000000000000000000, -1.000000000000000000, 0.0000000000000000000 ) ) ;
#6872 = CARTESIAN_POINT ( 'NONE',  ( 3.219999999999999751, 2.000000000000000000, 1.205000000000000293 ) ) ;
#6873 = CARTESIAN_POINT ( 'NONE',  ( -4.471000000000000973, 4.000000000000000000, 1.304999999999999494 ) ) ;
#6874 = DIRECTION ( 'NONE',  ( 0.0000000000000000000, 0.0000000000000000000, -1.000000000000000000 ) ) ;
#6875 = FACE_OUTER_BOUND ( 'NONE', #6508, .T. ) ;
#6876 = ORIENTED_EDGE ( 'NONE', *, *, #7441, .F. ) ;
#6877 = CIRCLE ( 'NONE', #4518, 0.1000000000000000472 ) ;
#6878 = EDGE_CURVE ( 'NONE', #910, #2052, #9306, .T. ) ;
#6879 = ADVANCED_FACE ( 'NONE', ( #1817 ), #9361, .T. ) ;
#6880 = ORIENTED_EDGE ( 'NONE', *, *, #10096, .F. ) ;
#6881 = CARTESIAN_POINT ( 'NONE',  ( -3.219999999999999751, 1.899999999999999911, 1.304999999999999716 ) ) ;
#6882 = PLANE ( 'NONE',  #5062 ) ;
#6883 = ORIENTED_EDGE ( 'NONE', *, *, #9492, .T. ) ;
#6884 = DIRECTION ( 'NONE',  ( 0.0000000000000000000, 1.000000000000000000, 0.0000000000000000000 ) ) ;
#6885 = DIRECTION ( 'NONE',  ( 1.000000000000000000, 0.0000000000000000000, 0.0000000000000000000 ) ) ;
#6886 = CARTESIAN_POINT ( 'NONE',  ( -4.169999999999999929, 1.278856477087328969, 0.7555932156017651780 ) ) ;
#6887 = LINE ( 'NONE', #9025, #2168 ) ;
#6888 = ADVANCED_FACE ( 'NONE', ( #12137 ), #3857, .T. ) ;
#6889 = LINE ( 'NONE', #5087, #7116 ) ;
#6890 = EDGE_CURVE ( 'NONE', #3404, #2935, #10285, .T. ) ;
#6891 = EDGE_CURVE ( 'NONE', #1016, #1167, #9423, .T. ) ;
#6892 = UNCERTAINTY_MEASURE_WITH_UNIT (LENGTH_MEASURE( 1.000000000000000082E-05 ), #5272, 'distance_accuracy_value', 'NONE');
#6893 = DIRECTION ( 'NONE',  ( 0.0000000000000000000, 1.000000000000000000, 0.0000000000000000000 ) ) ;
#6894 = DIRECTION ( 'NONE',  ( -0.0000000000000000000, 1.000000000000000000, 8.356086107788086850E-17 ) ) ;
#6895 = ORIENTED_EDGE ( 'NONE', *, *, #6025, .F. ) ;
#6896 = FILL_AREA_STYLE ('',( #11612 ) ) ;
#6897 = DIRECTION ( 'NONE',  ( -0.0000000000000000000, -0.0000000000000000000, -1.000000000000000000 ) ) ;
#6898 = CARTESIAN_POINT ( 'NONE',  ( 0.0000000000000000000, 0.0000000000000000000, 1.304999999999999494 ) ) ;
#6899 = DIRECTION ( 'NONE',  ( -1.000000000000000000, -0.0000000000000000000, -0.0000000000000000000 ) ) ;
#6900 = FACE_OUTER_BOUND ( 'NONE', #12152, .T. ) ;
#6901 = EDGE_LOOP ( 'NONE', ( #1443, #9886, #893, #7834 ) ) ;
#6902 = CARTESIAN_POINT ( 'NONE',  ( 0.0000000000000000000, 0.0000000000000000000, 1.304999999999999494 ) ) ;
#6903 = CIRCLE ( 'NONE', #11467, 0.2500000000000002220 ) ;
#6904 = EDGE_CURVE ( 'NONE', #9613, #3940, #2677, .T. ) ;
#6905 = VERTEX_POINT ( 'NONE', #4683 ) ;
#6906 = CARTESIAN_POINT ( 'NONE',  ( -3.776497115745560240, 1.958578643762691085, -1.305000000000001270 ) ) ;
#6907 = VERTEX_POINT ( 'NONE', #12262 ) ;
#6908 = EDGE_CURVE ( 'NONE', #6931, #1392, #7487, .T. ) ;
#6909 = CLOSED_SHELL ( 'NONE', ( #4570, #1559, #12147, #11826, #6319, #9124 ) ) ;
#6910 = CARTESIAN_POINT ( 'NONE',  ( -0.09999999999999971412, 0.4000000000000003553, 1.304999999999999494 ) ) ;
#6911 = LINE ( 'NONE', #9789, #10381 ) ;
#6912 = CARTESIAN_POINT ( 'NONE',  ( 1.969999999999999973, 1.349999999999999867, 1.604999999999999760 ) ) ;
#6913 = LINE ( 'NONE', #5932, #8391 ) ;
#6914 = CARTESIAN_POINT ( 'NONE',  ( 3.219999999999999751, 0.0000000000000000000, 1.304999999999999494 ) ) ;
#6915 = LINE ( 'NONE', #2537, #7237 ) ;
#6916 = EDGE_CURVE ( 'NONE', #8698, #9652, #1013, .T. ) ;
#6917 = DIRECTION ( 'NONE',  ( 0.0000000000000000000, -0.7071067811865406894, 0.7071067811865544561 ) ) ;
#6918 = AXIS2_PLACEMENT_3D ( 'NONE', #5396, #557, #7079 ) ;
#6919 = VERTEX_POINT ( 'NONE', #7538 ) ;
#6920 = ORIENTED_EDGE ( 'NONE', *, *, #2242, .F. ) ;
#6921 = EDGE_CURVE ( 'NONE', #8680, #3635, #3802, .T. ) ;
#6922 = EDGE_LOOP ( 'NONE', ( #11780, #5735, #5486, #4197 ) ) ;
#6923 = PLANE ( 'NONE',  #4977 ) ;
#6924 = AXIS2_PLACEMENT_3D ( 'NONE', #10653, #2983, #396 ) ;
#6925 = ORIENTED_EDGE ( 'NONE', *, *, #7047, .F. ) ;
#6926 = CIRCLE ( 'NONE', #5748, 0.2999999999999999334 ) ;
#6927 = DIRECTION ( 'NONE',  ( 1.000000000000000000, 0.0000000000000000000, 0.0000000000000000000 ) ) ;
#6928 = LINE ( 'NONE', #6017, #401 ) ;
#6929 = ORIENTED_EDGE ( 'NONE', *, *, #2639, .T. ) ;
#6930 = ORIENTED_EDGE ( 'NONE', *, *, #8379, .T. ) ;
#6931 = VERTEX_POINT ( 'NONE', #4746 ) ;
#6932 = CARTESIAN_POINT ( 'NONE',  ( -3.249999999999999556, 5.499999999999994671, 0.1000000000000000194 ) ) ;
#6933 = LINE ( 'NONE', #6996, #6658 ) ;
#6934 = ORIENTED_EDGE ( 'NONE', *, *, #1592, .F. ) ;
#6935 = LINE ( 'NONE', #4896, #11235 ) ;
#6936 = VECTOR ( 'NONE', #592, 1000.000000000000000 ) ;
#6937 = LINE ( 'NONE', #4156, #9211 ) ;
#6938 = EDGE_CURVE ( 'NONE', #7740, #5912, #6602, .T. ) ;
#6939 = CARTESIAN_POINT ( 'NONE',  ( 4.471000000000000973, 4.299999999999999822, 2.295000000000000817 ) ) ;
#6940 = DIRECTION ( 'NONE',  ( -0.0000000000000000000, -0.0000000000000000000, -1.000000000000000000 ) ) ;
#6941 = LINE ( 'NONE', #8900, #4169 ) ;
#6942 = ORIENTED_EDGE ( 'NONE', *, *, #9939, .F. ) ;
#6943 = ORIENTED_EDGE ( 'NONE', *, *, #3528, .F. ) ;
#6944 = LINE ( 'NONE', #9830, #5727 ) ;
#6945 = CIRCLE ( 'NONE', #8763, 0.1499999999999999667 ) ;
#6946 = CARTESIAN_POINT ( 'NONE',  ( -0.5999999999999998668, 0.0000000000000000000, 1.304999999999999494 ) ) ;
#6947 = CARTESIAN_POINT ( 'NONE',  ( 1.350000000000000089, 5.787332622142040250, -0.3750000000000000000 ) ) ;
#6948 = VECTOR ( 'NONE', #10667, 1000.000000000000000 ) ;
#6949 = FILL_AREA_STYLE ('',( #8842 ) ) ;
#6950 = VERTEX_POINT ( 'NONE', #7663 ) ;
#6951 = DIRECTION ( 'NONE',  ( 0.0000000000000000000, 1.000000000000000000, 0.0000000000000000000 ) ) ;
#6952 = LINE ( 'NONE', #2172, #1460 ) ;
#6953 = DIRECTION ( 'NONE',  ( 1.000000000000000000, -0.0000000000000000000, 0.0000000000000000000 ) ) ;
#6954 = EDGE_CURVE ( 'NONE', #3759, #1895, #5673, .T. ) ;
#6955 = EDGE_CURVE ( 'NONE', #2443, #8368, #5733, .T. ) ;
#6956 = LINE ( 'NONE', #2236, #1725 ) ;
#6957 = CIRCLE ( 'NONE', #5986, 1.100000000021301050 ) ;
#6958 = CARTESIAN_POINT ( 'NONE',  ( 1.099999999999999867, -0.5999999999999995337, 1.304999999999999494 ) ) ;
#6959 = ORIENTED_EDGE ( 'NONE', *, *, #2276, .F. ) ;
#6960 = DIRECTION ( 'NONE',  ( 0.0000000000000000000, 0.0000000000000000000, 1.000000000000000000 ) ) ;
#6961 = CIRCLE ( 'NONE', #12139, 0.2999999999999999334 ) ;
#6962 = EDGE_CURVE ( 'NONE', #3283, #6338, #2845, .T. ) ;
#6963 = CARTESIAN_POINT ( 'NONE',  ( -4.169999999999999929, 0.04142135623730965749, 1.504999999999999227 ) ) ;
#6964 = CIRCLE ( 'NONE', #2797, 0.2999999999999999334 ) ;
#6965 = DIRECTION ( 'NONE',  ( 0.7071067811865462405, 0.7071067811865489050, 0.0000000000000000000 ) ) ;
#6966 = CARTESIAN_POINT ( 'NONE',  ( 3.350000000000000533, 5.541421356237305140, -0.1000000000000000056 ) ) ;
#6967 = SURFACE_STYLE_USAGE ( .BOTH. , #7919 ) ;
#6968 = ADVANCED_FACE ( 'NONE', ( #1929 ), #11446, .F. ) ;
#6969 = AXIS2_PLACEMENT_3D ( 'NONE', #6958, #3213, #1333 ) ;
#6970 = ADVANCED_FACE ( 'NONE', ( #5099 ), #1194, .T. ) ;
#6971 = LINE ( 'NONE', #9854, #9277 ) ;
#6972 = CARTESIAN_POINT ( 'NONE',  ( -3.219999999999999751, 7.299999999999999822, 1.604999999999999760 ) ) ;
#6973 = DIRECTION ( 'NONE',  ( 0.0000000000000000000, 1.000000000000000000, 0.0000000000000000000 ) ) ;
#6974 = ORIENTED_EDGE ( 'NONE', *, *, #2121, .F. ) ;
#6975 = VECTOR ( 'NONE', #7378, 1000.000000000000000 ) ;
#6976 = EDGE_LOOP ( 'NONE', ( #6520, #8742, #5069, #9590 ) ) ;
#6977 = ORIENTED_EDGE ( 'NONE', *, *, #10373, .T. ) ;
#6978 = FACE_OUTER_BOUND ( 'NONE', #2744, .T. ) ;
#6979 = AXIS2_PLACEMENT_3D ( 'NONE', #4097, #6940, #11540 ) ;
#6980 = EDGE_CURVE ( 'NONE', #1958, #2072, #2175, .T. ) ;
#6981 = DIRECTION ( 'NONE',  ( 0.0000000000000000000, 0.0000000000000000000, 1.000000000000000000 ) ) ;
#6982 = LINE ( 'NONE', #4134, #1888 ) ;
#6983 = ORIENTED_EDGE ( 'NONE', *, *, #11830, .F. ) ;
#6984 = PLANE ( 'NONE',  #5103 ) ;
#6985 = VECTOR ( 'NONE', #767, 1000.000000000000000 ) ;
#6986 = ADVANCED_FACE ( 'NONE', ( #11498 ), #5029, .T. ) ;
#6987 = FACE_OUTER_BOUND ( 'NONE', #5393, .T. ) ;
#6988 = VERTEX_POINT ( 'NONE', #8846 ) ;
#6989 = CIRCLE ( 'NONE', #4998, 0.1499999999999999944 ) ;
#6990 = CARTESIAN_POINT ( 'NONE',  ( 4.469999999999999751, 0.2999999999999999889, 2.295000000000000817 ) ) ;
#6991 = DIRECTION ( 'NONE',  ( 0.0000000000000000000, -0.0000000000000000000, -1.000000000000000000 ) ) ;
#6992 = EDGE_LOOP ( 'NONE', ( #10916, #5433, #2512, #11508, #3034, #5498 ) ) ;
#6993 = VECTOR ( 'NONE', #4964, 1000.000000000000000 ) ;
#6994 = DIRECTION ( 'NONE',  ( 0.0000000000000000000, 1.000000000000000000, 0.0000000000000000000 ) ) ;
#6995 = EDGE_LOOP ( 'NONE', ( #8080, #7374, #10770, #9002 ) ) ;
#6996 = CARTESIAN_POINT ( 'NONE',  ( -3.250000000000000444, 5.499999999999993783, 0.0000000000000000000 ) ) ;
#6997 = VERTEX_POINT ( 'NONE', #3027 ) ;
#6998 = DIRECTION ( 'NONE',  ( 0.0000000000000000000, 0.0000000000000000000, -1.000000000000000000 ) ) ;
#6999 = CARTESIAN_POINT ( 'NONE',  ( -0.5999999999999998668, 0.4000000000000001887, 1.604999999999999760 ) ) ;
#7000 = DIRECTION ( 'NONE',  ( 3.942553354511061867E-16, 1.000000000000000000, 0.0000000000000000000 ) ) ;
#7001 = DIRECTION ( 'NONE',  ( -0.0000000000000000000, -0.0000000000000000000, -1.000000000000000000 ) ) ;
#7002 = CARTESIAN_POINT ( 'NONE',  ( 1.100000000000000089, 0.1000000000000001305, 1.604999999999999760 ) ) ;
#7003 = COLOUR_RGB ( '',0.9686274509803921573, 0.8784313725490195957, 0.5999999999999999778 ) ;
#7004 = ORIENTED_EDGE ( 'NONE', *, *, #7199, .F. ) ;
#7005 = FACE_OUTER_BOUND ( 'NONE', #972, .T. ) ;
#7006 = DIRECTION ( 'NONE',  ( 0.7071067811865436870, 0.0000000000000000000, 0.7071067811865513475 ) ) ;
#7007 = CARTESIAN_POINT ( 'NONE',  ( -1.599999999999999867, 0.4000000000000002998, 1.304999999999999494 ) ) ;
#7008 = EDGE_CURVE ( 'NONE', #1032, #7268, #8912, .T. ) ;
#7009 = CARTESIAN_POINT ( 'NONE',  ( -1.650000000000000133, 5.787332622142050909, 0.3750000000000000000 ) ) ;
#7010 = ORIENTED_EDGE ( 'NONE', *, *, #10773, .T. ) ;
#7011 = CARTESIAN_POINT ( 'NONE',  ( 4.469999999999999751, 7.299999999999999822, 2.595000000000000195 ) ) ;
#7012 = AXIS2_PLACEMENT_3D ( 'NONE', #4274, #8001, #1466 ) ;
#7013 = DIRECTION ( 'NONE',  ( -1.000000000000000000, -0.0000000000000000000, -0.0000000000000000000 ) ) ;
#7014 = ORIENTED_EDGE ( 'NONE', *, *, #234, .F. ) ;
#7015 = CARTESIAN_POINT ( 'NONE',  ( 4.069999999999999396, 1.899999999999999911, -0.3549999999999998712 ) ) ;
#7016 = DIRECTION ( 'NONE',  ( -0.0000000000000000000, -0.0000000000000000000, -1.000000000000000000 ) ) ;
#7017 = DIRECTION ( 'NONE',  ( -1.000000000000000000, 0.0000000000000000000, 0.0000000000000000000 ) ) ;
#7018 = CARTESIAN_POINT ( 'NONE',  ( -3.219999999999999751, 7.300000000043382897, -0.3550000000000004818 ) ) ;
#7019 = ORIENTED_EDGE ( 'NONE', *, *, #177, .T. ) ;
#7020 = DIRECTION ( 'NONE',  ( 0.0000000000000000000, 0.0000000000000000000, 1.000000000000000000 ) ) ;
#7021 = ORIENTED_EDGE ( 'NONE', *, *, #7103, .F. ) ;
#7022 = DIRECTION ( 'NONE',  ( 0.0000000000000000000, 0.0000000000000000000, 1.000000000000000000 ) ) ;
#7023 = VERTEX_POINT ( 'NONE', #7716 ) ;
#7024 = AXIS2_PLACEMENT_3D ( 'NONE', #6584, #8396, #3657 ) ;
#7025 = ADVANCED_FACE ( 'NONE', ( #8659 ), #7840, .F. ) ;
#7026 = EDGE_CURVE ( 'NONE', #5643, #1215, #11618, .T. ) ;
#7027 = DIRECTION ( 'NONE',  ( 0.0000000000000000000, 1.000000000000000000, 0.0000000000000000000 ) ) ;
#7028 = ORIENTED_EDGE ( 'NONE', *, *, #10857, .F. ) ;
#7029 = CARTESIAN_POINT ( 'NONE',  ( 2.069999999999999840, 1.349999999999999867, 1.405000000000000027 ) ) ;
#7030 = LINE ( 'NONE', #9847, #11174 ) ;
#7031 = LINE ( 'NONE', #6853, #3059 ) ;
#7032 = DIRECTION ( 'NONE',  ( 0.0000000000000000000, 0.0000000000000000000, -1.000000000000000000 ) ) ;
#7033 = CARTESIAN_POINT ( 'NONE',  ( -0.8999999999999999112, 0.0000000000000000000, 1.604999999999999760 ) ) ;
#7034 = FACE_OUTER_BOUND ( 'NONE', #11569, .T. ) ;
#7035 = CIRCLE ( 'NONE', #11026, 1.250000000000000000 ) ;
#7036 = VECTOR ( 'NONE', #7291, 1000.000000000000000 ) ;
#7037 = EDGE_LOOP ( 'NONE', ( #3237, #1364, #2089, #6702 ) ) ;
#7038 = DIRECTION ( 'NONE',  ( -1.000000000000000000, -0.0000000000000000000, 0.0000000000000000000 ) ) ;
#7039 = ORIENTED_EDGE ( 'NONE', *, *, #8557, .T. ) ;
#7040 = ADVANCED_FACE ( 'NONE', ( #6900 ), #9777, .T. ) ;
#7041 = ORIENTED_EDGE ( 'NONE', *, *, #10072, .F. ) ;
#7042 = EDGE_LOOP ( 'NONE', ( #9599, #6298, #5163, #8734 ) ) ;
#7043 = AXIS2_PLACEMENT_3D ( 'NONE', #12261, #4680, #1761 ) ;
#7044 = EDGE_CURVE ( 'NONE', #8962, #4791, #10822, .T. ) ;
#7045 = DIRECTION ( 'NONE',  ( 0.0000000000000000000, -0.0000000000000000000, -1.000000000000000000 ) ) ;
#7046 = PRESENTATION_LAYER_ASSIGNMENT (  '', '', ( #7655 ) ) ;
#7047 = EDGE_CURVE ( 'NONE', #8671, #3044, #1331, .T. ) ;
#7048 = AXIS2_PLACEMENT_3D ( 'NONE', #6773, #3909, #5911 ) ;
#7049 = LINE ( 'NONE', #3944, #5466 ) ;
#7050 = VERTEX_POINT ( 'NONE', #7971 ) ;
#7051 = FACE_OUTER_BOUND ( 'NONE', #8867, .T. ) ;
#7052 = DIRECTION ( 'NONE',  ( 1.000000000000000000, 0.0000000000000000000, -0.0000000000000000000 ) ) ;
#7053 = LINE ( 'NONE', #1818, #2557 ) ;
#7054 = AXIS2_PLACEMENT_3D ( 'NONE', #6823, #8580, #3842 ) ;
#7055 = AXIS2_PLACEMENT_3D ( 'NONE', #1694, #9300, #6425 ) ;
#7056 = VERTEX_POINT ( 'NONE', #6046 ) ;
#7057 = CARTESIAN_POINT ( 'NONE',  ( 4.169999999999999929, 4.599999999999999645, 2.595000000000000639 ) ) ;
#7058 = VECTOR ( 'NONE', #11338, 1000.000000000000000 ) ;
#7059 = ADVANCED_FACE ( 'NONE', ( #3210 ), #121, .F. ) ;
#7060 = CARTESIAN_POINT ( 'NONE',  ( -1.099999999999999867, 0.4000000000000003553, 1.304999999999999494 ) ) ;
#7061 = ORIENTED_EDGE ( 'NONE', *, *, #9786, .T. ) ;
#7062 = EDGE_LOOP ( 'NONE', ( #3145, #494, #539, #7107 ) ) ;
#7063 = ADVANCED_FACE ( 'NONE', ( #317 ), #4111, .T. ) ;
#7064 = FACE_OUTER_BOUND ( 'NONE', #8685, .T. ) ;
#7065 = CIRCLE ( 'NONE', #9669, 0.1250000000000000000 ) ;
#7066 = ORIENTED_EDGE ( 'NONE', *, *, #2999, .F. ) ;
#7067 = CARTESIAN_POINT ( 'NONE',  ( 4.170000000000000817, 1.308578643762689842, 1.539314575050761080 ) ) ;
#7068 = VECTOR ( 'NONE', #6436, 1000.000000000000000 ) ;
#7069 = LINE ( 'NONE', #2342, #1318 ) ;
#7070 = ORIENTED_EDGE ( 'NONE', *, *, #1219, .T. ) ;
#7071 = DIRECTION ( 'NONE',  ( 1.000000000000000000, 0.0000000000000000000, 0.0000000000000000000 ) ) ;
#7072 = CARTESIAN_POINT ( 'NONE',  ( 2.949999999999999734, 0.4000000000000004663, 1.304999999999999494 ) ) ;
#7073 = DIRECTION ( 'NONE',  ( 1.000000000000000000, -0.0000000000000000000, 0.0000000000000000000 ) ) ;
#7074 = DIRECTION ( 'NONE',  ( 1.000000000000000000, 0.0000000000000000000, 0.0000000000000000000 ) ) ;
#7075 = AXIS2_PLACEMENT_3D ( 'NONE', #7018, #2306, #3978 ) ;
#7076 = EDGE_CURVE ( 'NONE', #26, #9476, #6956, .T. ) ;
#7077 = ORIENTED_EDGE ( 'NONE', *, *, #5937, .T. ) ;
#7078 = VERTEX_POINT ( 'NONE', #1386 ) ;
#7079 = DIRECTION ( 'NONE',  ( -1.000000000000000000, 0.0000000000000000000, 0.0000000000000000000 ) ) ;
#7080 = PLANE ( 'NONE',  #4536 ) ;
#7081 = CARTESIAN_POINT ( 'NONE',  ( -4.169999999999999929, 3.700000000000000178, 0.1250000000000000000 ) ) ;
#7082 = DIRECTION ( 'NONE',  ( 0.0000000000000000000, 0.0000000000000000000, -1.000000000000000000 ) ) ;
#7083 = ORIENTED_EDGE ( 'NONE', *, *, #8812, .F. ) ;
#7084 = VECTOR ( 'NONE', #623, 1000.000000000000000 ) ;
#7085 = CARTESIAN_POINT ( 'NONE',  ( 0.3999999999999996891, -0.5999999999999995337, 1.304999999999999494 ) ) ;
#7086 = DIRECTION ( 'NONE',  ( -0.0000000000000000000, -1.000000000000000000, -0.0000000000000000000 ) ) ;
#7087 = EDGE_LOOP ( 'NONE', ( #8370, #2578, #11740, #8963 ) ) ;
#7088 = CARTESIAN_POINT ( 'NONE',  ( 4.070000000000000284, 2.000000000000000000, 0.3549999999999995381 ) ) ;
#7089 = CARTESIAN_POINT ( 'NONE',  ( -4.169999999999999929, 0.7500000000000000000, 2.595000000000000195 ) ) ;
#7090 = ORIENTED_EDGE ( 'NONE', *, *, #9552, .T. ) ;
#7091 = DIRECTION ( 'NONE',  ( 1.000000000000000000, 0.0000000000000000000, 0.0000000000000000000 ) ) ;
#7092 = ORIENTED_EDGE ( 'NONE', *, *, #5995, .T. ) ;
#7093 = DIRECTION ( 'NONE',  ( 0.0000000000000000000, -0.0000000000000000000, 1.000000000000000000 ) ) ;
#7094 = EDGE_LOOP ( 'NONE', ( #2728, #1097, #11425, #8322 ) ) ;
#7095 = LINE ( 'NONE', #9906, #3041 ) ;
#7096 = EDGE_LOOP ( 'NONE', ( #2455, #11861, #1661, #8667 ) ) ;
#7097 = CARTESIAN_POINT ( 'NONE',  ( 3.549999999999999378, 0.4000000000000003553, 1.604999999999999760 ) ) ;
#7098 = FACE_OUTER_BOUND ( 'NONE', #3983, .T. ) ;
#7099 = PLANE ( 'NONE',  #10438 ) ;
#7100 = PLANE ( 'NONE',  #289 ) ;
#7101 = VECTOR ( 'NONE', #6037, 1000.000000000000000 ) ;
#7102 = ADVANCED_FACE ( 'NONE', ( #10632 ), #127, .F. ) ;
#7103 = EDGE_CURVE ( 'NONE', #11151, #4957, #6415, .T. ) ;
#7104 = CYLINDRICAL_SURFACE ( 'NONE', #2385, 0.1000000000000000472 ) ;
#7105 = ORIENTED_EDGE ( 'NONE', *, *, #5736, .F. ) ;
#7106 = VERTEX_POINT ( 'NONE', #5292 ) ;
#7107 = ORIENTED_EDGE ( 'NONE', *, *, #166, .F. ) ;
#7108 = CLOSED_SHELL ( 'NONE', ( #5378, #355, #1656, #10568, #10624, #3747 ) ) ;
#7109 = SURFACE_STYLE_FILL_AREA ( #4266 ) ;
#7110 = CARTESIAN_POINT ( 'NONE',  ( 0.5000000000000000000, 5.787332622142047356, 0.3750000000000000000 ) ) ;
#7111 = CARTESIAN_POINT ( 'NONE',  ( -2.150000000000000355, -0.5999999999999993117, 1.304999999999999494 ) ) ;
#7112 = CARTESIAN_POINT ( 'NONE',  ( -2.150446608846515506, 7.299999999999999822, 1.604999999999999760 ) ) ;
#7113 = DIRECTION ( 'NONE',  ( 0.0000000000000000000, -0.0000000000000000000, 1.000000000000000000 ) ) ;
#7114 = CARTESIAN_POINT ( 'NONE',  ( 2.011421356237309332, 1.308578643762689619, 1.604999999999998872 ) ) ;
#7115 = DIRECTION ( 'NONE',  ( -0.5773502691896252870, -0.5773502691896279515, -0.5773502691896241767 ) ) ;
#7116 = VECTOR ( 'NONE', #8647, 1000.000000000000000 ) ;
#7117 = CARTESIAN_POINT ( 'NONE',  ( -4.169999999999999929, 3.575000000000000178, 0.1250000000000000000 ) ) ;
#7118 = VERTEX_POINT ( 'NONE', #9106 ) ;
#7119 = EDGE_CURVE ( 'NONE', #1167, #6572, #2482, .T. ) ;
#7120 = EDGE_CURVE ( 'NONE', #6797, #8470, #10204, .T. ) ;
#7121 = DIRECTION ( 'NONE',  ( 0.0000000000000000000, 0.0000000000000000000, -1.000000000000000000 ) ) ;
#7122 = DIRECTION ( 'NONE',  ( 0.0000000000000000000, 0.0000000000000000000, -1.000000000000000000 ) ) ;
#7123 = FACE_OUTER_BOUND ( 'NONE', #958, .T. ) ;
#7124 = ORIENTED_EDGE ( 'NONE', *, *, #2550, .T. ) ;
#7125 = VERTEX_POINT ( 'NONE', #4428 ) ;
#7126 = DIRECTION ( 'NONE',  ( 0.0000000000000000000, 0.0000000000000000000, 1.000000000000000000 ) ) ;
#7127 = AXIS2_PLACEMENT_3D ( 'NONE', #7499, #5696, #7626 ) ;
#7128 = AXIS2_PLACEMENT_3D ( 'NONE', #10454, #3858, #7778 ) ;
#7129 = VERTEX_POINT ( 'NONE', #7089 ) ;
#7130 = FACE_OUTER_BOUND ( 'NONE', #5101, .T. ) ;
#7131 = CARTESIAN_POINT ( 'NONE',  ( -4.169999999999999929, 4.000000000000000000, 1.304999999999999494 ) ) ;
#7132 = VERTEX_POINT ( 'NONE', #3281 ) ;
#7133 = ADVANCED_FACE ( 'NONE', ( #5161 ), #2600, .T. ) ;
#7134 = CARTESIAN_POINT ( 'NONE',  ( -1.969999999999999973, 1.349999999999999867, 0.0000000000000000000 ) ) ;
#7135 = DIRECTION ( 'NONE',  ( 0.0000000000000000000, 0.0000000000000000000, -1.000000000000000000 ) ) ;
#7136 = CARTESIAN_POINT ( 'NONE',  ( 0.0000000000000000000, 0.0000000000000000000, 1.604999999999999760 ) ) ;
#7137 = VERTEX_POINT ( 'NONE', #1441 ) ;
#7138 = EDGE_CURVE ( 'NONE', #9876, #10930, #11008, .T. ) ;
#7139 = EDGE_CURVE ( 'NONE', #11926, #5440, #1345, .T. ) ;
#7140 = DIRECTION ( 'NONE',  ( -1.000000000000000000, 0.0000000000000000000, -0.0000000000000000000 ) ) ;
#7141 = CYLINDRICAL_SURFACE ( 'NONE', #6359, 1.250000000000000000 ) ;
#7142 = ORIENTED_EDGE ( 'NONE', *, *, #4179, .T. ) ;
#7143 = DIRECTION ( 'NONE',  ( 0.0000000000000000000, -1.000000000000000000, 0.0000000000000000000 ) ) ;
#7144 = LINE ( 'NONE', #3271, #3724 ) ;
#7145 = UNCERTAINTY_MEASURE_WITH_UNIT (LENGTH_MEASURE( 1.000000000000000082E-05 ), #5302, 'distance_accuracy_value', 'NONE');
#7146 = DIRECTION ( 'NONE',  ( 0.0000000000000000000, 1.000000000000000000, 0.0000000000000000000 ) ) ;
#7147 = DIRECTION ( 'NONE',  ( 0.0000000000000000000, -0.0000000000000000000, 1.000000000000000000 ) ) ;
#7148 = ADVANCED_FACE ( 'NONE', ( #2365 ), #6227, .F. ) ;
#7149 = LINE ( 'NONE', #3403, #6251 ) ;
#7150 = VERTEX_POINT ( 'NONE', #5406 ) ;
#7151 = DIRECTION ( 'NONE',  ( 0.0000000000000000000, 1.000000000000000000, 0.0000000000000000000 ) ) ;
#7152 = EDGE_CURVE ( 'NONE', #1213, #1568, #4367, .T. ) ;
#7153 = CARTESIAN_POINT ( 'NONE',  ( -0.09999999999999971412, 0.4000000000000003553, 1.304999999999999494 ) ) ;
#7154 = ORIENTED_EDGE ( 'NONE', *, *, #2982, .T. ) ;
#7155 = CARTESIAN_POINT ( 'NONE',  ( -4.469999999999999751, 1.349999999999999645, 0.3549999999999994271 ) ) ;
#7156 = ORIENTED_EDGE ( 'NONE', *, *, #4557, .F. ) ;
#7157 = DIRECTION ( 'NONE',  ( 1.000000000000000000, -1.244625060509296168E-16, 0.0000000000000000000 ) ) ;
#7158 = AXIS2_PLACEMENT_3D ( 'NONE', #9056, #11949, #2504 ) ;
#7159 = ORIENTED_EDGE ( 'NONE', *, *, #11139, .T. ) ;
#7160 = LINE ( 'NONE', #8095, #2153 ) ;
#7161 = B_SPLINE_CURVE_WITH_KNOTS ( 'NONE', 3,
 ( #8314, #4467, #791, #3275, #3636, #5447, #4535, #5575, #8254, #10116, #6450, #7506, #12230, #6395, #7322, #6174, #9266 ),
 .UNSPECIFIED., .F., .F.,
 ( 4, 1, 2, 2, 2, 1, 1, 2, 2, 4 ),
 ( 0.0000000000000000000, 0.1250000000000002498, 0.1875000000000004441, 0.2500000000000006106, 0.5000000000000022204, 0.6250000000000032196, 0.6875000000000032196, 0.7187500000000031086, 0.7500000000000029976, 1.000000000000000000 ),
 .UNSPECIFIED. ) ;
#7162 = CARTESIAN_POINT ( 'NONE',  ( -0.5000000000000000000, 5.787332622142050909, -0.3750000000000000000 ) ) ;
#7163 = ORIENTED_EDGE ( 'NONE', *, *, #6157, .F. ) ;
#7164 = DIRECTION ( 'NONE',  ( 0.0000000000000000000, -0.0000000000000000000, -1.000000000000000000 ) ) ;
#7165 = CARTESIAN_POINT ( 'NONE',  ( 3.219999999999999751, 0.0000000000000000000, 1.504999999999999449 ) ) ;
#7166 = DIRECTION ( 'NONE',  ( 0.0000000000000000000, 1.000000000000000000, 0.0000000000000000000 ) ) ;
#7167 = CYLINDRICAL_SURFACE ( 'NONE', #10065, 1.250000000000000000 ) ;
#7168 = VERTEX_POINT ( 'NONE', #689 ) ;
#7169 = ORIENTED_EDGE ( 'NONE', *, *, #2364, .F. ) ;
#7170 = AXIS2_PLACEMENT_3D ( 'NONE', #8232, #9309, #1822 ) ;
#7171 = CARTESIAN_POINT ( 'NONE',  ( -1.000000000000000000, 5.787332622142050909, 0.3750000000000000000 ) ) ;
#7172 = ORIENTED_EDGE ( 'NONE', *, *, #1976, .T. ) ;
#7173 = ORIENTED_EDGE ( 'NONE', *, *, #1868, .T. ) ;
#7174 = CIRCLE ( 'NONE', #12136, 0.1499999999999999944 ) ;
#7175 = DIRECTION ( 'NONE',  ( -1.000000000000000000, 0.0000000000000000000, 0.0000000000000000000 ) ) ;
#7176 = CARTESIAN_POINT ( 'NONE',  ( -0.1500000000000000222, 2.302902790585058312, -0.3750000000000000000 ) ) ;
#7177 = EDGE_CURVE ( 'NONE', #3622, #8486, #9685, .T. ) ;
#7178 = VECTOR ( 'NONE', #8601, 1000.000000000000000 ) ;
#7179 = CARTESIAN_POINT ( 'NONE',  ( 4.169999999999999929, 0.7500000000000000000, 2.595000000000000195 ) ) ;
#7180 = FACE_OUTER_BOUND ( 'NONE', #5384, .T. ) ;
#7181 = CARTESIAN_POINT ( 'NONE',  ( 1.599999999999999867, 0.0000000000000000000, 1.604999999999999760 ) ) ;
#7182 = VECTOR ( 'NONE', #3381, 1000.000000000000000 ) ;
#7183 = ORIENTED_EDGE ( 'NONE', *, *, #1479, .T. ) ;
#7184 = DIRECTION ( 'NONE',  ( 0.0000000000000000000, -0.0000000000000000000, -1.000000000000000000 ) ) ;
#7185 = ORIENTED_EDGE ( 'NONE', *, *, #8108, .T. ) ;
#7186 = EDGE_LOOP ( 'NONE', ( #5010, #6755, #3242, #765 ) ) ;
#7187 = DIRECTION ( 'NONE',  ( 0.0000000000000000000, 0.0000000000000000000, -1.000000000000000000 ) ) ;
#7188 = AXIS2_PLACEMENT_3D ( 'NONE', #6447, #9261, #10178 ) ;
#7189 = CARTESIAN_POINT ( 'NONE',  ( -2.149999999999999911, 0.0000000000000000000, 1.304999999999999494 ) ) ;
#7190 = EDGE_CURVE ( 'NONE', #7118, #6699, #543, .T. ) ;
#7191 = DIRECTION ( 'NONE',  ( 0.0000000000000000000, 0.0000000000000000000, 1.000000000000000000 ) ) ;
#7192 = VERTEX_POINT ( 'NONE', #12055 ) ;
#7193 = SURFACE_SIDE_STYLE ('',( #3386 ) ) ;
#7194 = VERTEX_POINT ( 'NONE', #7153 ) ;
#7195 = CARTESIAN_POINT ( 'NONE',  ( -1.750000000000000222, 6.500000000000000888, 0.1000000000000000056 ) ) ;
#7196 = VECTOR ( 'NONE', #6851, 1000.000000000000000 ) ;
#7197 = ORIENTED_EDGE ( 'NONE', *, *, #6403, .F. ) ;
#7198 = ORIENTED_EDGE ( 'NONE', *, *, #1867, .T. ) ;
#7199 = EDGE_CURVE ( 'NONE', #8113, #11151, #11933, .T. ) ;
#7200 = DIRECTION ( 'NONE',  ( 1.000000000000000000, 0.0000000000000000000, -0.0000000000000000000 ) ) ;
#7201 = AXIS2_PLACEMENT_3D ( 'NONE', #10691, #8722, #3024 ) ;
#7202 = CARTESIAN_POINT ( 'NONE',  ( -2.249999999999996891, 6.500000000000000888, 0.1000000000000000611 ) ) ;
#7203 = DIRECTION ( 'NONE',  ( 0.0000000000000000000, -1.000000000000000000, -0.0000000000000000000 ) ) ;
#7204 = EDGE_CURVE ( 'NONE', #2307, #1226, #8031, .T. ) ;
#7205 = ADVANCED_FACE ( 'NONE', ( #3466 ), #7337, .F. ) ;
#7206 = CARTESIAN_POINT ( 'NONE',  ( 1.870000000000000107, 0.7499999999999997780, 1.604999999999999760 ) ) ;
#7207 = ORIENTED_EDGE ( 'NONE', *, *, #12205, .T. ) ;
#7208 =( GEOMETRIC_REPRESENTATION_CONTEXT ( 3 ) GLOBAL_UNCERTAINTY_ASSIGNED_CONTEXT ( ( #1556 ) ) GLOBAL_UNIT_ASSIGNED_CONTEXT ( ( #5853, #5093, #8027 ) ) REPRESENTATION_CONTEXT ( 'NONE', 'WORKASPACE' ) );
#7209 = DIRECTION ( 'NONE',  ( -0.0000000000000000000, -1.000000000000000000, 0.0000000000000000000 ) ) ;
#7210 = ORIENTED_EDGE ( 'NONE', *, *, #10321, .F. ) ;
#7211 = DIRECTION ( 'NONE',  ( 1.000000000000000000, -0.0000000000000000000, -0.0000000000000000000 ) ) ;
#7212 = DIRECTION ( 'NONE',  ( 1.000000000000000000, 0.0000000000000000000, 0.0000000000000000000 ) ) ;
#7213 = VECTOR ( 'NONE', #5472, 1000.000000000000000 ) ;
#7214 = DIRECTION ( 'NONE',  ( 0.0000000000000000000, 0.0000000000000000000, -1.000000000000000000 ) ) ;
#7215 = FACE_OUTER_BOUND ( 'NONE', #2136, .T. ) ;
#7216 = ORIENTED_EDGE ( 'NONE', *, *, #1589, .F. ) ;
#7217 = CARTESIAN_POINT ( 'NONE',  ( -1.649999999999999911, 5.787332622142050909, -0.3750000000000000000 ) ) ;
#7218 = ORIENTED_EDGE ( 'NONE', *, *, #731, .F. ) ;
#7219 = CARTESIAN_POINT ( 'NONE',  ( -3.220000000000000195, 0.1000000000000000472, -1.305000000000001492 ) ) ;
#7220 = ORIENTED_EDGE ( 'NONE', *, *, #1415, .F. ) ;
#7221 = EDGE_CURVE ( 'NONE', #215, #9108, #10280, .T. ) ;
#7222 = CARTESIAN_POINT ( 'NONE',  ( 2.050446608846518082, 2.499999999999999556, 2.595000000000000195 ) ) ;
#7223 = EDGE_CURVE ( 'NONE', #654, #6805, #1544, .T. ) ;
#7224 = CARTESIAN_POINT ( 'NONE',  ( 0.3999999999999997446, 0.0000000000000000000, 1.504999999999999449 ) ) ;
#7225 = ORIENTED_EDGE ( 'NONE', *, *, #7044, .T. ) ;
#7226 = CARTESIAN_POINT ( 'NONE',  ( 0.8999999999999999112, -0.5999999999999995337, 1.304999999999999494 ) ) ;
#7227 = CARTESIAN_POINT ( 'NONE',  ( -1.899999999999999689, 0.4000000000000001887, 1.604999999999999760 ) ) ;
#7228 = CARTESIAN_POINT ( 'NONE',  ( 0.09999999999999971412, 0.4000000000000002998, 1.304999999999999494 ) ) ;
#7229 = PLANE ( 'NONE',  #4230 ) ;
#7230 = VERTEX_POINT ( 'NONE', #4938 ) ;
#7231 = AXIS2_PLACEMENT_3D ( 'NONE', #12278, #6439, #6563 ) ;
#7232 = CARTESIAN_POINT ( 'NONE',  ( -1.399999999999999689, 0.4000000000000002998, 1.304999999999999494 ) ) ;
#7233 = ADVANCED_FACE ( 'NONE', ( #7691 ), #981, .F. ) ;
#7234 = ORIENTED_EDGE ( 'NONE', *, *, #8164, .F. ) ;
#7235 =( NAMED_UNIT ( * ) PLANE_ANGLE_UNIT ( ) SI_UNIT ( $, .RADIAN. ) );
#7236 = LINE ( 'NONE', #7176, #4017 ) ;
#7237 = VECTOR ( 'NONE', #5345, 1000.000000000000000 ) ;
#7238 = VECTOR ( 'NONE', #4660, 1000.000000000000000 ) ;
#7239 = DIRECTION ( 'NONE',  ( 0.0000000000000000000, -0.0000000000000000000, -1.000000000000000000 ) ) ;
#7240 = FACE_OUTER_BOUND ( 'NONE', #8386, .T. ) ;
#7241 = VECTOR ( 'NONE', #7952, 1000.000000000000000 ) ;
#7242 = ORIENTED_EDGE ( 'NONE', *, *, #2454, .T. ) ;
#7243 = CARTESIAN_POINT ( 'NONE',  ( 3.549999999999999822, 0.0000000000000000000, 1.304999999999999494 ) ) ;
#7244 = FILL_AREA_STYLE_COLOUR ( '', #6278 ) ;
#7245 = CARTESIAN_POINT ( 'NONE',  ( -3.250000000000001332, 4.999999999999995559, 0.09999999999999999167 ) ) ;
#7246 = DIRECTION ( 'NONE',  ( -0.0000000000000000000, -0.0000000000000000000, -1.000000000000000000 ) ) ;
#7247 = ORIENTED_EDGE ( 'NONE', *, *, #6512, .T. ) ;
#7248 = DIRECTION ( 'NONE',  ( 0.0000000000000000000, 0.0000000000000000000, -1.000000000000000000 ) ) ;
#7249 = DIRECTION ( 'NONE',  ( 1.000000000000000000, 0.0000000000000000000, 0.0000000000000000000 ) ) ;
#7250 =( BOUNDED_CURVE ( )  B_SPLINE_CURVE ( 3, ( #1298, #8890, #5200, #9018 ),
 .UNSPECIFIED., .F., .T. ) 
 B_SPLINE_CURVE_WITH_KNOTS ( ( 4, 4 ),
 ( 0.0000000000000000000, 1.000000000000000000 ),
 .UNSPECIFIED. ) 
 CURVE ( )  GEOMETRIC_REPRESENTATION_ITEM ( )  RATIONAL_B_SPLINE_CURVE ( ( 1.000000000000000000, 0.8047378541243646044, 0.8047378541243646044, 1.000000000000000000 ) ) 
 REPRESENTATION_ITEM ( '' )  );
#7251 = VECTOR ( 'NONE', #1083, 1000.000000000000000 ) ;
#7252 = EDGE_CURVE ( 'NONE', #9019, #1401, #9872, .T. ) ;
#7253 = CIRCLE ( 'NONE', #10430, 0.2999999999999999334 ) ;
#7254 = VERTEX_POINT ( 'NONE', #3829 ) ;
#7255 = LINE ( 'NONE', #5444, #440 ) ;
#7256 = DIRECTION ( 'NONE',  ( 0.0000000000000000000, 1.000000000000000000, -0.0000000000000000000 ) ) ;
#7257 = ORIENTED_EDGE ( 'NONE', *, *, #680, .T. ) ;
#7258 = AXIS2_PLACEMENT_3D ( 'NONE', #10676, #4023, #9759 ) ;
#7259 = AXIS2_PLACEMENT_3D ( 'NONE', #1080, #326, #1267 ) ;
#7260 = SURFACE_STYLE_FILL_AREA ( #3445 ) ;
#7261 = STYLED_ITEM ( 'NONE', ( #7295 ), #11555 ) ;
#7262 = LINE ( 'NONE', #3330, #4482 ) ;
#7263 = CARTESIAN_POINT ( 'NONE',  ( 4.069999999999999396, 0.1000000000000000056, -0.3550000000000007039 ) ) ;
#7264 = CARTESIAN_POINT ( 'NONE',  ( 4.469999999999999751, 4.299999999999999822, 1.904999999999999361 ) ) ;
#7265 = ORIENTED_EDGE ( 'NONE', *, *, #4974, .F. ) ;
#7266 = VERTEX_POINT ( 'NONE', #10663 ) ;
#7267 = EDGE_CURVE ( 'NONE', #9470, #9742, #741, .T. ) ;
#7268 = VERTEX_POINT ( 'NONE', #9743 ) ;
#7269 = CARTESIAN_POINT ( 'NONE',  ( 2.250000000000000444, 6.500000000000000888, -0.2499999999999988620 ) ) ;
#7270 = VECTOR ( 'NONE', #227, 1000.000000000000000 ) ;
#7271 = CARTESIAN_POINT ( 'NONE',  ( 0.0000000000000000000, 0.0000000000000000000, 2.295000000000000817 ) ) ;
#7272 = AXIS2_PLACEMENT_3D ( 'NONE', #2232, #6838, #5914 ) ;
#7273 = CARTESIAN_POINT ( 'NONE',  ( -4.169999999999999929, 1.050000000000000044, 8.773890413177493905E-17 ) ) ;
#7274 = ORIENTED_EDGE ( 'NONE', *, *, #9828, .F. ) ;
#7275 = CARTESIAN_POINT ( 'NONE',  ( -4.169999999999999929, 5.100000000000000533, 2.295000000000000817 ) ) ;
#7276 = ORIENTED_EDGE ( 'NONE', *, *, #7440, .F. ) ;
#7277 = CARTESIAN_POINT ( 'NONE',  ( -0.3499999999999999778, 5.787332622142050909, -0.3750000000000000000 ) ) ;
#7278 = EDGE_CURVE ( 'NONE', #10051, #10530, #2124, .T. ) ;
#7279 = AXIS2_PLACEMENT_3D ( 'NONE', #1162, #2265, #11643 ) ;
#7280 = FILL_AREA_STYLE_COLOUR ( '', #1112 ) ;
#7281 = DIRECTION ( 'NONE',  ( 0.5000000000000022204, -0.8660254037844373753, 0.0000000000000000000 ) ) ;
#7282 = CARTESIAN_POINT ( 'NONE',  ( 1.899999999999999689, 0.1000000000000000056, 1.504999999999999449 ) ) ;
#7283 = CARTESIAN_POINT ( 'NONE',  ( 4.469999999999999751, 5.100000000000000533, 2.295000000000000817 ) ) ;
#7284 = ORIENTED_EDGE ( 'NONE', *, *, #10384, .F. ) ;
#7285 = EDGE_CURVE ( 'NONE', #7192, #9782, #2013, .T. ) ;
#7286 = ADVANCED_FACE ( 'NONE', ( #3767 ), #7566, .T. ) ;
#7287 = DIRECTION ( 'NONE',  ( -0.0000000000000000000, -0.0000000000000000000, 1.000000000000000000 ) ) ;
#7288 = DIRECTION ( 'NONE',  ( 1.000000000000000000, 0.0000000000000000000, 0.0000000000000000000 ) ) ;
#7289 =( NAMED_UNIT ( * ) PLANE_ANGLE_UNIT ( ) SI_UNIT ( $, .RADIAN. ) );
#7290 = AXIS2_PLACEMENT_3D ( 'NONE', #6349, #4490, #506 ) ;
#7291 = DIRECTION ( 'NONE',  ( -0.0000000000000000000, -0.0000000000000000000, 1.000000000000000000 ) ) ;
#7292 = ORIENTED_EDGE ( 'NONE', *, *, #668, .F. ) ;
#7293 = DIRECTION ( 'NONE',  ( 1.000000000000000000, 0.0000000000000000000, -0.0000000000000000000 ) ) ;
#7294 = DIRECTION ( 'NONE',  ( 0.0000000000000000000, 1.000000000000000000, 0.0000000000000000000 ) ) ;
#7295 = PRESENTATION_STYLE_ASSIGNMENT (( #8100 ) ) ;
#7296 = CARTESIAN_POINT ( 'NONE',  ( -2.890000000000000124, 1.050000000000000044, 2.184999999999999165 ) ) ;
#7297 = CARTESIAN_POINT ( 'NONE',  ( -1.899999999999999689, -0.5999999999999995337, 1.304999999999999494 ) ) ;
#7298 = EDGE_CURVE ( 'NONE', #3312, #4831, #5948, .T. ) ;
#7299 = DIRECTION ( 'NONE',  ( 1.000000000000000000, 0.0000000000000000000, -0.0000000000000000000 ) ) ;
#7300 = VECTOR ( 'NONE', #7433, 1000.000000000000000 ) ;
#7301 = ORIENTED_EDGE ( 'NONE', *, *, #603, .F. ) ;
#7302 = EDGE_CURVE ( 'NONE', #11505, #2405, #2819, .T. ) ;
#7303 = DIRECTION ( 'NONE',  ( 1.000000000000000000, 0.0000000000000000000, -0.0000000000000000000 ) ) ;
#7304 = LINE ( 'NONE', #462, #10342 ) ;
#7305 = ORIENTED_EDGE ( 'NONE', *, *, #9899, .T. ) ;
#7306 = DIRECTION ( 'NONE',  ( 0.0000000000000000000, -0.0000000000000000000, -1.000000000000000000 ) ) ;
#7307 = VECTOR ( 'NONE', #12243, 1000.000000000000000 ) ;
#7308 = DIRECTION ( 'NONE',  ( 0.7071067811865463515, 0.7071067811865487940, 0.0000000000000000000 ) ) ;
#7309 = CARTESIAN_POINT ( 'NONE',  ( -3.219999999999999751, 7.299999999999999822, 1.604999999999999760 ) ) ;
#7310 = ORIENTED_EDGE ( 'NONE', *, *, #6248, .T. ) ;
#7311 = DIRECTION ( 'NONE',  ( -1.000000000000000000, 0.0000000000000000000, -0.0000000000000000000 ) ) ;
#7312 = EDGE_CURVE ( 'NONE', #3489, #268, #6256, .T. ) ;
#7313 = DIRECTION ( 'NONE',  ( 0.0000000000000000000, 0.0000000000000000000, -1.000000000000000000 ) ) ;
#7314 = DIRECTION ( 'NONE',  ( 0.0000000000000000000, 0.0000000000000000000, 1.000000000000000000 ) ) ;
#7315 = LINE ( 'NONE', #726, #11408 ) ;
#7316 = ORIENTED_EDGE ( 'NONE', *, *, #3368, .T. ) ;
#7317 = CLOSED_SHELL ( 'NONE', ( #6021, #11101, #2714, #556, #7507, #11917 ) ) ;
#7318 = ORIENTED_EDGE ( 'NONE', *, *, #4567, .F. ) ;
#7319 = ORIENTED_EDGE ( 'NONE', *, *, #6673, .T. ) ;
#7320 = DIRECTION ( 'NONE',  ( -0.0000000000000000000, -1.000000000000000000, -0.0000000000000000000 ) ) ;
#7321 = CARTESIAN_POINT ( 'NONE',  ( -0.1500000000000000222, 5.787332622142050909, -0.3750000000000000000 ) ) ;
#7322 = CARTESIAN_POINT ( 'NONE',  ( -3.432559645136970428, -0.0000000000000000000, -1.185106685301022811 ) ) ;
#7323 = VECTOR ( 'NONE', #9667, 1000.000000000000000 ) ;
#7324 =( LENGTH_UNIT ( ) NAMED_UNIT ( * ) SI_UNIT ( .MILLI., .METRE. ) );
#7325 = CARTESIAN_POINT ( 'NONE',  ( 2.000000000000000000, 5.787332622142036698, -0.3750000000000000000 ) ) ;
#7326 = DIRECTION ( 'NONE',  ( -1.000000000000000000, -0.0000000000000000000, -0.0000000000000000000 ) ) ;
#7327 = CARTESIAN_POINT ( 'NONE',  ( 3.219999999999999751, 0.0000000000000000000, -0.3550000000000007039 ) ) ;
#7328 = B_SPLINE_CURVE_WITH_KNOTS ( 'NONE', 3,
 ( #8574, #5895, #4780, #6701, #1111, #5770, #1049, #4837, #9630, #9695, #5833, #8636 ),
 .UNSPECIFIED., .F., .F.,
 ( 4, 1, 1, 1, 1, 2, 2, 4 ),
 ( 0.0000000000000000000, 0.2500000000000019984, 0.3750000000000029976, 0.4375000000000032752, 0.4687500000000031641, 0.4843750000000032196, 0.5000000000000032196, 1.000000000000000000 ),
 .UNSPECIFIED. ) ;
#7329 = EDGE_LOOP ( 'NONE', ( #10688, #10003, #11611, #7498 ) ) ;
#7330 = VERTEX_POINT ( 'NONE', #11709 ) ;
#7331 = AXIS2_PLACEMENT_3D ( 'NONE', #11792, #11863, #6215 ) ;
#7332 = CARTESIAN_POINT ( 'NONE',  ( 3.219999999999999751, 0.1000000000000000056, 1.504999999999999449 ) ) ;
#7333 = ORIENTED_EDGE ( 'NONE', *, *, #11104, .T. ) ;
#7334 = ADVANCED_FACE ( 'NONE', ( #6075 ), #9808, .T. ) ;
#7335 = DIRECTION ( 'NONE',  ( -0.0000000000000000000, -0.0000000000000000000, -1.000000000000000000 ) ) ;
#7336 = VECTOR ( 'NONE', #10286, 1000.000000000000000 ) ;
#7337 = PLANE ( 'NONE',  #8287 ) ;
#7338 = CARTESIAN_POINT ( 'NONE',  ( -3.219999999999999751, 7.040192378872244916, 1.305000000000527294 ) ) ;
#7339 = EDGE_LOOP ( 'NONE', ( #8944, #5866, #11045, #11964 ) ) ;
#7340 = PLANE ( 'NONE',  #8542 ) ;
#7341 = ORIENTED_EDGE ( 'NONE', *, *, #6962, .F. ) ;
#7342 = DIRECTION ( 'NONE',  ( -1.244625060509296168E-16, -1.000000000000000000, 0.0000000000000000000 ) ) ;
#7343 = VERTEX_POINT ( 'NONE', #4337 ) ;
#7344 = FACE_OUTER_BOUND ( 'NONE', #5076, .T. ) ;
#7345 = EDGE_LOOP ( 'NONE', ( #1406, #4013, #6404, #11362, #2212, #6081 ) ) ;
#7346 = SURFACE_STYLE_FILL_AREA ( #6358 ) ;
#7347 = ORIENTED_EDGE ( 'NONE', *, *, #9148, .F. ) ;
#7348 = DIRECTION ( 'NONE',  ( 0.0000000000000000000, 0.0000000000000000000, 1.000000000000000000 ) ) ;
#7349 = DIRECTION ( 'NONE',  ( 0.0000000000000000000, 1.000000000000000000, 0.0000000000000000000 ) ) ;
#7350 = EDGE_CURVE ( 'NONE', #4598, #4201, #5247, .T. ) ;
#7351 = CARTESIAN_POINT ( 'NONE',  ( -4.069999999999999396, 1.350000000000000311, 0.9714414002968979611 ) ) ;
#7352 = CARTESIAN_POINT ( 'NONE',  ( 1.149999999999999467, 2.302902790585051207, -0.3750000000000000000 ) ) ;
#7353 = DIRECTION ( 'NONE',  ( 1.000000000000000000, 0.0000000000000000000, 0.0000000000000000000 ) ) ;
#7354 = DIRECTION ( 'NONE',  ( 0.0000000000000000000, 0.0000000000000000000, -1.000000000000000000 ) ) ;
#7355 = VECTOR ( 'NONE', #7249, 1000.000000000000000 ) ;
#7356 = ORIENTED_EDGE ( 'NONE', *, *, #10700, .F. ) ;
#7357 = CARTESIAN_POINT ( 'NONE',  ( -3.219999999999999751, 0.0000000000000000000, 1.304999999999999716 ) ) ;
#7358 = EDGE_LOOP ( 'NONE', ( #12229, #6537, #5923, #11465 ) ) ;
#7359 = ORIENTED_EDGE ( 'NONE', *, *, #2276, .T. ) ;
#7360 = ADVANCED_FACE ( 'NONE', ( #7051 ), #6138, .F. ) ;
#7361 = DIRECTION ( 'NONE',  ( 1.000000000000000000, -0.0000000000000000000, -0.0000000000000000000 ) ) ;
#7362 = ORIENTED_EDGE ( 'NONE', *, *, #862, .F. ) ;
#7363 = AXIS2_PLACEMENT_3D ( 'NONE', #7685, #2933, #11516 ) ;
#7364 = ADVANCED_FACE ( 'NONE', ( #4210 ), #6011, .F. ) ;
#7365 = LINE ( 'NONE', #8057, #9259 ) ;
#7366 = DIRECTION ( 'NONE',  ( 0.0000000000000000000, 0.0000000000000000000, 1.000000000000000000 ) ) ;
#7367 = ORIENTED_EDGE ( 'NONE', *, *, #9433, .T. ) ;
#7368 = LINE ( 'NONE', #11161, #9881 ) ;
#7369 =( NAMED_UNIT ( * ) PLANE_ANGLE_UNIT ( ) SI_UNIT ( $, .RADIAN. ) );
#7370 = DIRECTION ( 'NONE',  ( -1.244625060509296168E-16, -1.000000000000000000, 0.0000000000000000000 ) ) ;
#7371 = DIRECTION ( 'NONE',  ( -0.0000000000000000000, -0.0000000000000000000, -1.000000000000000000 ) ) ;
#7372 = PLANE ( 'NONE',  #1791 ) ;
#7373 = AXIS2_PLACEMENT_3D ( 'NONE', #11640, #11574, #10720 ) ;
#7374 = ORIENTED_EDGE ( 'NONE', *, *, #474, .T. ) ;
#7375 = VERTEX_POINT ( 'NONE', #10793 ) ;
#7376 = EDGE_CURVE ( 'NONE', #8929, #6797, #3173, .T. ) ;
#7377 = DIRECTION ( 'NONE',  ( 0.0000000000000000000, -0.0000000000000000000, 1.000000000000000000 ) ) ;
#7378 = DIRECTION ( 'NONE',  ( -1.000000000000000000, -0.0000000000000000000, -0.0000000000000000000 ) ) ;
#7379 = ADVANCED_FACE ( 'NONE', ( #7180 ), #6984, .F. ) ;
#7380 = CARTESIAN_POINT ( 'NONE',  ( 1.869999999999999885, 1.249999999999999778, 1.304999999999999716 ) ) ;
#7381 = VERTEX_POINT ( 'NONE', #7999 ) ;
#7382 = CARTESIAN_POINT ( 'NONE',  ( 4.169999999999999929, 1.899999999999999911, 0.3549999999999996492 ) ) ;
#7383 = CARTESIAN_POINT ( 'NONE',  ( -1.850000000000000533, 2.302902790585058312, -0.3750000000000000000 ) ) ;
#7384 = CARTESIAN_POINT ( 'NONE',  ( 4.169999999999999929, 1.958578643762690197, 0.3549999999999994271 ) ) ;
#7385 = ORIENTED_EDGE ( 'NONE', *, *, #3690, .T. ) ;
#7386 = VECTOR ( 'NONE', #3284, 1000.000000000000000 ) ;
#7387 = CARTESIAN_POINT ( 'NONE',  ( -3.219999999999999751, 0.8500000000000000888, 1.304999999999999716 ) ) ;
#7388 = CARTESIAN_POINT ( 'NONE',  ( -0.5999999999999997558, 0.4000000000000003553, 1.304999999999999494 ) ) ;
#7389 = FACE_OUTER_BOUND ( 'NONE', #2738, .T. ) ;
#7390 = ORIENTED_EDGE ( 'NONE', *, *, #7890, .F. ) ;
#7391 = ORIENTED_EDGE ( 'NONE', *, *, #8894, .F. ) ;
#7392 = VERTEX_POINT ( 'NONE', #11836 ) ;
#7393 = EDGE_CURVE ( 'NONE', #4838, #5316, #2267, .T. ) ;
#7394 = CARTESIAN_POINT ( 'NONE',  ( 4.170000000000000817, 0.06568542494923808317, 1.563578643762689513 ) ) ;
#7395 = AXIS2_PLACEMENT_3D ( 'NONE', #11231, #9201, #4533 ) ;
#7396 = CARTESIAN_POINT ( 'NONE',  ( 3.219999999999999751, 0.0000000000000000000, 0.3549999999999994271 ) ) ;
#7397 = UNCERTAINTY_MEASURE_WITH_UNIT (LENGTH_MEASURE( 1.000000000000000082E-05 ), #2508, 'distance_accuracy_value', 'NONE');
#7398 = DIRECTION ( 'NONE',  ( 0.0000000000000000000, 8.356086107788086850E-17, -1.000000000000000000 ) ) ;
#7399 = VECTOR ( 'NONE', #3769, 1000.000000000000000 ) ;
#7400 = ORIENTED_EDGE ( 'NONE', *, *, #4499, .T. ) ;
#7401 = LINE ( 'NONE', #11193, #3868 ) ;
#7402 = CARTESIAN_POINT ( 'NONE',  ( 1.969999999999999973, 1.449999999999999956, 1.405000000000000027 ) ) ;
#7403 = COLOUR_RGB ( '',0.9686274509803921573, 0.8784313725490195957, 0.5999999999999999778 ) ;
#7404 = FACE_OUTER_BOUND ( 'NONE', #7329, .T. ) ;
#7405 = PLANE ( 'NONE',  #3851 ) ;
#7406 = DIRECTION ( 'NONE',  ( 1.000000000000000000, -0.0000000000000000000, 0.0000000000000000000 ) ) ;
#7407 = CARTESIAN_POINT ( 'NONE',  ( 4.069999999999999396, 0.1000000000000000056, 1.504999999999999449 ) ) ;
#7408 = VERTEX_POINT ( 'NONE', #2390 ) ;
#7409 = PLANE ( 'NONE',  #3805 ) ;
#7410 = DIRECTION ( 'NONE',  ( -1.000000000000000000, -0.0000000000000000000, 0.0000000000000000000 ) ) ;
#7411 = EDGE_CURVE ( 'NONE', #9924, #1213, #1926, .T. ) ;
#7412 = EDGE_LOOP ( 'NONE', ( #4468, #1248, #5241, #7557, #5211 ) ) ;
#7413 = VECTOR ( 'NONE', #1255, 1000.000000000000000 ) ;
#7414 = ORIENTED_EDGE ( 'NONE', *, *, #7741, .F. ) ;
#7415 = DIRECTION ( 'NONE',  ( -0.0000000000000000000, -0.0000000000000000000, -1.000000000000000000 ) ) ;
#7416 = MECHANICAL_DESIGN_GEOMETRIC_PRESENTATION_REPRESENTATION (  '', ( #456 ), #8011 ) ;
#7417 = CARTESIAN_POINT ( 'NONE',  ( 3.219999999999999751, 0.0000000000000000000, -0.3550000000000007039 ) ) ;
#7418 = DIRECTION ( 'NONE',  ( -0.0000000000000000000, -1.000000000000000000, -0.0000000000000000000 ) ) ;
#7419 = ORIENTED_EDGE ( 'NONE', *, *, #637, .F. ) ;
#7420 = CARTESIAN_POINT ( 'NONE',  ( -3.219999999999999751, 1.449999999999999956, 1.304999999999999716 ) ) ;
#7421 = ORIENTED_EDGE ( 'NONE', *, *, #1536, .F. ) ;
#7422 = CARTESIAN_POINT ( 'NONE',  ( -4.469999999999999751, 0.1000000000000002554, 1.604999999999999760 ) ) ;
#7423 = EDGE_CURVE ( 'NONE', #6345, #5030, #9989, .T. ) ;
#7424 =( GEOMETRIC_REPRESENTATION_CONTEXT ( 3 ) GLOBAL_UNCERTAINTY_ASSIGNED_CONTEXT ( ( #6038 ) ) GLOBAL_UNIT_ASSIGNED_CONTEXT ( ( #2660, #806, #8766 ) ) REPRESENTATION_CONTEXT ( 'NONE', 'WORKASPACE' ) );
#7425 = EDGE_CURVE ( 'NONE', #11489, #9742, #269, .T. ) ;
#7426 = LINE ( 'NONE', #10160, #8564 ) ;
#7427 = VERTEX_POINT ( 'NONE', #5370 ) ;
#7428 = DIRECTION ( 'NONE',  ( 1.000000000000000000, 0.0000000000000000000, 0.0000000000000000000 ) ) ;
#7429 = DIRECTION ( 'NONE',  ( 0.7071067811865463515, -0.7071067811865487940, 0.0000000000000000000 ) ) ;
#7430 = FACE_OUTER_BOUND ( 'NONE', #2773, .T. ) ;
#7431 = FACE_OUTER_BOUND ( 'NONE', #6050, .T. ) ;
#7432 = ORIENTED_EDGE ( 'NONE', *, *, #3773, .F. ) ;
#7433 = DIRECTION ( 'NONE',  ( -1.000000000000000000, -0.0000000000000000000, -0.0000000000000000000 ) ) ;
#7434 = PLANE ( 'NONE',  #5290 ) ;
#7435 = CARTESIAN_POINT ( 'NONE',  ( 1.000000000000000000, 2.302902790585051207, -0.3750000000000000000 ) ) ;
#7436 = ADVANCED_FACE ( 'NONE', ( #5506 ), #2566, .T. ) ;
#7437 = VERTEX_POINT ( 'NONE', #7243 ) ;
#7438 = LINE ( 'NONE', #8499, #9551 ) ;
#7439 = VERTEX_POINT ( 'NONE', #8240 ) ;
#7440 = EDGE_CURVE ( 'NONE', #8552, #6327, #9188, .T. ) ;
#7441 = EDGE_CURVE ( 'NONE', #2798, #3702, #10103, .T. ) ;
#7442 = EDGE_CURVE ( 'NONE', #7995, #8553, #12027, .T. ) ;
#7443 = VERTEX_POINT ( 'NONE', #3684 ) ;
#7444 = AXIS2_PLACEMENT_3D ( 'NONE', #7282, #393, #7990 ) ;
#7445 = LINE ( 'NONE', #4397, #4193 ) ;
#7446 = DIRECTION ( 'NONE',  ( 0.0000000000000000000, 0.7071067811865414665, 0.7071067811865536790 ) ) ;
#7447 = DIRECTION ( 'NONE',  ( 1.000000000000000000, -0.0000000000000000000, 0.0000000000000000000 ) ) ;
#7448 = DIRECTION ( 'NONE',  ( -0.0000000000000000000, -1.000000000000000000, -0.0000000000000000000 ) ) ;
#7449 = EDGE_CURVE ( 'NONE', #5197, #9613, #9318, .T. ) ;
#7450 = ORIENTED_EDGE ( 'NONE', *, *, #6293, .F. ) ;
#7451 = CARTESIAN_POINT ( 'NONE',  ( 0.0000000000000000000, 0.4000000000000003553, 1.304999999999999494 ) ) ;
#7452 = CARTESIAN_POINT ( 'NONE',  ( -0.8999999999999999112, -0.5999999999999995337, 1.304999999999999494 ) ) ;
#7453 = DIRECTION ( 'NONE',  ( 0.0000000000000000000, 1.000000000000000000, 0.0000000000000000000 ) ) ;
#7454 = CIRCLE ( 'NONE', #1885, 0.2999999999999999334 ) ;
#7455 = AXIS2_PLACEMENT_3D ( 'NONE', #11642, #5945, #8938 ) ;
#7456 = VERTEX_POINT ( 'NONE', #10297 ) ;
#7457 = EDGE_CURVE ( 'NONE', #7755, #11403, #10165, .T. ) ;
#7458 = CARTESIAN_POINT ( 'NONE',  ( 0.8999999999999998002, 0.0000000000000000000, 1.304999999999999494 ) ) ;
#7459 = AXIS2_PLACEMENT_3D ( 'NONE', #2734, #10214, #10339 ) ;
#7460 = CARTESIAN_POINT ( 'NONE',  ( -1.928578643762690392, 1.249999999999999112, 1.305000000000000160 ) ) ;
#7461 = VECTOR ( 'NONE', #8421, 1000.000000000000000 ) ;
#7462 = AXIS2_PLACEMENT_3D ( 'NONE', #7905, #6953, #6045 ) ;
#7463 = CIRCLE ( 'NONE', #906, 0.1000000000000000472 ) ;
#7464 = ORIENTED_EDGE ( 'NONE', *, *, #2228, .T. ) ;
#7465 = DIRECTION ( 'NONE',  ( -0.0000000000000000000, -0.0000000000000000000, 1.000000000000000000 ) ) ;
#7466 = EDGE_CURVE ( 'NONE', #5259, #1032, #5434, .T. ) ;
#7467 = DIRECTION ( 'NONE',  ( 0.0000000000000000000, -8.356086107788088083E-17, 1.000000000000000000 ) ) ;
#7468 = DIRECTION ( 'NONE',  ( 0.0000000000000000000, -1.000000000000000000, -0.0000000000000000000 ) ) ;
#7469 = LINE ( 'NONE', #1627, #2371 ) ;
#7470 = VERTEX_POINT ( 'NONE', #3431 ) ;
#7471 = CARTESIAN_POINT ( 'NONE',  ( -0.09999999999999971412, 0.4000000000000002998, 1.304999999999999494 ) ) ;
#7472 = CIRCLE ( 'NONE', #4080, 1.250000000000000000 ) ;
#7473 = ORIENTED_EDGE ( 'NONE', *, *, #6739, .T. ) ;
#7474 = MANIFOLD_SOLID_BREP ( 'Boss-Extrude14[6]', #1166 ) ;
#7475 = CYLINDRICAL_SURFACE ( 'NONE', #1576, 0.1000000000000000472 ) ;
#7476 = EDGE_LOOP ( 'NONE', ( #9525, #6925, #4616, #8449 ) ) ;
#7477 = CARTESIAN_POINT ( 'NONE',  ( -4.469999999999999751, 7.299999999999999822, 0.3549999999999998712 ) ) ;
#7478 = CARTESIAN_POINT ( 'NONE',  ( -2.150446608846517726, 2.599999999999999645, -1.605000000000000870 ) ) ;
#7479 = VERTEX_POINT ( 'NONE', #6502 ) ;
#7480 = AXIS2_PLACEMENT_3D ( 'NONE', #10650, #3098, #2133 ) ;
#7481 = DIRECTION ( 'NONE',  ( 0.0000000000000000000, 0.0000000000000000000, 1.000000000000000000 ) ) ;
#7482 = DIRECTION ( 'NONE',  ( 0.0000000000000000000, 0.0000000000000000000, -1.000000000000000000 ) ) ;
#7483 = DIRECTION ( 'NONE',  ( 0.0000000000000000000, 0.0000000000000000000, -1.000000000000000000 ) ) ;
#7484 = DIRECTION ( 'NONE',  ( 1.000000000000000000, 0.0000000000000000000, 0.0000000000000000000 ) ) ;
#7485 = EDGE_LOOP ( 'NONE', ( #7527, #7010, #9585, #11438 ) ) ;
#7486 = CARTESIAN_POINT ( 'NONE',  ( -4.069999999999999396, 2.000000000000000000, 0.8529184719828692973 ) ) ;
#7487 = CIRCLE ( 'NONE', #5893, 0.1000000000000000472 ) ;
#7488 = CARTESIAN_POINT ( 'NONE',  ( -4.169999999999999929, 4.000000000000000000, 1.304999999999999494 ) ) ;
#7489 = ORIENTED_EDGE ( 'NONE', *, *, #8745, .T. ) ;
#7490 = DIRECTION ( 'NONE',  ( 0.0000000000000000000, 8.356086107788088083E-17, -1.000000000000000000 ) ) ;
#7491 = CARTESIAN_POINT ( 'NONE',  ( 3.250000000000002220, 5.499999999999995559, 0.09999999999999999167 ) ) ;
#7492 = ORIENTED_EDGE ( 'NONE', *, *, #5715, .F. ) ;
#7493 = FACE_OUTER_BOUND ( 'NONE', #10006, .T. ) ;
#7494 = EDGE_CURVE ( 'NONE', #5734, #868, #584, .T. ) ;
#7495 = EDGE_CURVE ( 'NONE', #1958, #12158, #7368, .T. ) ;
#7496 = DIRECTION ( 'NONE',  ( -0.0000000000000000000, -0.0000000000000000000, -1.000000000000000000 ) ) ;
#7497 = CARTESIAN_POINT ( 'NONE',  ( -0.1500000000000002442, 5.787332622142050909, 0.3750000000000000000 ) ) ;
#7498 = ORIENTED_EDGE ( 'NONE', *, *, #2931, .F. ) ;
#7499 = CARTESIAN_POINT ( 'NONE',  ( 3.219999999999999751, 7.299999999999999822, -0.3550000000000007039 ) ) ;
#7500 = ORIENTED_EDGE ( 'NONE', *, *, #10157, .F. ) ;
#7501 = EDGE_LOOP ( 'NONE', ( #2768, #8695, #11152, #9004 ) ) ;
#7502 = COLOUR_RGB ( '',0.9686274509803921573, 0.8784313725490195957, 0.5999999999999999778 ) ;
#7503 = DIRECTION ( 'NONE',  ( -0.0000000000000000000, -1.000000000000000000, -0.0000000000000000000 ) ) ;
#7504 = CARTESIAN_POINT ( 'NONE',  ( -4.169999999999999929, 1.050000000000000044, 2.295000000000000817 ) ) ;
#7505 = ORIENTED_EDGE ( 'NONE', *, *, #2951, .F. ) ;
#7506 = CARTESIAN_POINT ( 'NONE',  ( -3.586546776144617699, -0.0000000000000000000, -1.122083305607883608 ) ) ;
#7507 = ADVANCED_FACE ( 'NONE', ( #7493 ), #6438, .T. ) ;
#7508 = DIRECTION ( 'NONE',  ( 0.0000000000000000000, 1.000000000000000000, 0.0000000000000000000 ) ) ;
#7509 = ORIENTED_EDGE ( 'NONE', *, *, #2792, .T. ) ;
#7510 = CARTESIAN_POINT ( 'NONE',  ( -1.650000000000000355, 5.787332622142050909, -0.3750000000000000000 ) ) ;
#7511 = LINE ( 'NONE', #9625, #9156 ) ;
#7512 = ORIENTED_EDGE ( 'NONE', *, *, #225, .T. ) ;
#7513 = ORIENTED_EDGE ( 'NONE', *, *, #4655, .F. ) ;
#7514 = CARTESIAN_POINT ( 'NONE',  ( 1.399999999999999689, -0.5999999999999995337, 1.304999999999999494 ) ) ;
#7515 = EDGE_CURVE ( 'NONE', #12297, #8093, #11285, .T. ) ;
#7516 = FACE_OUTER_BOUND ( 'NONE', #11342, .T. ) ;
#7517 = ORIENTED_EDGE ( 'NONE', *, *, #3416, .F. ) ;
#7518 = ADVANCED_FACE ( 'NONE', ( #11458 ), #6733, .T. ) ;
#7519 = EDGE_CURVE ( 'NONE', #6766, #3635, #8491, .T. ) ;
#7520 = PLANE ( 'NONE',  #8255 ) ;
#7521 = CARTESIAN_POINT ( 'NONE',  ( -1.969999999999999973, 1.249999999999999112, 1.405000000000000027 ) ) ;
#7522 = LINE ( 'NONE', #3784, #6051 ) ;
#7523 = DIRECTION ( 'NONE',  ( 0.0000000000000000000, 0.0000000000000000000, 1.000000000000000000 ) ) ;
#7524 = VECTOR ( 'NONE', #8716, 1000.000000000000000 ) ;
#7525 = ORIENTED_EDGE ( 'NONE', *, *, #8863, .T. ) ;
#7526 = LINE ( 'NONE', #1359, #11357 ) ;
#7527 = ORIENTED_EDGE ( 'NONE', *, *, #9728, .T. ) ;
#7528 = LINE ( 'NONE', #368, #7101 ) ;
#7529 = VECTOR ( 'NONE', #2381, 1000.000000000000000 ) ;
#7530 = AXIS2_PLACEMENT_3D ( 'NONE', #9991, #5250, #1765 ) ;
#7531 = CARTESIAN_POINT ( 'NONE',  ( 0.8499999999999998668, 5.787332622142043803, -0.3750000000000000000 ) ) ;
#7532 = ORIENTED_EDGE ( 'NONE', *, *, #4406, .T. ) ;
#7533 = CARTESIAN_POINT ( 'NONE',  ( -1.969999999999999973, 5.350000000000000533, 1.604999999999999760 ) ) ;
#7534 = PLANE ( 'NONE',  #9853 ) ;
#7535 = CYLINDRICAL_SURFACE ( 'NONE', #1880, 0.1250000000000000000 ) ;
#7536 = SURFACE_SIDE_STYLE ('',( #1928 ) ) ;
#7537 = LINE ( 'NONE', #11325, #104 ) ;
#7538 = CARTESIAN_POINT ( 'NONE',  ( 2.069999999999999840, 1.449999999999999956, 1.304999999999999716 ) ) ;
#7539 = EDGE_LOOP ( 'NONE', ( #6382, #6849, #3707, #9554 ) ) ;
#7540 = FACE_OUTER_BOUND ( 'NONE', #9034, .T. ) ;
#7541 = ORIENTED_EDGE ( 'NONE', *, *, #3357, .F. ) ;
#7542 = ORIENTED_EDGE ( 'NONE', *, *, #649, .T. ) ;
#7543 = CIRCLE ( 'NONE', #3761, 0.1000000000000000472 ) ;
#7544 = LINE ( 'NONE', #11334, #7707 ) ;
#7545 = EDGE_CURVE ( 'NONE', #5505, #68, #5805, .T. ) ;
#7546 = EDGE_LOOP ( 'NONE', ( #10737, #542, #9092, #5284 ) ) ;
#7547 = CARTESIAN_POINT ( 'NONE',  ( -2.249999999999996891, 6.500000000000000888, 0.0000000000000000000 ) ) ;
#7548 = DIRECTION ( 'NONE',  ( 0.0000000000000000000, 0.0000000000000000000, -1.000000000000000000 ) ) ;
#7549 = ORIENTED_EDGE ( 'NONE', *, *, #8950, .F. ) ;
#7550 = SURFACE_STYLE_USAGE ( .BOTH. , #3932 ) ;
#7551 = AXIS2_PLACEMENT_3D ( 'NONE', #4585, #10469, #2925 ) ;
#7552 = DIRECTION ( 'NONE',  ( 0.7071067811865463515, -0.7071067811865487940, 0.0000000000000000000 ) ) ;
#7553 = ORIENTED_EDGE ( 'NONE', *, *, #448, .T. ) ;
#7554 = CARTESIAN_POINT ( 'NONE',  ( 0.3999999999999996891, 0.4000000000000003553, 1.304999999999999494 ) ) ;
#7555 = ORIENTED_EDGE ( 'NONE', *, *, #4427, .F. ) ;
#7556 = CARTESIAN_POINT ( 'NONE',  ( 0.3999999999999996891, 0.4000000000000002998, 1.304999999999999494 ) ) ;
#7557 = ORIENTED_EDGE ( 'NONE', *, *, #234, .T. ) ;
#7558 = EDGE_LOOP ( 'NONE', ( #4188, #1400, #4982, #1637 ) ) ;
#7559 = AXIS2_PLACEMENT_3D ( 'NONE', #7171, #2320, #11824 ) ;
#7560 = CIRCLE ( 'NONE', #8362, 0.1000000000000000472 ) ;
#7561 = EDGE_CURVE ( 'NONE', #8303, #5877, #2062, .T. ) ;
#7562 = CARTESIAN_POINT ( 'NONE',  ( 1.099999999999999867, 0.0000000000000000000, -0.3550000000000007039 ) ) ;
#7563 = CARTESIAN_POINT ( 'NONE',  ( 1.969999999999999973, 3.449999999999999734, 0.0000000000000000000 ) ) ;
#7564 = DIRECTION ( 'NONE',  ( -0.7071067811865414665, 0.0000000000000000000, -0.7071067811865536790 ) ) ;
#7565 = ORIENTED_EDGE ( 'NONE', *, *, #762, .F. ) ;
#7566 = PLANE ( 'NONE',  #3706 ) ;
#7567 = PLANE ( 'NONE',  #3047 ) ;
#7568 = CARTESIAN_POINT ( 'NONE',  ( 4.069999999999999396, 2.000000000000000000, -0.3550000000000007039 ) ) ;
#7569 = MANIFOLD_SOLID_BREP ( 'Boss-Extrude7[5]', #10684 ) ;
#7570 = VECTOR ( 'NONE', #4821, 1000.000000000000000 ) ;
#7571 = EDGE_LOOP ( 'NONE', ( #9275, #4494, #11310, #4768 ) ) ;
#7572 = DIRECTION ( 'NONE',  ( 0.0000000000000000000, 0.0000000000000000000, -1.000000000000000000 ) ) ;
#7573 = CARTESIAN_POINT ( 'NONE',  ( 1.899999999999999689, -0.5999999999999995337, 1.604999999999999760 ) ) ;
#7574 = PLANE ( 'NONE',  #5565 ) ;
#7575 = VECTOR ( 'NONE', #9367, 1000.000000000000000 ) ;
#7576 = EDGE_LOOP ( 'NONE', ( #11291, #2522, #8505, #7216 ) ) ;
#7577 = EDGE_CURVE ( 'NONE', #5410, #4846, #4728, .T. ) ;
#7578 = EDGE_CURVE ( 'NONE', #11667, #5316, #8550, .T. ) ;
#7579 =( LENGTH_UNIT ( ) NAMED_UNIT ( * ) SI_UNIT ( .MILLI., .METRE. ) );
#7580 =( BOUNDED_CURVE ( )  B_SPLINE_CURVE ( 3, ( #865, #1043, #9517, #4651 ),
 .UNSPECIFIED., .F., .T. ) 
 B_SPLINE_CURVE_WITH_KNOTS ( ( 4, 4 ),
 ( 0.0000000000000000000, 1.000000000000000000 ),
 .UNSPECIFIED. ) 
 CURVE ( )  GEOMETRIC_REPRESENTATION_ITEM ( )  RATIONAL_B_SPLINE_CURVE ( ( 1.000000000000000000, 0.9272070662470277558, 0.9272070662470277558, 1.000000000000000000 ) ) 
 REPRESENTATION_ITEM ( '' )  );
#7581 = VECTOR ( 'NONE', #8903, 1000.000000000000000 ) ;
#7582 = CARTESIAN_POINT ( 'NONE',  ( -0.5999999999999998668, 7.299999999999999822, 1.604999999999999760 ) ) ;
#7583 = ORIENTED_EDGE ( 'NONE', *, *, #8137, .F. ) ;
#7584 = CIRCLE ( 'NONE', #32, 0.1000000000000002554 ) ;
#7585 = DIRECTION ( 'NONE',  ( 1.000000000000000000, -0.0000000000000000000, -0.0000000000000000000 ) ) ;
#7586 = DIRECTION ( 'NONE',  ( -1.000000000000000000, -1.100712865467517079E-16, 0.0000000000000000000 ) ) ;
#7587 = CARTESIAN_POINT ( 'NONE',  ( -1.870000000000000107, 1.305595555460777213, 1.304999999999999716 ) ) ;
#7588 = CARTESIAN_POINT ( 'NONE',  ( 4.169999999999999929, 1.350000000000000089, 0.3549999999999995381 ) ) ;
#7589 = EDGE_CURVE ( 'NONE', #2367, #11356, #11855, .T. ) ;
#7590 = ORIENTED_EDGE ( 'NONE', *, *, #3174, .T. ) ;
#7591 = ORIENTED_EDGE ( 'NONE', *, *, #11932, .T. ) ;
#7592 = EDGE_CURVE ( 'NONE', #10368, #7150, #1942, .T. ) ;
#7593 = MECHANICAL_DESIGN_GEOMETRIC_PRESENTATION_REPRESENTATION (  '', ( #12159 ), #6790 ) ;
#7594 = EDGE_CURVE ( 'NONE', #2667, #130, #4812, .T. ) ;
#7595 = COLOUR_RGB ( '',0.9686274509803921573, 0.8784313725490195957, 0.5999999999999999778 ) ;
#7596 = CARTESIAN_POINT ( 'NONE',  ( 4.169999999999999929, 1.449999999999999512, 0.9114971157455595829 ) ) ;
#7597 = ORIENTED_EDGE ( 'NONE', *, *, #918, .T. ) ;
#7598 = CIRCLE ( 'NONE', #12162, 0.1000000000000000472 ) ;
#7599 = CARTESIAN_POINT ( 'NONE',  ( -2.069999999999999840, 1.249999999999999112, 1.604999999999999538 ) ) ;
#7600 = DIRECTION ( 'NONE',  ( -0.0000000000000000000, -1.000000000000000000, 0.0000000000000000000 ) ) ;
#7601 = CIRCLE ( 'NONE', #2813, 0.9500000000000002887 ) ;
#7602 = CARTESIAN_POINT ( 'NONE',  ( -1.050446608846518082, 7.299999999999999822, 1.505000000000000115 ) ) ;
#7603 = CARTESIAN_POINT ( 'NONE',  ( 0.3999999999999997446, 0.0000000000000000000, -0.3550000000000007039 ) ) ;
#7604 = EDGE_CURVE ( 'NONE', #5408, #3255, #697, .T. ) ;
#7605 = VERTEX_POINT ( 'NONE', #2783 ) ;
#7606 = LINE ( 'NONE', #10456, #8381 ) ;
#7607 = ORIENTED_EDGE ( 'NONE', *, *, #8497, .F. ) ;
#7608 = ORIENTED_EDGE ( 'NONE', *, *, #9640, .T. ) ;
#7609 = VECTOR ( 'NONE', #11944, 1000.000000000000000 ) ;
#7610 = CARTESIAN_POINT ( 'NONE',  ( 0.8999999999999998002, 0.1000000000000000056, 1.504999999999999449 ) ) ;
#7611 = EDGE_CURVE ( 'NONE', #2312, #5511, #764, .T. ) ;
#7612 = ORIENTED_EDGE ( 'NONE', *, *, #8719, .F. ) ;
#7613 = MANIFOLD_SOLID_BREP ( 'Boss-Extrude7[4]', #3110 ) ;
#7614 = CYLINDRICAL_SURFACE ( 'NONE', #10619, 0.1499999999999999667 ) ;
#7615 = CARTESIAN_POINT ( 'NONE',  ( 1.969999999999999973, 0.8499999999999998668, 1.304999999999999494 ) ) ;
#7616 = DIRECTION ( 'NONE',  ( 1.000000000000000000, -0.0000000000000000000, 0.0000000000000000000 ) ) ;
#7617 = ORIENTED_EDGE ( 'NONE', *, *, #746, .F. ) ;
#7618 = CARTESIAN_POINT ( 'NONE',  ( -4.169999999999999929, 1.250000000000000000, 1.604999999999999538 ) ) ;
#7619 = B_SPLINE_CURVE_WITH_KNOTS ( 'NONE', 3,
 ( #1516, #1580, #5299, #5421, #5353, #8226 ),
 .UNSPECIFIED., .F., .F.,
 ( 4, 2, 4 ),
 ( 0.0000000000000000000, 0.5000000000000000000, 1.000000000000000000 ),
 .UNSPECIFIED. ) ;
#7620 = AXIS2_PLACEMENT_3D ( 'NONE', #8709, #7762, #1309 ) ;
#7621 = LINE ( 'NONE', #11399, #3279 ) ;
#7622 = VERTEX_POINT ( 'NONE', #4676 ) ;
#7623 = CARTESIAN_POINT ( 'NONE',  ( -1.969999999999999973, 1.249999999999999334, 1.563578643762689513 ) ) ;
#7624 = EDGE_CURVE ( 'NONE', #8553, #9032, #10209, .T. ) ;
#7625 = AXIS2_PLACEMENT_3D ( 'NONE', #12306, #11369, #752 ) ;
#7626 = DIRECTION ( 'NONE',  ( 0.0000000000000000000, 0.0000000000000000000, -1.000000000000000000 ) ) ;
#7627 = EDGE_CURVE ( 'NONE', #2052, #1891, #4562, .T. ) ;
#7628 = EDGE_LOOP ( 'NONE', ( #5825, #5056, #236, #279 ) ) ;
#7629 = CARTESIAN_POINT ( 'NONE',  ( 4.170000000000000817, 0.04142135623730951177, 1.539314575050761080 ) ) ;
#7630 = CARTESIAN_POINT ( 'NONE',  ( -3.249999999999998668, 2.000000000000000000, 0.3499999999999999223 ) ) ;
#7631 = DIRECTION ( 'NONE',  ( 0.0000000000000000000, 1.000000000000000000, -0.0000000000000000000 ) ) ;
#7632 = ORIENTED_EDGE ( 'NONE', *, *, #3411, .F. ) ;
#7633 = CARTESIAN_POINT ( 'NONE',  ( 0.3999999999999997446, 0.1000000000000000056, 1.504999999999999449 ) ) ;
#7634 = CARTESIAN_POINT ( 'NONE',  ( -1.899999999999999689, 7.299999999999999822, 1.604999999999999760 ) ) ;
#7635 = CARTESIAN_POINT ( 'NONE',  ( 0.0000000000000000000, 0.4000000000000004663, 1.304999999999999494 ) ) ;
#7636 = PRESENTATION_STYLE_ASSIGNMENT (( #3834 ) ) ;
#7637 = DIRECTION ( 'NONE',  ( 0.0000000000000000000, 0.0000000000000000000, -1.000000000000000000 ) ) ;
#7638 = ORIENTED_EDGE ( 'NONE', *, *, #10535, .F. ) ;
#7639 = AXIS2_PLACEMENT_3D ( 'NONE', #1273, #10712, #2192 ) ;
#7640 = DIRECTION ( 'NONE',  ( 1.000000000000000000, 0.0000000000000000000, 0.0000000000000000000 ) ) ;
#7641 = CARTESIAN_POINT ( 'NONE',  ( 0.0000000000000000000, -0.5999999999999995337, 1.304999999999999494 ) ) ;
#7642 = ORIENTED_EDGE ( 'NONE', *, *, #5167, .T. ) ;
#7643 = PRESENTATION_STYLE_ASSIGNMENT (( #5774 ) ) ;
#7644 = DIRECTION ( 'NONE',  ( 0.0000000000000000000, -0.0000000000000000000, -1.000000000000000000 ) ) ;
#7645 = VECTOR ( 'NONE', #3288, 1000.000000000000000 ) ;
#7646 = DIRECTION ( 'NONE',  ( -1.000000000000000000, -0.0000000000000000000, -0.0000000000000000000 ) ) ;
#7647 = EDGE_CURVE ( 'NONE', #1614, #10325, #11279, .T. ) ;
#7648 = EDGE_CURVE ( 'NONE', #11321, #4307, #3726, .T. ) ;
#7649 = CARTESIAN_POINT ( 'NONE',  ( 4.070000000000000284, 2.000000000000000000, 0.3549999999999995381 ) ) ;
#7650 = CARTESIAN_POINT ( 'NONE',  ( 3.987083305607953765, -0.0000000000000000000, -0.7215467761446049400 ) ) ;
#7651 =( BOUNDED_SURFACE ( )  B_SPLINE_SURFACE ( 3, 3, ( 
 ( #10392, #7596, #1636, #700 ),
 ( #8774, #6835, #5851, #5976 ),
 ( #11437, #8591, #3137, #119 ),
 ( #10625, #1253, #2110, #11610 ) ),
 .UNSPECIFIED., .F., .F., .T. ) 
 B_SPLINE_SURFACE_WITH_KNOTS ( ( 4, 4 ),
 ( 4, 4 ),
 ( 0.0000000000000000000, 1.000000000000000000 ),
 ( 0.0000000000000000000, 1.000000000000000000 ),
 .UNSPECIFIED. ) 
 GEOMETRIC_REPRESENTATION_ITEM ( )  RATIONAL_B_SPLINE_SURFACE ( (
 ( 1.000000000000000000, 0.8047378541243649375, 0.8047378541243649375, 1.000000000000000000),
 ( 0.8047378541243644934, 0.6476030138606873043, 0.6476030138606873043, 0.8047378541243644934),
 ( 0.8047378541243644934, 0.6476030138606873043, 0.6476030138606873043, 0.8047378541243644934),
 ( 1.000000000000000000, 0.8047378541243649375, 0.8047378541243649375, 1.000000000000000000) ) ) 
 REPRESENTATION_ITEM ( '' )  SURFACE ( )  );
#7652 = ORIENTED_EDGE ( 'NONE', *, *, #7138, .F. ) ;
#7653 = VECTOR ( 'NONE', #1256, 1000.000000000000000 ) ;
#7654 = VECTOR ( 'NONE', #2036, 1000.000000000000000 ) ;
#7655 = STYLED_ITEM ( 'NONE', ( #4950 ), #11910 ) ;
#7656 = VECTOR ( 'NONE', #4451, 1000.000000000000000 ) ;
#7657 = CARTESIAN_POINT ( 'NONE',  ( 1.400000000000000133, 0.4000000000000001887, 1.604999999999999760 ) ) ;
#7658 = EDGE_LOOP ( 'NONE', ( #3165, #6086, #11996, #8629 ) ) ;
#7659 = FACE_OUTER_BOUND ( 'NONE', #11124, .T. ) ;
#7660 = AXIS2_PLACEMENT_3D ( 'NONE', #10200, #8330, #9345 ) ;
#7661 = EDGE_CURVE ( 'NONE', #773, #10051, #10279, .T. ) ;
#7662 = EDGE_CURVE ( 'NONE', #4363, #12067, #7528, .T. ) ;
#7663 = CARTESIAN_POINT ( 'NONE',  ( 4.469999999999999751, 1.349999999999999645, 0.3549999999999994271 ) ) ;
#7664 = AXIS2_PLACEMENT_3D ( 'NONE', #8562, #708, #7871 ) ;
#7665 = EDGE_CURVE ( 'NONE', #6699, #6362, #7144, .T. ) ;
#7666 = VECTOR ( 'NONE', #11455, 1000.000000000000000 ) ;
#7667 = EDGE_LOOP ( 'NONE', ( #11114, #2691, #10698, #4317 ) ) ;
#7668 = PLANE ( 'NONE',  #6710 ) ;
#7669 = AXIS2_PLACEMENT_3D ( 'NONE', #9085, #663, #3634 ) ;
#7670 = VERTEX_POINT ( 'NONE', #3396 ) ;
#7671 = EDGE_CURVE ( 'NONE', #5332, #10711, #2417, .T. ) ;
#7672 = FACE_OUTER_BOUND ( 'NONE', #9356, .T. ) ;
#7673 = PLANE ( 'NONE',  #8876 ) ;
#7674 = VERTEX_POINT ( 'NONE', #10937 ) ;
#7675 = ADVANCED_FACE ( 'NONE', ( #5088 ), #1431, .T. ) ;
#7676 = EDGE_CURVE ( 'NONE', #2278, #29, #8835, .T. ) ;
#7677 = CARTESIAN_POINT ( 'NONE',  ( -4.469999999999999751, 0.1000000000000002554, 1.604999999999999760 ) ) ;
#7678 = ORIENTED_EDGE ( 'NONE', *, *, #6553, .T. ) ;
#7679 = CARTESIAN_POINT ( 'NONE',  ( -1.969999999999999973, 1.249999999999999112, 1.504999999999999227 ) ) ;
#7680 = VECTOR ( 'NONE', #2790, 1000.000000000000000 ) ;
#7681 = VERTEX_POINT ( 'NONE', #304 ) ;
#7682 = ORIENTED_EDGE ( 'NONE', *, *, #11909, .F. ) ;
#7683 = ORIENTED_EDGE ( 'NONE', *, *, #9744, .F. ) ;
#7684 = CARTESIAN_POINT ( 'NONE',  ( 4.169999999999999929, 0.1000000000000000056, 1.504999999999999449 ) ) ;
#7685 = CARTESIAN_POINT ( 'NONE',  ( 3.219999999999999751, 7.299999999999999822, 0.3549999999999994271 ) ) ;
#7686 = EDGE_CURVE ( 'NONE', #2052, #3435, #6944, .T. ) ;
#7687 = FACE_OUTER_BOUND ( 'NONE', #352, .T. ) ;
#7688 = CARTESIAN_POINT ( 'NONE',  ( 4.469999999999999751, 0.0000000000000000000, 0.0000000000000000000 ) ) ;
#7689 = LINE ( 'NONE', #11350, #6681 ) ;
#7690 = EDGE_LOOP ( 'NONE', ( #6119, #5496, #5340, #7301 ) ) ;
#7691 = FACE_OUTER_BOUND ( 'NONE', #11948, .T. ) ;
#7692 = FACE_OUTER_BOUND ( 'NONE', #9778, .T. ) ;
#7693 = MANIFOLD_SOLID_BREP ( 'Chamfer9', #4548 ) ;
#7694 = VERTEX_POINT ( 'NONE', #4166 ) ;
#7695 = CYLINDRICAL_SURFACE ( 'NONE', #8985, 1.250000000000000000 ) ;
#7696 = DIRECTION ( 'NONE',  ( -0.0000000000000000000, -0.0000000000000000000, -1.000000000000000000 ) ) ;
#7697 = ORIENTED_EDGE ( 'NONE', *, *, #10418, .F. ) ;
#7698 = EDGE_LOOP ( 'NONE', ( #11239, #2803, #3152, #600 ) ) ;
#7699 = CARTESIAN_POINT ( 'NONE',  ( -4.469999999999999751, 5.100000000000000533, 1.604999999999999760 ) ) ;
#7700 = CARTESIAN_POINT ( 'NONE',  ( 1.750000000000000222, 6.500000000000000888, -0.1000000000000000056 ) ) ;
#7701 = VERTEX_POINT ( 'NONE', #429 ) ;
#7702 = PLANE ( 'NONE',  #8464 ) ;
#7703 = CARTESIAN_POINT ( 'NONE',  ( -4.169967975689010231, 1.414359862061781881, 0.4587304272019172013 ) ) ;
#7704 =( NAMED_UNIT ( * ) PLANE_ANGLE_UNIT ( ) SI_UNIT ( $, .RADIAN. ) );
#7705 = CARTESIAN_POINT ( 'NONE',  ( 4.069999999999999396, 0.0000000000000000000, -0.3550000000000007039 ) ) ;
#7706 = VERTEX_POINT ( 'NONE', #4231 ) ;
#7707 = VECTOR ( 'NONE', #2796, 1000.000000000000000 ) ;
#7708 = LINE ( 'NONE', #3908, #2406 ) ;
#7709 = ADVANCED_FACE ( 'NONE', ( #11793 ), #7080, .F. ) ;
#7710 = CARTESIAN_POINT ( 'NONE',  ( 1.952842712474618381, 1.449999999999999734, 1.304999999999999938 ) ) ;
#7711 = ORIENTED_EDGE ( 'NONE', *, *, #5580, .T. ) ;
#7712 = DIRECTION ( 'NONE',  ( -0.0000000000000000000, -0.0000000000000000000, -1.000000000000000000 ) ) ;
#7713 = LINE ( 'NONE', #5096, #8453 ) ;
#7714 = VECTOR ( 'NONE', #10997, 1000.000000000000000 ) ;
#7715 = DIRECTION ( 'NONE',  ( -1.000000000000000000, -0.0000000000000000000, -0.0000000000000000000 ) ) ;
#7716 = CARTESIAN_POINT ( 'NONE',  ( 2.750000000000000888, 0.0000000000000000000, 1.304999999999999494 ) ) ;
#7717 = DIRECTION ( 'NONE',  ( -1.000000000000000000, 0.0000000000000000000, 0.0000000000000000000 ) ) ;
#7718 =( BOUNDED_CURVE ( )  B_SPLINE_CURVE ( 3, ( #4521, #715, #8299, #12144 ),
 .UNSPECIFIED., .F., .T. ) 
 B_SPLINE_CURVE_WITH_KNOTS ( ( 4, 4 ),
 ( 0.0000000000000000000, 1.000000000000000000 ),
 .UNSPECIFIED. ) 
 CURVE ( )  GEOMETRIC_REPRESENTATION_ITEM ( )  RATIONAL_B_SPLINE_CURVE ( ( 1.000000000000000000, 0.8047378541243649375, 0.8047378541243649375, 1.000000000000000000 ) ) 
 REPRESENTATION_ITEM ( '' )  );
#7719 = VERTEX_POINT ( 'NONE', #8141 ) ;
#7720 = CARTESIAN_POINT ( 'NONE',  ( -4.170000000000000817, 1.900000000000000133, -0.9114971157455605821 ) ) ;
#7721 = ORIENTED_EDGE ( 'NONE', *, *, #11012, .T. ) ;
#7722 = ORIENTED_EDGE ( 'NONE', *, *, #6538, .T. ) ;
#7723 = SURFACE_STYLE_USAGE ( .BOTH. , #10574 ) ;
#7724 = EDGE_CURVE ( 'NONE', #9046, #1958, #4101, .T. ) ;
#7725 = EDGE_CURVE ( 'NONE', #221, #3810, #2226, .T. ) ;
#7726 = EDGE_LOOP ( 'NONE', ( #7843, #6053, #9752 ) ) ;
#7727 = CARTESIAN_POINT ( 'NONE',  ( 0.0000000000000000000, -0.5999999999999995337, 1.304999999999999494 ) ) ;
#7728 = DIRECTION ( 'NONE',  ( 0.0000000000000000000, 0.0000000000000000000, 1.000000000000000000 ) ) ;
#7729 = DIRECTION ( 'NONE',  ( -1.000000000000000000, 0.0000000000000000000, -0.0000000000000000000 ) ) ;
#7730 = CARTESIAN_POINT ( 'NONE',  ( -4.469999999999999751, 0.1000000000000002554, 1.604999999999999760 ) ) ;
#7731 = FACE_OUTER_BOUND ( 'NONE', #11463, .T. ) ;
#7732 = ORIENTED_EDGE ( 'NONE', *, *, #11454, .F. ) ;
#7733 =( LENGTH_UNIT ( ) NAMED_UNIT ( * ) SI_UNIT ( .MILLI., .METRE. ) );
#7734 = CYLINDRICAL_SURFACE ( 'NONE', #4886, 0.2500000000000002220 ) ;
#7735 = ORIENTED_EDGE ( 'NONE', *, *, #4146, .F. ) ;
#7736 = DIRECTION ( 'NONE',  ( 0.0000000000000000000, 1.000000000000000000, 0.0000000000000000000 ) ) ;
#7737 = ORIENTED_EDGE ( 'NONE', *, *, #9938, .T. ) ;
#7738 = EDGE_CURVE ( 'NONE', #1914, #4083, #11000, .T. ) ;
#7739 = EDGE_LOOP ( 'NONE', ( #5419, #5685, #4280, #830 ) ) ;
#7740 = VERTEX_POINT ( 'NONE', #1251 ) ;
#7741 = EDGE_CURVE ( 'NONE', #8303, #8208, #6903, .T. ) ;
#7742 = EDGE_CURVE ( 'NONE', #7381, #1925, #9341, .T. ) ;
#7743 = LINE ( 'NONE', #920, #11137 ) ;
#7744 = PLANE ( 'NONE',  #2088 ) ;
#7745 = VERTEX_POINT ( 'NONE', #12049 ) ;
#7746 = CARTESIAN_POINT ( 'NONE',  ( 1.899999999999999689, -0.5999999999999995337, 1.604999999999999760 ) ) ;
#7747 = CARTESIAN_POINT ( 'NONE',  ( 1.599999999999999867, -0.5999999999999995337, 1.304999999999999494 ) ) ;
#7748 = CARTESIAN_POINT ( 'NONE',  ( -2.069999999999999840, 1.249999999999999112, 1.504999999999999449 ) ) ;
#7749 = LINE ( 'NONE', #2147, #6834 ) ;
#7750 = ORIENTED_EDGE ( 'NONE', *, *, #4974, .T. ) ;
#7751 = CARTESIAN_POINT ( 'NONE',  ( 4.469999999999999751, 4.299999999999999822, 1.604999999999999760 ) ) ;
#7752 = CARTESIAN_POINT ( 'NONE',  ( 0.6499999999999996891, 2.302902790585054760, 0.3750000000000000000 ) ) ;
#7753 = CIRCLE ( 'NONE', #10929, 1.250000000000000000 ) ;
#7754 = ADVANCED_FACE ( 'NONE', ( #5398, #6281, #3519 ), #8205, .F. ) ;
#7755 = VERTEX_POINT ( 'NONE', #747 ) ;
#7756 = EDGE_CURVE ( 'NONE', #9874, #9917, #11988, .T. ) ;
#7757 = CARTESIAN_POINT ( 'NONE',  ( -1.099999999999999867, -0.5999999999999995337, 1.304999999999999494 ) ) ;
#7758 = DIRECTION ( 'NONE',  ( -0.0000000000000000000, -1.000000000000000000, -0.0000000000000000000 ) ) ;
#7759 = LINE ( 'NONE', #6818, #5478 ) ;
#7760 = ORIENTED_EDGE ( 'NONE', *, *, #12006, .T. ) ;
#7761 = CARTESIAN_POINT ( 'NONE',  ( -1.899999999999999689, -0.5999999999999995337, 1.604999999999999760 ) ) ;
#7762 = DIRECTION ( 'NONE',  ( 1.000000000000000000, -0.0000000000000000000, 0.0000000000000000000 ) ) ;
#7763 = AXIS2_PLACEMENT_3D ( 'NONE', #9009, #479, #10853 ) ;
#7764 = DIRECTION ( 'NONE',  ( -1.000000000000000000, -0.0000000000000000000, 0.0000000000000000000 ) ) ;
#7765 = EDGE_CURVE ( 'NONE', #7826, #3325, #9153, .T. ) ;
#7766 = VECTOR ( 'NONE', #2167, 1000.000000000000000 ) ;
#7767 = LINE ( 'NONE', #8836, #11524 ) ;
#7768 = VECTOR ( 'NONE', #10510, 1000.000000000000000 ) ;
#7769 = DIRECTION ( 'NONE',  ( 0.0000000000000000000, 0.0000000000000000000, -1.000000000000000000 ) ) ;
#7770 = ORIENTED_EDGE ( 'NONE', *, *, #10655, .T. ) ;
#7771 = SURFACE_SIDE_STYLE ('',( #1325 ) ) ;
#7772 = DIRECTION ( 'NONE',  ( -0.7071067811865398012, 0.0000000000000000000, 0.7071067811865552333 ) ) ;
#7773 = DIRECTION ( 'NONE',  ( -0.7071067811865536790, 0.0000000000000000000, -0.7071067811865414665 ) ) ;
#7774 = CARTESIAN_POINT ( 'NONE',  ( 3.219999999999999751, 2.000000000000000000, -1.263578643762691689 ) ) ;
#7775 = VECTOR ( 'NONE', #7146, 1000.000000000000000 ) ;
#7776 = DIRECTION ( 'NONE',  ( 0.0000000000000000000, -0.7071067811865530128, 0.7071067811865421326 ) ) ;
#7777 = VERTEX_POINT ( 'NONE', #2591 ) ;
#7778 = DIRECTION ( 'NONE',  ( 0.0000000000000000000, 0.0000000000000000000, 1.000000000000000000 ) ) ;
#7779 = ORIENTED_EDGE ( 'NONE', *, *, #699, .T. ) ;
#7780 = ADVANCED_FACE ( 'NONE', ( #4479 ), #10262, .F. ) ;
#7781 = VECTOR ( 'NONE', #8467, 1000.000000000000000 ) ;
#7782 = CARTESIAN_POINT ( 'NONE',  ( 0.0000000000000000000, -0.5999999999999993117, 1.304999999999999494 ) ) ;
#7783 = EDGE_LOOP ( 'NONE', ( #2645, #541, #2741, #4963 ) ) ;
#7784 = DIRECTION ( 'NONE',  ( 0.0000000000000000000, 0.0000000000000000000, -1.000000000000000000 ) ) ;
#7785 = VECTOR ( 'NONE', #6803, 1000.000000000000000 ) ;
#7786 = DIRECTION ( 'NONE',  ( 0.0000000000000000000, 1.000000000000000000, 0.0000000000000000000 ) ) ;
#7787 = CARTESIAN_POINT ( 'NONE',  ( -1.969999999999999973, 0.9500000000000000666, 1.405000000000000027 ) ) ;
#7788 = CARTESIAN_POINT ( 'NONE',  ( -2.150446608846516838, 1.899999999999999689, -1.605000000000000426 ) ) ;
#7789 = ORIENTED_EDGE ( 'NONE', *, *, #10549, .F. ) ;
#7790 = DIRECTION ( 'NONE',  ( 0.0000000000000000000, -0.0000000000000000000, -1.000000000000000000 ) ) ;
#7791 = VECTOR ( 'NONE', #122, 1000.000000000000000 ) ;
#7792 = PLANE ( 'NONE',  #9944 ) ;
#7793 = VERTEX_POINT ( 'NONE', #8452 ) ;
#7794 = AXIS2_PLACEMENT_3D ( 'NONE', #8779, #7211, #12054 ) ;
#7795 = ORIENTED_EDGE ( 'NONE', *, *, #31, .F. ) ;
#7796 = VECTOR ( 'NONE', #5654, 1000.000000000000000 ) ;
#7797 = PLANE ( 'NONE',  #6787 ) ;
#7798 = CARTESIAN_POINT ( 'NONE',  ( 0.09999999999999971412, 0.4000000000000003553, 1.304999999999999494 ) ) ;
#7799 = VERTEX_POINT ( 'NONE', #2529 ) ;
#7800 = DIRECTION ( 'NONE',  ( 0.0000000000000000000, 0.0000000000000000000, -1.000000000000000000 ) ) ;
#7801 = EDGE_CURVE ( 'NONE', #9291, #7777, #4600, .T. ) ;
#7802 =( GEOMETRIC_REPRESENTATION_CONTEXT ( 3 ) GLOBAL_UNCERTAINTY_ASSIGNED_CONTEXT ( ( #2530 ) ) GLOBAL_UNIT_ASSIGNED_CONTEXT ( ( #6044, #1257, #10762 ) ) REPRESENTATION_CONTEXT ( 'NONE', 'WORKASPACE' ) );
#7803 = CARTESIAN_POINT ( 'NONE',  ( 4.169999999999999929, 0.0000000000000000000, 2.595000000000000195 ) ) ;
#7804 = CARTESIAN_POINT ( 'NONE',  ( -1.099999999999999867, -0.5999999999999995337, 1.304999999999999494 ) ) ;
#7805 = VERTEX_POINT ( 'NONE', #11065 ) ;
#7806 = EDGE_CURVE ( 'NONE', #3580, #2798, #9280, .T. ) ;
#7807 = DIRECTION ( 'NONE',  ( -0.0000000000000000000, -1.000000000000000000, -0.0000000000000000000 ) ) ;
#7808 = LINE ( 'NONE', #5827, #10743 ) ;
#7809 = EDGE_CURVE ( 'NONE', #4183, #8432, #10294, .T. ) ;
#7810 = CARTESIAN_POINT ( 'NONE',  ( -3.219999999999999751, 5.350000000000000533, 1.304999999999999716 ) ) ;
#7811 = ORIENTED_EDGE ( 'NONE', *, *, #5092, .T. ) ;
#7812 = ORIENTED_EDGE ( 'NONE', *, *, #11990, .F. ) ;
#7813 = VECTOR ( 'NONE', #2995, 1000.000000000000000 ) ;
#7814 = CARTESIAN_POINT ( 'NONE',  ( -2.750000000000000888, -0.5999999999999993117, 1.304999999999999494 ) ) ;
#7815 = CARTESIAN_POINT ( 'NONE',  ( -2.949999999999999734, 0.4000000000000003553, 1.604999999999999760 ) ) ;
#7816 = ORIENTED_EDGE ( 'NONE', *, *, #8656, .T. ) ;
#7817 = EDGE_CURVE ( 'NONE', #7125, #8368, #6342, .T. ) ;
#7818 = FILL_AREA_STYLE ('',( #4785 ) ) ;
#7819 = CARTESIAN_POINT ( 'NONE',  ( -4.320000000005792984, 7.300000000032537351, 0.3549999999999992606 ) ) ;
#7820 = CARTESIAN_POINT ( 'NONE',  ( -3.219999999999999751, 0.0000000000000000000, 0.3549999999999994271 ) ) ;
#7821 = VECTOR ( 'NONE', #6747, 1000.000000000000000 ) ;
#7822 = EDGE_CURVE ( 'NONE', #155, #3461, #1618, .T. ) ;
#7823 = CARTESIAN_POINT ( 'NONE',  ( 3.717918471982870177, 2.000000000000000000, 1.205000000000000293 ) ) ;
#7824 = DIRECTION ( 'NONE',  ( 0.0000000000000000000, -1.000000000000000000, 0.0000000000000000000 ) ) ;
#7825 = DIRECTION ( 'NONE',  ( 0.0000000000000000000, 0.0000000000000000000, -1.000000000000000000 ) ) ;
#7826 = VERTEX_POINT ( 'NONE', #8326 ) ;
#7827 = ORIENTED_EDGE ( 'NONE', *, *, #6605, .F. ) ;
#7828 = CARTESIAN_POINT ( 'NONE',  ( -2.949999999999999734, 0.4000000000000005218, 1.304999999999999494 ) ) ;
#7829 = LINE ( 'NONE', #3016, #8979 ) ;
#7830 = CIRCLE ( 'NONE', #4463, 0.1499999999999999667 ) ;
#7831 = VECTOR ( 'NONE', #940, 1000.000000000000000 ) ;
#7832 = VECTOR ( 'NONE', #9298, 1000.000000000000000 ) ;
#7833 = FACE_OUTER_BOUND ( 'NONE', #11783, .T. ) ;
#7834 = ORIENTED_EDGE ( 'NONE', *, *, #10962, .F. ) ;
#7835 = ADVANCED_FACE ( 'NONE', ( #3585 ), #2655, .F. ) ;
#7836 = DIRECTION ( 'NONE',  ( 1.000000000000000000, -0.0000000000000000000, 0.0000000000000000000 ) ) ;
#7837 = SURFACE_STYLE_USAGE ( .BOTH. , #3141 ) ;
#7838 =( LENGTH_UNIT ( ) NAMED_UNIT ( * ) SI_UNIT ( .MILLI., .METRE. ) );
#7839 = ADVANCED_FACE ( 'NONE', ( #1797 ), #5526, .T. ) ;
#7840 = PLANE ( 'NONE',  #11439 ) ;
#7841 = VERTEX_POINT ( 'NONE', #12178 ) ;
#7842 = VECTOR ( 'NONE', #2115, 1000.000000000000000 ) ;
#7843 = ORIENTED_EDGE ( 'NONE', *, *, #2903, .T. ) ;
#7844 = VECTOR ( 'NONE', #11003, 1000.000000000000000 ) ;
#7845 = ORIENTED_EDGE ( 'NONE', *, *, #4401, .T. ) ;
#7846 = CARTESIAN_POINT ( 'NONE',  ( -1.150000000000000133, 5.787332622142050909, -0.3750000000000000000 ) ) ;
#7847 = ORIENTED_EDGE ( 'NONE', *, *, #9493, .F. ) ;
#7848 = AXIS2_PLACEMENT_3D ( 'NONE', #9221, #9104, #687 ) ;
#7849 = CARTESIAN_POINT ( 'NONE',  ( 3.250000000000001776, 4.999999999999995559, 0.09999999999999999167 ) ) ;
#7850 = DIRECTION ( 'NONE',  ( -0.7071067811865398012, 0.0000000000000000000, -0.7071067811865552333 ) ) ;
#7851 = PRESENTATION_LAYER_ASSIGNMENT (  '', '', ( #9257 ) ) ;
#7852 = CARTESIAN_POINT ( 'NONE',  ( 1.050446608846517860, 1.999999999999999556, -1.505000000000002780 ) ) ;
#7853 = CARTESIAN_POINT ( 'NONE',  ( 1.349999999999999867, 2.302902790585047654, -0.3750000000000000000 ) ) ;
#7854 = CARTESIAN_POINT ( 'NONE',  ( -4.169999999999999929, 1.200000000000000178, 0.1499999999999999944 ) ) ;
#7855 = VECTOR ( 'NONE', #8488, 1000.000000000000000 ) ;
#7856 = DIRECTION ( 'NONE',  ( -1.000000000000000000, -0.0000000000000000000, -0.0000000000000000000 ) ) ;
#7857 = CARTESIAN_POINT ( 'NONE',  ( 4.169999999999999929, 4.800000000000000711, 2.295000000000000817 ) ) ;
#7858 = ORIENTED_EDGE ( 'NONE', *, *, #9359, .F. ) ;
#7859 = PLANE ( 'NONE',  #4588 ) ;
#7860 = ORIENTED_EDGE ( 'NONE', *, *, #6891, .T. ) ;
#7861 = AXIS2_PLACEMENT_3D ( 'NONE', #5898, #12086, #8304 ) ;
#7862 = ORIENTED_EDGE ( 'NONE', *, *, #7592, .F. ) ;
#7863 = VECTOR ( 'NONE', #7947, 1000.000000000000000 ) ;
#7864 = AXIS2_PLACEMENT_3D ( 'NONE', #9102, #3462, #8086 ) ;
#7865 = VERTEX_POINT ( 'NONE', #7458 ) ;
#7866 = FACE_OUTER_BOUND ( 'NONE', #356, .T. ) ;
#7867 = ADVANCED_FACE ( 'NONE', ( #9400 ), #870, .T. ) ;
#7868 = EDGE_CURVE ( 'NONE', #12067, #2443, #5648, .T. ) ;
#7869 = DIRECTION ( 'NONE',  ( 0.0000000000000000000, -0.0000000000000000000, -1.000000000000000000 ) ) ;
#7870 = ORIENTED_EDGE ( 'NONE', *, *, #11541, .F. ) ;
#7871 = DIRECTION ( 'NONE',  ( 1.000000000000000000, 0.0000000000000000000, 0.0000000000000000000 ) ) ;
#7872 = MANIFOLD_SOLID_BREP ( 'Boss-Extrude14[5]', #8518 ) ;
#7873 = CARTESIAN_POINT ( 'NONE',  ( 4.169999999999999929, 0.0000000000000000000, 0.3549999999999996492 ) ) ;
#7874 = DIRECTION ( 'NONE',  ( 0.0000000000000000000, 1.000000000000000000, 0.0000000000000000000 ) ) ;
#7875 = VERTEX_POINT ( 'NONE', #3003 ) ;
#7876 = ORIENTED_EDGE ( 'NONE', *, *, #1617, .F. ) ;
#7877 = VECTOR ( 'NONE', #11385, 1000.000000000000000 ) ;
#7878 = CARTESIAN_POINT ( 'NONE',  ( -1.899999999999999689, 0.0000000000000000000, 1.504999999999999449 ) ) ;
#7879 = ORIENTED_EDGE ( 'NONE', *, *, #526, .F. ) ;
#7880 = CARTESIAN_POINT ( 'NONE',  ( 1.350000000000000089, 2.302902790585047654, -0.3750000000000000000 ) ) ;
#7881 = EDGE_CURVE ( 'NONE', #868, #8494, #10603, .T. ) ;
#7882 = CARTESIAN_POINT ( 'NONE',  ( 1.099999999999999867, 0.4000000000000002998, 1.304999999999999494 ) ) ;
#7883 = VERTEX_POINT ( 'NONE', #11531 ) ;
#7884 = CARTESIAN_POINT ( 'NONE',  ( -4.175241869717497778, 1.450000000000000622, 0.9066863804691724926 ) ) ;
#7885 = DIRECTION ( 'NONE',  ( -1.000000000000000000, 0.0000000000000000000, 0.0000000000000000000 ) ) ;
#7886 = CARTESIAN_POINT ( 'NONE',  ( -2.150000000000000355, 0.4000000000000004663, 1.304999999999999494 ) ) ;
#7887 = SURFACE_SIDE_STYLE ('',( #2221 ) ) ;
#7888 = CARTESIAN_POINT ( 'NONE',  ( 4.169999999999999929, 4.800000000000000711, 2.595000000000000195 ) ) ;
#7889 = DIRECTION ( 'NONE',  ( 1.000000000000000000, -0.0000000000000000000, 0.0000000000000000000 ) ) ;
#7890 = EDGE_CURVE ( 'NONE', #7605, #3018, #4836, .T. ) ;
#7891 = CARTESIAN_POINT ( 'NONE',  ( -0.09999999999999971412, -0.5999999999999995337, 1.304999999999999494 ) ) ;
#7892 = SURFACE_SIDE_STYLE ('',( #1375 ) ) ;
#7893 = UNCERTAINTY_MEASURE_WITH_UNIT (LENGTH_MEASURE( 1.000000000000000082E-05 ), #2891, 'distance_accuracy_value', 'NONE');
#7894 = VECTOR ( 'NONE', #7311, 1000.000000000000000 ) ;
#7895 = LINE ( 'NONE', #10499, #6192 ) ;
#7896 = EDGE_CURVE ( 'NONE', #1187, #6691, #1853, .T. ) ;
#7897 = EDGE_CURVE ( 'NONE', #8049, #2240, #2887, .T. ) ;
#7898 = DIRECTION ( 'NONE',  ( 1.000000000000000000, 0.0000000000000000000, 0.0000000000000000000 ) ) ;
#7899 = ORIENTED_EDGE ( 'NONE', *, *, #9868, .T. ) ;
#7900 = CARTESIAN_POINT ( 'NONE',  ( -3.549999999999999822, 0.4000000000000005218, 1.304999999999999494 ) ) ;
#7901 =( BOUNDED_SURFACE ( )  B_SPLINE_SURFACE ( 3, 3, ( 
 ( #1242, #11535, #7884, #8579 ),
 ( #8706, #10551, #5837, #4092 ),
 ( #50, #1001, #10608, #10675 ),
 ( #6703, #8638, #5965, #5011 ) ),
 .UNSPECIFIED., .F., .F., .T. ) 
 B_SPLINE_SURFACE_WITH_KNOTS ( ( 4, 4 ),
 ( 4, 4 ),
 ( 0.0000000000000000000, 1.000000000000000000 ),
 ( 0.0000000000000000000, 1.000000000000000000 ),
 .UNSPECIFIED. ) 
 GEOMETRIC_REPRESENTATION_ITEM ( )  RATIONAL_B_SPLINE_SURFACE ( (
 ( 1.000000000000000000, 0.8025111867385937847, 0.8025111867385937847, 1.000000000000000000),
 ( 0.8047378541243637162, 0.6458111303268124770, 0.6458111303268124770, 0.8047378541243637162),
 ( 0.8047378541243637162, 0.6458111303268124770, 0.6458111303268124770, 0.8047378541243637162),
 ( 1.000000000000000000, 0.8025111867385937847, 0.8025111867385937847, 1.000000000000000000) ) ) 
 REPRESENTATION_ITEM ( '' )  SURFACE ( )  );
#7902 = DIRECTION ( 'NONE',  ( -1.000000000000000000, -0.0000000000000000000, -0.0000000000000000000 ) ) ;
#7903 = CARTESIAN_POINT ( 'NONE',  ( -3.219999999999999751, 2.000000000000000000, 1.304999999999999716 ) ) ;
#7904 = CARTESIAN_POINT ( 'NONE',  ( 3.219999999999999751, 1.958578643762690641, -1.305000000000000826 ) ) ;
#7905 = CARTESIAN_POINT ( 'NONE',  ( -4.469999999999999751, 7.299999999999999822, 1.604999999999999760 ) ) ;
#7906 = LINE ( 'NONE', #2237, #6726 ) ;
#7907 = STYLED_ITEM ( 'NONE', ( #1320 ), #7693 ) ;
#7908 = CARTESIAN_POINT ( 'NONE',  ( -3.752233047033631586, 2.000000000000000444, -1.263578643762690801 ) ) ;
#7909 = ORIENTED_EDGE ( 'NONE', *, *, #9120, .F. ) ;
#7910 = EDGE_CURVE ( 'NONE', #8904, #8698, #9464, .T. ) ;
#7911 = LINE ( 'NONE', #8221, #10891 ) ;
#7912 = EDGE_CURVE ( 'NONE', #8128, #7841, #10490, .T. ) ;
#7913 = AXIS2_PLACEMENT_3D ( 'NONE', #133, #1989, #7784 ) ;
#7914 = ORIENTED_EDGE ( 'NONE', *, *, #4486, .T. ) ;
#7915 = DIRECTION ( 'NONE',  ( -1.000000000000000000, 0.0000000000000000000, 0.0000000000000000000 ) ) ;
#7916 = CARTESIAN_POINT ( 'NONE',  ( 2.250000000000000888, 6.500000000000000888, -0.09999999999999999167 ) ) ;
#7917 = DIRECTION ( 'NONE',  ( 0.0000000000000000000, 0.0000000000000000000, 1.000000000000000000 ) ) ;
#7918 = DIRECTION ( 'NONE',  ( -1.000000000000000000, -0.0000000000000000000, 3.367087492191007655E-17 ) ) ;
#7919 = SURFACE_SIDE_STYLE ('',( #4123 ) ) ;
#7920 = LINE ( 'NONE', #4056, #725 ) ;
#7921 = EDGE_LOOP ( 'NONE', ( #2122, #66, #3102, #7899 ) ) ;
#7922 = DIRECTION ( 'NONE',  ( 0.0000000000000000000, -0.7071067811865521247, -0.7071067811865430208 ) ) ;
#7923 = ORIENTED_EDGE ( 'NONE', *, *, #1368, .F. ) ;
#7924 = DIRECTION ( 'NONE',  ( 1.000000000000000000, -1.734723475976807341E-16, 0.0000000000000000000 ) ) ;
#7925 = VECTOR ( 'NONE', #5908, 1000.000000000000000 ) ;
#7926 = VERTEX_POINT ( 'NONE', #10433 ) ;
#7927 = EDGE_CURVE ( 'NONE', #11852, #11626, #6756, .T. ) ;
#7928 = ORIENTED_EDGE ( 'NONE', *, *, #11317, .T. ) ;
#7929 = ORIENTED_EDGE ( 'NONE', *, *, #3873, .F. ) ;
#7930 = CYLINDRICAL_SURFACE ( 'NONE', #9399, 0.1499999999999999667 ) ;
#7931 = DIRECTION ( 'NONE',  ( 0.0000000000000000000, 1.000000000000000000, 0.0000000000000000000 ) ) ;
#7932 = ORIENTED_EDGE ( 'NONE', *, *, #3958, .F. ) ;
#7933 = DIRECTION ( 'NONE',  ( -1.000000000000000000, 1.244625060509296168E-16, 0.0000000000000000000 ) ) ;
#7934 = VECTOR ( 'NONE', #4339, 1000.000000000000000 ) ;
#7935 = DIRECTION ( 'NONE',  ( 0.0000000000000000000, 0.0000000000000000000, -1.000000000000000000 ) ) ;
#7936 = LINE ( 'NONE', #3369, #10996 ) ;
#7937 = DIRECTION ( 'NONE',  ( -0.0000000000000000000, -0.0000000000000000000, -1.000000000000000000 ) ) ;
#7938 = ORIENTED_EDGE ( 'NONE', *, *, #5285, .F. ) ;
#7939 = LINE ( 'NONE', #6812, #9562 ) ;
#7940 = DIRECTION ( 'NONE',  ( 0.0000000000000000000, 0.0000000000000000000, 1.000000000000000000 ) ) ;
#7941 = ORIENTED_EDGE ( 'NONE', *, *, #1352, .T. ) ;
#7942 = EDGE_CURVE ( 'NONE', #3312, #6432, #8700, .T. ) ;
#7943 = CIRCLE ( 'NONE', #11122, 0.1499999999999999667 ) ;
#7944 = LINE ( 'NONE', #2277, #8968 ) ;
#7945 = VERTEX_POINT ( 'NONE', #5769 ) ;
#7946 = DIRECTION ( 'NONE',  ( 1.000000000000000000, 0.0000000000000000000, -0.0000000000000000000 ) ) ;
#7947 = DIRECTION ( 'NONE',  ( -0.0000000000000000000, -0.0000000000000000000, -1.000000000000000000 ) ) ;
#7948 = ORIENTED_EDGE ( 'NONE', *, *, #10470, .F. ) ;
#7949 = PLANE ( 'NONE',  #5861 ) ;
#7950 = SURFACE_SIDE_STYLE ('',( #7260 ) ) ;
#7951 = CIRCLE ( 'NONE', #6561, 0.2999999999999999334 ) ;
#7952 = DIRECTION ( 'NONE',  ( 0.0000000000000000000, 1.000000000000000000, 0.0000000000000000000 ) ) ;
#7953 = DIRECTION ( 'NONE',  ( 0.5000000000000022204, -0.8660254037844373753, 9.184850993605189113E-17 ) ) ;
#7954 = DIRECTION ( 'NONE',  ( -1.000000000000000000, 0.0000000000000000000, 0.0000000000000000000 ) ) ;
#7955 = CARTESIAN_POINT ( 'NONE',  ( -2.050446608846518082, 2.499999999999999556, 2.595000000000000195 ) ) ;
#7956 = ORIENTED_EDGE ( 'NONE', *, *, #1947, .F. ) ;
#7957 = EDGE_CURVE ( 'NONE', #285, #8093, #7560, .T. ) ;
#7958 = EDGE_CURVE ( 'NONE', #7777, #2716, #3897, .T. ) ;
#7959 = PLANE ( 'NONE',  #5739 ) ;
#7960 = VECTOR ( 'NONE', #5716, 1000.000000000000000 ) ;
#7961 = LINE ( 'NONE', #11794, #8181 ) ;
#7962 = CARTESIAN_POINT ( 'NONE',  ( -2.750000000000000888, -0.5999999999999993117, 1.304999999999999494 ) ) ;
#7963 = EDGE_LOOP ( 'NONE', ( #11767, #8549, #10393, #4657, #555, #2435, #3602, #1949 ) ) ;
#7964 = DIRECTION ( 'NONE',  ( 1.000000000000000000, 0.0000000000000000000, 0.0000000000000000000 ) ) ;
#7965 = VECTOR ( 'NONE', #11584, 1000.000000000000000 ) ;
#7966 = ORIENTED_EDGE ( 'NONE', *, *, #10639, .F. ) ;
#7967 = CARTESIAN_POINT ( 'NONE',  ( -0.3999999999999996891, 0.4000000000000003553, 1.304999999999999494 ) ) ;
#7968 = CARTESIAN_POINT ( 'NONE',  ( 4.069999999999999396, 2.000000000000000000, -0.3549999999999998712 ) ) ;
#7969 = EDGE_CURVE ( 'NONE', #3122, #6355, #9168, .T. ) ;
#7970 = FACE_OUTER_BOUND ( 'NONE', #8932, .T. ) ;
#7971 = CARTESIAN_POINT ( 'NONE',  ( 3.219999999999999751, 2.000000000000000000, 1.204999999999999627 ) ) ;
#7972 = FACE_OUTER_BOUND ( 'NONE', #2322, .T. ) ;
#7973 = CIRCLE ( 'NONE', #4204, 0.09999999999999982514 ) ;
#7974 = VERTEX_POINT ( 'NONE', #545 ) ;
#7975 = ADVANCED_FACE ( 'NONE', ( #8009 ), #11515, .T. ) ;
#7976 = EDGE_CURVE ( 'NONE', #11224, #4411, #484, .T. ) ;
#7977 = CARTESIAN_POINT ( 'NONE',  ( 1.969999999999999973, 1.349999999999999867, 1.405000000000000027 ) ) ;
#7978 = DIRECTION ( 'NONE',  ( 0.0000000000000000000, -0.0000000000000000000, -1.000000000000000000 ) ) ;
#7979 = AXIS2_PLACEMENT_3D ( 'NONE', #3313, #7121, #10914 ) ;
#7980 = CARTESIAN_POINT ( 'NONE',  ( -1.969999999999999973, 7.299999999999999822, 1.604999999999999760 ) ) ;
#7981 = ORIENTED_EDGE ( 'NONE', *, *, #5538, .F. ) ;
#7982 = DIRECTION ( 'NONE',  ( 0.0000000000000000000, 0.0000000000000000000, 1.000000000000000000 ) ) ;
#7983 = VECTOR ( 'NONE', #6024, 1000.000000000000000 ) ;
#7984 = FACE_OUTER_BOUND ( 'NONE', #8089, .T. ) ;
#7985 = DIRECTION ( 'NONE',  ( -0.5773502691896260641, -0.5773502691896311712, -0.5773502691896199579 ) ) ;
#7986 = ADVANCED_FACE ( 'NONE', ( #11849 ), #10919, .F. ) ;
#7987 = VECTOR ( 'NONE', #11014, 1000.000000000000000 ) ;
#7988 = LINE ( 'NONE', #8864, #10641 ) ;
#7989 = ORIENTED_EDGE ( 'NONE', *, *, #10459, .F. ) ;
#7990 = DIRECTION ( 'NONE',  ( 0.0000000000000000000, 0.0000000000000000000, -1.000000000000000000 ) ) ;
#7991 = VERTEX_POINT ( 'NONE', #9873 ) ;
#7992 = DIRECTION ( 'NONE',  ( 0.0000000000000000000, 0.0000000000000000000, -1.000000000000000000 ) ) ;
#7993 = VECTOR ( 'NONE', #339, 1000.000000000000000 ) ;
#7994 = ORIENTED_EDGE ( 'NONE', *, *, #5849, .T. ) ;
#7995 = VERTEX_POINT ( 'NONE', #7878 ) ;
#7996 = DIRECTION ( 'NONE',  ( 0.0000000000000000000, 1.000000000000000000, 0.0000000000000000000 ) ) ;
#7997 = CARTESIAN_POINT ( 'NONE',  ( -4.169999999999999929, 5.100000000000000533, 0.1250000000000000000 ) ) ;
#7998 = ORIENTED_EDGE ( 'NONE', *, *, #9446, .F. ) ;
#7999 = CARTESIAN_POINT ( 'NONE',  ( -4.169999999999999929, 0.0000000000000000000, 2.295000000000000817 ) ) ;
#8000 = ADVANCED_FACE ( 'NONE', ( #3250 ), #8887, .T. ) ;
#8001 = DIRECTION ( 'NONE',  ( -1.000000000000000000, -0.0000000000000000000, -0.0000000000000000000 ) ) ;
#8002 = CARTESIAN_POINT ( 'NONE',  ( 0.0000000000000000000, 5.787332622142050909, -0.3750000000000000000 ) ) ;
#8003 = ORIENTED_EDGE ( 'NONE', *, *, #3955, .T. ) ;
#8004 = EDGE_CURVE ( 'NONE', #6950, #10842, #7944, .T. ) ;
#8005 = LINE ( 'NONE', #4214, #5183 ) ;
#8006 = CARTESIAN_POINT ( 'NONE',  ( -1.650000000000000133, 2.302902790585058312, -0.3750000000000000000 ) ) ;
#8007 = VERTEX_POINT ( 'NONE', #6090 ) ;
#8008 = VECTOR ( 'NONE', #9453, 1000.000000000000000 ) ;
#8009 = FACE_OUTER_BOUND ( 'NONE', #1473, .T. ) ;
#8010 = CARTESIAN_POINT ( 'NONE',  ( 4.169999999999999929, 1.249999999999999112, 1.504999999999999005 ) ) ;
#8011 =( GEOMETRIC_REPRESENTATION_CONTEXT ( 3 ) GLOBAL_UNCERTAINTY_ASSIGNED_CONTEXT ( ( #679 ) ) GLOBAL_UNIT_ASSIGNED_CONTEXT ( ( #9421, #8478, #11207 ) ) REPRESENTATION_CONTEXT ( 'NONE', 'WORKASPACE' ) );
#8012 = DIRECTION ( 'NONE',  ( 0.0000000000000000000, 0.0000000000000000000, -1.000000000000000000 ) ) ;
#8013 = ORIENTED_EDGE ( 'NONE', *, *, #8096, .F. ) ;
#8014 = CARTESIAN_POINT ( 'NONE',  ( -1.399999999999999689, -0.5999999999999995337, 1.304999999999999494 ) ) ;
#8015 =( LENGTH_UNIT ( ) NAMED_UNIT ( * ) SI_UNIT ( .MILLI., .METRE. ) );
#8016 = CARTESIAN_POINT ( 'NONE',  ( -1.969999999999999973, 0.8500000000000000888, 1.405000000000000027 ) ) ;
#8017 = SURFACE_STYLE_USAGE ( .BOTH. , #4470 ) ;
#8018 = CARTESIAN_POINT ( 'NONE',  ( 4.469999999999999751, 1.050000000000000044, 0.1499999999999999944 ) ) ;
#8019 = ORIENTED_EDGE ( 'NONE', *, *, #8827, .F. ) ;
#8020 = COLOUR_RGB ( '',0.9686274509803921573, 0.8784313725490195957, 0.5999999999999999778 ) ;
#8021 = VERTEX_POINT ( 'NONE', #10733 ) ;
#8022 = LINE ( 'NONE', #2294, #376 ) ;
#8023 = UNCERTAINTY_MEASURE_WITH_UNIT (LENGTH_MEASURE( 1.000000000000000082E-05 ), #3215, 'distance_accuracy_value', 'NONE');
#8024 = CARTESIAN_POINT ( 'NONE',  ( -2.150000000000000355, -0.5999999999999993117, 1.604999999999999760 ) ) ;
#8025 = CARTESIAN_POINT ( 'NONE',  ( 2.150000000000000355, 0.4000000000000004663, 1.604999999999999760 ) ) ;
#8026 = ORIENTED_EDGE ( 'NONE', *, *, #1053, .T. ) ;
#8027 =( NAMED_UNIT ( * ) SI_UNIT ( $, .STERADIAN. ) SOLID_ANGLE_UNIT ( ) );
#8028 = CARTESIAN_POINT ( 'NONE',  ( -4.469999999999999751, 7.299999999999999822, -0.3549999999999998712 ) ) ;
#8029 = ORIENTED_EDGE ( 'NONE', *, *, #7661, .T. ) ;
#8030 = CARTESIAN_POINT ( 'NONE',  ( 3.219999999999999751, 1.349999999999999867, 0.3549999999999994271 ) ) ;
#8031 = LINE ( 'NONE', #11997, #4722 ) ;
#8032 = LINE ( 'NONE', #8337, #1597 ) ;
#8033 = ORIENTED_EDGE ( 'NONE', *, *, #11091, .T. ) ;
#8034 = DIRECTION ( 'NONE',  ( -1.000000000000000000, 0.0000000000000000000, 0.0000000000000000000 ) ) ;
#8035 = CARTESIAN_POINT ( 'NONE',  ( 1.869999999999999885, 0.8085786437626901746, 1.604999999999999094 ) ) ;
#8036 = VECTOR ( 'NONE', #5473, 1000.000000000000000 ) ;
#8037 = VERTEX_POINT ( 'NONE', #4084 ) ;
#8038 = CARTESIAN_POINT ( 'NONE',  ( 1.899999999999999689, 0.0000000000000000000, 1.504999999999999449 ) ) ;
#8039 = CARTESIAN_POINT ( 'NONE',  ( -0.5999999999999997558, 0.4000000000000002998, 1.604999999999999760 ) ) ;
#8040 = EDGE_CURVE ( 'NONE', #12297, #298, #1808, .T. ) ;
#8041 = ADVANCED_FACE ( 'NONE', ( #2213 ), #1362, .F. ) ;
#8042 = DIRECTION ( 'NONE',  ( 0.0000000000000000000, 0.0000000000000000000, 1.000000000000000000 ) ) ;
#8043 = CARTESIAN_POINT ( 'NONE',  ( -4.169999999999999929, 1.282689569940268060, 0.7555649413406250181 ) ) ;
#8044 = CARTESIAN_POINT ( 'NONE',  ( -3.219999999999999751, 1.350000000000000089, 1.304999999999999716 ) ) ;
#8045 = VECTOR ( 'NONE', #9355, 1000.000000000000000 ) ;
#8046 = LINE ( 'NONE', #1648, #7529 ) ;
#8047 = EDGE_LOOP ( 'NONE', ( #8971, #2652, #9150, #5298 ) ) ;
#8048 = ORIENTED_EDGE ( 'NONE', *, *, #10786, .T. ) ;
#8049 = VERTEX_POINT ( 'NONE', #1417 ) ;
#8050 = ADVANCED_FACE ( 'NONE', ( #7064 ), #10860, .F. ) ;
#8051 = MECHANICAL_DESIGN_GEOMETRIC_PRESENTATION_REPRESENTATION (  '', ( #9257 ), #11033 ) ;
#8052 = CIRCLE ( 'NONE', #3673, 0.1499999999999999667 ) ;
#8053 = AXIS2_PLACEMENT_3D ( 'NONE', #9955, #6220, #1435 ) ;
#8054 = CARTESIAN_POINT ( 'NONE',  ( 1.149999999999999911, 5.787332622142043803, -0.3750000000000000000 ) ) ;
#8055 = ADVANCED_FACE ( 'NONE', ( #4283 ), #5198, .F. ) ;
#8056 = EDGE_CURVE ( 'NONE', #68, #10198, #6945, .T. ) ;
#8057 = CARTESIAN_POINT ( 'NONE',  ( -4.169999999999999929, 3.449999999999999734, 0.0000000000000000000 ) ) ;
#8058 = ORIENTED_EDGE ( 'NONE', *, *, #1589, .T. ) ;
#8059 = CARTESIAN_POINT ( 'NONE',  ( 2.069999999999999840, 1.308578643762690064, 1.604999999999999094 ) ) ;
#8060 = VECTOR ( 'NONE', #1680, 1000.000000000000000 ) ;
#8061 = COLOUR_RGB ( '',0.9686274509803921573, 0.8784313725490195957, 0.5999999999999999778 ) ;
#8062 = VERTEX_POINT ( 'NONE', #3061 ) ;
#8063 = LINE ( 'NONE', #7057, #9762 ) ;
#8064 = AXIS2_PLACEMENT_3D ( 'NONE', #1995, #9790, #2975 ) ;
#8065 = ADVANCED_FACE ( 'NONE', ( #10056 ), #9137, .T. ) ;
#8066 = DIRECTION ( 'NONE',  ( -1.000000000000000000, 0.0000000000000000000, 0.0000000000000000000 ) ) ;
#8067 = AXIS2_PLACEMENT_3D ( 'NONE', #8493, #2805, #12276 ) ;
#8068 = ORIENTED_EDGE ( 'NONE', *, *, #11832, .T. ) ;
#8069 = CARTESIAN_POINT ( 'NONE',  ( 4.128578643762690348, 1.249999999999999112, 1.604999999999998872 ) ) ;
#8070 = VECTOR ( 'NONE', #842, 1000.000000000000000 ) ;
#8071 = EDGE_CURVE ( 'NONE', #2429, #4042, #7445, .T. ) ;
#8072 = DIRECTION ( 'NONE',  ( -0.0000000000000000000, -0.0000000000000000000, -1.000000000000000000 ) ) ;
#8073 = VERTEX_POINT ( 'NONE', #11971 ) ;
#8074 = PLANE ( 'NONE',  #8851 ) ;
#8075 = FACE_OUTER_BOUND ( 'NONE', #9933, .T. ) ;
#8076 = ORIENTED_EDGE ( 'NONE', *, *, #8435, .F. ) ;
#8077 = CARTESIAN_POINT ( 'NONE',  ( -4.128578643762689460, 1.349999999999999867, 1.504999999999999227 ) ) ;
#8078 = CARTESIAN_POINT ( 'NONE',  ( 1.987157287525380900, 0.7500000000000000000, 1.604999999999999760 ) ) ;
#8079 = CYLINDRICAL_SURFACE ( 'NONE', #8134, 0.2500000000000002220 ) ;
#8080 = ORIENTED_EDGE ( 'NONE', *, *, #4989, .T. ) ;
#8081 = ORIENTED_EDGE ( 'NONE', *, *, #5079, .F. ) ;
#8082 = DIRECTION ( 'NONE',  ( 1.000000000000000000, -1.734723475976807341E-16, 0.0000000000000000000 ) ) ;
#8083 = CARTESIAN_POINT ( 'NONE',  ( 0.8499999999999996447, 5.787332622142043803, -0.3750000000000000000 ) ) ;
#8084 = LINE ( 'NONE', #11925, #98 ) ;
#8085 = VERTEX_POINT ( 'NONE', #2457 ) ;
#8086 = DIRECTION ( 'NONE',  ( 0.0000000000000000000, 0.0000000000000000000, -1.000000000000000000 ) ) ;
#8087 = ORIENTED_EDGE ( 'NONE', *, *, #7624, .T. ) ;
#8088 = DIRECTION ( 'NONE',  ( 0.0000000000000000000, -0.0000000000000000000, 1.000000000000000000 ) ) ;
#8089 = EDGE_LOOP ( 'NONE', ( #11900, #11835, #8058, #11878 ) ) ;
#8090 = DIRECTION ( 'NONE',  ( -1.000000000000000000, 0.0000000000000000000, 0.0000000000000000000 ) ) ;
#8091 = EDGE_LOOP ( 'NONE', ( #8914, #6418, #11701, #4475 ) ) ;
#8092 = FACE_OUTER_BOUND ( 'NONE', #10983, .T. ) ;
#8093 = VERTEX_POINT ( 'NONE', #11051 ) ;
#8094 = VECTOR ( 'NONE', #9438, 1000.000000000000000 ) ;
#8095 = CARTESIAN_POINT ( 'NONE',  ( -0.8500000000000000888, 5.787332622142050909, 0.3750000000000000000 ) ) ;
#8096 = EDGE_CURVE ( 'NONE', #9088, #8037, #3980, .T. ) ;
#8097 = ORIENTED_EDGE ( 'NONE', *, *, #6442, .F. ) ;
#8098 = SURFACE_SIDE_STYLE ('',( #454 ) ) ;
#8099 = LINE ( 'NONE', #1451, #8798 ) ;
#8100 = SURFACE_STYLE_USAGE ( .BOTH. , #4319 ) ;
#8101 = CARTESIAN_POINT ( 'NONE',  ( -3.219999999999999751, 1.899999999999999911, -0.3550000000000004818 ) ) ;
#8102 = CARTESIAN_POINT ( 'NONE',  ( -1.000000000000000000, 2.302902790585058312, 0.3750000000000000000 ) ) ;
#8103 = AXIS2_PLACEMENT_3D ( 'NONE', #10195, #1676, #4415 ) ;
#8104 = VERTEX_POINT ( 'NONE', #2517 ) ;
#8105 = CARTESIAN_POINT ( 'NONE',  ( 0.0000000000000000000, 0.4000000000000003553, 1.304999999999999494 ) ) ;
#8106 = DIRECTION ( 'NONE',  ( 1.000000000000000000, 0.0000000000000000000, -3.367087492191007655E-17 ) ) ;
#8107 = ORIENTED_EDGE ( 'NONE', *, *, #9282, .T. ) ;
#8108 = EDGE_CURVE ( 'NONE', #9835, #8671, #5572, .T. ) ;
#8109 = ADVANCED_FACE ( 'NONE', ( #3379 ), #11111, .T. ) ;
#8110 = AXIS2_PLACEMENT_3D ( 'NONE', #8485, #11451, #5501 ) ;
#8111 = CARTESIAN_POINT ( 'NONE',  ( 1.100000000000000089, 0.4000000000000001887, 1.604999999999999760 ) ) ;
#8112 = CARTESIAN_POINT ( 'NONE',  ( 3.219999999999999751, 7.300000000043382897, -0.3550000000000007039 ) ) ;
#8113 = VERTEX_POINT ( 'NONE', #5322 ) ;
#8114 = DIRECTION ( 'NONE',  ( 0.0000000000000000000, 1.000000000000000000, 0.0000000000000000000 ) ) ;
#8115 = LINE ( 'NONE', #1539, #7934 ) ;
#8116 = VECTOR ( 'NONE', #7200, 1000.000000000000000 ) ;
#8117 = EDGE_CURVE ( 'NONE', #8152, #7343, #10351, .T. ) ;
#8118 = DIRECTION ( 'NONE',  ( 0.0000000000000000000, 0.0000000000000000000, -1.000000000000000000 ) ) ;
#8119 = DIRECTION ( 'NONE',  ( 1.000000000000000000, 0.0000000000000000000, 0.0000000000000000000 ) ) ;
#8120 =( BOUNDED_SURFACE ( )  B_SPLINE_SURFACE ( 3, 3, ( 
 ( #6140, #4391, #8059, #11961 ),
 ( #9811, #11838, #7114, #8942 ),
 ( #1538, #5313, #9927, #1408 ),
 ( #9007, #476, #345, #11040 ) ),
 .UNSPECIFIED., .F., .F., .T. ) 
 B_SPLINE_SURFACE_WITH_KNOTS ( ( 4, 4 ),
 ( 4, 4 ),
 ( 0.0000000000000000000, 1.000000000000000000 ),
 ( 0.0000000000000000000, 1.000000000000000000 ),
 .UNSPECIFIED. ) 
 GEOMETRIC_REPRESENTATION_ITEM ( )  RATIONAL_B_SPLINE_SURFACE ( (
 ( 1.000000000000000000, 0.8047378541243638272, 0.8047378541243638272, 1.000000000000000000),
 ( 0.8047378541243658256, 0.6476030138606875264, 0.6476030138606875264, 0.8047378541243658256),
 ( 0.8047378541243658256, 0.6476030138606875264, 0.6476030138606875264, 0.8047378541243658256),
 ( 1.000000000000000000, 0.8047378541243638272, 0.8047378541243638272, 1.000000000000000000) ) ) 
 REPRESENTATION_ITEM ( '' )  SURFACE ( )  );
#8121 = VERTEX_POINT ( 'NONE', #1662 ) ;
#8122 = EDGE_CURVE ( 'NONE', #11814, #10755, #10176, .T. ) ;
#8123 = ADVANCED_FACE ( 'NONE', ( #9260 ), #8310, .F. ) ;
#8124 = DIRECTION ( 'NONE',  ( 1.000000000000000000, 0.0000000000000000000, -0.0000000000000000000 ) ) ;
#8125 = VECTOR ( 'NONE', #7468, 1000.000000000000000 ) ;
#8126 = CIRCLE ( 'NONE', #2164, 1.099999999997276046 ) ;
#8127 = CARTESIAN_POINT ( 'NONE',  ( 4.070000000000000284, 1.349999999999999645, 1.563578643762689735 ) ) ;
#8128 = VERTEX_POINT ( 'NONE', #11173 ) ;
#8129 = CARTESIAN_POINT ( 'NONE',  ( 1.050446608846517860, 1.999999999999999556, 2.595000000000000195 ) ) ;
#8130 = EDGE_CURVE ( 'NONE', #2798, #7194, #10244, .T. ) ;
#8131 = DIRECTION ( 'NONE',  ( 1.000000000000000000, -4.565061778886333058E-16, 0.0000000000000000000 ) ) ;
#8132 = DIRECTION ( 'NONE',  ( 0.0000000000000000000, 0.0000000000000000000, -1.000000000000000000 ) ) ;
#8133 = DIRECTION ( 'NONE',  ( 1.000000000000000000, 0.0000000000000000000, 0.0000000000000000000 ) ) ;
#8134 = AXIS2_PLACEMENT_3D ( 'NONE', #9884, #3015, #2290 ) ;
#8135 = VERTEX_POINT ( 'NONE', #6510 ) ;
#8136 = ORIENTED_EDGE ( 'NONE', *, *, #6442, .T. ) ;
#8137 = EDGE_CURVE ( 'NONE', #5294, #8962, #2815, .T. ) ;
#8138 = EDGE_CURVE ( 'NONE', #6782, #12195, #6571, .T. ) ;
#8139 = VERTEX_POINT ( 'NONE', #2754 ) ;
#8140 = LINE ( 'NONE', #9888, #3118 ) ;
#8141 = CARTESIAN_POINT ( 'NONE',  ( 2.149999999999999911, 5.787332622142036698, -0.3750000000000000000 ) ) ;
#8142 = UNCERTAINTY_MEASURE_WITH_UNIT (LENGTH_MEASURE( 1.000000000000000082E-05 ), #6306, 'distance_accuracy_value', 'NONE');
#8143 = AXIS2_PLACEMENT_3D ( 'NONE', #9570, #9459, #4775 ) ;
#8144 = LINE ( 'NONE', #9099, #8649 ) ;
#8145 = ORIENTED_EDGE ( 'NONE', *, *, #6686, .F. ) ;
#8146 =( NAMED_UNIT ( * ) SI_UNIT ( $, .STERADIAN. ) SOLID_ANGLE_UNIT ( ) );
#8147 = EDGE_LOOP ( 'NONE', ( #977, #6633, #4203, #5175 ) ) ;
#8148 = CARTESIAN_POINT ( 'NONE',  ( 0.9504466088465224338, 1.900000000000001465, 1.604999999999999760 ) ) ;
#8149 = PLANE ( 'NONE',  #8803 ) ;
#8150 = EDGE_CURVE ( 'NONE', #6931, #5440, #7743, .T. ) ;
#8151 = DIRECTION ( 'NONE',  ( 0.0000000000000000000, 1.000000000000000000, 0.0000000000000000000 ) ) ;
#8152 = VERTEX_POINT ( 'NONE', #5634 ) ;
#8153 = PLANE ( 'NONE',  #4371 ) ;
#8154 = ORIENTED_EDGE ( 'NONE', *, *, #381, .T. ) ;
#8155 = CARTESIAN_POINT ( 'NONE',  ( -4.069999999999999396, 2.000000000000000000, -0.3550000000000002598 ) ) ;
#8156 = CARTESIAN_POINT ( 'NONE',  ( 1.970000000000000417, 0.9499999999999999556, 1.563578643762689513 ) ) ;
#8157 = AXIS2_PLACEMENT_3D ( 'NONE', #5755, #10531, #854 ) ;
#8158 = EDGE_LOOP ( 'NONE', ( #1526, #10520, #1733, #12165 ) ) ;
#8159 = CARTESIAN_POINT ( 'NONE',  ( 4.169999999999999929, 0.0000000000000000000, 2.295000000000000817 ) ) ;
#8160 = CARTESIAN_POINT ( 'NONE',  ( 1.599999999999999867, -0.5999999999999995337, 1.304999999999999494 ) ) ;
#8161 = CARTESIAN_POINT ( 'NONE',  ( 1.599999999999999867, 0.4000000000000001887, 1.604999999999999760 ) ) ;
#8162 = VECTOR ( 'NONE', #11292, 1000.000000000000000 ) ;
#8163 =( NAMED_UNIT ( * ) SI_UNIT ( $, .STERADIAN. ) SOLID_ANGLE_UNIT ( ) );
#8164 = EDGE_CURVE ( 'NONE', #8486, #3517, #979, .T. ) ;
#8165 = CARTESIAN_POINT ( 'NONE',  ( 1.399999999999999689, 0.4000000000000002998, 1.304999999999999494 ) ) ;
#8166 = ORIENTED_EDGE ( 'NONE', *, *, #6273, .T. ) ;
#8167 = AXIS2_PLACEMENT_3D ( 'NONE', #5191, #8119, #7248 ) ;
#8168 = FACE_OUTER_BOUND ( 'NONE', #9999, .T. ) ;
#8169 = EDGE_LOOP ( 'NONE', ( #5144, #848, #10124, #3816 ) ) ;
#8170 = ORIENTED_EDGE ( 'NONE', *, *, #1224, .T. ) ;
#8171 = VECTOR ( 'NONE', #7996, 1000.000000000000000 ) ;
#8172 = CARTESIAN_POINT ( 'NONE',  ( 4.471000000000000973, 4.299999999999999822, 2.595000000000000195 ) ) ;
#8173 = CARTESIAN_POINT ( 'NONE',  ( 3.350000000000000977, 5.541421356237306028, -0.1000000000000000056 ) ) ;
#8174 = VECTOR ( 'NONE', #11557, 1000.000000000000000 ) ;
#8175 = LINE ( 'NONE', #6316, #3666 ) ;
#8176 = DIRECTION ( 'NONE',  ( 1.000000000000000000, -0.0000000000000000000, -0.0000000000000000000 ) ) ;
#8177 = ADVANCED_FACE ( 'NONE', ( #5703 ), #33, .F. ) ;
#8178 = FACE_OUTER_BOUND ( 'NONE', #1459, .T. ) ;
#8179 = LINE ( 'NONE', #7181, #3645 ) ;
#8180 = LINE ( 'NONE', #3605, #4939 ) ;
#8181 = VECTOR ( 'NONE', #11867, 1000.000000000000000 ) ;
#8182 = DIRECTION ( 'NONE',  ( 0.0000000000000000000, -0.0000000000000000000, 1.000000000000000000 ) ) ;
#8183 = ORIENTED_EDGE ( 'NONE', *, *, #3385, .T. ) ;
#8184 = CARTESIAN_POINT ( 'NONE',  ( 3.752233047033631586, -7.415971530979562019E-17, -1.263578643762691467 ) ) ;
#8185 = LINE ( 'NONE', #3437, #7355 ) ;
#8186 = VECTOR ( 'NONE', #11120, 1000.000000000000000 ) ;
#8187 = EDGE_LOOP ( 'NONE', ( #11511, #2634, #10062, #8308 ) ) ;
#8188 = DIRECTION ( 'NONE',  ( 1.000000000000000000, 0.0000000000000000000, 0.0000000000000000000 ) ) ;
#8189 = ADVANCED_FACE ( 'NONE', ( #10475 ), #2009, .T. ) ;
#8190 = CARTESIAN_POINT ( 'NONE',  ( 3.219999999999999751, 5.350000000000000533, 1.604999999999999760 ) ) ;
#8191 = ORIENTED_EDGE ( 'NONE', *, *, #1236, .F. ) ;
#8192 = ADVANCED_FACE ( 'NONE', ( #9448 ), #5883, .F. ) ;
#8193 = EDGE_CURVE ( 'NONE', #11825, #10810, #2074, .T. ) ;
#8194 = DIRECTION ( 'NONE',  ( -1.000000000000000000, 0.0000000000000000000, -0.0000000000000000000 ) ) ;
#8195 = EDGE_CURVE ( 'NONE', #6858, #9948, #3825, .T. ) ;
#8196 = PLANE ( 'NONE',  #8214 ) ;
#8197 = VERTEX_POINT ( 'NONE', #4882 ) ;
#8198 = CARTESIAN_POINT ( 'NONE',  ( -4.069999999999999396, 0.1000000000000000056, 1.504999999999999449 ) ) ;
#8199 = LINE ( 'NONE', #11982, #5967 ) ;
#8200 = AXIS2_PLACEMENT_3D ( 'NONE', #11628, #4190, #1268 ) ;
#8201 = ORIENTED_EDGE ( 'NONE', *, *, #2945, .F. ) ;
#8202 = ORIENTED_EDGE ( 'NONE', *, *, #295, .T. ) ;
#8203 = ORIENTED_EDGE ( 'NONE', *, *, #2561, .T. ) ;
#8204 = LINE ( 'NONE', #428, #12288 ) ;
#8205 = PLANE ( 'NONE',  #1754 ) ;
#8206 = EDGE_CURVE ( 'NONE', #7793, #11860, #1839, .T. ) ;
#8207 = CARTESIAN_POINT ( 'NONE',  ( 1.970000000000000417, 1.249999999999999556, 1.405000000000000027 ) ) ;
#8208 = VERTEX_POINT ( 'NONE', #8437 ) ;
#8209 = VECTOR ( 'NONE', #3125, 1000.000000000000000 ) ;
#8210 = EDGE_CURVE ( 'NONE', #3759, #11280, #9618, .T. ) ;
#8211 = EDGE_LOOP ( 'NONE', ( #10855, #8029, #6424, #6959 ) ) ;
#8212 = CARTESIAN_POINT ( 'NONE',  ( -3.249999999999999556, 5.499999999999994671, -0.3500000000000001443 ) ) ;
#8213 = FILL_AREA_STYLE ('',( #4489 ) ) ;
#8214 = AXIS2_PLACEMENT_3D ( 'NONE', #10928, #6210, #5328 ) ;
#8215 = CARTESIAN_POINT ( 'NONE',  ( 1.969999999999999973, 1.349999999999999867, 1.504999999999999449 ) ) ;
#8216 = CARTESIAN_POINT ( 'NONE',  ( -4.169999999999999929, 3.449999999999999734, 0.3549999999999996492 ) ) ;
#8217 = CARTESIAN_POINT ( 'NONE',  ( 4.169999999999999929, 1.200000000000000178, 0.1499999999999999944 ) ) ;
#8218 = ORIENTED_EDGE ( 'NONE', *, *, #12249, .F. ) ;
#8219 = LINE ( 'NONE', #7471, #11738 ) ;
#8220 = ORIENTED_EDGE ( 'NONE', *, *, #2056, .F. ) ;
#8221 = CARTESIAN_POINT ( 'NONE',  ( -4.169999999999999929, 3.700000000000000178, 1.304999999999999494 ) ) ;
#8222 = PRESENTATION_STYLE_ASSIGNMENT (( #1690 ) ) ;
#8223 = ADVANCED_FACE ( 'NONE', ( #12227 ), #8622, .F. ) ;
#8224 = ORIENTED_EDGE ( 'NONE', *, *, #5844, .F. ) ;
#8225 =( NAMED_UNIT ( * ) PLANE_ANGLE_UNIT ( ) SI_UNIT ( $, .RADIAN. ) );
#8226 = CARTESIAN_POINT ( 'NONE',  ( 2.069999999999999840, 1.449999999999999956, 1.304999999999999716 ) ) ;
#8227 = EDGE_CURVE ( 'NONE', #11280, #10316, #3885, .T. ) ;
#8228 = LINE ( 'NONE', #3418, #6647 ) ;
#8229 = DIRECTION ( 'NONE',  ( 1.000000000000000000, -0.0000000000000000000, 0.0000000000000000000 ) ) ;
#8230 = ORIENTED_EDGE ( 'NONE', *, *, #855, .F. ) ;
#8231 = VECTOR ( 'NONE', #4702, 1000.000000000000000 ) ;
#8232 = CARTESIAN_POINT ( 'NONE',  ( 3.219999999999999751, 0.1000000000000000472, -0.3550000000000007039 ) ) ;
#8233 = DIRECTION ( 'NONE',  ( 1.000000000000000000, 0.0000000000000000000, -0.0000000000000000000 ) ) ;
#8234 = ORIENTED_EDGE ( 'NONE', *, *, #3161, .T. ) ;
#8235 = CARTESIAN_POINT ( 'NONE',  ( -2.949999999999999734, 0.0000000000000000000, 1.304999999999999494 ) ) ;
#8236 = DIRECTION ( 'NONE',  ( -0.0000000000000000000, 0.0000000000000000000, -1.000000000000000000 ) ) ;
#8237 = CARTESIAN_POINT ( 'NONE',  ( 4.469999999999999751, 5.225000000000000533, 0.1250000000000000000 ) ) ;
#8238 = VECTOR ( 'NONE', #214, 1000.000000000000000 ) ;
#8239 = ORIENTED_EDGE ( 'NONE', *, *, #7119, .T. ) ;
#8240 = CARTESIAN_POINT ( 'NONE',  ( -0.3500000000000004219, 2.302902790585058312, 0.3750000000000000000 ) ) ;
#8241 = SURFACE_SIDE_STYLE ('',( #11039 ) ) ;
#8242 = LINE ( 'NONE', #2631, #9447 ) ;
#8243 = ORIENTED_EDGE ( 'NONE', *, *, #837, .F. ) ;
#8244 = DIRECTION ( 'NONE',  ( 0.0000000000000000000, 0.0000000000000000000, -1.000000000000000000 ) ) ;
#8245 = AXIS2_PLACEMENT_3D ( 'NONE', #1813, #2842, #9303 ) ;
#8246 = ORIENTED_EDGE ( 'NONE', *, *, #7881, .T. ) ;
#8247 = CIRCLE ( 'NONE', #9060, 1.099999999994888844 ) ;
#8248 = AXIS2_PLACEMENT_3D ( 'NONE', #10100, #9986, #11893 ) ;
#8249 = ORIENTED_EDGE ( 'NONE', *, *, #10268, .F. ) ;
#8250 = EDGE_CURVE ( 'NONE', #11108, #7793, #6744, .T. ) ;
#8251 = DIRECTION ( 'NONE',  ( 0.0000000000000000000, 0.0000000000000000000, -1.000000000000000000 ) ) ;
#8252 = DIRECTION ( 'NONE',  ( -1.000000000000000000, 0.0000000000000000000, 0.0000000000000000000 ) ) ;
#8253 = CARTESIAN_POINT ( 'NONE',  ( -2.150000000000000355, -0.5999999999999993117, 1.304999999999999494 ) ) ;
#8254 = CARTESIAN_POINT ( 'NONE',  ( -3.779697980226411236, -0.0000000000000000000, -0.9974359625585684785 ) ) ;
#8255 = AXIS2_PLACEMENT_3D ( 'NONE', #6581, #4661, #3653 ) ;
#8256 = AXIS2_PLACEMENT_3D ( 'NONE', #6095, #4287, #5075 ) ;
#8257 = AXIS2_PLACEMENT_3D ( 'NONE', #10089, #1700, #7353 ) ;
#8258 = ORIENTED_EDGE ( 'NONE', *, *, #7910, .F. ) ;
#8259 = CARTESIAN_POINT ( 'NONE',  ( 2.150446608846516838, 2.599999999999999645, -1.605000000000000648 ) ) ;
#8260 = PRESENTATION_STYLE_ASSIGNMENT (( #8017 ) ) ;
#8261 = FACE_OUTER_BOUND ( 'NONE', #5048, .T. ) ;
#8262 = EDGE_LOOP ( 'NONE', ( #7492, #11290, #10076, #9387 ) ) ;
#8263 = EDGE_LOOP ( 'NONE', ( #395, #4003, #1626, #7617, #2818 ) ) ;
#8264 = AXIS2_PLACEMENT_3D ( 'NONE', #11460, #1212, #2191 ) ;
#8265 = LINE ( 'NONE', #9616, #3128 ) ;
#8266 = AXIS2_PLACEMENT_3D ( 'NONE', #9605, #6558, #10354 ) ;
#8267 = EDGE_CURVE ( 'NONE', #6572, #84, #151, .T. ) ;
#8268 = EDGE_CURVE ( 'NONE', #9428, #8288, #3760, .T. ) ;
#8269 = UNCERTAINTY_MEASURE_WITH_UNIT (LENGTH_MEASURE( 1.000000000000000082E-05 ), #7733, 'distance_accuracy_value', 'NONE');
#8270 = DIRECTION ( 'NONE',  ( -0.0000000000000000000, 1.000000000000000000, -0.0000000000000000000 ) ) ;
#8271 = ORIENTED_EDGE ( 'NONE', *, *, #9700, .F. ) ;
#8272 = FACE_OUTER_BOUND ( 'NONE', #10018, .T. ) ;
#8273 = SURFACE_STYLE_FILL_AREA ( #2659 ) ;
#8274 = VECTOR ( 'NONE', #2612, 1000.000000000000000 ) ;
#8275 = VECTOR ( 'NONE', #886, 1000.000000000000000 ) ;
#8276 = DIRECTION ( 'NONE',  ( 0.0000000000000000000, 0.0000000000000000000, 1.000000000000000000 ) ) ;
#8277 = CARTESIAN_POINT ( 'NONE',  ( -3.219999999999999751, 1.350000000000000089, 0.3549999999999994271 ) ) ;
#8278 = ORIENTED_EDGE ( 'NONE', *, *, #3367, .T. ) ;
#8279 = DIRECTION ( 'NONE',  ( -0.0000000000000000000, -0.0000000000000000000, -1.000000000000000000 ) ) ;
#8280 = EDGE_CURVE ( 'NONE', #577, #8757, #10904, .T. ) ;
#8281 = EDGE_LOOP ( 'NONE', ( #3939, #11577, #9865, #8286 ) ) ;
#8282 = CARTESIAN_POINT ( 'NONE',  ( 1.969999999999999529, 7.299999999999999822, 1.604999999999999760 ) ) ;
#8283 = CARTESIAN_POINT ( 'NONE',  ( -0.5999999999999997558, 0.4000000000000002998, 1.304999999999999494 ) ) ;
#8284 = ADVANCED_FACE ( 'NONE', ( #1221 ), #8805, .F. ) ;
#8285 = EDGE_CURVE ( 'NONE', #3588, #11822, #2197, .T. ) ;
#8286 = ORIENTED_EDGE ( 'NONE', *, *, #2242, .T. ) ;
#8287 = AXIS2_PLACEMENT_3D ( 'NONE', #11132, #9963, #7281 ) ;
#8288 = VERTEX_POINT ( 'NONE', #1280 ) ;
#8289 = DIRECTION ( 'NONE',  ( 0.0000000000000000000, 0.0000000000000000000, 1.000000000000000000 ) ) ;
#8290 = DIRECTION ( 'NONE',  ( -0.0000000000000000000, -0.0000000000000000000, -1.000000000000000000 ) ) ;
#8291 = CARTESIAN_POINT ( 'NONE',  ( 4.471000000000000973, 4.599999999999999645, 2.295000000000000817 ) ) ;
#8292 = CARTESIAN_POINT ( 'NONE',  ( -0.3500000000000004219, 2.302902790585058312, -0.3750000000000000000 ) ) ;
#8293 = LINE ( 'NONE', #5121, #1507 ) ;
#8294 = CARTESIAN_POINT ( 'NONE',  ( 3.219999999999999751, 0.1000000000000000056, 1.504999999999999449 ) ) ;
#8295 = VECTOR ( 'NONE', #722, 1000.000000000000000 ) ;
#8296 = LINE ( 'NONE', #11331, #10356 ) ;
#8297 = CARTESIAN_POINT ( 'NONE',  ( -2.050446608846518526, 2.499999999999999556, -1.505000000000002780 ) ) ;
#8298 = ADVANCED_FACE ( 'NONE', ( #2140 ), #5182, .F. ) ;
#8299 = CARTESIAN_POINT ( 'NONE',  ( -1.987157287525380900, 0.7500000000000002220, 1.604999999999999316 ) ) ;
#8300 = ORIENTED_EDGE ( 'NONE', *, *, #2996, .F. ) ;
#8301 = LINE ( 'NONE', #3558, #3882 ) ;
#8302 = DIRECTION ( 'NONE',  ( -1.000000000000000000, 0.0000000000000000000, 0.0000000000000000000 ) ) ;
#8303 = VERTEX_POINT ( 'NONE', #6865 ) ;
#8304 = DIRECTION ( 'NONE',  ( -1.000000000000000000, 0.0000000000000000000, 0.0000000000000000000 ) ) ;
#8305 = DIRECTION ( 'NONE',  ( -0.0000000000000000000, -0.0000000000000000000, -1.000000000000000000 ) ) ;
#8306 = CARTESIAN_POINT ( 'NONE',  ( -1.928578643762689948, 0.8500000000000007550, 1.504999999999999449 ) ) ;
#8307 = CYLINDRICAL_SURFACE ( 'NONE', #3570, 0.1499999999999999667 ) ;
#8308 = ORIENTED_EDGE ( 'NONE', *, *, #11468, .F. ) ;
#8309 = ORIENTED_EDGE ( 'NONE', *, *, #2126, .T. ) ;
#8310 = PLANE ( 'NONE',  #1986 ) ;
#8311 = CARTESIAN_POINT ( 'NONE',  ( 1.869999999999999885, 0.8499999999999998668, 10.05355608965224157 ) ) ;
#8312 = DIRECTION ( 'NONE',  ( 0.0000000000000000000, 0.0000000000000000000, 1.000000000000000000 ) ) ;
#8313 = ORIENTED_EDGE ( 'NONE', *, *, #6553, .F. ) ;
#8314 = CARTESIAN_POINT ( 'NONE',  ( -4.069999999999999396, 2.032879073410320814E-17, -0.3550000000000002598 ) ) ;
#8315 = CARTESIAN_POINT ( 'NONE',  ( -2.949999999999999734, -0.5999999999999993117, 1.304999999999999494 ) ) ;
#8316 = CARTESIAN_POINT ( 'NONE',  ( 4.070000000000000284, 2.000000000000000000, 0.8529184719828691863 ) ) ;
#8317 = ORIENTED_EDGE ( 'NONE', *, *, #4427, .T. ) ;
#8318 = EDGE_CURVE ( 'NONE', #5524, #5408, #8936, .T. ) ;
#8319 = LINE ( 'NONE', #10375, #2613 ) ;
#8320 = CARTESIAN_POINT ( 'NONE',  ( -4.469999999999999751, 4.599999999999999645, 2.295000000000000817 ) ) ;
#8321 = ORIENTED_EDGE ( 'NONE', *, *, #12289, .F. ) ;
#8322 = ORIENTED_EDGE ( 'NONE', *, *, #6175, .F. ) ;
#8323 = EDGE_LOOP ( 'NONE', ( #642, #7359, #8566, #4832, #4336, #2369, #10040, #5768, #482, #12065, #3422, #5829, #3114, #1313, #1297, #8775, #2180, #2793, #11666, #5658, #3795, #4805, #8087, #94, #1509, #342, #6636, #6323, #7247, #6794, #6263, #2850, #5599, #5726, #8847, #1301, #8033, #10102, #658, #3723, #3552, #12238, #1142, #3981, #8026, #7319, #4341, #6722, #5927, #9598, #4474, #2057, #11694, #1781 ) ) ;
#8324 = VECTOR ( 'NONE', #9028, 1000.000000000000000 ) ;
#8325 = DIRECTION ( 'NONE',  ( 0.0000000000000000000, -0.0000000000000000000, 1.000000000000000000 ) ) ;
#8326 = CARTESIAN_POINT ( 'NONE',  ( 3.140000000011897718, 1.050000000000000044, 2.184999999999999165 ) ) ;
#8327 = CARTESIAN_POINT ( 'NONE',  ( 3.219999999999999751, 1.899999999999999911, 0.3549999999999994271 ) ) ;
#8328 = EDGE_LOOP ( 'NONE', ( #5544, #2423, #7541, #7276 ) ) ;
#8329 = CARTESIAN_POINT ( 'NONE',  ( -3.219999999999999751, 0.0000000000000000000, -1.305000000000001048 ) ) ;
#8330 = DIRECTION ( 'NONE',  ( 0.0000000000000000000, -1.000000000000000000, 0.0000000000000000000 ) ) ;
#8331 = SURFACE_STYLE_USAGE ( .BOTH. , #4552 ) ;
#8332 = VECTOR ( 'NONE', #1062, 1000.000000000000000 ) ;
#8333 = EDGE_CURVE ( 'NONE', #10180, #3580, #4395, .T. ) ;
#8334 = ADVANCED_FACE ( 'NONE', ( #7866 ), #6923, .T. ) ;
#8335 = DIRECTION ( 'NONE',  ( -0.0000000000000000000, -1.000000000000000000, 0.0000000000000000000 ) ) ;
#8336 = CARTESIAN_POINT ( 'NONE',  ( 0.0000000000000000000, 0.4000000000000004663, 1.304999999999999494 ) ) ;
#8337 = CARTESIAN_POINT ( 'NONE',  ( 1.599999999999999867, 7.299999999999999822, 1.604999999999999760 ) ) ;
#8338 = VERTEX_POINT ( 'NONE', #8871 ) ;
#8339 = LINE ( 'NONE', #2541, #2211 ) ;
#8340 = ORIENTED_EDGE ( 'NONE', *, *, #3513, .T. ) ;
#8341 = ORIENTED_EDGE ( 'NONE', *, *, #6848, .F. ) ;
#8342 = DIRECTION ( 'NONE',  ( -0.0000000000000000000, -0.0000000000000000000, -1.000000000000000000 ) ) ;
#8343 = AXIS2_PLACEMENT_3D ( 'NONE', #6443, #10982, #10052 ) ;
#8344 = DIRECTION ( 'NONE',  ( -1.000000000000000000, 0.0000000000000000000, 0.0000000000000000000 ) ) ;
#8345 = ORIENTED_EDGE ( 'NONE', *, *, #4329, .F. ) ;
#8346 = ADVANCED_FACE ( 'NONE', ( #1403 ), #4132, .F. ) ;
#8347 = DIRECTION ( 'NONE',  ( 0.0000000000000000000, 0.0000000000000000000, 1.000000000000000000 ) ) ;
#8348 = CARTESIAN_POINT ( 'NONE',  ( -1.850000000000000089, 5.787332622142050909, 0.3750000000000000000 ) ) ;
#8349 = LINE ( 'NONE', #8596, #10980 ) ;
#8350 = PRESENTATION_STYLE_ASSIGNMENT (( #9235 ) ) ;
#8351 = EDGE_CURVE ( 'NONE', #8208, #8121, #1021, .T. ) ;
#8352 = ADVANCED_FACE ( 'NONE', ( #6978 ), #10787, .T. ) ;
#8353 = DIRECTION ( 'NONE',  ( 0.0000000000000000000, 0.0000000000000000000, -1.000000000000000000 ) ) ;
#8354 = EDGE_CURVE ( 'NONE', #8929, #11488, #400, .T. ) ;
#8355 = AXIS2_PLACEMENT_3D ( 'NONE', #1835, #6506, #4639 ) ;
#8356 = DIRECTION ( 'NONE',  ( 0.0000000000000000000, 0.0000000000000000000, -1.000000000000000000 ) ) ;
#8357 = CARTESIAN_POINT ( 'NONE',  ( 0.09999999999999982514, 0.0000000000000000000, -0.3550000000000007039 ) ) ;
#8358 = CARTESIAN_POINT ( 'NONE',  ( 3.250000000000001776, 4.999999999999995559, 0.1000000000000000056 ) ) ;
#8359 = ORIENTED_EDGE ( 'NONE', *, *, #6155, .F. ) ;
#8360 = ADVANCED_FACE ( 'NONE', ( #3230 ), #2324, .F. ) ;
#8361 = CARTESIAN_POINT ( 'NONE',  ( 0.0000000000000000000, 0.0000000000000000000, -0.1000000000000000056 ) ) ;
#8362 = AXIS2_PLACEMENT_3D ( 'NONE', #101, #1110, #3956 ) ;
#8363 = LINE ( 'NONE', #2689, #7855 ) ;
#8364 = CARTESIAN_POINT ( 'NONE',  ( -4.469999999999999751, 5.350000000000000533, 0.3549999999999996492 ) ) ;
#8365 = ORIENTED_EDGE ( 'NONE', *, *, #5349, .T. ) ;
#8366 = EDGE_CURVE ( 'NONE', #11478, #2379, #7174, .T. ) ;
#8367 = DIRECTION ( 'NONE',  ( -1.000000000000000000, 1.244625060509296168E-16, 0.0000000000000000000 ) ) ;
#8368 = VERTEX_POINT ( 'NONE', #6373 ) ;
#8369 = DIRECTION ( 'NONE',  ( 1.000000000000000000, -1.734723475976807341E-16, 0.0000000000000000000 ) ) ;
#8370 = ORIENTED_EDGE ( 'NONE', *, *, #5664, .F. ) ;
#8371 = AXIS2_PLACEMENT_3D ( 'NONE', #2253, #6062, #4199 ) ;
#8372 = DIRECTION ( 'NONE',  ( 1.000000000000000000, 0.0000000000000000000, 0.0000000000000000000 ) ) ;
#8373 = EDGE_CURVE ( 'NONE', #6355, #7427, #7718, .T. ) ;
#8374 = FACE_OUTER_BOUND ( 'NONE', #11781, .T. ) ;
#8375 = LINE ( 'NONE', #10246, #4495 ) ;
#8376 = VERTEX_POINT ( 'NONE', #1650 ) ;
#8377 = CARTESIAN_POINT ( 'NONE',  ( 1.969999999999999529, 0.8499999999999998668, 1.604999999999999760 ) ) ;
#8378 = VECTOR ( 'NONE', #3337, 1000.000000000000000 ) ;
#8379 = EDGE_CURVE ( 'NONE', #7799, #11558, #5242, .T. ) ;
#8380 = ORIENTED_EDGE ( 'NONE', *, *, #6155, .T. ) ;
#8381 = VECTOR ( 'NONE', #5794, 1000.000000000000000 ) ;
#8382 = LINE ( 'NONE', #7387, #707 ) ;
#8383 = CARTESIAN_POINT ( 'NONE',  ( 4.469999999999999751, 1.350000000000000089, 0.1499999999999999944 ) ) ;
#8384 = DIRECTION ( 'NONE',  ( -0.0000000000000000000, -1.000000000000000000, -0.0000000000000000000 ) ) ;
#8385 = VERTEX_POINT ( 'NONE', #6433 ) ;
#8386 = EDGE_LOOP ( 'NONE', ( #9558, #10137, #4311, #37 ) ) ;
#8387 = VECTOR ( 'NONE', #8252, 1000.000000000000000 ) ;
#8388 = DIRECTION ( 'NONE',  ( 1.000000000000000000, 0.0000000000000000000, 0.0000000000000000000 ) ) ;
#8389 = UNCERTAINTY_MEASURE_WITH_UNIT (LENGTH_MEASURE( 1.000000000000000082E-05 ), #10949, 'distance_accuracy_value', 'NONE');
#8390 = DIRECTION ( 'NONE',  ( -1.000000000000000000, -0.0000000000000000000, -0.0000000000000000000 ) ) ;
#8391 = VECTOR ( 'NONE', #391, 1000.000000000000000 ) ;
#8392 = ORIENTED_EDGE ( 'NONE', *, *, #8285, .T. ) ;
#8393 = DIRECTION ( 'NONE',  ( 0.0000000000000000000, 1.000000000000000000, 0.0000000000000000000 ) ) ;
#8394 = STYLED_ITEM ( 'NONE', ( #8776 ), #9894 ) ;
#8395 = CARTESIAN_POINT ( 'NONE',  ( -0.09999999999999961697, 0.1000000000000001305, 1.604999999999999760 ) ) ;
#8396 = DIRECTION ( 'NONE',  ( 1.000000000000000000, 0.0000000000000000000, 0.0000000000000000000 ) ) ;
#8397 = CARTESIAN_POINT ( 'NONE',  ( 4.169999999999999929, 0.0000000000000000000, 2.595000000000000195 ) ) ;
#8398 = CARTESIAN_POINT ( 'NONE',  ( 3.219999999999999751, 0.0000000000000000000, -1.605000000000000648 ) ) ;
#8399 = ORIENTED_EDGE ( 'NONE', *, *, #11333, .T. ) ;
#8400 = CIRCLE ( 'NONE', #4626, 0.2999999999999999334 ) ;
#8401 = LINE ( 'NONE', #8282, #7987 ) ;
#8402 = FACE_OUTER_BOUND ( 'NONE', #185, .T. ) ;
#8403 = ORIENTED_EDGE ( 'NONE', *, *, #9969, .T. ) ;
#8404 = CARTESIAN_POINT ( 'NONE',  ( 0.0000000000000000000, -0.5999999999999993117, 1.304999999999999494 ) ) ;
#8405 = EDGE_CURVE ( 'NONE', #221, #4238, #11213, .T. ) ;
#8406 = LINE ( 'NONE', #7478, #2468 ) ;
#8407 = ORIENTED_EDGE ( 'NONE', *, *, #3955, .F. ) ;
#8408 = CIRCLE ( 'NONE', #7201, 0.1000000000000002554 ) ;
#8409 = DIRECTION ( 'NONE',  ( -1.000000000000000000, 0.0000000000000000000, 0.0000000000000000000 ) ) ;
#8410 = SURFACE_STYLE_USAGE ( .BOTH. , #887 ) ;
#8411 = FILL_AREA_STYLE_COLOUR ( '', #6661 ) ;
#8412 = CARTESIAN_POINT ( 'NONE',  ( 0.9504466088465189921, 2.599999999999999645, -1.605000000000000870 ) ) ;
#8413 = CARTESIAN_POINT ( 'NONE',  ( 4.471000000000000973, 4.599999999999999645, 2.595000000000000639 ) ) ;
#8414 = ORIENTED_EDGE ( 'NONE', *, *, #3563, .T. ) ;
#8415 = DIRECTION ( 'NONE',  ( 1.000000000000000000, 0.0000000000000000000, -0.0000000000000000000 ) ) ;
#8416 = DIRECTION ( 'NONE',  ( -0.0000000000000000000, 0.0000000000000000000, 1.000000000000000000 ) ) ;
#8417 = VECTOR ( 'NONE', #2598, 1000.000000000000000 ) ;
#8418 = ADVANCED_FACE ( 'NONE', ( #11156 ), #2506, .T. ) ;
#8419 = LINE ( 'NONE', #9589, #1993 ) ;
#8420 = ORIENTED_EDGE ( 'NONE', *, *, #12132, .F. ) ;
#8421 = DIRECTION ( 'NONE',  ( 1.000000000000000000, 0.0000000000000000000, 0.0000000000000000000 ) ) ;
#8422 = CARTESIAN_POINT ( 'NONE',  ( -1.350000000000000533, 2.302902790585058312, -0.3750000000000000000 ) ) ;
#8423 = DIRECTION ( 'NONE',  ( 0.0000000000000000000, 1.000000000000000000, 0.0000000000000000000 ) ) ;
#8424 = CARTESIAN_POINT ( 'NONE',  ( 1.750000000000000222, 6.599999999999999645, 0.1000000000000000056 ) ) ;
#8425 = ORIENTED_EDGE ( 'NONE', *, *, #9194, .F. ) ;
#8426 =( NAMED_UNIT ( * ) SI_UNIT ( $, .STERADIAN. ) SOLID_ANGLE_UNIT ( ) );
#8427 = CARTESIAN_POINT ( 'NONE',  ( -2.949999999999999734, 0.0000000000000000000, 1.304999999999999494 ) ) ;
#8428 = CARTESIAN_POINT ( 'NONE',  ( -4.394049177309269535E-17, 7.040192378864668754, -1.305000000000001048 ) ) ;
#8429 = ORIENTED_EDGE ( 'NONE', *, *, #10489, .F. ) ;
#8430 = DIRECTION ( 'NONE',  ( -1.000000000000000000, -0.0000000000000000000, -0.0000000000000000000 ) ) ;
#8431 = EDGE_CURVE ( 'NONE', #1975, #9840, #4330, .T. ) ;
#8432 = VERTEX_POINT ( 'NONE', #5365 ) ;
#8433 = ORIENTED_EDGE ( 'NONE', *, *, #8210, .T. ) ;
#8434 = VECTOR ( 'NONE', #5507, 1000.000000000000000 ) ;
#8435 = EDGE_CURVE ( 'NONE', #5410, #968, #7426, .T. ) ;
#8436 = ADVANCED_FACE ( 'NONE', ( #5306 ), #5431, .F. ) ;
#8437 = CARTESIAN_POINT ( 'NONE',  ( -3.040000000000000924, 1.249999999999999334, 1.604999999999999760 ) ) ;
#8438 = VECTOR ( 'NONE', #8920, 1000.000000000000000 ) ;
#8439 = ORIENTED_EDGE ( 'NONE', *, *, #11383, .F. ) ;
#8440 = LINE ( 'NONE', #3699, #11970 ) ;
#8441 =( NAMED_UNIT ( * ) PLANE_ANGLE_UNIT ( ) SI_UNIT ( $, .RADIAN. ) );
#8442 = ORIENTED_EDGE ( 'NONE', *, *, #2576, .F. ) ;
#8443 = CARTESIAN_POINT ( 'NONE',  ( 2.150000000000000355, 0.4000000000000005218, 1.304999999999999494 ) ) ;
#8444 = CARTESIAN_POINT ( 'NONE',  ( 0.09999999999999982514, 0.1000000000000000056, 1.504999999999999449 ) ) ;
#8445 = VECTOR ( 'NONE', #1955, 999.9999999999998863 ) ;
#8446 = AXIS2_PLACEMENT_3D ( 'NONE', #9651, #4794, #8718 ) ;
#8447 = EDGE_CURVE ( 'NONE', #4583, #8799, #9984, .T. ) ;
#8448 = VERTEX_POINT ( 'NONE', #9314 ) ;
#8449 = ORIENTED_EDGE ( 'NONE', *, *, #4502, .F. ) ;
#8450 = ORIENTED_EDGE ( 'NONE', *, *, #7076, .T. ) ;
#8451 = EDGE_CURVE ( 'NONE', #6377, #10360, #6957, .T. ) ;
#8452 = CARTESIAN_POINT ( 'NONE',  ( -3.249999999999998668, 2.000000000000000000, 0.3499999999999999223 ) ) ;
#8453 = VECTOR ( 'NONE', #313, 1000.000000000000000 ) ;
#8454 = LINE ( 'NONE', #748, #3395 ) ;
#8455 = CIRCLE ( 'NONE', #509, 1.250000000000000000 ) ;
#8456 = COLOUR_RGB ( '',0.9686274509803921573, 0.8784313725490195957, 0.5999999999999999778 ) ;
#8457 = ORIENTED_EDGE ( 'NONE', *, *, #12205, .F. ) ;
#8458 = LINE ( 'NONE', #3714, #6638 ) ;
#8459 =( LENGTH_UNIT ( ) NAMED_UNIT ( * ) SI_UNIT ( .MILLI., .METRE. ) );
#8460 = CARTESIAN_POINT ( 'NONE',  ( 3.219999999999999751, 1.899999999999999911, -1.205000000000000959 ) ) ;
#8461 = CARTESIAN_POINT ( 'NONE',  ( -3.039999999941755959, 1.050000000000000044, 2.285000000028958311 ) ) ;
#8462 = CARTESIAN_POINT ( 'NONE',  ( -1.967631072937817693, 1.430106704934736905, 1.304999999999999938 ) ) ;
#8463 = DIRECTION ( 'NONE',  ( -1.000000000000000000, 1.244625060509296168E-16, 0.0000000000000000000 ) ) ;
#8464 = AXIS2_PLACEMENT_3D ( 'NONE', #8765, #6704, #7644 ) ;
#8465 = EDGE_LOOP ( 'NONE', ( #6232, #8480, #6224, #9737 ) ) ;
#8466 = AXIS2_PLACEMENT_3D ( 'NONE', #11143, #4565, #8289 ) ;
#8467 = DIRECTION ( 'NONE',  ( -1.000000000000000000, -0.0000000000000000000, 0.0000000000000000000 ) ) ;
#8468 = PRODUCT_DEFINITION_FORMATION_WITH_SPECIFIED_SOURCE ( 'ANY', '', #9522, .NOT_KNOWN. ) ;
#8469 = AXIS2_PLACEMENT_3D ( 'NONE', #4107, #5094, #7772 ) ;
#8470 = VERTEX_POINT ( 'NONE', #10971 ) ;
#8471 = DIRECTION ( 'NONE',  ( 0.0000000000000000000, 0.0000000000000000000, -1.000000000000000000 ) ) ;
#8472 = DIRECTION ( 'NONE',  ( 0.0000000000000000000, -0.0000000000000000000, -1.000000000000000000 ) ) ;
#8473 = LINE ( 'NONE', #6652, #895 ) ;
#8474 = ORIENTED_EDGE ( 'NONE', *, *, #10786, .F. ) ;
#8475 = CARTESIAN_POINT ( 'NONE',  ( -2.050446608846518082, 2.499999999999999556, 2.595000000000000195 ) ) ;
#8476 = VECTOR ( 'NONE', #11908, 1000.000000000000000 ) ;
#8477 = CARTESIAN_POINT ( 'NONE',  ( -4.469999999999999751, 0.1000000000000002554, 1.604999999999999760 ) ) ;
#8478 =( NAMED_UNIT ( * ) PLANE_ANGLE_UNIT ( ) SI_UNIT ( $, .RADIAN. ) );
#8479 = DIRECTION ( 'NONE',  ( 0.0000000000000000000, 0.0000000000000000000, -1.000000000000000000 ) ) ;
#8480 = ORIENTED_EDGE ( 'NONE', *, *, #427, .T. ) ;
#8481 = ADVANCED_FACE ( 'NONE', ( #9184 ), #643, .T. ) ;
#8482 = DIRECTION ( 'NONE',  ( 1.000000000000000000, 0.0000000000000000000, 0.0000000000000000000 ) ) ;
#8483 = ORIENTED_EDGE ( 'NONE', *, *, #3233, .T. ) ;
#8484 = AXIS2_PLACEMENT_3D ( 'NONE', #1071, #5790, #9660 ) ;
#8485 = CARTESIAN_POINT ( 'NONE',  ( 4.169999999999999929, 0.0000000000000000000, 0.0000000000000000000 ) ) ;
#8486 = VERTEX_POINT ( 'NONE', #1529 ) ;
#8487 = CARTESIAN_POINT ( 'NONE',  ( 0.6499999999999996891, 2.302902790585054760, -0.3750000000000000000 ) ) ;
#8488 = DIRECTION ( 'NONE',  ( 0.0000000000000000000, 1.000000000000000000, 0.0000000000000000000 ) ) ;
#8489 = LINE ( 'NONE', #8424, #9482 ) ;
#8490 = ORIENTED_EDGE ( 'NONE', *, *, #3442, .F. ) ;
#8491 = LINE ( 'NONE', #8612, #11459 ) ;
#8492 = AXIS2_PLACEMENT_3D ( 'NONE', #5706, #4995, #5759 ) ;
#8493 = CARTESIAN_POINT ( 'NONE',  ( 4.169999999999999929, 4.800000000000000711, 2.295000000000000817 ) ) ;
#8494 = VERTEX_POINT ( 'NONE', #3426 ) ;
#8495 = CARTESIAN_POINT ( 'NONE',  ( 2.739999999960218702, 1.050000000000000044, 2.284999999915271474 ) ) ;
#8496 = ORIENTED_EDGE ( 'NONE', *, *, #8056, .T. ) ;
#8497 = EDGE_CURVE ( 'NONE', #4183, #10887, #5558, .T. ) ;
#8498 = LINE ( 'NONE', #6505, #2596 ) ;
#8499 = CARTESIAN_POINT ( 'NONE',  ( -0.3999999999999996891, -0.5999999999999995337, 1.304999999999999494 ) ) ;
#8500 = EDGE_LOOP ( 'NONE', ( #11364, #9212, #6977, #11889, #1296 ) ) ;
#8501 = EDGE_LOOP ( 'NONE', ( #11070, #7509, #7512, #4668, #4689, #3383, #2670, #9683 ) ) ;
#8502 = AXIS2_PLACEMENT_3D ( 'NONE', #3238, #6197, #8809 ) ;
#8503 = DIRECTION ( 'NONE',  ( 0.0000000000000000000, -0.0000000000000000000, -1.000000000000000000 ) ) ;
#8504 = CARTESIAN_POINT ( 'NONE',  ( -2.050446608846518082, 1.999999999999999556, -1.505000000000002780 ) ) ;
#8505 = ORIENTED_EDGE ( 'NONE', *, *, #9434, .F. ) ;
#8506 = LINE ( 'NONE', #7382, #4822 ) ;
#8507 = EDGE_CURVE ( 'NONE', #11585, #721, #8419, .T. ) ;
#8508 = CARTESIAN_POINT ( 'NONE',  ( 0.0000000000000000000, 0.0000000000000000000, 1.304999999999999494 ) ) ;
#8509 = PLANE ( 'NONE',  #5831 ) ;
#8510 = VECTOR ( 'NONE', #3838, 1000.000000000000000 ) ;
#8511 = CARTESIAN_POINT ( 'NONE',  ( 3.219999999999999751, 1.899999999999999911, 1.304999999999999716 ) ) ;
#8512 = ORIENTED_EDGE ( 'NONE', *, *, #9785, .T. ) ;
#8513 = EDGE_CURVE ( 'NONE', #3089, #3028, #7767, .T. ) ;
#8514 = CARTESIAN_POINT ( 'NONE',  ( -0.5000000000000000000, 5.787332622142050909, -0.3750000000000000000 ) ) ;
#8515 = DIRECTION ( 'NONE',  ( 0.0000000000000000000, 0.0000000000000000000, -1.000000000000000000 ) ) ;
#8516 = ORIENTED_EDGE ( 'NONE', *, *, #2846, .F. ) ;
#8517 = DIRECTION ( 'NONE',  ( -0.0000000000000000000, -1.000000000000000000, -0.0000000000000000000 ) ) ;
#8518 = CLOSED_SHELL ( 'NONE', ( #10252, #10699, #936, #12090, #4259, #8692 ) ) ;
#8519 = EDGE_CURVE ( 'NONE', #5523, #155, #4960, .T. ) ;
#8520 = CARTESIAN_POINT ( 'NONE',  ( -3.249999999999998668, 2.000000000000000000, -0.3500000000000000333 ) ) ;
#8521 = DIRECTION ( 'NONE',  ( 0.0000000000000000000, -1.000000000000000000, 0.0000000000000000000 ) ) ;
#8522 = DIRECTION ( 'NONE',  ( -1.000000000000000000, -0.0000000000000000000, -0.0000000000000000000 ) ) ;
#8523 = DIRECTION ( 'NONE',  ( 0.0000000000000000000, 1.000000000000000000, -0.0000000000000000000 ) ) ;
#8524 = CARTESIAN_POINT ( 'NONE',  ( -2.949999999999999734, 7.299999999999999822, 1.604999999999999760 ) ) ;
#8525 = CARTESIAN_POINT ( 'NONE',  ( 3.999163336219619946, -0.0000000000000000000, -0.6950269486844417033 ) ) ;
#8526 = DIRECTION ( 'NONE',  ( -0.0000000000000000000, -0.0000000000000000000, 1.000000000000000000 ) ) ;
#8527 = VECTOR ( 'NONE', #4413, 1000.000000000000000 ) ;
#8528 = VERTEX_POINT ( 'NONE', #176 ) ;
#8529 =( BOUNDED_SURFACE ( )  B_SPLINE_SURFACE ( 3, 3, ( 
 ( #9985, #1462, #5053, #8872 ),
 ( #10788, #2262, #8806, #6072 ),
 ( #528, #9862, #402, #4206 ),
 ( #3231, #4333, #10846, #2326 ) ),
 .UNSPECIFIED., .F., .F., .T. ) 
 B_SPLINE_SURFACE_WITH_KNOTS ( ( 4, 4 ),
 ( 4, 4 ),
 ( 0.0000000000000000000, 1.000000000000000000 ),
 ( 0.0000000000000000000, 1.000000000000000000 ),
 .UNSPECIFIED. ) 
 GEOMETRIC_REPRESENTATION_ITEM ( )  RATIONAL_B_SPLINE_SURFACE ( (
 ( 1.000000000000000000, 0.8047378541243652705, 0.8047378541243652705, 1.000000000000000000),
 ( 0.8047378541243649375, 0.6476030138606879705, 0.6476030138606879705, 0.8047378541243649375),
 ( 0.8047378541243649375, 0.6476030138606879705, 0.6476030138606879705, 0.8047378541243649375),
 ( 1.000000000000000000, 0.8047378541243652705, 0.8047378541243652705, 1.000000000000000000) ) ) 
 REPRESENTATION_ITEM ( '' )  SURFACE ( )  );
#8530 = VECTOR ( 'NONE', #9734, 1000.000000000000000 ) ;
#8531 = VECTOR ( 'NONE', #1872, 1000.000000000000000 ) ;
#8532 = ORIENTED_EDGE ( 'NONE', *, *, #7223, .T. ) ;
#8533 = EDGE_CURVE ( 'NONE', #416, #3534, #11278, .T. ) ;
#8534 = DIRECTION ( 'NONE',  ( 0.0000000000000000000, -1.000000000000000000, 0.0000000000000000000 ) ) ;
#8535 = CYLINDRICAL_SURFACE ( 'NONE', #8245, 0.1000000000000000472 ) ;
#8536 = DIRECTION ( 'NONE',  ( 0.0000000000000000000, 0.0000000000000000000, -1.000000000000000000 ) ) ;
#8537 = DIRECTION ( 'NONE',  ( -1.000000000000000000, 0.0000000000000000000, -0.0000000000000000000 ) ) ;
#8538 = CARTESIAN_POINT ( 'NONE',  ( -1.650000000000000355, 5.787332622142050909, 0.3750000000000000000 ) ) ;
#8539 = ORIENTED_EDGE ( 'NONE', *, *, #9148, .T. ) ;
#8540 = DIRECTION ( 'NONE',  ( 1.000000000000000000, 0.0000000000000000000, 0.0000000000000000000 ) ) ;
#8541 = ORIENTED_EDGE ( 'NONE', *, *, #7738, .T. ) ;
#8542 = AXIS2_PLACEMENT_3D ( 'NONE', #1569, #11258, #5475 ) ;
#8543 = DIRECTION ( 'NONE',  ( 0.0000000000000000000, 0.0000000000000000000, 1.000000000000000000 ) ) ;
#8544 = EDGE_LOOP ( 'NONE', ( #4772, #8300, #6920, #4777 ) ) ;
#8545 = DIRECTION ( 'NONE',  ( 0.0000000000000000000, 0.0000000000000000000, -1.000000000000000000 ) ) ;
#8546 = CARTESIAN_POINT ( 'NONE',  ( 0.0000000000000000000, 6.500000000000000888, 0.0000000000000000000 ) ) ;
#8547 = DIRECTION ( 'NONE',  ( 0.0000000000000000000, -0.0000000000000000000, 1.000000000000000000 ) ) ;
#8548 = CARTESIAN_POINT ( 'NONE',  ( 0.1500000000000000222, 5.787332622142050909, -0.3750000000000000000 ) ) ;
#8549 = ORIENTED_EDGE ( 'NONE', *, *, #6980, .T. ) ;
#8550 = LINE ( 'NONE', #1829, #4905 ) ;
#8551 = VERTEX_POINT ( 'NONE', #4627 ) ;
#8552 = VERTEX_POINT ( 'NONE', #2109 ) ;
#8553 = VERTEX_POINT ( 'NONE', #12207 ) ;
#8554 = LINE ( 'NONE', #6685, #11688 ) ;
#8555 = DIRECTION ( 'NONE',  ( 1.000000000000000000, -0.0000000000000000000, 0.0000000000000000000 ) ) ;
#8556 = CARTESIAN_POINT ( 'NONE',  ( -4.169999999999999929, 0.0000000000000000000, 2.595000000000000195 ) ) ;
#8557 = EDGE_CURVE ( 'NONE', #8686, #7266, #7829, .T. ) ;
#8558 = EDGE_CURVE ( 'NONE', #3721, #11558, #7973, .T. ) ;
#8559 = LINE ( 'NONE', #3765, #12038 ) ;
#8560 = ORIENTED_EDGE ( 'NONE', *, *, #1883, .F. ) ;
#8561 = DIRECTION ( 'NONE',  ( -1.000000000000000000, -0.0000000000000000000, -0.0000000000000000000 ) ) ;
#8562 = CARTESIAN_POINT ( 'NONE',  ( 1.000000000000000000, 2.302902790585051207, 0.3750000000000000000 ) ) ;
#8563 = CARTESIAN_POINT ( 'NONE',  ( 3.549999999999999822, 0.4000000000000004663, 1.304999999999999494 ) ) ;
#8564 = VECTOR ( 'NONE', #12082, 1000.000000000000000 ) ;
#8565 = LINE ( 'NONE', #39, #8238 ) ;
#8566 = ORIENTED_EDGE ( 'NONE', *, *, #862, .T. ) ;
#8567 = DIRECTION ( 'NONE',  ( 1.000000000000000000, 0.0000000000000000000, -0.0000000000000000000 ) ) ;
#8568 = DIRECTION ( 'NONE',  ( -1.000000000000000000, 0.0000000000000000000, 0.0000000000000000000 ) ) ;
#8569 = DIRECTION ( 'NONE',  ( 1.000000000000000000, -0.0000000000000000000, 0.0000000000000000000 ) ) ;
#8570 = VECTOR ( 'NONE', #4515, 1000.000000000000000 ) ;
#8571 = ORIENTED_EDGE ( 'NONE', *, *, #12085, .F. ) ;
#8572 = CARTESIAN_POINT ( 'NONE',  ( 1.050446608846517860, 1.999999999999999556, -1.505000000000002780 ) ) ;
#8573 = AXIS2_PLACEMENT_3D ( 'NONE', #5717, #7640, #4947 ) ;
#8574 = CARTESIAN_POINT ( 'NONE',  ( 4.169999999999999929, 1.449999999999999734, 0.3549999999999994826 ) ) ;
#8575 = EDGE_CURVE ( 'NONE', #2169, #8085, #5021, .T. ) ;
#8576 = EDGE_CURVE ( 'NONE', #10991, #8868, #4103, .T. ) ;
#8577 = CARTESIAN_POINT ( 'NONE',  ( -0.9504466088465185480, 1.899999999999999689, -1.605000000000000648 ) ) ;
#8578 = EDGE_LOOP ( 'NONE', ( #3045, #6631, #6587, #4114 ) ) ;
#8579 = CARTESIAN_POINT ( 'NONE',  ( -4.169957807753502443, 1.450000000000000622, 0.3460465934885131323 ) ) ;
#8580 = DIRECTION ( 'NONE',  ( 0.0000000000000000000, 1.000000000000000000, 0.0000000000000000000 ) ) ;
#8581 = LINE ( 'NONE', #3716, #8417 ) ;
#8582 = CARTESIAN_POINT ( 'NONE',  ( -0.3999999999999997446, 0.1000000000000000056, 1.504999999999999449 ) ) ;
#8583 = LINE ( 'NONE', #6939, #10032 ) ;
#8584 = LINE ( 'NONE', #8336, #8755 ) ;
#8585 = PRESENTATION_STYLE_ASSIGNMENT (( #4790 ) ) ;
#8586 = ORIENTED_EDGE ( 'NONE', *, *, #9579, .T. ) ;
#8587 = EDGE_CURVE ( 'NONE', #5693, #7456, #3971, .T. ) ;
#8588 = CIRCLE ( 'NONE', #3582, 0.1499999999999999667 ) ;
#8589 = ADVANCED_FACE ( 'NONE', ( #2956 ), #6831, .T. ) ;
#8590 = EDGE_CURVE ( 'NONE', #9876, #4429, #7895, .T. ) ;
#8591 = CARTESIAN_POINT ( 'NONE',  ( 4.211421356237309510, 1.349999999999999201, 0.9357611844574877935 ) ) ;
#8592 = VERTEX_POINT ( 'NONE', #1978 ) ;
#8593 = AXIS2_PLACEMENT_3D ( 'NONE', #10084, #11882, #7294 ) ;
#8594 = CARTESIAN_POINT ( 'NONE',  ( 0.3499999999999996447, 5.787332622142047356, 0.3750000000000000000 ) ) ;
#8595 = CARTESIAN_POINT ( 'NONE',  ( 3.219999999999999751, 0.0000000000000000000, 1.304999999999999494 ) ) ;
#8596 = CARTESIAN_POINT ( 'NONE',  ( 1.050446608846517860, 1.999999999999999556, -1.505000000000002780 ) ) ;
#8597 = PRESENTATION_LAYER_ASSIGNMENT (  '', '', ( #861 ) ) ;
#8598 = CARTESIAN_POINT ( 'NONE',  ( -0.09999999999999971412, -0.5999999999999995337, 1.304999999999999494 ) ) ;
#8599 = DIRECTION ( 'NONE',  ( 0.0000000000000000000, 1.000000000000000000, 0.0000000000000000000 ) ) ;
#8600 = VERTEX_POINT ( 'NONE', #9770 ) ;
#8601 = DIRECTION ( 'NONE',  ( -0.0000000000000000000, -0.0000000000000000000, 1.000000000000000000 ) ) ;
#8602 = EDGE_LOOP ( 'NONE', ( #9983, #10291, #7066, #11030, #1824 ) ) ;
#8603 = VERTEX_POINT ( 'NONE', #118 ) ;
#8604 = EDGE_CURVE ( 'NONE', #8904, #3807, #7708, .T. ) ;
#8605 = VERTEX_POINT ( 'NONE', #11491 ) ;
#8606 = EDGE_CURVE ( 'NONE', #6370, #12046, #4906, .T. ) ;
#8607 = ORIENTED_EDGE ( 'NONE', *, *, #8447, .F. ) ;
#8608 = CARTESIAN_POINT ( 'NONE',  ( 1.100000000000000311, 7.299999999999999822, 1.604999999999999760 ) ) ;
#8609 = DIRECTION ( 'NONE',  ( 0.0000000000000000000, 0.0000000000000000000, 1.000000000000000000 ) ) ;
#8610 = CARTESIAN_POINT ( 'NONE',  ( 4.070000230595437252, 1.349999999998404254, 0.9714414002968979611 ) ) ;
#8611 = EDGE_LOOP ( 'NONE', ( #9321, #10524, #244, #5939 ) ) ;
#8612 = CARTESIAN_POINT ( 'NONE',  ( -0.9504466088465202134, 2.599999999999997424, 1.604999999999999760 ) ) ;
#8613 = DIRECTION ( 'NONE',  ( 0.0000000000000000000, 0.0000000000000000000, -1.000000000000000000 ) ) ;
#8614 = ORIENTED_EDGE ( 'NONE', *, *, #1456, .T. ) ;
#8615 = DIRECTION ( 'NONE',  ( 0.0000000000000000000, 1.000000000000000000, 0.0000000000000000000 ) ) ;
#8616 = ORIENTED_EDGE ( 'NONE', *, *, #275, .F. ) ;
#8617 = PRESENTATION_LAYER_ASSIGNMENT (  '', '', ( #10008 ) ) ;
#8618 = LINE ( 'NONE', #3877, #8530 ) ;
#8619 = ORIENTED_EDGE ( 'NONE', *, *, #1530, .F. ) ;
#8620 = EDGE_LOOP ( 'NONE', ( #1848, #9344, #2881, #5090 ) ) ;
#8621 = CARTESIAN_POINT ( 'NONE',  ( -1.050446608846517860, 2.499999999999999556, 2.595000000000000195 ) ) ;
#8622 = PLANE ( 'NONE',  #3790 ) ;
#8623 = CARTESIAN_POINT ( 'NONE',  ( 1.649999999999999467, 2.302902790585047654, -0.3750000000000000000 ) ) ;
#8624 = ORIENTED_EDGE ( 'NONE', *, *, #3249, .T. ) ;
#8625 = DIRECTION ( 'NONE',  ( 0.0000000000000000000, 0.0000000000000000000, -1.000000000000000000 ) ) ;
#8626 = FACE_OUTER_BOUND ( 'NONE', #2706, .T. ) ;
#8627 = FACE_OUTER_BOUND ( 'NONE', #3907, .T. ) ;
#8628 = LINE ( 'NONE', #3951, #8838 ) ;
#8629 = ORIENTED_EDGE ( 'NONE', *, *, #10589, .F. ) ;
#8630 = DIRECTION ( 'NONE',  ( -0.0000000000000000000, -1.000000000000000000, -0.0000000000000000000 ) ) ;
#8631 = DIRECTION ( 'NONE',  ( 1.000000000000000000, 0.0000000000000000000, 0.0000000000000000000 ) ) ;
#8632 = VECTOR ( 'NONE', #6642, 1000.000000000000000 ) ;
#8633 = EDGE_CURVE ( 'NONE', #3863, #10638, #226, .T. ) ;
#8634 = ORIENTED_EDGE ( 'NONE', *, *, #7139, .F. ) ;
#8635 = DIRECTION ( 'NONE',  ( 0.0000000000000000000, 0.0000000000000000000, -1.000000000000000000 ) ) ;
#8636 = CARTESIAN_POINT ( 'NONE',  ( 4.169999999999999929, 1.249999999999999334, 0.9714414002968977391 ) ) ;
#8637 = ORIENTED_EDGE ( 'NONE', *, *, #9713, .F. ) ;
#8638 = CARTESIAN_POINT ( 'NONE',  ( -3.839682023269861855, 1.349999999999999645, 1.405000000000000027 ) ) ;
#8639 = CYLINDRICAL_SURFACE ( 'NONE', #300, 0.1500000000000000222 ) ;
#8640 = CARTESIAN_POINT ( 'NONE',  ( -4.169999999999999929, 1.250000000000000000, 0.9714414002968977391 ) ) ;
#8641 = AXIS2_PLACEMENT_3D ( 'NONE', #7117, #5189, #8118 ) ;
#8642 = CARTESIAN_POINT ( 'NONE',  ( -4.069999999999999396, 1.350000000000000089, 1.504999999999999449 ) ) ;
#8643 = LINE ( 'NONE', #9701, #11361 ) ;
#8644 = LINE ( 'NONE', #4667, #8332 ) ;
#8645 = ADVANCED_FACE ( 'NONE', ( #2044, #5846, #9650 ), #1124, .F. ) ;
#8646 = AXIS2_PLACEMENT_3D ( 'NONE', #8794, #255, #4052 ) ;
#8647 = DIRECTION ( 'NONE',  ( -1.000000000000000000, -0.0000000000000000000, 0.0000000000000000000 ) ) ;
#8648 = PRESENTATION_LAYER_ASSIGNMENT (  '', '', ( #3257 ) ) ;
#8649 = VECTOR ( 'NONE', #7147, 1000.000000000000000 ) ;
#8650 = CARTESIAN_POINT ( 'NONE',  ( -4.469999999999999751, 0.2999999999999999889, 2.295000000000000817 ) ) ;
#8651 = ORIENTED_EDGE ( 'NONE', *, *, #519, .T. ) ;
#8652 = CARTESIAN_POINT ( 'NONE',  ( 2.949999999999999734, 0.4000000000000005218, 1.304999999999999494 ) ) ;
#8653 = CARTESIAN_POINT ( 'NONE',  ( -4.069999999999999396, 2.000000000000000000, -0.3550000000000001488 ) ) ;
#8654 = CARTESIAN_POINT ( 'NONE',  ( 1.099999999999999867, -0.5999999999999995337, 1.304999999999999494 ) ) ;
#8655 = CARTESIAN_POINT ( 'NONE',  ( 3.752233047033631586, 2.000000000000000000, -1.263578643762691689 ) ) ;
#8656 = EDGE_CURVE ( 'NONE', #11450, #3639, #3398, .T. ) ;
#8657 = AXIS2_PLACEMENT_3D ( 'NONE', #562, #4424, #10882 ) ;
#8658 = VECTOR ( 'NONE', #5488, 1000.000000000000000 ) ;
#8659 = FACE_OUTER_BOUND ( 'NONE', #574, .T. ) ;
#8660 = STYLED_ITEM ( 'NONE', ( #8350 ), #12188 ) ;
#8661 = DIRECTION ( 'NONE',  ( 0.0000000000000000000, -0.0000000000000000000, -1.000000000000000000 ) ) ;
#8662 = AXIS2_PLACEMENT_3D ( 'NONE', #778, #3682, #4576 ) ;
#8663 = ORIENTED_EDGE ( 'NONE', *, *, #1936, .T. ) ;
#8664 = EDGE_CURVE ( 'NONE', #630, #6805, #10878, .T. ) ;
#8665 = EDGE_CURVE ( 'NONE', #3044, #1017, #369, .T. ) ;
#8666 = LINE ( 'NONE', #9542, #7768 ) ;
#8667 = ORIENTED_EDGE ( 'NONE', *, *, #10872, .F. ) ;
#8668 = ORIENTED_EDGE ( 'NONE', *, *, #10394, .F. ) ;
#8669 = AXIS2_PLACEMENT_3D ( 'NONE', #9608, #1086, #4701 ) ;
#8670 = AXIS2_PLACEMENT_3D ( 'NONE', #5803, #3815, #4698 ) ;
#8671 = VERTEX_POINT ( 'NONE', #8024 ) ;
#8672 = DIRECTION ( 'NONE',  ( 0.0000000000000000000, -0.0000000000000000000, 1.000000000000000000 ) ) ;
#8673 = LINE ( 'NONE', #9495, #5003 ) ;
#8674 = CARTESIAN_POINT ( 'NONE',  ( -1.000000000000000000, 5.787332622142050909, -0.3750000000000000000 ) ) ;
#8675 = CYLINDRICAL_SURFACE ( 'NONE', #10424, 0.2999999999999999334 ) ;
#8676 = ORIENTED_EDGE ( 'NONE', *, *, #4090, .F. ) ;
#8677 = FILL_AREA_STYLE ('',( #9607 ) ) ;
#8678 = EDGE_CURVE ( 'NONE', #6338, #10671, #4168, .T. ) ;
#8679 = CARTESIAN_POINT ( 'NONE',  ( 1.050446608846517860, 2.499999999999999556, -1.305000000000001048 ) ) ;
#8680 = VERTEX_POINT ( 'NONE', #1558 ) ;
#8681 = AXIS2_PLACEMENT_3D ( 'NONE', #11553, #5984, #4177 ) ;
#8682 = ORIENTED_EDGE ( 'NONE', *, *, #4258, .T. ) ;
#8683 = EDGE_CURVE ( 'NONE', #11814, #12089, #7961, .T. ) ;
#8684 = DIRECTION ( 'NONE',  ( -0.0000000000000000000, -0.0000000000000000000, -1.000000000000000000 ) ) ;
#8685 = EDGE_LOOP ( 'NONE', ( #3248, #9431, #3538, #3192, #8982, #9703 ) ) ;
#8686 = VERTEX_POINT ( 'NONE', #7081 ) ;
#8687 = EDGE_LOOP ( 'NONE', ( #5133, #11142, #2389, #7565 ) ) ;
#8688 = DIRECTION ( 'NONE',  ( -1.000000000000000000, 0.0000000000000000000, -0.0000000000000000000 ) ) ;
#8689 = AXIS2_PLACEMENT_3D ( 'NONE', #11074, #8977, #442 ) ;
#8690 = FACE_OUTER_BOUND ( 'NONE', #9103, .T. ) ;
#8691 = VERTEX_POINT ( 'NONE', #9831 ) ;
#8692 = ADVANCED_FACE ( 'NONE', ( #5336 ), #9155, .T. ) ;
#8693 = PRESENTATION_STYLE_ASSIGNMENT (( #2017 ) ) ;
#8694 = CARTESIAN_POINT ( 'NONE',  ( 0.0000000000000000000, 7.299999999999999822, 1.455000000000000515 ) ) ;
#8695 = ORIENTED_EDGE ( 'NONE', *, *, #1617, .T. ) ;
#8696 = CARTESIAN_POINT ( 'NONE',  ( 4.169999999999999929, 4.299999999999999822, 0.0000000000000000000 ) ) ;
#8697 = STYLED_ITEM ( 'NONE', ( #2745 ), #7474 ) ;
#8698 = VERTEX_POINT ( 'NONE', #5149 ) ;
#8699 = ORIENTED_EDGE ( 'NONE', *, *, #7648, .T. ) ;
#8700 = LINE ( 'NONE', #2026, #1220 ) ;
#8701 = CARTESIAN_POINT ( 'NONE',  ( -2.050446608846518082, 2.499999999999999556, 1.304999999999999716 ) ) ;
#8702 = DIRECTION ( 'NONE',  ( 1.000000000000000000, 0.0000000000000000000, -0.0000000000000000000 ) ) ;
#8703 = EDGE_LOOP ( 'NONE', ( #8183, #1687, #5935, #4858, #4118, #1074 ) ) ;
#8704 = VECTOR ( 'NONE', #3455, 1000.000000000000000 ) ;
#8705 = EDGE_CURVE ( 'NONE', #7129, #7330, #6964, .T. ) ;
#8706 = CARTESIAN_POINT ( 'NONE',  ( -3.219999999999999751, 1.391421356237309226, 1.304999999999999716 ) ) ;
#8707 = CARTESIAN_POINT ( 'NONE',  ( -4.469999999999999751, 4.299999999999999822, 1.904999999999999361 ) ) ;
#8708 = CARTESIAN_POINT ( 'NONE',  ( 3.250000000000002220, 5.499999999999995559, -0.3500000000000000333 ) ) ;
#8709 = CARTESIAN_POINT ( 'NONE',  ( 1.899999999999999689, -0.5999999999999995337, 1.304999999999999494 ) ) ;
#8710 = DIRECTION ( 'NONE',  ( -1.000000000000000000, 0.0000000000000000000, 0.0000000000000000000 ) ) ;
#8711 = CYLINDRICAL_SURFACE ( 'NONE', #4935, 1.250000000000000000 ) ;
#8712 = DIRECTION ( 'NONE',  ( 1.000000000000000000, -0.0000000000000000000, 0.0000000000000000000 ) ) ;
#8713 =( BOUNDED_CURVE ( )  B_SPLINE_CURVE ( 3, ( #2246, #1339, #9674, #6791 ),
 .UNSPECIFIED., .F., .T. ) 
 B_SPLINE_CURVE_WITH_KNOTS ( ( 4, 4 ),
 ( 4.712388980384689674, 6.283185307179586232 ),
 .UNSPECIFIED. ) 
 CURVE ( )  GEOMETRIC_REPRESENTATION_ITEM ( )  RATIONAL_B_SPLINE_CURVE ( ( 1.000000000000000000, 0.8047378541243649375, 0.8047378541243649375, 1.000000000000000000 ) ) 
 REPRESENTATION_ITEM ( '' )  );
#8714 = ORIENTED_EDGE ( 'NONE', *, *, #9208, .T. ) ;
#8715 = AXIS2_PLACEMENT_3D ( 'NONE', #11560, #10768, #3151 ) ;
#8716 = DIRECTION ( 'NONE',  ( 0.0000000000000000000, 1.000000000000000000, 0.0000000000000000000 ) ) ;
#8717 = CARTESIAN_POINT ( 'NONE',  ( -4.469999999999999751, 7.299999999999999822, -1.605000000000000648 ) ) ;
#8718 = DIRECTION ( 'NONE',  ( 1.000000000000000000, 0.0000000000000000000, -0.0000000000000000000 ) ) ;
#8719 = EDGE_CURVE ( 'NONE', #8600, #4520, #9030, .T. ) ;
#8720 = EDGE_CURVE ( 'NONE', #6042, #3702, #4417, .T. ) ;
#8721 = CARTESIAN_POINT ( 'NONE',  ( 0.1500000000000000222, 5.787332622142050909, 0.3750000000000000000 ) ) ;
#8722 = DIRECTION ( 'NONE',  ( 0.0000000000000000000, 0.0000000000000000000, 1.000000000000000000 ) ) ;
#8723 = VECTOR ( 'NONE', #4738, 1000.000000000000000 ) ;
#8724 = DIRECTION ( 'NONE',  ( 3.942553354511060881E-16, 1.000000000000000000, 0.0000000000000000000 ) ) ;
#8725 = DIRECTION ( 'NONE',  ( 1.000000000000000000, 0.0000000000000000000, -3.367087492191007655E-17 ) ) ;
#8726 = ORIENTED_EDGE ( 'NONE', *, *, #81, .T. ) ;
#8727 = DIRECTION ( 'NONE',  ( 0.0000000000000000000, -0.0000000000000000000, -1.000000000000000000 ) ) ;
#8728 = ORIENTED_EDGE ( 'NONE', *, *, #3174, .F. ) ;
#8729 = LINE ( 'NONE', #9718, #5589 ) ;
#8730 = CARTESIAN_POINT ( 'NONE',  ( 2.949999999999999734, -0.5999999999999993117, 1.304999999999999494 ) ) ;
#8731 = CIRCLE ( 'NONE', #5944, 0.2500000000000002220 ) ;
#8732 = VECTOR ( 'NONE', #319, 1000.000000000000000 ) ;
#8733 = ADVANCED_FACE ( 'NONE', ( #10814 ), #2299, .F. ) ;
#8734 = ORIENTED_EDGE ( 'NONE', *, *, #1000, .F. ) ;
#8735 = CARTESIAN_POINT ( 'NONE',  ( -1.050446608846517860, 1.999999999999999556, 1.304999999999999716 ) ) ;
#8736 = EDGE_CURVE ( 'NONE', #145, #4083, #1433, .T. ) ;
#8737 = CARTESIAN_POINT ( 'NONE',  ( 1.750000000000000222, 6.599999999999999645, -0.1000000000000000056 ) ) ;
#8738 = CARTESIAN_POINT ( 'NONE',  ( 0.6500000000000001332, 5.787332622142047356, -0.3750000000000000000 ) ) ;
#8739 = ORIENTED_EDGE ( 'NONE', *, *, #12060, .F. ) ;
#8740 = MECHANICAL_DESIGN_GEOMETRIC_PRESENTATION_REPRESENTATION (  '', ( #5553 ), #10328 ) ;
#8741 = DIRECTION ( 'NONE',  ( 0.0000000000000000000, 1.000000000000000000, 0.0000000000000000000 ) ) ;
#8742 = ORIENTED_EDGE ( 'NONE', *, *, #12060, .T. ) ;
#8743 = ORIENTED_EDGE ( 'NONE', *, *, #5145, .T. ) ;
#8744 = ORIENTED_EDGE ( 'NONE', *, *, #11012, .F. ) ;
#8745 = EDGE_CURVE ( 'NONE', #7793, #3984, #9891, .T. ) ;
#8746 = CARTESIAN_POINT ( 'NONE',  ( 1.850000000000000089, 5.787332622142036698, -0.3750000000000000000 ) ) ;
#8747 = VECTOR ( 'NONE', #8631, 1000.000000000000000 ) ;
#8748 = CARTESIAN_POINT ( 'NONE',  ( 4.169999999999999929, 0.1000000000000000194, -0.3549999999999997047 ) ) ;
#8749 = CARTESIAN_POINT ( 'NONE',  ( 2.949999999999999734, 0.4000000000000004663, 1.604999999999999760 ) ) ;
#8750 = ORIENTED_EDGE ( 'NONE', *, *, #3318, .T. ) ;
#8751 = CARTESIAN_POINT ( 'NONE',  ( -1.099999999999999867, -0.5999999999999995337, 1.304999999999999494 ) ) ;
#8752 = ORIENTED_EDGE ( 'NONE', *, *, #1264, .F. ) ;
#8753 = CARTESIAN_POINT ( 'NONE',  ( 3.549999999999999822, 0.0000000000000000000, 1.304999999999999494 ) ) ;
#8754 = DIRECTION ( 'NONE',  ( 0.0000000000000000000, -1.000000000000000000, 0.0000000000000000000 ) ) ;
#8755 = VECTOR ( 'NONE', #1861, 1000.000000000000000 ) ;
#8756 = VERTEX_POINT ( 'NONE', #10940 ) ;
#8757 = VERTEX_POINT ( 'NONE', #6946 ) ;
#8758 = EDGE_CURVE ( 'NONE', #3325, #6988, #9391, .T. ) ;
#8759 = DIRECTION ( 'NONE',  ( -0.0000000000000000000, -1.000000000000000000, -0.0000000000000000000 ) ) ;
#8760 = ADVANCED_FACE ( 'NONE', ( #1490 ), #5282, .F. ) ;
#8761 = CARTESIAN_POINT ( 'NONE',  ( -0.09999999999999971412, 0.4000000000000003553, 1.604999999999999760 ) ) ;
#8762 = ORIENTED_EDGE ( 'NONE', *, *, #7302, .F. ) ;
#8763 = AXIS2_PLACEMENT_3D ( 'NONE', #2399, #5260, #9080 ) ;
#8764 = FILL_AREA_STYLE_COLOUR ( '', #1304 ) ;
#8765 = CARTESIAN_POINT ( 'NONE',  ( -0.09999999999999971412, -0.5999999999999995337, 1.304999999999999494 ) ) ;
#8766 =( NAMED_UNIT ( * ) SI_UNIT ( $, .STERADIAN. ) SOLID_ANGLE_UNIT ( ) );
#8767 = DIRECTION ( 'NONE',  ( 0.0000000000000000000, 0.0000000000000000000, -1.000000000000000000 ) ) ;
#8768 = CIRCLE ( 'NONE', #3378, 0.1000000000000002554 ) ;
#8769 = DIRECTION ( 'NONE',  ( -0.0000000000000000000, -0.0000000000000000000, -1.000000000000000000 ) ) ;
#8770 = FACE_OUTER_BOUND ( 'NONE', #5646, .T. ) ;
#8771 = ORIENTED_EDGE ( 'NONE', *, *, #3703, .T. ) ;
#8772 = VERTEX_POINT ( 'NONE', #9217 ) ;
#8773 = DIRECTION ( 'NONE',  ( 1.000000000000000000, 0.0000000000000000000, 0.0000000000000000000 ) ) ;
#8774 = CARTESIAN_POINT ( 'NONE',  ( 4.169999999999999929, 1.391421356237309226, 0.3549999999999994271 ) ) ;
#8775 = ORIENTED_EDGE ( 'NONE', *, *, #5819, .T. ) ;
#8776 = PRESENTATION_STYLE_ASSIGNMENT (( #6775 ) ) ;
#8777 = LINE ( 'NONE', #1129, #11619 ) ;
#8778 = DIRECTION ( 'NONE',  ( -1.000000000000000000, -0.0000000000000000000, 0.0000000000000000000 ) ) ;
#8779 = CARTESIAN_POINT ( 'NONE',  ( 4.469999999999999751, 5.225000000000000533, 0.1250000000000000000 ) ) ;
#8780 = CIRCLE ( 'NONE', #4212, 0.1000000000000002554 ) ;
#8781 = CARTESIAN_POINT ( 'NONE',  ( 2.949999999999999734, 0.0000000000000000000, 1.304999999999999494 ) ) ;
#8782 = VERTEX_POINT ( 'NONE', #3457 ) ;
#8783 = DIRECTION ( 'NONE',  ( 0.0000000000000000000, 0.0000000000000000000, -1.000000000000000000 ) ) ;
#8784 = ORIENTED_EDGE ( 'NONE', *, *, #11073, .F. ) ;
#8785 = AXIS2_PLACEMENT_3D ( 'NONE', #10915, #3245, #2395 ) ;
#8786 = LINE ( 'NONE', #1198, #1633 ) ;
#8787 = PLANE ( 'NONE',  #9323 ) ;
#8788 = ADVANCED_FACE ( 'NONE', ( #2715 ), #6343, .T. ) ;
#8789 = ORIENTED_EDGE ( 'NONE', *, *, #10909, .T. ) ;
#8790 = CARTESIAN_POINT ( 'NONE',  ( -4.169999999999999929, 0.1000000000000000194, 1.504999999999999449 ) ) ;
#8791 = LINE ( 'NONE', #7916, #10562 ) ;
#8792 = AXIS2_PLACEMENT_3D ( 'NONE', #10777, #6126, #3156 ) ;
#8793 = CARTESIAN_POINT ( 'NONE',  ( -1.969999999999999973, 0.8914213562373094479, 1.346421356237309075 ) ) ;
#8794 = CARTESIAN_POINT ( 'NONE',  ( -1.500000000000000000, 5.787332622142050909, 0.3750000000000000000 ) ) ;
#8795 = FILL_AREA_STYLE_COLOUR ( '', #9205 ) ;
#8796 = DIRECTION ( 'NONE',  ( 0.0000000000000000000, 0.0000000000000000000, 1.000000000000000000 ) ) ;
#8797 = ORIENTED_EDGE ( 'NONE', *, *, #3860, .F. ) ;
#8798 = VECTOR ( 'NONE', #10961, 1000.000000000000000 ) ;
#8799 = VERTEX_POINT ( 'NONE', #10324 ) ;
#8800 = FACE_OUTER_BOUND ( 'NONE', #5602, .T. ) ;
#8801 = ORIENTED_EDGE ( 'NONE', *, *, #1546, .F. ) ;
#8802 = VERTEX_POINT ( 'NONE', #3649 ) ;
#8803 = AXIS2_PLACEMENT_3D ( 'NONE', #6114, #2480, #505 ) ;
#8804 = EDGE_CURVE ( 'NONE', #6677, #6143, #8780, .T. ) ;
#8805 = PLANE ( 'NONE',  #7373 ) ;
#8806 = CARTESIAN_POINT ( 'NONE',  ( -4.169999999999999929, 1.958578643762690641, 0.9114971157455596940 ) ) ;
#8807 = DIRECTION ( 'NONE',  ( 1.000000000000000000, -0.0000000000000000000, -0.0000000000000000000 ) ) ;
#8808 = ORIENTED_EDGE ( 'NONE', *, *, #1820, .F. ) ;
#8809 = DIRECTION ( 'NONE',  ( 0.0000000000000000000, 0.0000000000000000000, -1.000000000000000000 ) ) ;
#8810 = LINE ( 'NONE', #3949, #11596 ) ;
#8811 = LINE ( 'NONE', #7635, #6236 ) ;
#8812 = EDGE_CURVE ( 'NONE', #11755, #6677, #834, .T. ) ;
#8813 = VERTEX_POINT ( 'NONE', #1798 ) ;
#8814 = FACE_OUTER_BOUND ( 'NONE', #10236, .T. ) ;
#8815 = CARTESIAN_POINT ( 'NONE',  ( 2.949999999999999734, 0.4000000000000005218, 1.604999999999999760 ) ) ;
#8816 = DIRECTION ( 'NONE',  ( -1.000000000000000000, 0.0000000000000000000, 0.0000000000000000000 ) ) ;
#8817 = DIRECTION ( 'NONE',  ( 1.000000000000000000, -0.0000000000000000000, 0.0000000000000000000 ) ) ;
#8818 = VERTEX_POINT ( 'NONE', #4549 ) ;
#8819 = ADVANCED_FACE ( 'NONE', ( #5464 ), #2531, .T. ) ;
#8820 = EDGE_CURVE ( 'NONE', #3828, #6858, #8454, .T. ) ;
#8821 = ORIENTED_EDGE ( 'NONE', *, *, #9617, .F. ) ;
#8822 = ORIENTED_EDGE ( 'NONE', *, *, #2503, .T. ) ;
#8823 = DIRECTION ( 'NONE',  ( 0.0000000000000000000, 0.0000000000000000000, -1.000000000000000000 ) ) ;
#8824 = CARTESIAN_POINT ( 'NONE',  ( -2.750000000000000888, 0.4000000000000005218, 1.304999999999999494 ) ) ;
#8825 = ORIENTED_EDGE ( 'NONE', *, *, #10141, .T. ) ;
#8826 = CARTESIAN_POINT ( 'NONE',  ( 2.150446608846517726, 1.900000000000001021, 1.604999999999999982 ) ) ;
#8827 = EDGE_CURVE ( 'NONE', #8757, #8772, #2656, .T. ) ;
#8828 = VECTOR ( 'NONE', #3502, 1000.000000000000000 ) ;
#8829 = DIRECTION ( 'NONE',  ( -1.244625060509296168E-16, -1.000000000000000000, 0.0000000000000000000 ) ) ;
#8830 = DIRECTION ( 'NONE',  ( 1.000000000000000000, 0.0000000000000000000, -0.0000000000000000000 ) ) ;
#8831 = CARTESIAN_POINT ( 'NONE',  ( 2.069999999999999840, 1.449999999999999956, 1.405000000000000027 ) ) ;
#8832 = ORIENTED_EDGE ( 'NONE', *, *, #5701, .F. ) ;
#8833 = EDGE_CURVE ( 'NONE', #2119, #8007, #1740, .T. ) ;
#8834 = CARTESIAN_POINT ( 'NONE',  ( 1.050446608846517860, 2.499999999999999556, 2.595000000000000195 ) ) ;
#8835 = LINE ( 'NONE', #3133, #6127 ) ;
#8836 = CARTESIAN_POINT ( 'NONE',  ( -4.069999999999999396, 0.0000000000000000000, -0.3550000000000007039 ) ) ;
#8837 = CIRCLE ( 'NONE', #12004, 0.1000000000000002554 ) ;
#8838 = VECTOR ( 'NONE', #9567, 1000.000000000000000 ) ;
#8839 = CARTESIAN_POINT ( 'NONE',  ( 2.149999999999999911, 5.787332622142036698, 0.3750000000000000000 ) ) ;
#8840 = ORIENTED_EDGE ( 'NONE', *, *, #9877, .T. ) ;
#8841 = PLANE ( 'NONE',  #5012 ) ;
#8842 = FILL_AREA_STYLE_COLOUR ( '', #5651 ) ;
#8843 = DIRECTION ( 'NONE',  ( 0.0000000000000000000, -1.000000000000000000, -0.0000000000000000000 ) ) ;
#8844 = FACE_OUTER_BOUND ( 'NONE', #8169, .T. ) ;
#8845 = LINE ( 'NONE', #5097, #9061 ) ;
#8846 = CARTESIAN_POINT ( 'NONE',  ( 3.040000000000000480, 1.249999999999999778, 1.604999999999999760 ) ) ;
#8847 = ORIENTED_EDGE ( 'NONE', *, *, #2121, .T. ) ;
#8848 = ORIENTED_EDGE ( 'NONE', *, *, #12275, .T. ) ;
#8849 = VECTOR ( 'NONE', #8898, 1000.000000000000000 ) ;
#8850 = DIRECTION ( 'NONE',  ( 0.0000000000000000000, 0.0000000000000000000, 1.000000000000000000 ) ) ;
#8851 = AXIS2_PLACEMENT_3D ( 'NONE', #8014, #3258, #11787 ) ;
#8852 = VECTOR ( 'NONE', #500, 1000.000000000000000 ) ;
#8853 = CARTESIAN_POINT ( 'NONE',  ( 2.750000000000000888, 0.1000000000000000056, 1.504999999999999449 ) ) ;
#8854 =( BOUNDED_SURFACE ( )  B_SPLINE_SURFACE ( 3, 3, ( 
 ( #5164, #2239, #6049, #379 ),
 ( #4181, #11750, #6231, #10827 ),
 ( #6118, #9903, #567, #8981 ),
 ( #10021, #2604, #1686, #7219 ) ),
 .UNSPECIFIED., .F., .F., .T. ) 
 B_SPLINE_SURFACE_WITH_KNOTS ( ( 4, 4 ),
 ( 4, 4 ),
 ( 0.0000000000000000000, 1.000000000000000000 ),
 ( 0.0000000000000000000, 1.000000000000000000 ),
 .UNSPECIFIED. ) 
 GEOMETRIC_REPRESENTATION_ITEM ( )  RATIONAL_B_SPLINE_SURFACE ( (
 ( 1.000000000000000000, 0.8047378541243649375, 0.8047378541243649375, 1.000000000000000000),
 ( 0.8047378541243628280, 0.6476030138606859721, 0.6476030138606859721, 0.8047378541243628280),
 ( 0.8047378541243628280, 0.6476030138606859721, 0.6476030138606859721, 0.8047378541243628280),
 ( 1.000000000000000000, 0.8047378541243649375, 0.8047378541243649375, 1.000000000000000000) ) ) 
 REPRESENTATION_ITEM ( '' )  SURFACE ( )  );
#8855 = EDGE_LOOP ( 'NONE', ( #1855, #9480, #7225, #1279 ) ) ;
#8856 = AXIS2_PLACEMENT_3D ( 'NONE', #8030, #8975, #437 ) ;
#8857 = CARTESIAN_POINT ( 'NONE',  ( 2.150000000000000355, 0.0000000000000000000, -0.3550000000000007039 ) ) ;
#8858 = CARTESIAN_POINT ( 'NONE',  ( 1.969999999999999973, 1.249999999999999778, 10.05355608965224157 ) ) ;
#8859 = CIRCLE ( 'NONE', #5870, 0.1000000000000000472 ) ;
#8860 = CARTESIAN_POINT ( 'NONE',  ( 3.219999999999999751, 3.449999999999999734, 0.3549999999999994271 ) ) ;
#8861 = CARTESIAN_POINT ( 'NONE',  ( 2.949999999999999734, -0.5999999999999993117, 1.304999999999999494 ) ) ;
#8862 = CARTESIAN_POINT ( 'NONE',  ( 0.0000000000000000000, -0.5999999999999993117, 1.304999999999999494 ) ) ;
#8863 = EDGE_CURVE ( 'NONE', #11860, #6164, #2593, .T. ) ;
#8864 = CARTESIAN_POINT ( 'NONE',  ( -4.469999999999999751, 1.900000000000001465, 1.604999999999999760 ) ) ;
#8865 = DIRECTION ( 'NONE',  ( 0.7071067813875193675, 8.659560564816128346E-17, -0.7071067809855756670 ) ) ;
#8866 = LINE ( 'NONE', #147, #6182 ) ;
#8867 = EDGE_LOOP ( 'NONE', ( #1543, #11160, #5795, #3060 ) ) ;
#8868 = VERTEX_POINT ( 'NONE', #4602 ) ;
#8869 = COLOUR_RGB ( '',0.9686274509803921573, 0.8784313725490195957, 0.5999999999999999778 ) ;
#8870 = ORIENTED_EDGE ( 'NONE', *, *, #2717, .F. ) ;
#8871 = CARTESIAN_POINT ( 'NONE',  ( -1.899999999999999689, 0.4000000000000002998, 1.604999999999999760 ) ) ;
#8872 = CARTESIAN_POINT ( 'NONE',  ( -4.169999999999999929, 1.899999999999999911, 0.3550000000000002598 ) ) ;
#8873 = CARTESIAN_POINT ( 'NONE',  ( -4.469999999999999751, 1.999999999999999556, 1.505000000000000338 ) ) ;
#8874 = CARTESIAN_POINT ( 'NONE',  ( -1.869999999999999885, 0.8500000000000000888, 1.405000000000000027 ) ) ;
#8875 = ORIENTED_EDGE ( 'NONE', *, *, #8507, .T. ) ;
#8876 = AXIS2_PLACEMENT_3D ( 'NONE', #11456, #3155, #11760 ) ;
#8877 = ADVANCED_FACE ( 'NONE', ( #7516 ), #898, .F. ) ;
#8878 = ADVANCED_FACE ( 'NONE', ( #4018 ), #12300, .T. ) ;
#8879 = PLANE ( 'NONE',  #2297 ) ;
#8880 = PLANE ( 'NONE',  #5637 ) ;
#8881 = DIRECTION ( 'NONE',  ( -1.000000000000000000, -0.0000000000000000000, 0.0000000000000000000 ) ) ;
#8882 = EDGE_LOOP ( 'NONE', ( #10600, #424, #8808 ) ) ;
#8883 = DIRECTION ( 'NONE',  ( -1.000000000000000000, -0.0000000000000000000, -0.0000000000000000000 ) ) ;
#8884 = CARTESIAN_POINT ( 'NONE',  ( -4.169999999999999929, 1.899999999999999911, -0.3550000000000003153 ) ) ;
#8885 = ORIENTED_EDGE ( 'NONE', *, *, #6725, .F. ) ;
#8886 = VERTEX_POINT ( 'NONE', #3064 ) ;
#8887 = PLANE ( 'NONE',  #2396 ) ;
#8888 = EDGE_CURVE ( 'NONE', #7343, #11755, #1917, .T. ) ;
#8889 = ORIENTED_EDGE ( 'NONE', *, *, #1205, .F. ) ;
#8890 = CARTESIAN_POINT ( 'NONE',  ( 3.717918471982870621, 2.000000000000000000, -1.205000000000000959 ) ) ;
#8891 = DIRECTION ( 'NONE',  ( 1.000000000000000000, 0.0000000000000000000, 0.0000000000000000000 ) ) ;
#8892 = ORIENTED_EDGE ( 'NONE', *, *, #4646, .T. ) ;
#8893 = EDGE_CURVE ( 'NONE', #12026, #2453, #5188, .T. ) ;
#8894 = EDGE_CURVE ( 'NONE', #11049, #6463, #9755, .T. ) ;
#8895 = EDGE_CURVE ( 'NONE', #8104, #6461, #2155, .T. ) ;
#8896 = CARTESIAN_POINT ( 'NONE',  ( 0.8499999999999998668, 2.302902790585051207, 0.3750000000000000000 ) ) ;
#8897 = VECTOR ( 'NONE', #4579, 1000.000000000000000 ) ;
#8898 = DIRECTION ( 'NONE',  ( -1.000000000000000000, -0.0000000000000000000, 0.0000000000000000000 ) ) ;
#8899 = PLANE ( 'NONE',  #602 ) ;
#8900 = CARTESIAN_POINT ( 'NONE',  ( 1.969999999999999973, 5.225000000000000533, 0.0000000000000000000 ) ) ;
#8901 = ORIENTED_EDGE ( 'NONE', *, *, #5300, .F. ) ;
#8902 = EDGE_CURVE ( 'NONE', #100, #5877, #9972, .T. ) ;
#8903 = DIRECTION ( 'NONE',  ( 0.0000000000000000000, 1.000000000000000000, -0.0000000000000000000 ) ) ;
#8904 = VERTEX_POINT ( 'NONE', #998 ) ;
#8905 = DIRECTION ( 'NONE',  ( 1.244625060509296168E-16, 1.000000000000000000, 0.0000000000000000000 ) ) ;
#8906 = EDGE_CURVE ( 'NONE', #10965, #5389, #7328, .T. ) ;
#8907 = DIRECTION ( 'NONE',  ( -0.0000000000000000000, 0.0000000000000000000, 1.000000000000000000 ) ) ;
#8908 = ORIENTED_EDGE ( 'NONE', *, *, #11901, .T. ) ;
#8909 = CARTESIAN_POINT ( 'NONE',  ( -1.869999999999999885, 2.000000000000000000, 1.304999999999999716 ) ) ;
#8910 = FILL_AREA_STYLE ('',( #6840 ) ) ;
#8911 = CARTESIAN_POINT ( 'NONE',  ( -4.169999999999999929, 0.0000000000000000000, 2.595000000000000195 ) ) ;
#8912 = LINE ( 'NONE', #9714, #3081 ) ;
#8913 = CARTESIAN_POINT ( 'NONE',  ( 1.500000000000000000, 5.787332622142040250, -0.3750000000000000000 ) ) ;
#8914 = ORIENTED_EDGE ( 'NONE', *, *, #8804, .T. ) ;
#8915 = PLANE ( 'NONE',  #431 ) ;
#8916 = ORIENTED_EDGE ( 'NONE', *, *, #11388, .F. ) ;
#8917 =( NAMED_UNIT ( * ) PLANE_ANGLE_UNIT ( ) SI_UNIT ( $, .RADIAN. ) );
#8918 = EDGE_CURVE ( 'NONE', #10192, #1090, #9183, .T. ) ;
#8919 = VECTOR ( 'NONE', #6648, 1000.000000000000000 ) ;
#8920 = DIRECTION ( 'NONE',  ( 0.0000000000000000000, 1.000000000000000000, 0.0000000000000000000 ) ) ;
#8921 = ORIENTED_EDGE ( 'NONE', *, *, #7592, .T. ) ;
#8922 = DIRECTION ( 'NONE',  ( 0.0000000000000000000, 0.0000000000000000000, 1.000000000000000000 ) ) ;
#8923 = CARTESIAN_POINT ( 'NONE',  ( 2.949999999999999289, 0.4000000000000003553, 1.604999999999999760 ) ) ;
#8924 = PLANE ( 'NONE',  #6670 ) ;
#8925 = DIRECTION ( 'NONE',  ( -1.000000000000000000, 0.0000000000000000000, -0.0000000000000000000 ) ) ;
#8926 = DIRECTION ( 'NONE',  ( -0.0000000000000000000, -0.0000000000000000000, -1.000000000000000000 ) ) ;
#8927 = EDGE_LOOP ( 'NONE', ( #9228, #4612, #9013, #3181 ) ) ;
#8928 = PLANE ( 'NONE',  #11789 ) ;
#8929 = VERTEX_POINT ( 'NONE', #7700 ) ;
#8930 = CYLINDRICAL_SURFACE ( 'NONE', #803, 0.1499999999999999667 ) ;
#8931 = AXIS2_PLACEMENT_3D ( 'NONE', #4301, #5146, #10125 ) ;
#8932 = EDGE_LOOP ( 'NONE', ( #799, #5303, #7218, #8107 ) ) ;
#8933 = ORIENTED_EDGE ( 'NONE', *, *, #9529, .T. ) ;
#8934 =( BOUNDED_SURFACE ( )  B_SPLINE_SURFACE ( 3, 3, ( 
 ( #1979, #7710, #11492, #1125 ),
 ( #5785, #4907, #9708, #1186 ),
 ( #3017, #9833, #3198, #6172 ),
 ( #4419, #10070, #11868, #8207 ) ),
 .UNSPECIFIED., .F., .F., .T. ) 
 B_SPLINE_SURFACE_WITH_KNOTS ( ( 4, 4 ),
 ( 4, 4 ),
 ( 0.0000000000000000000, 1.000000000000000000 ),
 ( 0.0000000000000000000, 1.000000000000000000 ),
 .UNSPECIFIED. ) 
 GEOMETRIC_REPRESENTATION_ITEM ( )  RATIONAL_B_SPLINE_SURFACE ( (
 ( 1.000000000000000000, 0.8047378541243643824, 0.8047378541243643824, 1.000000000000000000),
 ( 0.8047378541243644934, 0.6476030138606868602, 0.6476030138606868602, 0.8047378541243644934),
 ( 0.8047378541243644934, 0.6476030138606868602, 0.6476030138606868602, 0.8047378541243644934),
 ( 1.000000000000000000, 0.8047378541243643824, 0.8047378541243643824, 1.000000000000000000) ) ) 
 REPRESENTATION_ITEM ( '' )  SURFACE ( )  );
#8935 = ORIENTED_EDGE ( 'NONE', *, *, #3921, .F. ) ;
#8936 = LINE ( 'NONE', #5051, #10361 ) ;
#8937 = LINE ( 'NONE', #1281, #10969 ) ;
#8938 = DIRECTION ( 'NONE',  ( 1.000000000000000000, 0.0000000000000000000, 0.0000000000000000000 ) ) ;
#8939 = ORIENTED_EDGE ( 'NONE', *, *, #3380, .T. ) ;
#8940 = CARTESIAN_POINT ( 'NONE',  ( 3.549999999999999822, -0.5999999999999993117, 1.304999999999999494 ) ) ;
#8941 = AXIS2_PLACEMENT_3D ( 'NONE', #9779, #10823, #5031 ) ;
#8942 = CARTESIAN_POINT ( 'NONE',  ( 2.011421356237309332, 1.249999999999999334, 1.604999999999998650 ) ) ;
#8943 = CARTESIAN_POINT ( 'NONE',  ( -4.469999999999999751, 1.899999999999999689, -1.605000000000000648 ) ) ;
#8944 = ORIENTED_EDGE ( 'NONE', *, *, #2488, .T. ) ;
#8945 = PLANE ( 'NONE',  #10129 ) ;
#8946 = ORIENTED_EDGE ( 'NONE', *, *, #1036, .T. ) ;
#8947 = ORIENTED_EDGE ( 'NONE', *, *, #3629, .F. ) ;
#8948 = VECTOR ( 'NONE', #3592, 1000.000000000000000 ) ;
#8949 = EDGE_CURVE ( 'NONE', #9494, #11493, #167, .T. ) ;
#8950 = EDGE_CURVE ( 'NONE', #3694, #11022, #6778, .T. ) ;
#8951 = DIRECTION ( 'NONE',  ( 0.7071067811865421326, 0.0000000000000000000, 0.7071067811865530128 ) ) ;
#8952 = ORIENTED_EDGE ( 'NONE', *, *, #2740, .T. ) ;
#8953 = LINE ( 'NONE', #3120, #10159 ) ;
#8954 = ORIENTED_EDGE ( 'NONE', *, *, #9949, .F. ) ;
#8955 = DIRECTION ( 'NONE',  ( -0.0000000000000000000, -0.0000000000000000000, 1.000000000000000000 ) ) ;
#8956 = FILL_AREA_STYLE_COLOUR ( '', #4036 ) ;
#8957 = VECTOR ( 'NONE', #5439, 1000.000000000000000 ) ;
#8958 = LINE ( 'NONE', #8016, #7241 ) ;
#8959 = CARTESIAN_POINT ( 'NONE',  ( -4.128578643762689460, 1.249999999999999556, 1.604999999999999094 ) ) ;
#8960 = FACE_OUTER_BOUND ( 'NONE', #6496, .T. ) ;
#8961 = CARTESIAN_POINT ( 'NONE',  ( 2.149999999999999911, 5.787332622142036698, 0.3750000000000000000 ) ) ;
#8962 = VERTEX_POINT ( 'NONE', #8701 ) ;
#8963 = ORIENTED_EDGE ( 'NONE', *, *, #3729, .F. ) ;
#8964 = CARTESIAN_POINT ( 'NONE',  ( 1.599999999999999867, 0.4000000000000003553, 1.604999999999999760 ) ) ;
#8965 = EDGE_CURVE ( 'NONE', #4791, #9689, #3957, .T. ) ;
#8966 = EDGE_CURVE ( 'NONE', #8998, #5643, #11533, .T. ) ;
#8967 = EDGE_CURVE ( 'NONE', #7392, #10842, #9875, .T. ) ;
#8968 = VECTOR ( 'NONE', #9998, 1000.000000000000000 ) ;
#8969 = CARTESIAN_POINT ( 'NONE',  ( -3.249999999999998668, 6.500000000000000888, 0.3499999999999999223 ) ) ;
#8970 = CARTESIAN_POINT ( 'NONE',  ( -4.469999999999999751, 2.599999999999999201, -1.605000000000000648 ) ) ;
#8971 = ORIENTED_EDGE ( 'NONE', *, *, #7, .T. ) ;
#8972 = LINE ( 'NONE', #3020, #3200 ) ;
#8973 = VECTOR ( 'NONE', #5206, 1000.000000000000000 ) ;
#8974 = VERTEX_POINT ( 'NONE', #10801 ) ;
#8975 = DIRECTION ( 'NONE',  ( -0.0000000000000000000, -1.000000000000000000, -0.0000000000000000000 ) ) ;
#8976 = SURFACE_STYLE_USAGE ( .BOTH. , #5159 ) ;
#8977 = DIRECTION ( 'NONE',  ( -0.0000000000000000000, -0.0000000000000000000, -1.000000000000000000 ) ) ;
#8978 = ADVANCED_FACE ( 'NONE', ( #4286 ), #4221, .T. ) ;
#8979 = VECTOR ( 'NONE', #4849, 1000.000000000000000 ) ;
#8980 = VERTEX_POINT ( 'NONE', #286 ) ;
#8981 = CARTESIAN_POINT ( 'NONE',  ( -3.220000000000000195, 0.04142135623730912319, -1.305000000000001492 ) ) ;
#8982 = ORIENTED_EDGE ( 'NONE', *, *, #225, .F. ) ;
#8983 = CARTESIAN_POINT ( 'NONE',  ( 2.011421356237309332, 0.8671572875253809043, 1.604999999999999316 ) ) ;
#8984 = EDGE_CURVE ( 'NONE', #3674, #4705, #6093, .T. ) ;
#8985 = AXIS2_PLACEMENT_3D ( 'NONE', #2940, #6750, #4011 ) ;
#8986 = ADVANCED_FACE ( 'NONE', ( #7130 ), #1365, .T. ) ;
#8987 = CARTESIAN_POINT ( 'NONE',  ( -2.150000000000000355, 0.4000000000000005218, 1.304999999999999494 ) ) ;
#8988 = EDGE_LOOP ( 'NONE', ( #1495, #433, #7019, #5261 ) ) ;
#8989 = LINE ( 'NONE', #11083, #9477 ) ;
#8990 = VECTOR ( 'NONE', #498, 1000.000000000000000 ) ;
#8991 = CARTESIAN_POINT ( 'NONE',  ( 2.150446608846515062, 7.299999999999999822, 1.604999999999999760 ) ) ;
#8992 = CARTESIAN_POINT ( 'NONE',  ( -4.169999999999999929, 1.426178466860147376, 0.4647766502828886703 ) ) ;
#8993 =( LENGTH_UNIT ( ) NAMED_UNIT ( * ) SI_UNIT ( .MILLI., .METRE. ) );
#8994 = LINE ( 'NONE', #6914, #9859 ) ;
#8995 = EDGE_CURVE ( 'NONE', #9613, #9398, #4087, .T. ) ;
#8996 = ORIENTED_EDGE ( 'NONE', *, *, #4185, .F. ) ;
#8997 = CARTESIAN_POINT ( 'NONE',  ( -1.650000000000000133, 5.787332622142050909, -0.3750000000000000000 ) ) ;
#8998 = VERTEX_POINT ( 'NONE', #11719 ) ;
#8999 = VECTOR ( 'NONE', #10058, 1000.000000000000000 ) ;
#9000 = EDGE_LOOP ( 'NONE', ( #10898, #2698, #10304, #10544 ) ) ;
#9001 = EDGE_CURVE ( 'NONE', #2532, #320, #8953, .T. ) ;
#9002 = ORIENTED_EDGE ( 'NONE', *, *, #8533, .F. ) ;
#9003 = CARTESIAN_POINT ( 'NONE',  ( 2.069999999999999840, 1.349999999999999867, 1.504999999999999449 ) ) ;
#9004 = ORIENTED_EDGE ( 'NONE', *, *, #8656, .F. ) ;
#9005 = DIRECTION ( 'NONE',  ( -0.0000000000000000000, -1.000000000000000000, -0.0000000000000000000 ) ) ;
#9006 = VECTOR ( 'NONE', #6375, 1000.000000000000000 ) ;
#9007 = CARTESIAN_POINT ( 'NONE',  ( 1.969999999999999973, 1.249999999999999778, 1.504999999999999227 ) ) ;
#9008 = CARTESIAN_POINT ( 'NONE',  ( 0.5999999999999998668, 0.1000000000000001305, 1.604999999999999760 ) ) ;
#9009 = CARTESIAN_POINT ( 'NONE',  ( 2.150000000000000355, -0.5999999999999993117, 1.304999999999999494 ) ) ;
#9010 = FACE_OUTER_BOUND ( 'NONE', #5338, .T. ) ;
#9011 =( BOUNDED_CURVE ( )  B_SPLINE_CURVE ( 3, ( #11816, #3291, #10892, #2375 ),
 .UNSPECIFIED., .F., .T. ) 
 B_SPLINE_CURVE_WITH_KNOTS ( ( 4, 4 ),
 ( 0.0000000000000000000, 1.000000000000000000 ),
 .UNSPECIFIED. ) 
 CURVE ( )  GEOMETRIC_REPRESENTATION_ITEM ( )  RATIONAL_B_SPLINE_CURVE ( ( 1.000000000000000000, 0.8047378541243649375, 0.8047378541243649375, 1.000000000000000000 ) ) 
 REPRESENTATION_ITEM ( '' )  );
#9012 = CARTESIAN_POINT ( 'NONE',  ( 4.169999999999999929, 4.599999999999999645, 2.595000000000000195 ) ) ;
#9013 = ORIENTED_EDGE ( 'NONE', *, *, #203, .T. ) ;
#9014 = EDGE_LOOP ( 'NONE', ( #5441, #3031, #1155, #12266, #2068 ) ) ;
#9015 = VECTOR ( 'NONE', #11741, 1000.000000000000000 ) ;
#9016 = DIRECTION ( 'NONE',  ( -1.000000000000000000, 0.0000000000000000000, 0.0000000000000000000 ) ) ;
#9017 = VERTEX_POINT ( 'NONE', #3184 ) ;
#9018 = CARTESIAN_POINT ( 'NONE',  ( 4.069999999999999396, 2.000000000000000000, -0.3549999999999998157 ) ) ;
#9019 = VERTEX_POINT ( 'NONE', #354 ) ;
#9020 = CARTESIAN_POINT ( 'NONE',  ( 4.469999999999999751, 0.0000000000000000000, 2.295000000000000817 ) ) ;
#9021 = FACE_OUTER_BOUND ( 'NONE', #9176, .T. ) ;
#9022 = ADVANCED_FACE ( 'NONE', ( #10986 ), #2156, .T. ) ;
#9023 = DIRECTION ( 'NONE',  ( 0.0000000000000000000, 0.0000000000000000000, -1.000000000000000000 ) ) ;
#9024 = LINE ( 'NONE', #10993, #44 ) ;
#9025 = CARTESIAN_POINT ( 'NONE',  ( 0.5999999999999997558, 0.4000000000000003553, 1.304999999999999494 ) ) ;
#9026 = ORIENTED_EDGE ( 'NONE', *, *, #5557, .F. ) ;
#9027 = ORIENTED_EDGE ( 'NONE', *, *, #6724, .F. ) ;
#9028 = DIRECTION ( 'NONE',  ( 1.244625060509296168E-16, 1.000000000000000000, -0.0000000000000000000 ) ) ;
#9029 = DIRECTION ( 'NONE',  ( 0.0000000000000000000, 0.0000000000000000000, 1.000000000000000000 ) ) ;
#9030 = LINE ( 'NONE', #7007, #8990 ) ;
#9031 = CARTESIAN_POINT ( 'NONE',  ( -1.350000000000000089, 5.787332622142050909, -0.3750000000000000000 ) ) ;
#9032 = VERTEX_POINT ( 'NONE', #7189 ) ;
#9033 = CARTESIAN_POINT ( 'NONE',  ( 0.8999999999999998002, 0.1000000000000001305, 1.604999999999999760 ) ) ;
#9034 = EDGE_LOOP ( 'NONE', ( #8474, #2732, #4514, #5836, #3999, #2543, #9959, #8166, #2943, #11919, #7697, #1233, #1911, #5143, #9871, #3772, #6811, #5115, #9632, #6708, #8947, #9299, #620, #3063, #6178, #11351 ) ) ;
#9035 = DIRECTION ( 'NONE',  ( -0.0000000000000000000, -1.000000000000000000, -0.0000000000000000000 ) ) ;
#9036 = CARTESIAN_POINT ( 'NONE',  ( -3.219999999999999751, 7.299999999999999822, 0.3549999999999994271 ) ) ;
#9037 = EDGE_CURVE ( 'NONE', #11698, #4903, #10370, .T. ) ;
#9038 = CARTESIAN_POINT ( 'NONE',  ( -1.969999999999999973, 5.350000000000000533, 0.0000000000000000000 ) ) ;
#9039 = DIRECTION ( 'NONE',  ( 0.0000000000000000000, 0.0000000000000000000, -1.000000000000000000 ) ) ;
#9040 = ORIENTED_EDGE ( 'NONE', *, *, #9297, .F. ) ;
#9041 = LINE ( 'NONE', #321, #1234 ) ;
#9042 = CARTESIAN_POINT ( 'NONE',  ( 1.970000000000000417, 0.8914213562373090038, 1.504999999999999449 ) ) ;
#9043 = CIRCLE ( 'NONE', #7444, 0.1000000000000000472 ) ;
#9044 = VECTOR ( 'NONE', #4140, 1000.000000000000000 ) ;
#9045 = CARTESIAN_POINT ( 'NONE',  ( 0.0000000000000000000, 2.302902790585058312, -0.3750000000000000000 ) ) ;
#9046 = VERTEX_POINT ( 'NONE', #6932 ) ;
#9047 = EDGE_CURVE ( 'NONE', #9609, #3863, #10735, .T. ) ;
#9048 = CARTESIAN_POINT ( 'NONE',  ( 0.5999999999999997558, -0.5999999999999995337, 1.604999999999999760 ) ) ;
#9049 = DIRECTION ( 'NONE',  ( -1.000000000000000000, -0.0000000000000000000, -0.0000000000000000000 ) ) ;
#9050 = CARTESIAN_POINT ( 'NONE',  ( -1.969999999999999973, 7.299999999999999822, 1.604999999999999760 ) ) ;
#9051 = EDGE_CURVE ( 'NONE', #5275, #11659, #7250, .T. ) ;
#9052 = ADVANCED_FACE ( 'NONE', ( #6151 ), #2575, .F. ) ;
#9053 = STYLED_ITEM ( 'NONE', ( #1305 ), #11935 ) ;
#9054 = VERTEX_POINT ( 'NONE', #8190 ) ;
#9055 = DIRECTION ( 'NONE',  ( 0.0000000000000000000, 0.0000000000000000000, -1.000000000000000000 ) ) ;
#9056 = CARTESIAN_POINT ( 'NONE',  ( 1.099999999999999867, -0.5999999999999995337, 1.304999999999999494 ) ) ;
#9057 = ORIENTED_EDGE ( 'NONE', *, *, #548, .T. ) ;
#9058 = ORIENTED_EDGE ( 'NONE', *, *, #8906, .F. ) ;
#9059 = VECTOR ( 'NONE', #4855, 1000.000000000000000 ) ;
#9060 = AXIS2_PLACEMENT_3D ( 'NONE', #3389, #7000, #6274 ) ;
#9061 = VECTOR ( 'NONE', #6779, 1000.000000000000000 ) ;
#9062 = COLOUR_RGB ( '',0.9686274509803921573, 0.8784313725490195957, 0.5999999999999999778 ) ;
#9063 = ADVANCED_FACE ( 'NONE', ( #3443 ), #6392, .T. ) ;
#9064 = FACE_OUTER_BOUND ( 'NONE', #2762, .T. ) ;
#9065 = DIRECTION ( 'NONE',  ( 0.0000000000000000000, 1.000000000000000000, 0.0000000000000000000 ) ) ;
#9066 = EDGE_LOOP ( 'NONE', ( #1289, #10060, #3560, #11484 ) ) ;
#9067 = DIRECTION ( 'NONE',  ( -1.244625060509296168E-16, -1.000000000000000000, 0.0000000000000000000 ) ) ;
#9068 = EDGE_CURVE ( 'NONE', #8197, #2412, #6586, .T. ) ;
#9069 = LINE ( 'NONE', #3433, #2252 ) ;
#9070 = CARTESIAN_POINT ( 'NONE',  ( -3.219999999999999751, 7.040192378879820190, -1.304999999994453042 ) ) ;
#9071 = CARTESIAN_POINT ( 'NONE',  ( -1.969999999999999973, 5.350000000000000533, 0.0000000000000000000 ) ) ;
#9072 = CIRCLE ( 'NONE', #2869, 0.1499999999999999667 ) ;
#9073 = ORIENTED_EDGE ( 'NONE', *, *, #10251, .T. ) ;
#9074 = CARTESIAN_POINT ( 'NONE',  ( 3.776497115745561128, 0.1000000000000000472, -1.305000000000001048 ) ) ;
#9075 = LINE ( 'NONE', #480, #597 ) ;
#9076 = MECHANICAL_DESIGN_GEOMETRIC_PRESENTATION_REPRESENTATION (  '', ( #3270 ), #2685 ) ;
#9077 = AXIS2_PLACEMENT_3D ( 'NONE', #8860, #4979, #9850 ) ;
#9078 = ORIENTED_EDGE ( 'NONE', *, *, #7686, .T. ) ;
#9079 = ORIENTED_EDGE ( 'NONE', *, *, #2047, .F. ) ;
#9080 = DIRECTION ( 'NONE',  ( 1.000000000000000000, 0.0000000000000000000, 0.0000000000000000000 ) ) ;
#9081 = EDGE_CURVE ( 'NONE', #1109, #11527, #7255, .T. ) ;
#9082 = ORIENTED_EDGE ( 'NONE', *, *, #9365, .F. ) ;
#9083 = CARTESIAN_POINT ( 'NONE',  ( 4.169999999999999929, 1.249999999999999334, 1.504999999999999227 ) ) ;
#9084 = VECTOR ( 'NONE', #9864, 1000.000000000000000 ) ;
#9085 = CARTESIAN_POINT ( 'NONE',  ( 0.0000000000000000000, 0.0000000000000000000, 1.304999999999999494 ) ) ;
#9086 = LINE ( 'NONE', #6097, #10226 ) ;
#9087 = SURFACE_STYLE_USAGE ( .BOTH. , #7950 ) ;
#9088 = VERTEX_POINT ( 'NONE', #12097 ) ;
#9089 = CARTESIAN_POINT ( 'NONE',  ( -4.070000000000000284, 1.349999999999999867, 1.563578643762689513 ) ) ;
#9090 = LINE ( 'NONE', #672, #11169 ) ;
#9091 = DIRECTION ( 'NONE',  ( -0.0000000000000000000, -0.0000000000000000000, -1.000000000000000000 ) ) ;
#9092 = ORIENTED_EDGE ( 'NONE', *, *, #11955, .T. ) ;
#9093 = ORIENTED_EDGE ( 'NONE', *, *, #5363, .T. ) ;
#9094 = ORIENTED_EDGE ( 'NONE', *, *, #6674, .T. ) ;
#9095 = FACE_OUTER_BOUND ( 'NONE', #8703, .T. ) ;
#9096 = DIRECTION ( 'NONE',  ( 0.7071067811865462405, 0.7071067811865489050, 0.0000000000000000000 ) ) ;
#9097 = DIRECTION ( 'NONE',  ( 0.0000000000000000000, 0.0000000000000000000, 1.000000000000000000 ) ) ;
#9098 = ADVANCED_FACE ( 'NONE', ( #6511 ), #12163, .T. ) ;
#9099 = CARTESIAN_POINT ( 'NONE',  ( -1.899999999999999689, 0.4000000000000003553, 1.304999999999999494 ) ) ;
#9100 = ORIENTED_EDGE ( 'NONE', *, *, #2778, .T. ) ;
#9101 = VECTOR ( 'NONE', #5822, 1000.000000000000000 ) ;
#9102 = CARTESIAN_POINT ( 'NONE',  ( 1.969999999999999973, 1.349999999999999867, 10.05355608965224157 ) ) ;
#9103 = EDGE_LOOP ( 'NONE', ( #4501, #10333, #9197, #9351 ) ) ;
#9104 = DIRECTION ( 'NONE',  ( 0.0000000000000000000, 0.0000000000000000000, 1.000000000000000000 ) ) ;
#9105 = CARTESIAN_POINT ( 'NONE',  ( -2.249999999999996891, 6.500000000000000888, -0.1000000000000000194 ) ) ;
#9106 = CARTESIAN_POINT ( 'NONE',  ( -4.169999999999999929, 1.350000000000000089, 0.3549999999999996492 ) ) ;
#9107 = ORIENTED_EDGE ( 'NONE', *, *, #6087, .F. ) ;
#9108 = VERTEX_POINT ( 'NONE', #2701 ) ;
#9109 = PLANE ( 'NONE',  #6969 ) ;
#9110 = AXIS2_PLACEMENT_3D ( 'NONE', #10230, #4634, #12214 ) ;
#9111 = EDGE_CURVE ( 'NONE', #8605, #8037, #5515, .T. ) ;
#9112 = EDGE_CURVE ( 'NONE', #2379, #7106, #10306, .T. ) ;
#9113 = DIRECTION ( 'NONE',  ( 0.0000000000000000000, 1.000000000000000000, 0.0000000000000000000 ) ) ;
#9114 = VERTEX_POINT ( 'NONE', #9389 ) ;
#9115 = DIRECTION ( 'NONE',  ( 0.0000000000000000000, 0.0000000000000000000, 1.000000000000000000 ) ) ;
#9116 = DIRECTION ( 'NONE',  ( 0.0000000000000000000, 0.0000000000000000000, -1.000000000000000000 ) ) ;
#9117 = CARTESIAN_POINT ( 'NONE',  ( -3.219999999999999751, 1.450000000000000178, 0.3549999999999994271 ) ) ;
#9118 = FACE_OUTER_BOUND ( 'NONE', #6622, .T. ) ;
#9119 = ORIENTED_EDGE ( 'NONE', *, *, #12149, .T. ) ;
#9120 = EDGE_CURVE ( 'NONE', #10055, #11176, #10555, .T. ) ;
#9121 = ORIENTED_EDGE ( 'NONE', *, *, #762, .T. ) ;
#9122 = ADVANCED_FACE ( 'NONE', ( #2518 ), #11175, .F. ) ;
#9123 =( LENGTH_UNIT ( ) NAMED_UNIT ( * ) SI_UNIT ( .MILLI., .METRE. ) );
#9124 = ADVANCED_FACE ( 'NONE', ( #2642 ), #1785, .F. ) ;
#9125 = DIRECTION ( 'NONE',  ( 1.000000000000000000, -0.0000000000000000000, -0.0000000000000000000 ) ) ;
#9126 = DIRECTION ( 'NONE',  ( -1.000000000000000000, -0.0000000000000000000, -0.0000000000000000000 ) ) ;
#9127 = PLANE ( 'NONE',  #9670 ) ;
#9128 = ORIENTED_EDGE ( 'NONE', *, *, #685, .F. ) ;
#9129 = DIRECTION ( 'NONE',  ( 0.0000000000000000000, -0.0000000000000000000, 1.000000000000000000 ) ) ;
#9130 = VECTOR ( 'NONE', #10685, 1000.000000000000000 ) ;
#9131 = ORIENTED_EDGE ( 'NONE', *, *, #2661, .T. ) ;
#9132 = CARTESIAN_POINT ( 'NONE',  ( -0.8999999999999998002, 7.299999999999999822, 1.604999999999999760 ) ) ;
#9133 = DIRECTION ( 'NONE',  ( 0.0000000000000000000, 0.0000000000000000000, -1.000000000000000000 ) ) ;
#9134 = ADVANCED_FACE ( 'NONE', ( #8374 ), #5573, .F. ) ;
#9135 = ORIENTED_EDGE ( 'NONE', *, *, #10268, .T. ) ;
#9136 = EDGE_CURVE ( 'NONE', #7330, #9861, #661, .T. ) ;
#9137 = CYLINDRICAL_SURFACE ( 'NONE', #3375, 0.1000000000000000472 ) ;
#9138 = CIRCLE ( 'NONE', #7127, 1.250000000000000000 ) ;
#9139 = CIRCLE ( 'NONE', #10704, 0.1250000000000000000 ) ;
#9140 = LINE ( 'NONE', #598, #12156 ) ;
#9141 = DIRECTION ( 'NONE',  ( -1.000000000000000000, -0.0000000000000000000, -0.0000000000000000000 ) ) ;
#9142 = ORIENTED_EDGE ( 'NONE', *, *, #882, .F. ) ;
#9143 = ORIENTED_EDGE ( 'NONE', *, *, #1376, .F. ) ;
#9144 = CARTESIAN_POINT ( 'NONE',  ( -4.128578643762690348, 1.350000000000000089, 1.563578643762689957 ) ) ;
#9145 = FACE_OUTER_BOUND ( 'NONE', #3080, .T. ) ;
#9146 = PLANE ( 'NONE',  #12307 ) ;
#9147 = AXIS2_PLACEMENT_3D ( 'NONE', #8831, #1312, #363 ) ;
#9148 = EDGE_CURVE ( 'NONE', #2484, #10274, #2756, .T. ) ;
#9149 = EDGE_LOOP ( 'NONE', ( #565, #1828, #7391, #2127 ) ) ;
#9150 = ORIENTED_EDGE ( 'NONE', *, *, #7942, .T. ) ;
#9151 = VERTEX_POINT ( 'NONE', #5323 ) ;
#9152 = DIRECTION ( 'NONE',  ( 0.0000000000000000000, 0.0000000000000000000, 1.000000000000000000 ) ) ;
#9153 = LINE ( 'NONE', #613, #7307 ) ;
#9154 = UNCERTAINTY_MEASURE_WITH_UNIT (LENGTH_MEASURE( 1.000000000000000082E-05 ), #5372, 'distance_accuracy_value', 'NONE');
#9155 = PLANE ( 'NONE',  #2416 ) ;
#9156 = VECTOR ( 'NONE', #1790, 1000.000000000000000 ) ;
#9157 = CYLINDRICAL_SURFACE ( 'NONE', #2680, 1.250000000000000000 ) ;
#9158 = DIRECTION ( 'NONE',  ( 0.0000000000000000000, -0.7071067811865544561, -0.7071067811865406894 ) ) ;
#9159 = ORIENTED_EDGE ( 'NONE', *, *, #1666, .F. ) ;
#9160 = FACE_OUTER_BOUND ( 'NONE', #140, .T. ) ;
#9161 = PRESENTATION_STYLE_ASSIGNMENT (( #8976 ) ) ;
#9162 = SURFACE_SIDE_STYLE ('',( #6291 ) ) ;
#9163 = DIRECTION ( 'NONE',  ( 0.0000000000000000000, 0.0000000000000000000, 1.000000000000000000 ) ) ;
#9164 = DIRECTION ( 'NONE',  ( 0.0000000000000000000, 0.0000000000000000000, -1.000000000000000000 ) ) ;
#9165 = CARTESIAN_POINT ( 'NONE',  ( -2.750000000000000888, 0.4000000000000005218, 1.604999999999999760 ) ) ;
#9166 = DIRECTION ( 'NONE',  ( -0.0000000000000000000, -0.0000000000000000000, -1.000000000000000000 ) ) ;
#9167 = AXIS2_PLACEMENT_3D ( 'NONE', #2289, #11663, #4027 ) ;
#9168 = CIRCLE ( 'NONE', #1211, 0.09999999999999982514 ) ;
#9169 = LINE ( 'NONE', #6361, #7645 ) ;
#9170 = ORIENTED_EDGE ( 'NONE', *, *, #5907, .F. ) ;
#9171 = CARTESIAN_POINT ( 'NONE',  ( 0.0000000000000000000, 0.0000000000000000000, 0.1000000000000000056 ) ) ;
#9172 = CARTESIAN_POINT ( 'NONE',  ( -2.050446608846518082, 2.499999999999999556, -1.305000000000001048 ) ) ;
#9173 = DIRECTION ( 'NONE',  ( -0.0000000000000000000, -0.0000000000000000000, -1.000000000000000000 ) ) ;
#9174 = VECTOR ( 'NONE', #2260, 1000.000000000000000 ) ;
#9175 = CARTESIAN_POINT ( 'NONE',  ( 4.394049177309263988E-17, 1.999999999999999556, 1.304999999999999716 ) ) ;
#9176 = EDGE_LOOP ( 'NONE', ( #2301, #8365, #2514, #6843 ) ) ;
#9177 = EDGE_CURVE ( 'NONE', #11827, #12279, #9140, .T. ) ;
#9178 = VECTOR ( 'NONE', #5360, 1000.000000000000000 ) ;
#9179 = DIRECTION ( 'NONE',  ( 0.0000000000000000000, -1.000000000000000000, 0.0000000000000000000 ) ) ;
#9180 = FACE_OUTER_BOUND ( 'NONE', #8263, .T. ) ;
#9181 = EDGE_LOOP ( 'NONE', ( #10652, #4251, #1562, #1024 ) ) ;
#9182 = EDGE_LOOP ( 'NONE', ( #7597, #8699, #1766, #3960 ) ) ;
#9183 = CIRCLE ( 'NONE', #12143, 0.1000000000000000472 ) ;
#9184 = FACE_OUTER_BOUND ( 'NONE', #322, .T. ) ;
#9185 = CARTESIAN_POINT ( 'NONE',  ( -2.291421356237309137, 6.599999999999999645, -0.1000000000000000056 ) ) ;
#9186 = LINE ( 'NONE', #719, #7656 ) ;
#9187 = ORIENTED_EDGE ( 'NONE', *, *, #9463, .F. ) ;
#9188 = LINE ( 'NONE', #6318, #4332 ) ;
#9189 = DIRECTION ( 'NONE',  ( -0.7071067813875193675, 0.0000000000000000000, -0.7071067809855756670 ) ) ;
#9190 = AXIS2_PLACEMENT_3D ( 'NONE', #4398, #1547, #4589 ) ;
#9191 = CARTESIAN_POINT ( 'NONE',  ( -1.928578643762690170, 0.8500000000000006439, 1.563578643762689957 ) ) ;
#9192 = ORIENTED_EDGE ( 'NONE', *, *, #11454, .T. ) ;
#9193 = ADVANCED_FACE ( 'NONE', ( #8690 ), #88, .T. ) ;
#9194 = EDGE_CURVE ( 'NONE', #9336, #7995, #4767, .T. ) ;
#9195 = CARTESIAN_POINT ( 'NONE',  ( 4.170000000000000817, 0.04142135623730946320, -0.3549999999999994826 ) ) ;
#9196 = DIRECTION ( 'NONE',  ( -0.0000000000000000000, -1.000000000000000000, -0.0000000000000000000 ) ) ;
#9197 = ORIENTED_EDGE ( 'NONE', *, *, #200, .F. ) ;
#9198 = VECTOR ( 'NONE', #7001, 1000.000000000000000 ) ;
#9199 = ORIENTED_EDGE ( 'NONE', *, *, #7138, .T. ) ;
#9200 = VECTOR ( 'NONE', #4921, 1000.000000000000000 ) ;
#9201 = DIRECTION ( 'NONE',  ( -1.000000000000000000, 0.0000000000000000000, 0.0000000000000000000 ) ) ;
#9202 = ORIENTED_EDGE ( 'NONE', *, *, #11686, .T. ) ;
#9203 = LINE ( 'NONE', #10181, #3619 ) ;
#9204 = ADVANCED_FACE ( 'NONE', ( #1841 ), #4713, .F. ) ;
#9205 = COLOUR_RGB ( '',0.2980392156862745057, 0.2980392156862745057, 0.2980392156862745057 ) ;
#9206 = DIRECTION ( 'NONE',  ( 0.0000000000000000000, 1.000000000000000000, -0.0000000000000000000 ) ) ;
#9207 = ORIENTED_EDGE ( 'NONE', *, *, #6908, .T. ) ;
#9208 = EDGE_CURVE ( 'NONE', #7194, #1163, #10419, .T. ) ;
#9209 = SURFACE_STYLE_FILL_AREA ( #5390 ) ;
#9210 = DIRECTION ( 'NONE',  ( 0.0000000000000000000, 0.0000000000000000000, 1.000000000000000000 ) ) ;
#9211 = VECTOR ( 'NONE', #6705, 1000.000000000000000 ) ;
#9212 = ORIENTED_EDGE ( 'NONE', *, *, #12074, .F. ) ;
#9213 = EDGE_LOOP ( 'NONE', ( #373, #1689, #859, #8191 ) ) ;
#9214 = VERTEX_POINT ( 'NONE', #8748 ) ;
#9215 = DIRECTION ( 'NONE',  ( 1.000000000000000000, 0.0000000000000000000, 0.0000000000000000000 ) ) ;
#9216 = CARTESIAN_POINT ( 'NONE',  ( -4.469999999999999751, 0.4000000000000001887, 1.604999999999999760 ) ) ;
#9217 = CARTESIAN_POINT ( 'NONE',  ( -0.8999999999999998002, 0.0000000000000000000, 1.304999999999999494 ) ) ;
#9218 = ORIENTED_EDGE ( 'NONE', *, *, #3494, .F. ) ;
#9219 = ADVANCED_FACE ( 'NONE', ( #2817 ), #7797, .F. ) ;
#9220 = CARTESIAN_POINT ( 'NONE',  ( 0.0000000000000000000, 5.787332622142050909, -0.3750000000000000000 ) ) ;
#9221 = CARTESIAN_POINT ( 'NONE',  ( 2.890000000000000124, 1.050000000000000044, 1.604999999999999760 ) ) ;
#9222 = VECTOR ( 'NONE', #11312, 1000.000000000000000 ) ;
#9223 = EDGE_CURVE ( 'NONE', #10638, #11984, #153, .T. ) ;
#9224 = CARTESIAN_POINT ( 'NONE',  ( -4.469999999999999751, 1.900000000000001465, 1.604999999999999760 ) ) ;
#9225 = VERTEX_POINT ( 'NONE', #9686 ) ;
#9226 = DIRECTION ( 'NONE',  ( -0.5773502691896224004, 0.5773502691896224004, 0.5773502691896323924 ) ) ;
#9227 = DIRECTION ( 'NONE',  ( 1.224646799147353207E-16, -1.000000000000000000, 0.0000000000000000000 ) ) ;
#9228 = ORIENTED_EDGE ( 'NONE', *, *, #7738, .F. ) ;
#9229 = DIRECTION ( 'NONE',  ( 0.5773502691896273964, -0.5773502691896299499, 0.5773502691896199579 ) ) ;
#9230 = ORIENTED_EDGE ( 'NONE', *, *, #8431, .T. ) ;
#9231 = PRESENTATION_STYLE_ASSIGNMENT (( #1579 ) ) ;
#9232 = CARTESIAN_POINT ( 'NONE',  ( 3.219999999999999751, 0.0000000000000000000, 1.304999999999999494 ) ) ;
#9233 = CARTESIAN_POINT ( 'NONE',  ( -4.169999999999999041, 1.249999999999999778, 0.9256214443666523906 ) ) ;
#9234 = CARTESIAN_POINT ( 'NONE',  ( 1.599999999999999867, 0.0000000000000000000, 1.504999999999999449 ) ) ;
#9235 = SURFACE_STYLE_USAGE ( .BOTH. , #5424 ) ;
#9236 = CARTESIAN_POINT ( 'NONE',  ( -3.219999999999999751, 1.899999999999999911, 1.204999999999999627 ) ) ;
#9237 = ORIENTED_EDGE ( 'NONE', *, *, #128, .T. ) ;
#9238 = VECTOR ( 'NONE', #2250, 1000.000000000000000 ) ;
#9239 = CARTESIAN_POINT ( 'NONE',  ( -0.09999999999999971412, -0.5999999999999995337, 1.304999999999999494 ) ) ;
#9240 = DIRECTION ( 'NONE',  ( 0.0000000000000000000, 0.0000000000000000000, -1.000000000000000000 ) ) ;
#9241 = VERTEX_POINT ( 'NONE', #6625 ) ;
#9242 = CARTESIAN_POINT ( 'NONE',  ( 3.219999999999999751, 2.000000000000000000, -0.3550000000000007039 ) ) ;
#9243 = LINE ( 'NONE', #11954, #4425 ) ;
#9244 = ADVANCED_FACE ( 'NONE', ( #4000 ), #1160, .T. ) ;
#9245 = PLANE ( 'NONE',  #8248 ) ;
#9246 = FACE_OUTER_BOUND ( 'NONE', #1652, .T. ) ;
#9247 = VERTEX_POINT ( 'NONE', #9450 ) ;
#9248 = CARTESIAN_POINT ( 'NONE',  ( -4.469999999999999751, 0.0000000000000000000, -1.605000000000000648 ) ) ;
#9249 =( NAMED_UNIT ( * ) SI_UNIT ( $, .STERADIAN. ) SOLID_ANGLE_UNIT ( ) );
#9250 = DIRECTION ( 'NONE',  ( 0.0000000000000000000, 0.0000000000000000000, 1.000000000000000000 ) ) ;
#9251 = DIRECTION ( 'NONE',  ( -1.000000000000000000, 0.0000000000000000000, 0.0000000000000000000 ) ) ;
#9252 = ORIENTED_EDGE ( 'NONE', *, *, #5451, .F. ) ;
#9253 = DIRECTION ( 'NONE',  ( -1.000000000000000000, -0.0000000000000000000, -0.0000000000000000000 ) ) ;
#9254 = CARTESIAN_POINT ( 'NONE',  ( 1.349999999999999867, 5.787332622142040250, 0.3750000000000000000 ) ) ;
#9255 = VECTOR ( 'NONE', #11549, 1000.000000000000000 ) ;
#9256 = ORIENTED_EDGE ( 'NONE', *, *, #3528, .T. ) ;
#9257 = STYLED_ITEM ( 'NONE', ( #7636 ), #4779 ) ;
#9258 =( GEOMETRIC_REPRESENTATION_CONTEXT ( 3 ) GLOBAL_UNCERTAINTY_ASSIGNED_CONTEXT ( ( #4416 ) ) GLOBAL_UNIT_ASSIGNED_CONTEXT ( ( #11723, #4225, #9942 ) ) REPRESENTATION_CONTEXT ( 'NONE', 'WORKASPACE' ) );
#9259 = VECTOR ( 'NONE', #8236, 1000.000000000000000 ) ;
#9260 = FACE_OUTER_BOUND ( 'NONE', #1343, .T. ) ;
#9261 = DIRECTION ( 'NONE',  ( 1.000000000000000000, 0.0000000000000000000, 0.0000000000000000000 ) ) ;
#9262 = EDGE_CURVE ( 'NONE', #6613, #5752, #5756, .T. ) ;
#9263 = EDGE_CURVE ( 'NONE', #2070, #6753, #11575, .T. ) ;
#9264 = DIRECTION ( 'NONE',  ( -1.000000000000000000, -0.0000000000000000000, 3.367087492191007655E-17 ) ) ;
#9265 = ORIENTED_EDGE ( 'NONE', *, *, #1769, .F. ) ;
#9266 = CARTESIAN_POINT ( 'NONE',  ( -3.219999999999999751, 0.0000000000000000000, -1.205000000000000959 ) ) ;
#9267 = PRESENTATION_LAYER_ASSIGNMENT (  '', '', ( #714 ) ) ;
#9268 =( GEOMETRIC_REPRESENTATION_CONTEXT ( 3 ) GLOBAL_UNCERTAINTY_ASSIGNED_CONTEXT ( ( #305 ) ) GLOBAL_UNIT_ASSIGNED_CONTEXT ( ( #1393, #1515, #516 ) ) REPRESENTATION_CONTEXT ( 'NONE', 'WORKASPACE' ) );
#9269 = DIRECTION ( 'NONE',  ( 1.000000000000000000, 0.0000000000000000000, 0.0000000000000000000 ) ) ;
#9270 = VECTOR ( 'NONE', #3616, 1000.000000000000000 ) ;
#9271 = ORIENTED_EDGE ( 'NONE', *, *, #5538, .T. ) ;
#9272 = DIRECTION ( 'NONE',  ( -1.000000000000000000, -0.0000000000000000000, 0.0000000000000000000 ) ) ;
#9273 = DIRECTION ( 'NONE',  ( 1.000000000000000000, 0.0000000000000000000, 0.0000000000000000000 ) ) ;
#9274 = CARTESIAN_POINT ( 'NONE',  ( 4.469999999999999751, 5.100000000000000533, 1.604999999999999760 ) ) ;
#9275 = ORIENTED_EDGE ( 'NONE', *, *, #1948, .F. ) ;
#9276 = EDGE_CURVE ( 'NONE', #5311, #910, #6568, .T. ) ;
#9277 = VECTOR ( 'NONE', #10582, 1000.000000000000000 ) ;
#9278 = DIRECTION ( 'NONE',  ( -0.0000000000000000000, 0.0000000000000000000, -1.000000000000000000 ) ) ;
#9279 = CIRCLE ( 'NONE', #3493, 0.9500000000000002887 ) ;
#9280 = LINE ( 'NONE', #12110, #357 ) ;
#9281 = DIRECTION ( 'NONE',  ( 0.0000000000000000000, 0.0000000000000000000, -1.000000000000000000 ) ) ;
#9282 = EDGE_CURVE ( 'NONE', #1401, #10344, #34, .T. ) ;
#9283 = EDGE_CURVE ( 'NONE', #784, #1613, #9561, .T. ) ;
#9284 = ADVANCED_FACE ( 'NONE', ( #7687 ), #2934, .F. ) ;
#9285 = EDGE_LOOP ( 'NONE', ( #5392, #5993, #6441, #3988 ) ) ;
#9286 = CARTESIAN_POINT ( 'NONE',  ( -0.1500000000000002442, 2.302902790585058312, -0.3750000000000000000 ) ) ;
#9287 = DIRECTION ( 'NONE',  ( -1.000000000000000000, -0.0000000000000000000, -0.0000000000000000000 ) ) ;
#9288 = FACE_OUTER_BOUND ( 'NONE', #7476, .T. ) ;
#9289 = CARTESIAN_POINT ( 'NONE',  ( 0.3499999999999998113, 2.302902790585054760, -0.3750000000000000000 ) ) ;
#9290 = LINE ( 'NONE', #755, #585 ) ;
#9291 = VERTEX_POINT ( 'NONE', #7997 ) ;
#9292 = PLANE ( 'NONE',  #5196 ) ;
#9293 = ADVANCED_FACE ( 'NONE', ( #9920 ), #7930, .T. ) ;
#9294 = EDGE_LOOP ( 'NONE', ( #1197, #10529, #7721, #1266 ) ) ;
#9295 = CARTESIAN_POINT ( 'NONE',  ( 1.969999999999999973, 5.350000000000000533, 1.304999999999999716 ) ) ;
#9296 = AXIS2_PLACEMENT_3D ( 'NONE', #8277, #8151, #9163 ) ;
#9297 = EDGE_CURVE ( 'NONE', #6766, #1660, #469, .T. ) ;
#9298 = DIRECTION ( 'NONE',  ( 0.0000000000000000000, 1.000000000000000000, 0.0000000000000000000 ) ) ;
#9299 = ORIENTED_EDGE ( 'NONE', *, *, #1352, .F. ) ;
#9300 = DIRECTION ( 'NONE',  ( 0.0000000000000000000, 0.0000000000000000000, 1.000000000000000000 ) ) ;
#9301 = LINE ( 'NONE', #6239, #6413 ) ;
#9302 = DIRECTION ( 'NONE',  ( 0.0000000000000000000, -0.0000000000000000000, -1.000000000000000000 ) ) ;
#9303 = DIRECTION ( 'NONE',  ( 0.0000000000000000000, 0.0000000000000000000, 1.000000000000000000 ) ) ;
#9304 = DIRECTION ( 'NONE',  ( 1.000000000000000000, 0.0000000000000000000, -0.0000000000000000000 ) ) ;
#9305 = SURFACE_STYLE_FILL_AREA ( #5059 ) ;
#9306 = LINE ( 'NONE', #11147, #8274 ) ;
#9307 = VECTOR ( 'NONE', #11396, 1000.000000000000000 ) ;
#9308 = ORIENTED_EDGE ( 'NONE', *, *, #6820, .T. ) ;
#9309 = DIRECTION ( 'NONE',  ( -0.0000000000000000000, 1.000000000000000000, -0.0000000000000000000 ) ) ;
#9310 = ORIENTED_EDGE ( 'NONE', *, *, #3529, .T. ) ;
#9311 = EDGE_CURVE ( 'NONE', #7330, #7408, #6866, .T. ) ;
#9312 = DIRECTION ( 'NONE',  ( -1.000000000000000000, 0.0000000000000000000, 0.0000000000000000000 ) ) ;
#9313 = EDGE_CURVE ( 'NONE', #968, #5632, #2425, .T. ) ;
#9314 = CARTESIAN_POINT ( 'NONE',  ( -1.399999999999999467, 0.4000000000000001887, 1.604999999999999760 ) ) ;
#9315 = AXIS2_PLACEMENT_3D ( 'NONE', #4547, #2713, #3648 ) ;
#9316 = EDGE_LOOP ( 'NONE', ( #4564, #4060 ) ) ;
#9317 = CARTESIAN_POINT ( 'NONE',  ( 3.219999999999999751, 0.1000000000000000056, 1.504999999999999449 ) ) ;
#9318 = LINE ( 'NONE', #9377, #8897 ) ;
#9319 = DIRECTION ( 'NONE',  ( -1.000000000000000000, -0.0000000000000000000, -0.0000000000000000000 ) ) ;
#9320 = CARTESIAN_POINT ( 'NONE',  ( -3.219999999999999751, 3.449999999999999734, 0.3549999999999994271 ) ) ;
#9321 = ORIENTED_EDGE ( 'NONE', *, *, #3130, .F. ) ;
#9322 = LINE ( 'NONE', #9556, #4952 ) ;
#9323 = AXIS2_PLACEMENT_3D ( 'NONE', #5796, #6960, #186 ) ;
#9324 = ORIENTED_EDGE ( 'NONE', *, *, #4328, .T. ) ;
#9325 = ORIENTED_EDGE ( 'NONE', *, *, #9051, .F. ) ;
#9326 = DIRECTION ( 'NONE',  ( 1.000000000000000000, -1.244625060509296168E-16, 0.0000000000000000000 ) ) ;
#9327 = VERTEX_POINT ( 'NONE', #8054 ) ;
#9328 = DIRECTION ( 'NONE',  ( 0.0000000000000000000, 0.0000000000000000000, -1.000000000000000000 ) ) ;
#9329 = VECTOR ( 'NONE', #6786, 1000.000000000000000 ) ;
#9330 = DIRECTION ( 'NONE',  ( 0.0000000000000000000, 0.0000000000000000000, 1.000000000000000000 ) ) ;
#9331 = PLANE ( 'NONE',  #5230 ) ;
#9332 = ORIENTED_EDGE ( 'NONE', *, *, #10359, .T. ) ;
#9333 = CYLINDRICAL_SURFACE ( 'NONE', #10042, 0.2999999999999999334 ) ;
#9334 = PLANE ( 'NONE',  #17 ) ;
#9335 = CARTESIAN_POINT ( 'NONE',  ( -1.050446608846517860, 1.999999999999999556, -1.505000000000002780 ) ) ;
#9336 = VERTEX_POINT ( 'NONE', #4133 ) ;
#9337 = EDGE_CURVE ( 'NONE', #84, #2479, #11706, .T. ) ;
#9338 = EDGE_CURVE ( 'NONE', #10718, #7719, #8937, .T. ) ;
#9339 = ORIENTED_EDGE ( 'NONE', *, *, #11113, .F. ) ;
#9340 = AXIS2_PLACEMENT_3D ( 'NONE', #7332, #11125, #6407 ) ;
#9341 = LINE ( 'NONE', #7271, #2139 ) ;
#9342 =( BOUNDED_SURFACE ( )  B_SPLINE_SURFACE ( 3, 3, ( 
 ( #11615, #4038, #5856, #4109 ),
 ( #7904, #2962, #3914, #5916 ),
 ( #7774, #8655, #4967, #9656 ),
 ( #1327, #4856, #11496, #7968 ) ),
 .UNSPECIFIED., .F., .F., .T. ) 
 B_SPLINE_SURFACE_WITH_KNOTS ( ( 4, 4 ),
 ( 4, 4 ),
 ( 0.0000000000000000000, 1.000000000000000000 ),
 ( 0.0000000000000000000, 1.000000000000000000 ),
 .UNSPECIFIED. ) 
 GEOMETRIC_REPRESENTATION_ITEM ( )  RATIONAL_B_SPLINE_SURFACE ( (
 ( 1.000000000000000000, 0.8047378541243647154, 0.8047378541243647154, 1.000000000000000000),
 ( 0.8047378541243649375, 0.6476030138606875264, 0.6476030138606875264, 0.8047378541243649375),
 ( 0.8047378541243649375, 0.6476030138606875264, 0.6476030138606875264, 0.8047378541243649375),
 ( 1.000000000000000000, 0.8047378541243647154, 0.8047378541243647154, 1.000000000000000000) ) ) 
 REPRESENTATION_ITEM ( '' )  SURFACE ( )  );
#9343 = PLANE ( 'NONE',  #512 ) ;
#9344 = ORIENTED_EDGE ( 'NONE', *, *, #8004, .T. ) ;
#9345 = DIRECTION ( 'NONE',  ( 0.0000000000000000000, 0.0000000000000000000, -1.000000000000000000 ) ) ;
#9346 = FILL_AREA_STYLE ('',( #3782 ) ) ;
#9347 = CARTESIAN_POINT ( 'NONE',  ( -2.750000000000000444, 0.1000000000000001305, 1.604999999999999760 ) ) ;
#9348 = CARTESIAN_POINT ( 'NONE',  ( -1.889526214587563091, 1.352736007539880658, 1.304999999999999938 ) ) ;
#9349 = DIRECTION ( 'NONE',  ( 1.000000000000000000, 0.0000000000000000000, -0.0000000000000000000 ) ) ;
#9350 = DIRECTION ( 'NONE',  ( -1.000000000000000000, -0.0000000000000000000, -0.0000000000000000000 ) ) ;
#9351 = ORIENTED_EDGE ( 'NONE', *, *, #9815, .T. ) ;
#9352 = ORIENTED_EDGE ( 'NONE', *, *, #1447, .T. ) ;
#9353 = DIRECTION ( 'NONE',  ( -1.000000000000000000, 0.0000000000000000000, -0.0000000000000000000 ) ) ;
#9354 = AXIS2_PLACEMENT_3D ( 'NONE', #7327, #11121, #4409 ) ;
#9355 = DIRECTION ( 'NONE',  ( 1.000000000000000000, -0.0000000000000000000, 0.0000000000000000000 ) ) ;
#9356 = EDGE_LOOP ( 'NONE', ( #6827, #10153, #1673, #1877 ) ) ;
#9357 = LINE ( 'NONE', #5545, #8658 ) ;
#9358 = CARTESIAN_POINT ( 'NONE',  ( 0.8999999999999999112, 0.4000000000000002998, 1.604999999999999760 ) ) ;
#9359 = EDGE_CURVE ( 'NONE', #4035, #2910, #10660, .T. ) ;
#9360 = CARTESIAN_POINT ( 'NONE',  ( -0.8999999999999998002, 0.4000000000000001887, 1.604999999999999760 ) ) ;
#9361 = PLANE ( 'NONE',  #9481 ) ;
#9362 = CARTESIAN_POINT ( 'NONE',  ( -3.140000000000000568, 1.050000000000000044, 2.284999999999999698 ) ) ;
#9363 = CIRCLE ( 'NONE', #2772, 0.9500000000000002887 ) ;
#9364 = ORIENTED_EDGE ( 'NONE', *, *, #1036, .F. ) ;
#9365 = EDGE_CURVE ( 'NONE', #1542, #7974, #1247, .T. ) ;
#9366 = ADVANCED_FACE ( 'NONE', ( #4069 ), #8529, .T. ) ;
#9367 = DIRECTION ( 'NONE',  ( 1.000000000000000000, -5.503564327337586626E-17, 0.0000000000000000000 ) ) ;
#9368 = ORIENTED_EDGE ( 'NONE', *, *, #4163, .F. ) ;
#9369 = LINE ( 'NONE', #2683, #1367 ) ;
#9370 = DIRECTION ( 'NONE',  ( -0.5000000000000022204, -0.8660254037844373753, -0.0000000000000000000 ) ) ;
#9371 = ORIENTED_EDGE ( 'NONE', *, *, #4723, .T. ) ;
#9372 = DIRECTION ( 'NONE',  ( 0.0000000000000000000, 0.0000000000000000000, 1.000000000000000000 ) ) ;
#9373 = AXIS2_PLACEMENT_3D ( 'NONE', #7814, #8066, #7126 ) ;
#9374 = PLANE ( 'NONE',  #1710 ) ;
#9375 = CARTESIAN_POINT ( 'NONE',  ( -4.169999999999999929, 0.7500000000000000000, 2.595000000000000195 ) ) ;
#9376 = ORIENTED_EDGE ( 'NONE', *, *, #5005, .F. ) ;
#9377 = CARTESIAN_POINT ( 'NONE',  ( -4.469999999999999751, 0.4000000000000001887, 1.604999999999999760 ) ) ;
#9378 = EDGE_CURVE ( 'NONE', #11403, #11108, #6135, .T. ) ;
#9379 = VECTOR ( 'NONE', #7184, 1000.000000000000000 ) ;
#9380 = DIRECTION ( 'NONE',  ( 1.000000000000000000, 0.0000000000000000000, 0.0000000000000000000 ) ) ;
#9381 = DIRECTION ( 'NONE',  ( -1.000000000000000000, -0.0000000000000000000, -0.0000000000000000000 ) ) ;
#9382 = ORIENTED_EDGE ( 'NONE', *, *, #5394, .F. ) ;
#9383 = EDGE_CURVE ( 'NONE', #12279, #11825, #9243, .T. ) ;
#9384 = DIRECTION ( 'NONE',  ( -0.0000000000000000000, 0.0000000000000000000, 1.000000000000000000 ) ) ;
#9385 = DIRECTION ( 'NONE',  ( 1.000000000000000000, 0.0000000000000000000, 0.0000000000000000000 ) ) ;
#9386 = VECTOR ( 'NONE', #6771, 1000.000000000000000 ) ;
#9387 = ORIENTED_EDGE ( 'NONE', *, *, #10398, .F. ) ;
#9388 = VERTEX_POINT ( 'NONE', #11215 ) ;
#9389 = CARTESIAN_POINT ( 'NONE',  ( 4.169999999999999929, 4.299999999999999822, 1.904999999999999361 ) ) ;
#9390 = ORIENTED_EDGE ( 'NONE', *, *, #12019, .T. ) ;
#9391 = CIRCLE ( 'NONE', #11344, 0.2500000000000002220 ) ;
#9392 = CARTESIAN_POINT ( 'NONE',  ( 1.850000000000000089, 2.302902790585044546, -0.3750000000000000000 ) ) ;
#9393 = CARTESIAN_POINT ( 'NONE',  ( 0.09999999999999971412, -0.5999999999999995337, 1.304999999999999494 ) ) ;
#9394 = ORIENTED_EDGE ( 'NONE', *, *, #11167, .T. ) ;
#9395 = CARTESIAN_POINT ( 'NONE',  ( 1.149999999999999467, 2.302902790585051207, 0.3750000000000000000 ) ) ;
#9396 = CARTESIAN_POINT ( 'NONE',  ( -1.599999999999999867, -0.5999999999999995337, 1.304999999999999494 ) ) ;
#9397 = EDGE_LOOP ( 'NONE', ( #3515, #5190, #5738, #7591, #7362 ) ) ;
#9398 = VERTEX_POINT ( 'NONE', #1712 ) ;
#9399 = AXIS2_PLACEMENT_3D ( 'NONE', #4268, #3303, #4992 ) ;
#9400 = FACE_OUTER_BOUND ( 'NONE', #7546, .T. ) ;
#9401 = ORIENTED_EDGE ( 'NONE', *, *, #6498, .T. ) ;
#9402 = EDGE_CURVE ( 'NONE', #7392, #7745, #6002, .T. ) ;
#9403 = DIRECTION ( 'NONE',  ( -1.000000000000000000, 0.0000000000000000000, -0.0000000000000000000 ) ) ;
#9404 = CARTESIAN_POINT ( 'NONE',  ( 4.469999999999999751, 1.350000000000000089, 1.128071624551392021E-16 ) ) ;
#9405 = VECTOR ( 'NONE', #10461, 1000.000000000000000 ) ;
#9406 = CYLINDRICAL_SURFACE ( 'NONE', #4024, 0.1000000000000000472 ) ;
#9407 = DIRECTION ( 'NONE',  ( -0.0000000000000000000, -1.000000000000000000, -0.0000000000000000000 ) ) ;
#9408 = CARTESIAN_POINT ( 'NONE',  ( -1.050446608846517860, 1.999999999999999556, -1.505000000000002780 ) ) ;
#9409 = LINE ( 'NONE', #12253, #2567 ) ;
#9410 = VECTOR ( 'NONE', #3464, 1000.000000000000000 ) ;
#9411 = CARTESIAN_POINT ( 'NONE',  ( 0.0000000000000000000, 4.999999999999995559, -0.1000000000000000056 ) ) ;
#9412 = FACE_OUTER_BOUND ( 'NONE', #4984, .T. ) ;
#9413 = VECTOR ( 'NONE', #2830, 1000.000000000000000 ) ;
#9414 = LINE ( 'NONE', #884, #1492 ) ;
#9415 = ORIENTED_EDGE ( 'NONE', *, *, #594, .T. ) ;
#9416 = DIRECTION ( 'NONE',  ( -1.000000000000000000, 0.0000000000000000000, -0.0000000000000000000 ) ) ;
#9417 = ADVANCED_FACE ( 'NONE', ( #1593 ), #839, .F. ) ;
#9418 = AXIS2_PLACEMENT_3D ( 'NONE', #9943, #6098, #7135 ) ;
#9419 = EDGE_CURVE ( 'NONE', #8470, #11244, #777, .T. ) ;
#9420 = CARTESIAN_POINT ( 'NONE',  ( 4.319999999996115392, 7.299999999993270094, 0.3549999999999996492 ) ) ;
#9421 =( LENGTH_UNIT ( ) NAMED_UNIT ( * ) SI_UNIT ( .MILLI., .METRE. ) );
#9422 = CARTESIAN_POINT ( 'NONE',  ( -2.890000000000000124, 1.050000000000000044, 2.184999999999999165 ) ) ;
#9423 = LINE ( 'NONE', #8412, #4098 ) ;
#9424 = ORIENTED_EDGE ( 'NONE', *, *, #548, .F. ) ;
#9425 = CARTESIAN_POINT ( 'NONE',  ( 3.350000000000000977, 4.999999999999995559, 0.1000000000000000056 ) ) ;
#9426 = ORIENTED_EDGE ( 'NONE', *, *, #8268, .F. ) ;
#9427 = CARTESIAN_POINT ( 'NONE',  ( 0.1499999999999995781, 2.302902790585058312, -0.3750000000000000000 ) ) ;
#9428 = VERTEX_POINT ( 'NONE', #718 ) ;
#9429 = LINE ( 'NONE', #7422, #3326 ) ;
#9430 = EDGE_CURVE ( 'NONE', #11386, #1613, #4386, .T. ) ;
#9431 = ORIENTED_EDGE ( 'NONE', *, *, #11171, .F. ) ;
#9432 = LINE ( 'NONE', #3867, #9405 ) ;
#9433 = EDGE_CURVE ( 'NONE', #8868, #6370, #5560, .T. ) ;
#9434 = EDGE_CURVE ( 'NONE', #10316, #8552, #2688, .T. ) ;
#9435 = FACE_OUTER_BOUND ( 'NONE', #9294, .T. ) ;
#9436 = CARTESIAN_POINT ( 'NONE',  ( 0.8999999999999998002, 0.0000000000000000000, -0.3550000000000007039 ) ) ;
#9437 = ORIENTED_EDGE ( 'NONE', *, *, #9359, .T. ) ;
#9438 = DIRECTION ( 'NONE',  ( 0.0000000000000000000, 1.000000000000000000, 0.0000000000000000000 ) ) ;
#9439 = DIRECTION ( 'NONE',  ( 0.0000000000000000000, 1.000000000000000000, 0.0000000000000000000 ) ) ;
#9440 = EDGE_LOOP ( 'NONE', ( #5229, #7590, #10432, #12226 ) ) ;
#9441 = CARTESIAN_POINT ( 'NONE',  ( -3.350000000000000977, 5.541421356237306028, 0.1000000000000000056 ) ) ;
#9442 = ORIENTED_EDGE ( 'NONE', *, *, #2993, .T. ) ;
#9443 = LINE ( 'NONE', #728, #11518 ) ;
#9444 = ORIENTED_EDGE ( 'NONE', *, *, #9051, .T. ) ;
#9445 = VERTEX_POINT ( 'NONE', #3496 ) ;
#9446 = EDGE_CURVE ( 'NONE', #4598, #11862, #7236, .T. ) ;
#9447 = VECTOR ( 'NONE', #11223, 1000.000000000000000 ) ;
#9448 = FACE_OUTER_BOUND ( 'NONE', #9844, .T. ) ;
#9449 = AXIS2_PLACEMENT_3D ( 'NONE', #1811, #4677, #5601 ) ;
#9450 = CARTESIAN_POINT ( 'NONE',  ( 2.150000000000000355, 0.4000000000000004663, 1.304999999999999494 ) ) ;
#9451 = LINE ( 'NONE', #3945, #2106 ) ;
#9452 = ORIENTED_EDGE ( 'NONE', *, *, #7957, .T. ) ;
#9453 = DIRECTION ( 'NONE',  ( -0.0000000000000000000, 0.0000000000000000000, 1.000000000000000000 ) ) ;
#9454 = FILL_AREA_STYLE ('',( #1847 ) ) ;
#9455 = CIRCLE ( 'NONE', #1503, 0.9500000000021106006 ) ;
#9456 = ORIENTED_EDGE ( 'NONE', *, *, #2981, .T. ) ;
#9457 = ORIENTED_EDGE ( 'NONE', *, *, #2993, .F. ) ;
#9458 = CARTESIAN_POINT ( 'NONE',  ( 4.070000230595437252, 1.349999999998404254, 0.9714414002968979611 ) ) ;
#9459 = DIRECTION ( 'NONE',  ( -1.000000000000000000, 0.0000000000000000000, 0.0000000000000000000 ) ) ;
#9460 = VECTOR ( 'NONE', #10847, 1000.000000000000000 ) ;
#9461 = VERTEX_POINT ( 'NONE', #644 ) ;
#9462 = ORIENTED_EDGE ( 'NONE', *, *, #4102, .T. ) ;
#9463 = EDGE_CURVE ( 'NONE', #6573, #9704, #4449, .T. ) ;
#9464 = LINE ( 'NONE', #6700, #604 ) ;
#9465 = VECTOR ( 'NONE', #10740, 1000.000000000000000 ) ;
#9466 = CARTESIAN_POINT ( 'NONE',  ( -2.069999999999999396, 1.349999999999999201, 1.346421356237309519 ) ) ;
#9467 = VECTOR ( 'NONE', #9272, 1000.000000000000000 ) ;
#9468 = AXIS2_PLACEMENT_3D ( 'NONE', #7417, #11384, #825 ) ;
#9469 = AXIS2_PLACEMENT_3D ( 'NONE', #633, #11024, #6240 ) ;
#9470 = VERTEX_POINT ( 'NONE', #3557 ) ;
#9471 = LINE ( 'NONE', #3652, #7238 ) ;
#9472 = DIRECTION ( 'NONE',  ( 0.0000000000000000000, 1.000000000000000000, 0.0000000000000000000 ) ) ;
#9473 = CARTESIAN_POINT ( 'NONE',  ( 0.0000000000000000000, 0.0000000000000000000, 1.604999999999999760 ) ) ;
#9474 = DIRECTION ( 'NONE',  ( -1.000000000000000000, 0.0000000000000000000, 0.0000000000000000000 ) ) ;
#9475 = VECTOR ( 'NONE', #3752, 1000.000000000000000 ) ;
#9476 = VERTEX_POINT ( 'NONE', #11337 ) ;
#9477 = VECTOR ( 'NONE', #5233, 1000.000000000000000 ) ;
#9478 = ORIENTED_EDGE ( 'NONE', *, *, #8040, .F. ) ;
#9479 = ADVANCED_FACE ( 'NONE', ( #6789 ), #965, .F. ) ;
#9480 = ORIENTED_EDGE ( 'NONE', *, *, #9870, .F. ) ;
#9481 = AXIS2_PLACEMENT_3D ( 'NONE', #828, #11271, #8537 ) ;
#9482 = VECTOR ( 'NONE', #4755, 1000.000000000000000 ) ;
#9483 = PLANE ( 'NONE',  #5456 ) ;
#9484 = CARTESIAN_POINT ( 'NONE',  ( 3.549999999999999822, 0.4000000000000005218, 1.304999999999999494 ) ) ;
#9485 = SURFACE_SIDE_STYLE ('',( #2676 ) ) ;
#9486 = CARTESIAN_POINT ( 'NONE',  ( 2.050446608846518082, 0.0000000000000000000, 1.304999999999999716 ) ) ;
#9487 = LINE ( 'NONE', #4798, #10320 ) ;
#9488 = VERTEX_POINT ( 'NONE', #8422 ) ;
#9489 = DIRECTION ( 'NONE',  ( -1.244625060509296168E-16, -1.000000000000000000, 0.0000000000000000000 ) ) ;
#9490 = ORIENTED_EDGE ( 'NONE', *, *, #1314, .F. ) ;
#9491 = CARTESIAN_POINT ( 'NONE',  ( -1.969999999999999973, 0.0000000000000000000, 1.304999999999999716 ) ) ;
#9492 = EDGE_CURVE ( 'NONE', #11224, #1235, #4807, .T. ) ;
#9493 = EDGE_CURVE ( 'NONE', #8551, #4247, #8673, .T. ) ;
#9494 = VERTEX_POINT ( 'NONE', #2800 ) ;
#9495 = CARTESIAN_POINT ( 'NONE',  ( 2.150000000000000355, 0.0000000000000000000, 1.304999999999999494 ) ) ;
#9496 = CARTESIAN_POINT ( 'NONE',  ( -1.099999999999999867, -0.5999999999999995337, 1.604999999999999760 ) ) ;
#9497 = PLANE ( 'NONE',  #8670 ) ;
#9498 = VERTEX_POINT ( 'NONE', #1825 ) ;
#9499 = DIRECTION ( 'NONE',  ( 1.000000000000000000, 0.0000000000000000000, 0.0000000000000000000 ) ) ;
#9500 = ORIENTED_EDGE ( 'NONE', *, *, #5844, .T. ) ;
#9501 = CARTESIAN_POINT ( 'NONE',  ( -4.069999999999999396, 1.250000000000000000, 1.504999999999999449 ) ) ;
#9502 = EDGE_CURVE ( 'NONE', #2726, #3489, #9432, .T. ) ;
#9503 = DIRECTION ( 'NONE',  ( -1.000000000000000000, -0.0000000000000000000, -0.0000000000000000000 ) ) ;
#9504 = ORIENTED_EDGE ( 'NONE', *, *, #530, .T. ) ;
#9505 = EDGE_CURVE ( 'NONE', #11374, #11050, #1938, .T. ) ;
#9506 = ADVANCED_FACE ( 'NONE', ( #6729 ), #9799, .T. ) ;
#9507 = CARTESIAN_POINT ( 'NONE',  ( 1.400000000000000133, 7.299999999999999822, 1.604999999999999760 ) ) ;
#9508 = AXIS2_PLACEMENT_3D ( 'NONE', #23, #10465, #969 ) ;
#9509 = CARTESIAN_POINT ( 'NONE',  ( -1.850000000000000089, 5.787332622142050909, -0.3750000000000000000 ) ) ;
#9510 = ORIENTED_EDGE ( 'NONE', *, *, #2854, .F. ) ;
#9511 = DIRECTION ( 'NONE',  ( 1.000000000000000000, 0.0000000000000000000, -0.0000000000000000000 ) ) ;
#9512 = DIRECTION ( 'NONE',  ( -1.000000000000000000, 0.0000000000000000000, 0.0000000000000000000 ) ) ;
#9513 = AXIS2_PLACEMENT_3D ( 'NONE', #7514, #3774, #8635 ) ;
#9514 = EDGE_CURVE ( 'NONE', #5740, #1481, #4696, .T. ) ;
#9515 = ORIENTED_EDGE ( 'NONE', *, *, #8683, .F. ) ;
#9516 = PLANE ( 'NONE',  #6410 ) ;
#9517 = CARTESIAN_POINT ( 'NONE',  ( 3.868609925932228411, 1.349999999999999423, 1.249134564440577577 ) ) ;
#9518 = EDGE_LOOP ( 'NONE', ( #11572, #763, #1874, #5510 ) ) ;
#9519 = EDGE_CURVE ( 'NONE', #2070, #1997, #12271, .T. ) ;
#9520 = ORIENTED_EDGE ( 'NONE', *, *, #11680, .T. ) ;
#9521 = DIRECTION ( 'NONE',  ( 0.0000000000000000000, 1.000000000000000000, 0.0000000000000000000 ) ) ;
#9522 = PRODUCT ( 'D29E0DC9-5068-4971-9B44-6074E5159228', 'D29E0DC9-5068-4971-9B44-6074E5159228', '', ( #9898 ) ) ;
#9523 = PRESENTATION_LAYER_ASSIGNMENT (  '', '', ( #3922 ) ) ;
#9524 = DIRECTION ( 'NONE',  ( -1.000000000000000000, -0.0000000000000000000, -0.0000000000000000000 ) ) ;
#9525 = ORIENTED_EDGE ( 'NONE', *, *, #8665, .F. ) ;
#9526 =( NAMED_UNIT ( * ) PLANE_ANGLE_UNIT ( ) SI_UNIT ( $, .RADIAN. ) );
#9527 = LINE ( 'NONE', #4730, #12020 ) ;
#9528 = LINE ( 'NONE', #1002, #7213 ) ;
#9529 = EDGE_CURVE ( 'NONE', #963, #5329, #12209, .T. ) ;
#9530 = CARTESIAN_POINT ( 'NONE',  ( -3.219999999999999751, 0.0000000000000000000, 0.3549999999999994271 ) ) ;
#9531 = DIRECTION ( 'NONE',  ( 1.000000000000000000, 0.0000000000000000000, 0.0000000000000000000 ) ) ;
#9532 = CARTESIAN_POINT ( 'NONE',  ( 2.750000000000000888, 0.4000000000000004663, 1.304999999999999494 ) ) ;
#9533 = SURFACE_STYLE_FILL_AREA ( #1974 ) ;
#9534 = ORIENTED_EDGE ( 'NONE', *, *, #8379, .F. ) ;
#9535 = CARTESIAN_POINT ( 'NONE',  ( 3.219999999999999751, 0.1000000000000000056, -1.205000000000000959 ) ) ;
#9536 = AXIS2_PLACEMENT_3D ( 'NONE', #10341, #477, #9129 ) ;
#9537 = FACE_OUTER_BOUND ( 'NONE', #5885, .T. ) ;
#9538 = EDGE_LOOP ( 'NONE', ( #4149, #9415, #11006, #5166 ) ) ;
#9539 = LINE ( 'NONE', #8348, #10238 ) ;
#9540 = DIRECTION ( 'NONE',  ( -1.000000000000000000, 0.0000000000000000000, 0.0000000000000000000 ) ) ;
#9541 = EDGE_LOOP ( 'NONE', ( #9834, #10421, #4359, #4937, #5536, #3823, #787, #11682, #1216, #11185, #2249, #7207 ) ) ;
#9542 = CARTESIAN_POINT ( 'NONE',  ( -1.969999999999999973, 3.449999999999999734, 1.604999999999999760 ) ) ;
#9543 = ORIENTED_EDGE ( 'NONE', *, *, #10409, .F. ) ;
#9544 = VECTOR ( 'NONE', #2723, 1000.000000000000000 ) ;
#9545 = EDGE_LOOP ( 'NONE', ( #7274, #22, #10372, #11921 ) ) ;
#9546 = DIRECTION ( 'NONE',  ( 1.000000000000000000, -0.0000000000000000000, 0.0000000000000000000 ) ) ;
#9547 = CARTESIAN_POINT ( 'NONE',  ( 4.069999999999999396, 1.349999999999999645, 0.9714414002968977391 ) ) ;
#9548 = DIRECTION ( 'NONE',  ( 0.0000000000000000000, -0.0000000000000000000, 1.000000000000000000 ) ) ;
#9549 = CARTESIAN_POINT ( 'NONE',  ( 1.899999999999999689, 0.1000000000000001305, 1.604999999999999760 ) ) ;
#9550 = CARTESIAN_POINT ( 'NONE',  ( -1.599999999999999867, 0.4000000000000003553, 1.304999999999999494 ) ) ;
#9551 = VECTOR ( 'NONE', #12280, 1000.000000000000000 ) ;
#9552 = EDGE_CURVE ( 'NONE', #1729, #6782, #3746, .T. ) ;
#9553 = CARTESIAN_POINT ( 'NONE',  ( -1.599999999999999867, -0.5999999999999995337, 1.304999999999999494 ) ) ;
#9554 = ORIENTED_EDGE ( 'NONE', *, *, #9921, .F. ) ;
#9555 = ORIENTED_EDGE ( 'NONE', *, *, #1341, .F. ) ;
#9556 = CARTESIAN_POINT ( 'NONE',  ( 4.471000000000000973, 4.299999999999999822, 1.904999999999999361 ) ) ;
#9557 = ORIENTED_EDGE ( 'NONE', *, *, #8117, .T. ) ;
#9558 = ORIENTED_EDGE ( 'NONE', *, *, #4329, .T. ) ;
#9559 = CARTESIAN_POINT ( 'NONE',  ( 4.070000000000000284, -1.270221856575269460E-16, 1.563578643762689735 ) ) ;
#9560 = VECTOR ( 'NONE', #10365, 1000.000000000000000 ) ;
#9561 = LINE ( 'NONE', #4823, #2994 ) ;
#9562 = VECTOR ( 'NONE', #9624, 1000.000000000000000 ) ;
#9563 = CARTESIAN_POINT ( 'NONE',  ( 2.150000000000000355, 0.4000000000000005218, 1.604999999999999760 ) ) ;
#9564 = ORIENTED_EDGE ( 'NONE', *, *, #6792, .T. ) ;
#9565 = LINE ( 'NONE', #5824, #2075 ) ;
#9566 = VECTOR ( 'NONE', #11953, 1000.000000000000000 ) ;
#9567 = DIRECTION ( 'NONE',  ( -1.000000000000000000, -0.0000000000000000000, -0.0000000000000000000 ) ) ;
#9568 = ORIENTED_EDGE ( 'NONE', *, *, #4718, .F. ) ;
#9569 = CARTESIAN_POINT ( 'NONE',  ( -2.069999999999999840, 1.249999999999999112, 1.405000000000000027 ) ) ;
#9570 = CARTESIAN_POINT ( 'NONE',  ( 0.09999999999999971412, -0.5999999999999995337, 1.304999999999999494 ) ) ;
#9571 = VECTOR ( 'NONE', #540, 1000.000000000000000 ) ;
#9572 = EDGE_CURVE ( 'NONE', #1607, #6797, #3813, .T. ) ;
#9573 = VECTOR ( 'NONE', #10922, 1000.000000000000000 ) ;
#9574 = DIRECTION ( 'NONE',  ( 0.0000000000000000000, 1.000000000000000000, 0.0000000000000000000 ) ) ;
#9575 = FACE_OUTER_BOUND ( 'NONE', #11582, .T. ) ;
#9576 = ORIENTED_EDGE ( 'NONE', *, *, #2996, .T. ) ;
#9577 = ADVANCED_FACE ( 'NONE', ( #2185 ), #5038, .F. ) ;
#9578 = AXIS2_PLACEMENT_3D ( 'NONE', #4496, #11200, #2666 ) ;
#9579 = EDGE_CURVE ( 'NONE', #11667, #8073, #8791, .T. ) ;
#9580 = CARTESIAN_POINT ( 'NONE',  ( -3.219999999999999751, 7.299999999999999822, 1.604999999999999538 ) ) ;
#9581 = CARTESIAN_POINT ( 'NONE',  ( 0.1500000000000000222, 5.787332622142050909, -0.3750000000000000000 ) ) ;
#9582 = CARTESIAN_POINT ( 'NONE',  ( 3.738250366908394184, -0.0000000000000000000, -1.038726331572899397 ) ) ;
#9583 = DIRECTION ( 'NONE',  ( 0.0000000000000000000, 0.0000000000000000000, -1.000000000000000000 ) ) ;
#9584 = ORIENTED_EDGE ( 'NONE', *, *, #11513, .T. ) ;
#9585 = ORIENTED_EDGE ( 'NONE', *, *, #2620, .T. ) ;
#9586 = DIRECTION ( 'NONE',  ( 1.000000000000000000, 0.0000000000000000000, -0.0000000000000000000 ) ) ;
#9587 = AXIS2_PLACEMENT_3D ( 'NONE', #11790, #9946, #10931 ) ;
#9588 = EDGE_CURVE ( 'NONE', #9476, #2309, #1338, .T. ) ;
#9589 = CARTESIAN_POINT ( 'NONE',  ( 4.169999999999999929, 7.040192378864668754, 0.3549999999999996492 ) ) ;
#9590 = ORIENTED_EDGE ( 'NONE', *, *, #1224, .F. ) ;
#9591 = CIRCLE ( 'NONE', #9794, 0.1000000000000002554 ) ;
#9592 = DIRECTION ( 'NONE',  ( -1.000000000000000000, 0.0000000000000000000, 0.0000000000000000000 ) ) ;
#9593 = EDGE_CURVE ( 'NONE', #10180, #1163, #4978, .T. ) ;
#9594 = LINE ( 'NONE', #10628, #10054 ) ;
#9595 = CARTESIAN_POINT ( 'NONE',  ( -3.219999999999999751, 0.0000000000000000000, -1.205000000000000959 ) ) ;
#9596 = DIRECTION ( 'NONE',  ( 0.0000000000000000000, -0.0000000000000000000, 1.000000000000000000 ) ) ;
#9597 = STYLED_ITEM ( 'NONE', ( #1583 ), #3438 ) ;
#9598 = ORIENTED_EDGE ( 'NONE', *, *, #12224, .T. ) ;
#9599 = ORIENTED_EDGE ( 'NONE', *, *, #1868, .F. ) ;
#9600 = AXIS2_PLACEMENT_3D ( 'NONE', #11233, #1843, #9328 ) ;
#9601 = AXIS2_PLACEMENT_3D ( 'NONE', #12198, #3668, #5547 ) ;
#9602 = ORIENTED_EDGE ( 'NONE', *, *, #6904, .F. ) ;
#9603 = DIRECTION ( 'NONE',  ( 0.0000000000000000000, 0.0000000000000000000, 1.000000000000000000 ) ) ;
#9604 = CARTESIAN_POINT ( 'NONE',  ( 4.469999999999999751, 1.200000000000000178, 0.0000000000000000000 ) ) ;
#9605 = CARTESIAN_POINT ( 'NONE',  ( 2.890000000000000124, 1.050000000000000044, 2.284999999915271474 ) ) ;
#9606 = ORIENTED_EDGE ( 'NONE', *, *, #5167, .F. ) ;
#9607 = FILL_AREA_STYLE_COLOUR ( '', #7502 ) ;
#9608 = CARTESIAN_POINT ( 'NONE',  ( 4.469999999999999751, 4.599999999999999645, 2.295000000000000817 ) ) ;
#9609 = VERTEX_POINT ( 'NONE', #11691 ) ;
#9610 = CARTESIAN_POINT ( 'NONE',  ( -1.969999999999999973, 1.284314575050761853, 1.563578643762689513 ) ) ;
#9611 = PRESENTATION_LAYER_ASSIGNMENT (  '', '', ( #9809 ) ) ;
#9612 = CARTESIAN_POINT ( 'NONE',  ( 1.649999999999999911, 5.787332622142040250, -0.3750000000000000000 ) ) ;
#9613 = VERTEX_POINT ( 'NONE', #253 ) ;
#9614 = EDGE_LOOP ( 'NONE', ( #2023, #405, #10595, #11637 ) ) ;
#9615 = ORIENTED_EDGE ( 'NONE', *, *, #2639, .F. ) ;
#9616 = CARTESIAN_POINT ( 'NONE',  ( 0.8500000000000000888, 5.787332622142043803, -0.3750000000000000000 ) ) ;
#9617 = EDGE_CURVE ( 'NONE', #11500, #3721, #5994, .T. ) ;
#9618 = LINE ( 'NONE', #4711, #9767 ) ;
#9619 = CARTESIAN_POINT ( 'NONE',  ( -1.050446608846517860, 1.999999999999999556, 2.595000000000000195 ) ) ;
#9620 = EDGE_LOOP ( 'NONE', ( #5718, #3550, #10331, #6595 ) ) ;
#9621 = FILL_AREA_STYLE ('',( #11521 ) ) ;
#9622 = ORIENTED_EDGE ( 'NONE', *, *, #8820, .F. ) ;
#9623 = FACE_OUTER_BOUND ( 'NONE', #1736, .T. ) ;
#9624 = DIRECTION ( 'NONE',  ( -0.0000000000000000000, -1.000000000000000000, -0.0000000000000000000 ) ) ;
#9625 = CARTESIAN_POINT ( 'NONE',  ( -3.219999999999999751, 7.299999999999999822, -1.605000000000000648 ) ) ;
#9626 = ORIENTED_EDGE ( 'NONE', *, *, #9802, .T. ) ;
#9627 = VECTOR ( 'NONE', #3934, 1000.000000000000000 ) ;
#9628 = ADVANCED_FACE ( 'NONE', ( #7984 ), #4120, .F. ) ;
#9629 = DIRECTION ( 'NONE',  ( -1.000000000000000000, -0.0000000000000000000, -0.0000000000000000000 ) ) ;
#9630 = CARTESIAN_POINT ( 'NONE',  ( 4.169999999999999041, 1.318156392760374995, 0.6496128747528819858 ) ) ;
#9631 = CYLINDRICAL_SURFACE ( 'NONE', #3065, 0.1000000000000002554 ) ;
#9632 = ORIENTED_EDGE ( 'NONE', *, *, #6792, .F. ) ;
#9633 = AXIS2_PLACEMENT_3D ( 'NONE', #2704, #9330, #1846 ) ;
#9634 =( NAMED_UNIT ( * ) PLANE_ANGLE_UNIT ( ) SI_UNIT ( $, .RADIAN. ) );
#9635 = CARTESIAN_POINT ( 'NONE',  ( -4.069999999999999396, 1.350000000000000089, 10.05355608965224157 ) ) ;
#9636 = CARTESIAN_POINT ( 'NONE',  ( -4.169999999999999929, 1.450000000000000178, 0.3549999999999994271 ) ) ;
#9637 = VECTOR ( 'NONE', #6201, 1000.000000000000000 ) ;
#9638 = LINE ( 'NONE', #11730, #11413 ) ;
#9639 = CARTESIAN_POINT ( 'NONE',  ( -1.969999999999999973, 0.0000000000000000000, 0.0000000000000000000 ) ) ;
#9640 = EDGE_CURVE ( 'NONE', #5362, #2915, #6911, .T. ) ;
#9641 = ORIENTED_EDGE ( 'NONE', *, *, #9588, .F. ) ;
#9642 = ORIENTED_EDGE ( 'NONE', *, *, #9593, .T. ) ;
#9643 = VECTOR ( 'NONE', #6854, 1000.000000000000000 ) ;
#9644 = DIRECTION ( 'NONE',  ( 0.0000000000000000000, 0.0000000000000000000, -1.000000000000000000 ) ) ;
#9645 = CIRCLE ( 'NONE', #4867, 0.1000000000000000472 ) ;
#9646 = EDGE_CURVE ( 'NONE', #8470, #8756, #1204, .T. ) ;
#9647 = VECTOR ( 'NONE', #4005, 1000.000000000000000 ) ;
#9648 = ADVANCED_FACE ( 'NONE', ( #7098 ), #4050, .T. ) ;
#9649 = AXIS2_PLACEMENT_3D ( 'NONE', #9806, #1283, #5054 ) ;
#9650 = FACE_BOUND ( 'NONE', #1010, .T. ) ;
#9651 = CARTESIAN_POINT ( 'NONE',  ( 0.0000000000000000000, 0.0000000000000000000, 1.304999999999999494 ) ) ;
#9652 = VERTEX_POINT ( 'NONE', #2245 ) ;
#9653 = LINE ( 'NONE', #9895, #5417 ) ;
#9654 = CARTESIAN_POINT ( 'NONE',  ( 4.469999999999999751, 7.299999999999999822, 0.0000000000000000000 ) ) ;
#9655 = CARTESIAN_POINT ( 'NONE',  ( -2.150446608846515506, 7.299999999999999822, 1.604999999999999760 ) ) ;
#9656 = CARTESIAN_POINT ( 'NONE',  ( 4.128578643762690348, 2.000000000000000000, -0.3549999999999997047 ) ) ;
#9657 = VECTOR ( 'NONE', #9035, 1000.000000000000000 ) ;
#9658 = VECTOR ( 'NONE', #10771, 1000.000000000000000 ) ;
#9659 = LINE ( 'NONE', #4040, #1518 ) ;
#9660 = DIRECTION ( 'NONE',  ( 1.000000000000000000, 0.0000000000000000000, -0.0000000000000000000 ) ) ;
#9661 = LINE ( 'NONE', #8538, #11112 ) ;
#9662 = AXIS2_PLACEMENT_3D ( 'NONE', #4191, #11629, #5039 ) ;
#9663 = ADVANCED_FACE ( 'NONE', ( #9973 ), #6124, .F. ) ;
#9664 = VERTEX_POINT ( 'NONE', #3095 ) ;
#9665 = VERTEX_POINT ( 'NONE', #8039 ) ;
#9666 = ORIENTED_EDGE ( 'NONE', *, *, #7495, .F. ) ;
#9667 = DIRECTION ( 'NONE',  ( 1.000000000000000000, -4.565061778886333058E-16, 0.0000000000000000000 ) ) ;
#9668 = EDGE_CURVE ( 'NONE', #6328, #11478, #7030, .T. ) ;
#9669 = AXIS2_PLACEMENT_3D ( 'NONE', #4636, #10466, #3818 ) ;
#9670 = AXIS2_PLACEMENT_3D ( 'NONE', #6253, #3559, #646 ) ;
#9671 = ORIENTED_EDGE ( 'NONE', *, *, #5065, .F. ) ;
#9672 = CARTESIAN_POINT ( 'NONE',  ( -4.070000000000000284, 0.04142135623730948402, 1.604999999999999316 ) ) ;
#9673 = CARTESIAN_POINT ( 'NONE',  ( 4.169999999999999929, 1.449999999999999512, 0.3549999999999994271 ) ) ;
#9674 = CARTESIAN_POINT ( 'NONE',  ( 1.928578643762690614, 0.8499999999999998668, 1.304999999999999716 ) ) ;
#9675 = VERTEX_POINT ( 'NONE', #2314 ) ;
#9676 = CARTESIAN_POINT ( 'NONE',  ( -2.069999999999999840, 1.249999999999999334, 1.604999999999999760 ) ) ;
#9677 = AXIS2_PLACEMENT_3D ( 'NONE', #11678, #6842, #3143 ) ;
#9678 = EDGE_CURVE ( 'NONE', #3997, #285, #9011, .T. ) ;
#9679 = CARTESIAN_POINT ( 'NONE',  ( 4.469999999999999751, 0.0000000000000000000, -0.3550000000000001488 ) ) ;
#9680 = EDGE_LOOP ( 'NONE', ( #2806, #7421, #7914, #10139, #3923, #2273, #1823 ) ) ;
#9681 = ORIENTED_EDGE ( 'NONE', *, *, #7267, .F. ) ;
#9682 = EDGE_CURVE ( 'NONE', #12301, #9336, #10707, .T. ) ;
#9683 = ORIENTED_EDGE ( 'NONE', *, *, #7393, .F. ) ;
#9684 = SURFACE_SIDE_STYLE ('',( #7109 ) ) ;
#9685 = CIRCLE ( 'NONE', #6688, 0.1000000000000000472 ) ;
#9686 = CARTESIAN_POINT ( 'NONE',  ( 2.739999999999999769, 1.249999999999999778, 1.604999999999999760 ) ) ;
#9687 = CARTESIAN_POINT ( 'NONE',  ( -0.6500000000000001332, 2.302902790585058312, 0.3750000000000000000 ) ) ;
#9688 = FACE_OUTER_BOUND ( 'NONE', #8187, .T. ) ;
#9689 = VERTEX_POINT ( 'NONE', #8735 ) ;
#9690 = CARTESIAN_POINT ( 'NONE',  ( 1.969999999999999529, 7.299999999999999822, 1.604999999999999760 ) ) ;
#9691 = ORIENTED_EDGE ( 'NONE', *, *, #7026, .T. ) ;
#9692 = CARTESIAN_POINT ( 'NONE',  ( 3.717918471982869288, 4.065758146820641628E-17, -1.205000000000000959 ) ) ;
#9693 = VECTOR ( 'NONE', #11896, 1000.000000000000114 ) ;
#9694 = DIRECTION ( 'NONE',  ( -1.000000000000000000, 0.0000000000000000000, 0.0000000000000000000 ) ) ;
#9695 = CARTESIAN_POINT ( 'NONE',  ( 4.170000000000000817, 1.272255148656448620, 0.7729878357076351847 ) ) ;
#9696 = DIRECTION ( 'NONE',  ( -1.000000000000000000, -0.0000000000000000000, -0.0000000000000000000 ) ) ;
#9697 = ORIENTED_EDGE ( 'NONE', *, *, #8250, .T. ) ;
#9698 = VECTOR ( 'NONE', #9096, 1000.000000000000000 ) ;
#9699 = FACE_OUTER_BOUND ( 'NONE', #10415, .T. ) ;
#9700 = EDGE_CURVE ( 'NONE', #10755, #2373, #191, .T. ) ;
#9701 = CARTESIAN_POINT ( 'NONE',  ( 0.0000000000000000000, 0.4000000000000003553, 1.304999999999999494 ) ) ;
#9702 = DIRECTION ( 'NONE',  ( 0.0000000000000000000, 0.0000000000000000000, -1.000000000000000000 ) ) ;
#9703 = ORIENTED_EDGE ( 'NONE', *, *, #10373, .F. ) ;
#9704 = VERTEX_POINT ( 'NONE', #6485 ) ;
#9705 = CLOSED_SHELL ( 'NONE', ( #4091, #7233, #11986, #4331, #5080, #10322 ) ) ;
#9706 = CARTESIAN_POINT ( 'NONE',  ( -3.219999999999999751, 0.0000000000000000000, -0.3550000000000004818 ) ) ;
#9707 = DIRECTION ( 'NONE',  ( -0.0000000000000000000, 1.000000000000000000, -1.224646799147353207E-16 ) ) ;
#9708 = CARTESIAN_POINT ( 'NONE',  ( 1.928578643762690170, 1.332842712474618718, 1.304999999999999938 ) ) ;
#9709 = ORIENTED_EDGE ( 'NONE', *, *, #7627, .T. ) ;
#9710 = DIRECTION ( 'NONE',  ( -1.000000000000000000, 0.0000000000000000000, 0.0000000000000000000 ) ) ;
#9711 = LINE ( 'NONE', #4966, #6067 ) ;
#9712 = CARTESIAN_POINT ( 'NONE',  ( -2.050446608846518082, 1.999999999999999556, -1.505000000000002780 ) ) ;
#9713 = EDGE_CURVE ( 'NONE', #7865, #5690, #5234, .T. ) ;
#9714 = CARTESIAN_POINT ( 'NONE',  ( 3.219999999999999751, 7.299999999999999822, -1.605000000000000648 ) ) ;
#9715 = ORIENTED_EDGE ( 'NONE', *, *, #3876, .T. ) ;
#9716 = CARTESIAN_POINT ( 'NONE',  ( 2.150000000000000355, 0.1000000000000000056, 1.504999999999999449 ) ) ;
#9717 = EDGE_LOOP ( 'NONE', ( #1346, #5006, #2006, #5639 ) ) ;
#9718 = CARTESIAN_POINT ( 'NONE',  ( -4.320000000000001172, 7.299999999999999822, 0.0000000000000000000 ) ) ;
#9719 = CARTESIAN_POINT ( 'NONE',  ( -4.469999999999999751, 0.1000000000000002554, 1.604999999999999760 ) ) ;
#9720 = VECTOR ( 'NONE', #232, 1000.000000000000000 ) ;
#9721 = VECTOR ( 'NONE', #11499, 1000.000000000000000 ) ;
#9722 = VERTEX_POINT ( 'NONE', #10213 ) ;
#9723 = EDGE_CURVE ( 'NONE', #12241, #9470, #9301, .T. ) ;
#9724 = DIRECTION ( 'NONE',  ( 0.0000000000000000000, -0.0000000000000000000, 1.000000000000000000 ) ) ;
#9725 = LINE ( 'NONE', #5930, #2686 ) ;
#9726 = LINE ( 'NONE', #2131, #5049 ) ;
#9727 = LINE ( 'NONE', #7033, #1837 ) ;
#9728 = EDGE_CURVE ( 'NONE', #11585, #2243, #8099, .T. ) ;
#9729 = EDGE_CURVE ( 'NONE', #11118, #776, #3414, .T. ) ;
#9730 = CYLINDRICAL_SURFACE ( 'NONE', #6870, 0.2500000000000002220 ) ;
#9731 = VERTEX_POINT ( 'NONE', #9048 ) ;
#9732 = CIRCLE ( 'NONE', #9147, 0.1000000000000000472 ) ;
#9733 = ORIENTED_EDGE ( 'NONE', *, *, #8137, .T. ) ;
#9734 = DIRECTION ( 'NONE',  ( -1.000000000000000000, 4.565061778886333058E-16, -0.0000000000000000000 ) ) ;
#9735 = ORIENTED_EDGE ( 'NONE', *, *, #5995, .F. ) ;
#9736 = ORIENTED_EDGE ( 'NONE', *, *, #5221, .F. ) ;
#9737 = ORIENTED_EDGE ( 'NONE', *, *, #10985, .T. ) ;
#9738 = DIRECTION ( 'NONE',  ( -1.000000000000000000, 0.0000000000000000000, 0.0000000000000000000 ) ) ;
#9739 = EDGE_CURVE ( 'NONE', #9032, #12279, #10146, .T. ) ;
#9740 = CARTESIAN_POINT ( 'NONE',  ( 4.069999999999999396, 1.249999999999999334, 1.504999999999999449 ) ) ;
#9741 = DIRECTION ( 'NONE',  ( 0.0000000000000000000, 0.0000000000000000000, 1.000000000000000000 ) ) ;
#9742 = VERTEX_POINT ( 'NONE', #4374 ) ;
#9743 = CARTESIAN_POINT ( 'NONE',  ( 3.219999999999999751, 7.299999999999999822, -1.605000000000000648 ) ) ;
#9744 = EDGE_CURVE ( 'NONE', #7381, #1182, #4434, .T. ) ;
#9745 = DIRECTION ( 'NONE',  ( -0.0000000000000000000, -1.000000000000000000, -0.0000000000000000000 ) ) ;
#9746 = CARTESIAN_POINT ( 'NONE',  ( 2.890000000000000124, 1.050000000000000044, 2.185000000054060365 ) ) ;
#9747 = ORIENTED_EDGE ( 'NONE', *, *, #8040, .T. ) ;
#9748 = SURFACE_SIDE_STYLE ('',( #3057 ) ) ;
#9749 = FACE_OUTER_BOUND ( 'NONE', #1033, .T. ) ;
#9750 = VECTOR ( 'NONE', #8233, 1000.000000000000000 ) ;
#9751 = VECTOR ( 'NONE', #6635, 1000.000000000000000 ) ;
#9752 = ORIENTED_EDGE ( 'NONE', *, *, #1076, .F. ) ;
#9753 = ADVANCED_FACE ( 'NONE', ( #6304 ), #1640, .T. ) ;
#9754 = ORIENTED_EDGE ( 'NONE', *, *, #9646, .F. ) ;
#9755 = LINE ( 'NONE', #2028, #11153 ) ;
#9756 = PLANE ( 'NONE',  #11044 ) ;
#9757 = VERTEX_POINT ( 'NONE', #2436 ) ;
#9758 = FACE_OUTER_BOUND ( 'NONE', #6048, .T. ) ;
#9759 = DIRECTION ( 'NONE',  ( -1.000000000000000000, 0.0000000000000000000, 0.0000000000000000000 ) ) ;
#9760 = FACE_OUTER_BOUND ( 'NONE', #9149, .T. ) ;
#9761 = CARTESIAN_POINT ( 'NONE',  ( -0.8999999999999999112, 0.4000000000000003553, 1.304999999999999494 ) ) ;
#9762 = VECTOR ( 'NONE', #1541, 1000.000000000000000 ) ;
#9763 = LINE ( 'NONE', #5081, #6467 ) ;
#9764 = ORIENTED_EDGE ( 'NONE', *, *, #3380, .F. ) ;
#9765 = EDGE_LOOP ( 'NONE', ( #9913, #9332, #9733, #675 ) ) ;
#9766 = PLANE ( 'NONE',  #3533 ) ;
#9767 = VECTOR ( 'NONE', #1951, 1000.000000000000000 ) ;
#9768 = DIRECTION ( 'NONE',  ( 0.0000000000000000000, 1.000000000000000000, 0.0000000000000000000 ) ) ;
#9769 = UNCERTAINTY_MEASURE_WITH_UNIT (LENGTH_MEASURE( 1.000000000000000082E-05 ), #4575, 'distance_accuracy_value', 'NONE');
#9770 = CARTESIAN_POINT ( 'NONE',  ( -1.599999999999999867, 0.4000000000000003553, 1.304999999999999494 ) ) ;
#9771 = EDGE_CURVE ( 'NONE', #5238, #6919, #7619, .T. ) ;
#9772 = VECTOR ( 'NONE', #5348, 1000.000000000000000 ) ;
#9773 = VERTEX_POINT ( 'NONE', #8159 ) ;
#9774 = CARTESIAN_POINT ( 'NONE',  ( -3.549999999999999822, 0.4000000000000005218, 1.304999999999999494 ) ) ;
#9775 = CARTESIAN_POINT ( 'NONE',  ( -0.3499999999999999778, 5.787332622142050909, -0.3750000000000000000 ) ) ;
#9776 = DIRECTION ( 'NONE',  ( 0.0000000000000000000, 0.0000000000000000000, -1.000000000000000000 ) ) ;
#9777 = CYLINDRICAL_SURFACE ( 'NONE', #10850, 0.9500000000000002887 ) ;
#9778 = EDGE_LOOP ( 'NONE', ( #4410, #11905, #3265, #3376 ) ) ;
#9779 = CARTESIAN_POINT ( 'NONE',  ( -1.050446608846517860, 1.999999999999999556, 2.595000000000000195 ) ) ;
#9780 = ORIENTED_EDGE ( 'NONE', *, *, #1758, .T. ) ;
#9781 = PLANE ( 'NONE',  #6580 ) ;
#9782 = VERTEX_POINT ( 'NONE', #7226 ) ;
#9783 = LINE ( 'NONE', #2055, #5123 ) ;
#9784 = VECTOR ( 'NONE', #11158, 1000.000000000000000 ) ;
#9785 = EDGE_CURVE ( 'NONE', #8338, #9445, #1695, .T. ) ;
#9786 = EDGE_CURVE ( 'NONE', #868, #221, #11084, .T. ) ;
#9787 = ORIENTED_EDGE ( 'NONE', *, *, #2769, .T. ) ;
#9788 = FACE_OUTER_BOUND ( 'NONE', #6339, .T. ) ;
#9789 = CARTESIAN_POINT ( 'NONE',  ( 1.649999999999999467, 2.302902790585047654, -0.3750000000000000000 ) ) ;
#9790 = DIRECTION ( 'NONE',  ( -0.0000000000000000000, -0.0000000000000000000, -1.000000000000000000 ) ) ;
#9791 = FILL_AREA_STYLE_COLOUR ( '', #2622 ) ;
#9792 = DIRECTION ( 'NONE',  ( 1.000000000000000000, -0.0000000000000000000, 0.0000000000000000000 ) ) ;
#9793 = LINE ( 'NONE', #11009, #9238 ) ;
#9794 = AXIS2_PLACEMENT_3D ( 'NONE', #5489, #1981, #5667 ) ;
#9795 = PLANE ( 'NONE',  #6924 ) ;
#9796 = VERTEX_POINT ( 'NONE', #6363 ) ;
#9797 = EDGE_CURVE ( 'NONE', #320, #7694, #7598, .T. ) ;
#9798 = ORIENTED_EDGE ( 'NONE', *, *, #4784, .T. ) ;
#9799 =( BOUNDED_SURFACE ( )  B_SPLINE_SURFACE ( 3, 2, ( 
 ( #901, #72, #9547 ),
 ( #10517, #2059, #1994 ),
 ( #5799, #5869, #137 ),
 ( #4753, #5621, #1081 ),
 ( #6610, #3925, #4866 ),
 ( #2742, #9673, #11393 ) ),
 .UNSPECIFIED., .F., .F., .T. ) 
 B_SPLINE_SURFACE_WITH_KNOTS ( ( 4, 2, 4 ),
 ( 3, 3 ),
 ( 0.0001644278201952444345, 0.0004911416820172268254, 0.0008178555438392091622 ),
 ( 0.0000000000000000000, 1.000000000000000000 ),
 .UNSPECIFIED. ) 
 GEOMETRIC_REPRESENTATION_ITEM ( )  RATIONAL_B_SPLINE_SURFACE ( (
 ( 1.000000000000000000, 0.7071067811865475727, 1.000000000000000000),
 ( 1.000000000000000000, 0.7987996385662948784, 1.000000000000000000),
 ( 1.000000000000000000, 0.8725222434082601231, 1.000000000000000000),
 ( 1.000000000000000000, 0.9733960418764512346, 1.000000000000000000),
 ( 1.000000000000000000, 1.000114498185249889, 1.000000000000000000),
 ( 1.000000000000000000, 1.000000000000000000, 1.000000000000000000) ) ) 
 REPRESENTATION_ITEM ( '' )  SURFACE ( )  );
#9800 = VERTEX_POINT ( 'NONE', #3603 ) ;
#9801 = EDGE_CURVE ( 'NONE', #3028, #298, #9591, .T. ) ;
#9802 = EDGE_CURVE ( 'NONE', #8603, #1944, #4741, .T. ) ;
#9803 = CARTESIAN_POINT ( 'NONE',  ( -0.09999999999999982514, 0.1000000000000000056, 1.504999999999999449 ) ) ;
#9804 = VECTOR ( 'NONE', #10817, 1000.000000000000000 ) ;
#9805 = DIRECTION ( 'NONE',  ( 1.000000000000000000, 0.0000000000000000000, 0.0000000000000000000 ) ) ;
#9806 = CARTESIAN_POINT ( 'NONE',  ( 1.099999999999999867, -0.5999999999999995337, 1.304999999999999494 ) ) ;
#9807 = ORIENTED_EDGE ( 'NONE', *, *, #12299, .F. ) ;
#9808 = CYLINDRICAL_SURFACE ( 'NONE', #2901, 0.1000000000000000472 ) ;
#9809 = STYLED_ITEM ( 'NONE', ( #11056 ), #3799 ) ;
#9810 = FACE_BOUND ( 'NONE', #7576, .T. ) ;
#9811 = CARTESIAN_POINT ( 'NONE',  ( 2.011421356237309332, 1.349999999999999201, 1.504999999999999227 ) ) ;
#9812 = DIRECTION ( 'NONE',  ( -0.0000000000000000000, -0.0000000000000000000, 1.000000000000000000 ) ) ;
#9813 = ORIENTED_EDGE ( 'NONE', *, *, #9949, .T. ) ;
#9814 = LINE ( 'NONE', #11526, #4182 ) ;
#9815 = EDGE_CURVE ( 'NONE', #5752, #8139, #4617, .T. ) ;
#9816 = EDGE_LOOP ( 'NONE', ( #3001, #2682, #11214, #2905 ) ) ;
#9817 = CARTESIAN_POINT ( 'NONE',  ( 1.099999999999999867, 0.4000000000000002998, 1.304999999999999494 ) ) ;
#9818 = EDGE_LOOP ( 'NONE', ( #2840, #7077, #10094, #3895 ) ) ;
#9819 = CARTESIAN_POINT ( 'NONE',  ( -3.549999999999999822, 7.299999999999999822, 1.604999999999999760 ) ) ;
#9820 = DIRECTION ( 'NONE',  ( -1.000000000000000000, -0.0000000000000000000, -0.0000000000000000000 ) ) ;
#9821 = ORIENTED_EDGE ( 'NONE', *, *, #9338, .T. ) ;
#9822 = CARTESIAN_POINT ( 'NONE',  ( 0.3999999999999996891, 0.0000000000000000000, 1.304999999999999494 ) ) ;
#9823 = CARTESIAN_POINT ( 'NONE',  ( -0.3999999999999996891, 0.4000000000000002998, 1.604999999999999760 ) ) ;
#9824 = DIRECTION ( 'NONE',  ( 0.0000000000000000000, 0.0000000000000000000, -1.000000000000000000 ) ) ;
#9825 = AXIS2_PLACEMENT_3D ( 'NONE', #846, #9381, #4637 ) ;
#9826 = FACE_OUTER_BOUND ( 'NONE', #8620, .T. ) ;
#9827 = CARTESIAN_POINT ( 'NONE',  ( 0.5999999999999997558, -0.5999999999999995337, 1.304999999999999494 ) ) ;
#9828 = EDGE_CURVE ( 'NONE', #6905, #968, #6545, .T. ) ;
#9829 = ORIENTED_EDGE ( 'NONE', *, *, #143, .T. ) ;
#9830 = CARTESIAN_POINT ( 'NONE',  ( 1.969999999999999973, 5.350000000000000533, 0.0000000000000000000 ) ) ;
#9831 = CARTESIAN_POINT ( 'NONE',  ( -1.969999999999999529, 1.249999999999999112, 1.504999999999999449 ) ) ;
#9832 = CIRCLE ( 'NONE', #8641, 0.1250000000000000000 ) ;
#9833 = CARTESIAN_POINT ( 'NONE',  ( 2.011421356237309332, 1.349999999999999645, 1.346421356237309519 ) ) ;
#9834 = ORIENTED_EDGE ( 'NONE', *, *, #10167, .T. ) ;
#9835 = VERTEX_POINT ( 'NONE', #3853 ) ;
#9836 = CARTESIAN_POINT ( 'NONE',  ( 1.969999999999999973, 1.349999999999999867, 0.0000000000000000000 ) ) ;
#9837 = DIRECTION ( 'NONE',  ( 0.0000000000000000000, 0.0000000000000000000, -1.000000000000000000 ) ) ;
#9838 = CARTESIAN_POINT ( 'NONE',  ( 0.09999999999999971412, -0.5999999999999995337, 1.304999999999999494 ) ) ;
#9839 = AXIS2_PLACEMENT_3D ( 'NONE', #12197, #6597, #1927 ) ;
#9840 = VERTEX_POINT ( 'NONE', #1012 ) ;
#9841 = MECHANICAL_DESIGN_GEOMETRIC_PRESENTATION_REPRESENTATION (  '', ( #5465 ), #4860 ) ;
#9842 = VECTOR ( 'NONE', #582, 1000.000000000000000 ) ;
#9843 = ORIENTED_EDGE ( 'NONE', *, *, #11565, .T. ) ;
#9844 = EDGE_LOOP ( 'NONE', ( #8935, #4021, #11332, #5792, #2400 ) ) ;
#9845 = COLOUR_RGB ( '',0.9686274509803921573, 0.8784313725490195957, 0.5999999999999999778 ) ;
#9846 = CARTESIAN_POINT ( 'NONE',  ( -4.169999999999999929, 0.1000000000000000194, 1.563578643762689735 ) ) ;
#9847 = CARTESIAN_POINT ( 'NONE',  ( 1.969999999999999973, 1.200000000000000178, 0.0000000000000000000 ) ) ;
#9848 = CIRCLE ( 'NONE', #2497, 0.1000000000000000472 ) ;
#9849 = MECHANICAL_DESIGN_GEOMETRIC_PRESENTATION_REPRESENTATION (  '', ( #8660 ), #5067 ) ;
#9850 = DIRECTION ( 'NONE',  ( 0.0000000000000000000, 0.0000000000000000000, 1.000000000000000000 ) ) ;
#9851 = CARTESIAN_POINT ( 'NONE',  ( -3.219999999999999751, 1.899999999999999911, 1.204999999999999627 ) ) ;
#9852 = SURFACE_STYLE_FILL_AREA ( #2976 ) ;
#9853 = AXIS2_PLACEMENT_3D ( 'NONE', #6546, #7481, #3797 ) ;
#9854 = CARTESIAN_POINT ( 'NONE',  ( -1.899999999999999689, 0.4000000000000002998, 1.304999999999999494 ) ) ;
#9855 = CARTESIAN_POINT ( 'NONE',  ( -1.149999999999999911, 5.787332622142050909, -0.3750000000000000000 ) ) ;
#9856 = ORIENTED_EDGE ( 'NONE', *, *, #4073, .T. ) ;
#9857 = ADVANCED_FACE ( 'NONE', ( #12196 ), #6, .F. ) ;
#9858 = ORIENTED_EDGE ( 'NONE', *, *, #5917, .F. ) ;
#9859 = VECTOR ( 'NONE', #3223, 1000.000000000000000 ) ;
#9860 = ORIENTED_EDGE ( 'NONE', *, *, #6128, .F. ) ;
#9861 = VERTEX_POINT ( 'NONE', #11440 ) ;
#9862 = CARTESIAN_POINT ( 'NONE',  ( -3.752233047033630253, 2.000000000000000000, 1.263578643762690135 ) ) ;
#9863 = LINE ( 'NONE', #8873, #6651 ) ;
#9864 = DIRECTION ( 'NONE',  ( -0.0000000000000000000, -1.000000000000000000, -0.0000000000000000000 ) ) ;
#9865 = ORIENTED_EDGE ( 'NONE', *, *, #10321, .T. ) ;
#9866 = VECTOR ( 'NONE', #8778, 1000.000000000000000 ) ;
#9867 = DIRECTION ( 'NONE',  ( 0.0000000000000000000, -0.0000000000000000000, 1.000000000000000000 ) ) ;
#9868 = EDGE_CURVE ( 'NONE', #10717, #11224, #821, .T. ) ;
#9869 = ADVANCED_FACE ( 'NONE', ( #2959 ), #5729, .T. ) ;
#9870 = EDGE_CURVE ( 'NONE', #8962, #11806, #1068, .T. ) ;
#9871 = ORIENTED_EDGE ( 'NONE', *, *, #10938, .F. ) ;
#9872 = CIRCLE ( 'NONE', #2516, 0.2999999999999999334 ) ;
#9873 = CARTESIAN_POINT ( 'NONE',  ( -3.250000000000000888, 5.499999999999994671, -0.1000000000000000194 ) ) ;
#9874 = VERTEX_POINT ( 'NONE', #3730 ) ;
#9875 = LINE ( 'NONE', #2279, #7983 ) ;
#9876 = VERTEX_POINT ( 'NONE', #7533 ) ;
#9877 = EDGE_CURVE ( 'NONE', #11489, #4633, #4853, .T. ) ;
#9878 = FILL_AREA_STYLE ('',( #6209 ) ) ;
#9879 = FACE_OUTER_BOUND ( 'NONE', #210, .T. ) ;
#9880 = PRESENTATION_STYLE_ASSIGNMENT (( #2462 ) ) ;
#9881 = VECTOR ( 'NONE', #2629, 1000.000000000000000 ) ;
#9882 = EDGE_CURVE ( 'NONE', #4633, #3935, #1188, .T. ) ;
#9883 =( NAMED_UNIT ( * ) SI_UNIT ( $, .STERADIAN. ) SOLID_ANGLE_UNIT ( ) );
#9884 = CARTESIAN_POINT ( 'NONE',  ( -2.890000000000000124, 1.050000000000000044, 2.284999999999999698 ) ) ;
#9885 = ORIENTED_EDGE ( 'NONE', *, *, #6541, .F. ) ;
#9886 = ORIENTED_EDGE ( 'NONE', *, *, #4732, .F. ) ;
#9887 = ORIENTED_EDGE ( 'NONE', *, *, #2414, .F. ) ;
#9888 = CARTESIAN_POINT ( 'NONE',  ( -4.469999999999999751, 0.1000000000000002554, 1.604999999999999760 ) ) ;
#9889 = UNCERTAINTY_MEASURE_WITH_UNIT (LENGTH_MEASURE( 1.000000000000000082E-05 ), #9123, 'distance_accuracy_value', 'NONE');
#9890 =( GEOMETRIC_REPRESENTATION_CONTEXT ( 3 ) GLOBAL_UNCERTAINTY_ASSIGNED_CONTEXT ( ( #10127 ) ) GLOBAL_UNIT_ASSIGNED_CONTEXT ( ( #11263, #7289, #1809 ) ) REPRESENTATION_CONTEXT ( 'NONE', 'WORKASPACE' ) );
#9891 = LINE ( 'NONE', #8969, #7775 ) ;
#9892 = CARTESIAN_POINT ( 'NONE',  ( 2.639999999988102974, 1.050000000000000044, 2.184999999999999165 ) ) ;
#9893 = ORIENTED_EDGE ( 'NONE', *, *, #10616, .T. ) ;
#9894 = ADVANCED_FACE ( 'NONE', ( #3973 ), #10627, .F. ) ;
#9895 = CARTESIAN_POINT ( 'NONE',  ( 1.599999999999999867, -0.5999999999999995337, 1.604999999999999760 ) ) ;
#9896 = ORIENTED_EDGE ( 'NONE', *, *, #11590, .T. ) ;
#9897 = DIRECTION ( 'NONE',  ( -1.000000000000000000, -0.0000000000000000000, 0.0000000000000000000 ) ) ;
#9898 = PRODUCT_CONTEXT ( 'NONE', #6162, 'mechanical' ) ;
#9899 = EDGE_CURVE ( 'NONE', #2405, #3227, #9653, .T. ) ;
#9900 = CARTESIAN_POINT ( 'NONE',  ( 0.5999999999999997558, -0.5999999999999995337, 1.304999999999999494 ) ) ;
#9901 = CIRCLE ( 'NONE', #7913, 0.1000000000000000472 ) ;
#9902 = ORIENTED_EDGE ( 'NONE', *, *, #9068, .T. ) ;
#9903 = CARTESIAN_POINT ( 'NONE',  ( -4.170000000000000817, 0.04142135623730913013, -0.9114971157455605821 ) ) ;
#9904 = ORIENTED_EDGE ( 'NONE', *, *, #10022, .F. ) ;
#9905 = AXIS2_PLACEMENT_3D ( 'NONE', #11436, #6770, #301 ) ;
#9906 = CARTESIAN_POINT ( 'NONE',  ( -4.469999999999999751, 0.4000000000000001887, 1.604999999999999760 ) ) ;
#9907 = ORIENTED_EDGE ( 'NONE', *, *, #11639, .T. ) ;
#9908 = EDGE_CURVE ( 'NONE', #2494, #8113, #8972, .T. ) ;
#9909 = CARTESIAN_POINT ( 'NONE',  ( -1.899999999999999689, -0.5999999999999995337, 1.304999999999999494 ) ) ;
#9910 = CARTESIAN_POINT ( 'NONE',  ( -4.121750233649832396, 1.364428222799072499, 0.7822221101040138791 ) ) ;
#9911 = DIRECTION ( 'NONE',  ( 1.000000000000000000, -1.734723475976807341E-16, 0.0000000000000000000 ) ) ;
#9912 = CARTESIAN_POINT ( 'NONE',  ( -4.469999999999999751, 4.299999999999999822, 2.295000000000000817 ) ) ;
#9913 = ORIENTED_EDGE ( 'NONE', *, *, #2717, .T. ) ;
#9914 = EDGE_LOOP ( 'NONE', ( #1501, #2779, #1315, #6569 ) ) ;
#9915 = CARTESIAN_POINT ( 'NONE',  ( 4.469999999999999751, 4.299999999999999822, 2.295000000000000817 ) ) ;
#9916 = ORIENTED_EDGE ( 'NONE', *, *, #12217, .T. ) ;
#9917 = VERTEX_POINT ( 'NONE', #4236 ) ;
#9918 = ORIENTED_EDGE ( 'NONE', *, *, #8130, .F. ) ;
#9919 = FILL_AREA_STYLE_COLOUR ( '', #5587 ) ;
#9920 = FACE_OUTER_BOUND ( 'NONE', #9000, .T. ) ;
#9921 = EDGE_CURVE ( 'NONE', #5568, #2583, #2046, .T. ) ;
#9922 = CARTESIAN_POINT ( 'NONE',  ( 1.899999999999999689, -0.5999999999999995337, 1.304999999999999494 ) ) ;
#9923 = CARTESIAN_POINT ( 'NONE',  ( 3.219999999999999751, 0.1000000000000000056, 1.504999999999999449 ) ) ;
#9924 = VERTEX_POINT ( 'NONE', #1128 ) ;
#9925 = CARTESIAN_POINT ( 'NONE',  ( 0.5999999999999997558, 0.4000000000000003553, 1.304999999999999494 ) ) ;
#9926 = AXIS2_PLACEMENT_3D ( 'NONE', #12187, #566, #812 ) ;
#9927 = CARTESIAN_POINT ( 'NONE',  ( 1.970000000000000417, 1.284314575050761631, 1.563578643762689735 ) ) ;
#9928 = DIRECTION ( 'NONE',  ( 1.244625060509296168E-16, 1.000000000000000000, -0.0000000000000000000 ) ) ;
#9929 = CARTESIAN_POINT ( 'NONE',  ( -2.149999999999999911, 5.787332622142050909, -0.3750000000000000000 ) ) ;
#9930 = ORIENTED_EDGE ( 'NONE', *, *, #7285, .F. ) ;
#9931 = FACE_OUTER_BOUND ( 'NONE', #4263, .T. ) ;
#9932 = FILL_AREA_STYLE ('',( #6145 ) ) ;
#9933 = EDGE_LOOP ( 'NONE', ( #6213, #12083, #1774, #3819 ) ) ;
#9934 = ORIENTED_EDGE ( 'NONE', *, *, #5253, .F. ) ;
#9935 = DIRECTION ( 'NONE',  ( -1.000000000000000000, 0.0000000000000000000, -0.0000000000000000000 ) ) ;
#9936 = ORIENTED_EDGE ( 'NONE', *, *, #5169, .F. ) ;
#9937 = CARTESIAN_POINT ( 'NONE',  ( 4.070000000000000284, 1.308578643762689619, 1.604999999999998872 ) ) ;
#9938 = EDGE_CURVE ( 'NONE', #8813, #7408, #3082, .T. ) ;
#9939 = EDGE_CURVE ( 'NONE', #10887, #7826, #12172, .T. ) ;
#9940 = DIRECTION ( 'NONE',  ( 1.000000000000000000, -0.0000000000000000000, 0.0000000000000000000 ) ) ;
#9941 = EDGE_LOOP ( 'NONE', ( #3377, #3447, #11448, #11464 ) ) ;
#9942 =( NAMED_UNIT ( * ) SI_UNIT ( $, .STERADIAN. ) SOLID_ANGLE_UNIT ( ) );
#9943 = CARTESIAN_POINT ( 'NONE',  ( -1.050446608846517860, 1.999999999999999556, 2.595000000000000195 ) ) ;
#9944 = AXIS2_PLACEMENT_3D ( 'NONE', #3162, #7736, #4876 ) ;
#9945 = CARTESIAN_POINT ( 'NONE',  ( 0.0000000000000000000, 5.787332622142050909, 0.3750000000000000000 ) ) ;
#9946 = DIRECTION ( 'NONE',  ( 0.0000000000000000000, 0.0000000000000000000, 1.000000000000000000 ) ) ;
#9947 = ORIENTED_EDGE ( 'NONE', *, *, #2108, .F. ) ;
#9948 = VERTEX_POINT ( 'NONE', #7900 ) ;
#9949 = EDGE_CURVE ( 'NONE', #8007, #9948, #2170, .T. ) ;
#9950 = DIRECTION ( 'NONE',  ( 0.0000000000000000000, -0.0000000000000000000, -1.000000000000000000 ) ) ;
#9951 = CARTESIAN_POINT ( 'NONE',  ( 0.09999999999999971412, -0.5999999999999995337, 1.304999999999999494 ) ) ;
#9952 = DIRECTION ( 'NONE',  ( 0.0000000000000000000, 0.0000000000000000000, 1.000000000000000000 ) ) ;
#9953 = ADVANCED_FACE ( 'NONE', ( #5024 ), #8841, .F. ) ;
#9954 = EDGE_CURVE ( 'NONE', #682, #4213, #374, .T. ) ;
#9955 = CARTESIAN_POINT ( 'NONE',  ( 0.09999999999999971412, -0.5999999999999995337, 1.304999999999999494 ) ) ;
#9956 = ORIENTED_EDGE ( 'NONE', *, *, #5374, .T. ) ;
#9957 = VECTOR ( 'NONE', #4445, 1000.000000000000000 ) ;
#9958 = LINE ( 'NONE', #5339, #5043 ) ;
#9959 = ORIENTED_EDGE ( 'NONE', *, *, #8004, .F. ) ;
#9960 = DIRECTION ( 'NONE',  ( 1.000000000000000000, 0.0000000000000000000, -0.0000000000000000000 ) ) ;
#9961 =( NAMED_UNIT ( * ) PLANE_ANGLE_UNIT ( ) SI_UNIT ( $, .RADIAN. ) );
#9962 = PRESENTATION_STYLE_ASSIGNMENT (( #3465 ) ) ;
#9963 = DIRECTION ( 'NONE',  ( -0.8660254037844373753, -0.5000000000000022204, 0.0000000000000000000 ) ) ;
#9964 = DIRECTION ( 'NONE',  ( -0.0000000000000000000, 1.000000000000000000, 0.0000000000000000000 ) ) ;
#9965 = ORIENTED_EDGE ( 'NONE', *, *, #5535, .T. ) ;
#9966 = CARTESIAN_POINT ( 'NONE',  ( -3.220000000000000195, 1.958578643762691085, -1.305000000000001492 ) ) ;
#9967 = ORIENTED_EDGE ( 'NONE', *, *, #12077, .F. ) ;
#9968 = CARTESIAN_POINT ( 'NONE',  ( 1.970000000000000417, 0.8914213562373088928, 1.563578643762689513 ) ) ;
#9969 = EDGE_CURVE ( 'NONE', #7605, #5579, #3201, .T. ) ;
#9970 = PLANE ( 'NONE',  #2274 ) ;
#9971 = ORIENTED_EDGE ( 'NONE', *, *, #3402, .F. ) ;
#9972 = CIRCLE ( 'NONE', #8573, 0.1000000000000000472 ) ;
#9973 = FACE_OUTER_BOUND ( 'NONE', #4057, .T. ) ;
#9974 = CARTESIAN_POINT ( 'NONE',  ( 4.169999999999999929, 4.000000000000000000, 1.904999999999999361 ) ) ;
#9975 = CARTESIAN_POINT ( 'NONE',  ( 0.5999999999999997558, -0.5999999999999995337, 1.304999999999999494 ) ) ;
#9976 =( NAMED_UNIT ( * ) SI_UNIT ( $, .STERADIAN. ) SOLID_ANGLE_UNIT ( ) );
#9977 = CYLINDRICAL_SURFACE ( 'NONE', #11253, 0.1000000000000000472 ) ;
#9978 = ORIENTED_EDGE ( 'NONE', *, *, #8138, .T. ) ;
#9979 = CARTESIAN_POINT ( 'NONE',  ( 3.219999999999999751, 2.000000000000000000, -0.3550000000000007039 ) ) ;
#9980 = PLANE ( 'NONE',  #3364 ) ;
#9981 = VERTEX_POINT ( 'NONE', #8377 ) ;
#9982 = EDGE_CURVE ( 'NONE', #7078, #630, #9203, .T. ) ;
#9983 = ORIENTED_EDGE ( 'NONE', *, *, #7411, .F. ) ;
#9984 = LINE ( 'NONE', #5502, #6577 ) ;
#9985 = CARTESIAN_POINT ( 'NONE',  ( -3.219999999999999751, 1.899999999999999911, 1.304999999999999716 ) ) ;
#9986 = DIRECTION ( 'NONE',  ( 0.0000000000000000000, 1.000000000000000000, 0.0000000000000000000 ) ) ;
#9987 = CARTESIAN_POINT ( 'NONE',  ( 0.3499999999999998113, 5.787332622142047356, -0.3750000000000000000 ) ) ;
#9988 = ORIENTED_EDGE ( 'NONE', *, *, #588, .F. ) ;
#9989 = LINE ( 'NONE', #534, #9693 ) ;
#9990 = CARTESIAN_POINT ( 'NONE',  ( 3.219999999999999751, 0.0000000000000000000, 1.304999999999999494 ) ) ;
#9991 = CARTESIAN_POINT ( 'NONE',  ( -3.219999999999999751, 5.350000000000000533, 0.3549999999999994271 ) ) ;
#9992 = DIRECTION ( 'NONE',  ( -1.000000000000000000, -0.0000000000000000000, -0.0000000000000000000 ) ) ;
#9993 = ORIENTED_EDGE ( 'NONE', *, *, #3986, .T. ) ;
#9994 = VECTOR ( 'NONE', #7166, 1000.000000000000000 ) ;
#9995 = EDGE_CURVE ( 'NONE', #9054, #1729, #11379, .T. ) ;
#9996 = ORIENTED_EDGE ( 'NONE', *, *, #2638, .T. ) ;
#9997 = AXIS2_PLACEMENT_3D ( 'NONE', #5722, #753, #4553 ) ;
#9998 = DIRECTION ( 'NONE',  ( 0.0000000000000000000, 1.000000000000000000, -0.0000000000000000000 ) ) ;
#9999 = EDGE_LOOP ( 'NONE', ( #10906, #11638, #6883, #7513, #9426 ) ) ;
#10000 = DIRECTION ( 'NONE',  ( 0.0000000000000000000, 0.0000000000000000000, 1.000000000000000000 ) ) ;
#10001 = ORIENTED_EDGE ( 'NONE', *, *, #4401, .F. ) ;
#10002 = FACE_OUTER_BOUND ( 'NONE', #6064, .T. ) ;
#10003 = ORIENTED_EDGE ( 'NONE', *, *, #9982, .T. ) ;
#10004 = FILL_AREA_STYLE_COLOUR ( '', #7595 ) ;
#10005 = CARTESIAN_POINT ( 'NONE',  ( -4.169999999999999929, 4.299999999999999822, 0.0000000000000000000 ) ) ;
#10006 = EDGE_LOOP ( 'NONE', ( #786, #9027, #7092, #5216 ) ) ;
#10007 = ORIENTED_EDGE ( 'NONE', *, *, #3234, .F. ) ;
#10008 = STYLED_ITEM ( 'NONE', ( #1909 ), #3861 ) ;
#10009 = EDGE_CURVE ( 'NONE', #11755, #7050, #10188, .T. ) ;
#10010 = EDGE_LOOP ( 'NONE', ( #5807, #2751, #5797, #9715 ) ) ;
#10011 = CARTESIAN_POINT ( 'NONE',  ( -1.050446608846517860, 1.999999999999999556, 2.595000000000000195 ) ) ;
#10012 = DIRECTION ( 'NONE',  ( 0.0000000000000000000, 0.0000000000000000000, 1.000000000000000000 ) ) ;
#10013 = FACE_OUTER_BOUND ( 'NONE', #5359, .T. ) ;
#10014 = ORIENTED_EDGE ( 'NONE', *, *, #5379, .T. ) ;
#10015 = ORIENTED_EDGE ( 'NONE', *, *, #4486, .F. ) ;
#10016 = EDGE_CURVE ( 'NONE', #11022, #6677, #8506, .T. ) ;
#10017 = DIRECTION ( 'NONE',  ( 0.0000000000000000000, 0.0000000000000000000, -1.000000000000000000 ) ) ;
#10018 = EDGE_LOOP ( 'NONE', ( #1260, #5747, #10079, #3866 ) ) ;
#10019 = ORIENTED_EDGE ( 'NONE', *, *, #6820, .F. ) ;
#10020 = EDGE_CURVE ( 'NONE', #3028, #6019, #7161, .T. ) ;
#10021 = CARTESIAN_POINT ( 'NONE',  ( -4.170000000000000817, 0.1000000000000000472, -0.3550000000000002598 ) ) ;
#10022 = EDGE_CURVE ( 'NONE', #10958, #10055, #735, .T. ) ;
#10023 = ORIENTED_EDGE ( 'NONE', *, *, #8720, .F. ) ;
#10024 = VECTOR ( 'NONE', #1682, 1000.000000000000000 ) ;
#10025 = VECTOR ( 'NONE', #7712, 1000.000000000000000 ) ;
#10026 = VECTOR ( 'NONE', #7937, 1000.000000000000000 ) ;
#10027 = DIRECTION ( 'NONE',  ( 1.000000000000000000, 0.0000000000000000000, 0.0000000000000000000 ) ) ;
#10028 = ORIENTED_EDGE ( 'NONE', *, *, #8351, .F. ) ;
#10029 = SURFACE_SIDE_STYLE ('',( #10083 ) ) ;
#10030 = LINE ( 'NONE', #3731, #2871 ) ;
#10031 = DIRECTION ( 'NONE',  ( 0.0000000000000000000, -1.000000000000000000, -0.0000000000000000000 ) ) ;
#10032 = VECTOR ( 'NONE', #3188, 1000.000000000000000 ) ;
#10033 = DIRECTION ( 'NONE',  ( -1.000000000000000000, 0.0000000000000000000, 1.224646799147353207E-16 ) ) ;
#10034 = MECHANICAL_DESIGN_GEOMETRIC_PRESENTATION_REPRESENTATION (  '', ( #11796 ), #2856 ) ;
#10035 = VECTOR ( 'NONE', #1594, 1000.000000000000000 ) ;
#10036 = VERTEX_POINT ( 'NONE', #11177 ) ;
#10037 = EDGE_CURVE ( 'NONE', #9757, #1833, #10248, .T. ) ;
#10038 = CARTESIAN_POINT ( 'NONE',  ( -2.949999999999999734, 0.4000000000000005218, 1.604999999999999760 ) ) ;
#10039 = ORIENTED_EDGE ( 'NONE', *, *, #6673, .F. ) ;
#10040 = ORIENTED_EDGE ( 'NONE', *, *, #7806, .T. ) ;
#10041 = VECTOR ( 'NONE', #3962, 1000.000000000000000 ) ;
#10042 = AXIS2_PLACEMENT_3D ( 'NONE', #6873, #5826, #6749 ) ;
#10043 = DIRECTION ( 'NONE',  ( 0.0000000000000000000, 1.000000000000000000, 0.0000000000000000000 ) ) ;
#10044 = VECTOR ( 'NONE', #1826, 1000.000000000000000 ) ;
#10045 = CARTESIAN_POINT ( 'NONE',  ( -3.249999999999998668, 5.499999999999994671, 0.3499999999999999223 ) ) ;
#10046 = CARTESIAN_POINT ( 'NONE',  ( -4.469999999999999751, 3.449999999999999734, 0.1250000000000000000 ) ) ;
#10047 = LINE ( 'NONE', #10911, #1274 ) ;
#10048 = DIRECTION ( 'NONE',  ( 0.0000000000000000000, -0.0000000000000000000, -1.000000000000000000 ) ) ;
#10049 = VECTOR ( 'NONE', #7151, 1000.000000000000000 ) ;
#10050 = AXIS2_PLACEMENT_3D ( 'NONE', #48, #10492, #10605 ) ;
#10051 = VERTEX_POINT ( 'NONE', #1730 ) ;
#10052 = DIRECTION ( 'NONE',  ( -1.000000000000000000, 0.0000000000000000000, -0.0000000000000000000 ) ) ;
#10053 = VECTOR ( 'NONE', #9596, 1000.000000000000000 ) ;
#10054 = VECTOR ( 'NONE', #7902, 1000.000000000000000 ) ;
#10055 = VERTEX_POINT ( 'NONE', #12041 ) ;
#10056 = FACE_OUTER_BOUND ( 'NONE', #8147, .T. ) ;
#10057 = VECTOR ( 'NONE', #4154, 1000.000000000000000 ) ;
#10058 = DIRECTION ( 'NONE',  ( -1.000000000000000000, -0.0000000000000000000, 0.0000000000000000000 ) ) ;
#10059 = AXIS2_PLACEMENT_3D ( 'NONE', #3429, #7366, #2627 ) ;
#10060 = ORIENTED_EDGE ( 'NONE', *, *, #6748, .F. ) ;
#10061 = CARTESIAN_POINT ( 'NONE',  ( 3.549999999999999378, 0.1000000000000001305, 1.604999999999999760 ) ) ;
#10062 = ORIENTED_EDGE ( 'NONE', *, *, #10292, .F. ) ;
#10063 = PLANE ( 'NONE',  #6068 ) ;
#10064 = DIRECTION ( 'NONE',  ( 0.0000000000000000000, 0.0000000000000000000, -1.000000000000000000 ) ) ;
#10065 = AXIS2_PLACEMENT_3D ( 'NONE', #638, #2440, #8353 ) ;
#10066 = ORIENTED_EDGE ( 'NONE', *, *, #2509, .T. ) ;
#10067 = CARTESIAN_POINT ( 'NONE',  ( 1.969999999999999973, 1.249999999999999778, 1.504999999999999449 ) ) ;
#10068 = CARTESIAN_POINT ( 'NONE',  ( -1.399999999999999689, 0.0000000000000000000, 1.304999999999999494 ) ) ;
#10069 = CARTESIAN_POINT ( 'NONE',  ( -0.3999999999999996891, 0.0000000000000000000, 1.604999999999999760 ) ) ;
#10070 = CARTESIAN_POINT ( 'NONE',  ( 2.011421356237309777, 1.349999999999999423, 1.405000000000000027 ) ) ;
#10071 = ORIENTED_EDGE ( 'NONE', *, *, #6614, .T. ) ;
#10072 = EDGE_CURVE ( 'NONE', #6699, #5522, #3509, .T. ) ;
#10073 = EDGE_LOOP ( 'NONE', ( #8901, #7956, #7998, #6802 ) ) ;
#10074 = DIRECTION ( 'NONE',  ( 0.0000000000000000000, 0.0000000000000000000, 1.000000000000000000 ) ) ;
#10075 = DIRECTION ( 'NONE',  ( 1.000000000000000000, 0.0000000000000000000, 0.0000000000000000000 ) ) ;
#10076 = ORIENTED_EDGE ( 'NONE', *, *, #2769, .F. ) ;
#10077 = FACE_OUTER_BOUND ( 'NONE', #10145, .T. ) ;
#10078 = DIRECTION ( 'NONE',  ( 1.000000000000000000, 0.0000000000000000000, 0.0000000000000000000 ) ) ;
#10079 = ORIENTED_EDGE ( 'NONE', *, *, #1236, .T. ) ;
#10080 = LINE ( 'NONE', #5414, #2352 ) ;
#10081 = CARTESIAN_POINT ( 'NONE',  ( -3.549999999999999822, 0.0000000000000000000, 1.304999999999999494 ) ) ;
#10082 = ORIENTED_EDGE ( 'NONE', *, *, #11762, .T. ) ;
#10083 = SURFACE_STYLE_FILL_AREA ( #3353 ) ;
#10084 = CARTESIAN_POINT ( 'NONE',  ( 1.969999999999999973, 0.7499999999999997780, 1.504999999999999449 ) ) ;
#10085 = ADVANCED_FACE ( 'NONE', ( #6515 ), #2358, .T. ) ;
#10086 = EDGE_CURVE ( 'NONE', #3635, #11806, #860, .T. ) ;
#10087 = PLANE ( 'NONE',  #9469 ) ;
#10088 = CARTESIAN_POINT ( 'NONE',  ( 0.5999999999999998668, 0.0000000000000000000, 1.304999999999999494 ) ) ;
#10089 = CARTESIAN_POINT ( 'NONE',  ( 0.0000000000000000000, 2.302902790585058312, -0.3750000000000000000 ) ) ;
#10090 = CARTESIAN_POINT ( 'NONE',  ( 1.750000000000000222, 6.500000000000000888, 0.1000000000000000056 ) ) ;
#10091 = ORIENTED_EDGE ( 'NONE', *, *, #5286, .F. ) ;
#10092 = DIRECTION ( 'NONE',  ( -0.0000000000000000000, -0.0000000000000000000, -1.000000000000000000 ) ) ;
#10093 = CARTESIAN_POINT ( 'NONE',  ( 2.750000000000000888, 0.4000000000000003553, 1.604999999999999760 ) ) ;
#10094 = ORIENTED_EDGE ( 'NONE', *, *, #12114, .T. ) ;
#10095 = CIRCLE ( 'NONE', #4745, 0.1000000000000000472 ) ;
#10096 = EDGE_CURVE ( 'NONE', #11558, #9225, #8440, .T. ) ;
#10097 = DIRECTION ( 'NONE',  ( 0.0000000000000000000, -1.000000000000000000, 0.0000000000000000000 ) ) ;
#10098 = EDGE_CURVE ( 'NONE', #776, #5540, #10369, .T. ) ;
#10099 = EDGE_CURVE ( 'NONE', #7078, #7681, #923, .T. ) ;
#10100 = CARTESIAN_POINT ( 'NONE',  ( 2.150000000000000355, 0.4000000000000004663, 1.304999999999999494 ) ) ;
#10101 = CARTESIAN_POINT ( 'NONE',  ( 3.219999999999999751, 0.1000000000000000056, 1.504999999999999449 ) ) ;
#10102 = ORIENTED_EDGE ( 'NONE', *, *, #4862, .T. ) ;
#10103 = LINE ( 'NONE', #12153, #5909 ) ;
#10104 = CARTESIAN_POINT ( 'NONE',  ( 3.219999999999999751, 7.040192378838128207, 0.3549999999999994271 ) ) ;
#10105 = ORIENTED_EDGE ( 'NONE', *, *, #10998, .F. ) ;
#10106 = CARTESIAN_POINT ( 'NONE',  ( 3.219999999999999751, 0.04142135623730946320, -1.305000000000001048 ) ) ;
#10107 = LINE ( 'NONE', #1600, #2 ) ;
#10108 = ORIENTED_EDGE ( 'NONE', *, *, #2419, .T. ) ;
#10109 = VERTEX_POINT ( 'NONE', #11254 ) ;
#10110 = ADVANCED_FACE ( 'NONE', ( #6530 ), #1802, .F. ) ;
#10111 = DIRECTION ( 'NONE',  ( -0.0000000000000000000, -0.0000000000000000000, 1.000000000000000000 ) ) ;
#10112 = DIRECTION ( 'NONE',  ( 0.7071067811865513475, 0.0000000000000000000, 0.7071067811865436870 ) ) ;
#10113 = EDGE_CURVE ( 'NONE', #5030, #1895, #3590, .T. ) ;
#10114 =( BOUNDED_SURFACE ( )  B_SPLINE_SURFACE ( 3, 3, ( 
 ( #5139, #9089, #12043, #10992 ),
 ( #8077, #9144, #421, #8959 ),
 ( #11059, #3448, #1425, #10868 ),
 ( #5205, #2411, #4228, #10808 ) ),
 .UNSPECIFIED., .F., .F., .T. ) 
 B_SPLINE_SURFACE_WITH_KNOTS ( ( 4, 4 ),
 ( 4, 4 ),
 ( 0.0000000000000000000, 1.000000000000000000 ),
 ( 0.0000000000000000000, 1.000000000000000000 ),
 .UNSPECIFIED. ) 
 GEOMETRIC_REPRESENTATION_ITEM ( )  RATIONAL_B_SPLINE_SURFACE ( (
 ( 1.000000000000000000, 0.8047378541243649375, 0.8047378541243649375, 1.000000000000000000),
 ( 0.8047378541243654926, 0.6476030138606880815, 0.6476030138606880815, 0.8047378541243654926),
 ( 0.8047378541243654926, 0.6476030138606880815, 0.6476030138606880815, 0.8047378541243654926),
 ( 1.000000000000000000, 0.8047378541243649375, 0.8047378541243649375, 1.000000000000000000) ) ) 
 REPRESENTATION_ITEM ( '' )  SURFACE ( )  );
#10115 = ORIENTED_EDGE ( 'NONE', *, *, #3764, .T. ) ;
#10116 = CARTESIAN_POINT ( 'NONE',  ( -3.712670859779673815, -0.0000000000000000000, -1.052142272957882652 ) ) ;
#10117 = DIRECTION ( 'NONE',  ( 0.0000000000000000000, 0.0000000000000000000, 1.000000000000000000 ) ) ;
#10118 = DIRECTION ( 'NONE',  ( 0.0000000000000000000, 0.0000000000000000000, -1.000000000000000000 ) ) ;
#10119 = ORIENTED_EDGE ( 'NONE', *, *, #8705, .F. ) ;
#10120 = CARTESIAN_POINT ( 'NONE',  ( 2.069999999999999840, 0.8328427124746189403, 1.604999999999999760 ) ) ;
#10121 = DIRECTION ( 'NONE',  ( 0.0000000000000000000, 0.0000000000000000000, -1.000000000000000000 ) ) ;
#10122 = CIRCLE ( 'NONE', #2755, 0.1250000000000000000 ) ;
#10123 = ORIENTED_EDGE ( 'NONE', *, *, #9493, .T. ) ;
#10124 = ORIENTED_EDGE ( 'NONE', *, *, #8705, .T. ) ;
#10125 = DIRECTION ( 'NONE',  ( 0.0000000000000000000, 0.0000000000000000000, -1.000000000000000000 ) ) ;
#10126 = DIRECTION ( 'NONE',  ( 1.000000000000000000, 0.0000000000000000000, -0.0000000000000000000 ) ) ;
#10127 = UNCERTAINTY_MEASURE_WITH_UNIT (LENGTH_MEASURE( 1.000000000000000082E-05 ), #11263, 'distance_accuracy_value', 'NONE');
#10128 = DIRECTION ( 'NONE',  ( -0.0000000000000000000, 1.000000000000000000, 0.0000000000000000000 ) ) ;
#10129 = AXIS2_PLACEMENT_3D ( 'NONE', #4215, #11779, #3244 ) ;
#10130 = ORIENTED_EDGE ( 'NONE', *, *, #11795, .F. ) ;
#10131 = ORIENTED_EDGE ( 'NONE', *, *, #2549, .F. ) ;
#10132 = LINE ( 'NONE', #1624, #5060 ) ;
#10133 = APPLICATION_PROTOCOL_DEFINITION ( 'draft international standard', 'automotive_design', 1998, #6391 ) ;
#10134 = DIRECTION ( 'NONE',  ( -1.000000000000000000, 0.0000000000000000000, 0.0000000000000000000 ) ) ;
#10135 = FACE_OUTER_BOUND ( 'NONE', #7501, .T. ) ;
#10136 = FACE_OUTER_BOUND ( 'NONE', #6901, .T. ) ;
#10137 = ORIENTED_EDGE ( 'NONE', *, *, #6234, .F. ) ;
#10138 = DIRECTION ( 'NONE',  ( 0.0000000000000000000, 0.0000000000000000000, -1.000000000000000000 ) ) ;
#10139 = ORIENTED_EDGE ( 'NONE', *, *, #10016, .T. ) ;
#10140 = AXIS2_PLACEMENT_3D ( 'NONE', #3507, #1605, #8372 ) ;
#10141 = EDGE_CURVE ( 'NONE', #5860, #3350, #11559, .T. ) ;
#10142 = EDGE_LOOP ( 'NONE', ( #3179, #5947, #4916, #8607 ) ) ;
#10143 = CIRCLE ( 'NONE', #6979, 0.1500000000000000222 ) ;
#10144 = DIRECTION ( 'NONE',  ( -1.000000000000000000, -0.0000000000000000000, -0.0000000000000000000 ) ) ;
#10145 = EDGE_LOOP ( 'NONE', ( #4313, #99, #436, #8619 ) ) ;
#10146 = LINE ( 'NONE', #9232, #6985 ) ;
#10147 = FACE_OUTER_BOUND ( 'NONE', #7698, .T. ) ;
#10148 = DIRECTION ( 'NONE',  ( -1.000000000000000000, 5.503564327337586626E-17, -0.0000000000000000000 ) ) ;
#10149 = LINE ( 'NONE', #2499, #6601 ) ;
#10150 = MECHANICAL_DESIGN_GEOMETRIC_PRESENTATION_REPRESENTATION (  '', ( #2592 ), #11146 ) ;
#10151 = SURFACE_STYLE_FILL_AREA ( #6366 ) ;
#10152 = DIRECTION ( 'NONE',  ( 0.0000000000000000000, 0.0000000000000000000, 1.000000000000000000 ) ) ;
#10153 = ORIENTED_EDGE ( 'NONE', *, *, #3299, .T. ) ;
#10154 = CIRCLE ( 'NONE', #3180, 0.1000000000000000472 ) ;
#10155 = FACE_OUTER_BOUND ( 'NONE', #7628, .T. ) ;
#10156 = LINE ( 'NONE', #3295, #9750 ) ;
#10157 = EDGE_CURVE ( 'NONE', #9675, #7470, #10202, .T. ) ;
#10158 = ADVANCED_FACE ( 'NONE', ( #7404 ), #4733, .F. ) ;
#10159 = VECTOR ( 'NONE', #1477, 1000.000000000000000 ) ;
#10160 = CARTESIAN_POINT ( 'NONE',  ( 0.3500000000000000333, 5.787332622142047356, -0.3750000000000000000 ) ) ;
#10161 = CIRCLE ( 'NONE', #10754, 0.1499999999999999667 ) ;
#10162 = DIRECTION ( 'NONE',  ( 0.0000000000000000000, -0.0000000000000000000, -1.000000000000000000 ) ) ;
#10163 = CARTESIAN_POINT ( 'NONE',  ( -1.650000000000000133, 2.302902790585058312, 0.3750000000000000000 ) ) ;
#10164 = ORIENTED_EDGE ( 'NONE', *, *, #2108, .T. ) ;
#10165 = LINE ( 'NONE', #3499, #552 ) ;
#10166 = DIRECTION ( 'NONE',  ( 1.000000000000000000, 0.0000000000000000000, 0.0000000000000000000 ) ) ;
#10167 = EDGE_CURVE ( 'NONE', #1226, #2138, #5530, .T. ) ;
#10168 = VECTOR ( 'NONE', #12285, 1000.000000000000114 ) ;
#10169 = CARTESIAN_POINT ( 'NONE',  ( -1.869999999999999662, 0.8500000000000007550, 1.563578643762689957 ) ) ;
#10170 = ORIENTED_EDGE ( 'NONE', *, *, #11042, .F. ) ;
#10171 = DIRECTION ( 'NONE',  ( 0.0000000000000000000, 0.0000000000000000000, -1.000000000000000000 ) ) ;
#10172 = DIRECTION ( 'NONE',  ( -1.000000000000000000, 0.0000000000000000000, -0.0000000000000000000 ) ) ;
#10173 = ADVANCED_FACE ( 'NONE', ( #11195 ), #4664, .F. ) ;
#10174 = EDGE_CURVE ( 'NONE', #8494, #10180, #807, .T. ) ;
#10175 = ORIENTED_EDGE ( 'NONE', *, *, #12290, .F. ) ;
#10176 = LINE ( 'NONE', #2699, #412 ) ;
#10177 = VECTOR ( 'NONE', #1394, 1000.000000000000000 ) ;
#10178 = DIRECTION ( 'NONE',  ( 0.0000000000000000000, 0.0000000000000000000, -1.000000000000000000 ) ) ;
#10179 = CYLINDRICAL_SURFACE ( 'NONE', #11828, 0.1250000000000000000 ) ;
#10180 = VERTEX_POINT ( 'NONE', #8395 ) ;
#10181 = CARTESIAN_POINT ( 'NONE',  ( -4.169999999999999929, 0.0000000000000000000, 0.3549999999999999267 ) ) ;
#10182 = LINE ( 'NONE', #9392, #5257 ) ;
#10183 = FACE_OUTER_BOUND ( 'NONE', #5650, .T. ) ;
#10184 = EDGE_CURVE ( 'NONE', #130, #5568, #1859, .T. ) ;
#10185 = ORIENTED_EDGE ( 'NONE', *, *, #1815, .T. ) ;
#10186 = LINE ( 'NONE', #7510, #12126 ) ;
#10187 = DIRECTION ( 'NONE',  ( -0.0000000000000000000, -1.000000000000000000, -0.0000000000000000000 ) ) ;
#10188 = CIRCLE ( 'NONE', #10573, 0.1000000000000000472 ) ;
#10189 = ORIENTED_EDGE ( 'NONE', *, *, #12142, .F. ) ;
#10190 = ORIENTED_EDGE ( 'NONE', *, *, #7, .F. ) ;
#10191 = ADVANCED_FACE ( 'NONE', ( #5591 ), #9406, .T. ) ;
#10192 = VERTEX_POINT ( 'NONE', #7521 ) ;
#10193 = PLANE ( 'NONE',  #10900 ) ;
#10194 = COLOUR_RGB ( '',0.9686274509803921573, 0.8784313725490195957, 0.5999999999999999778 ) ;
#10195 = CARTESIAN_POINT ( 'NONE',  ( 0.6500000000000001332, 5.787332622142047356, -0.3750000000000000000 ) ) ;
#10196 = DIRECTION ( 'NONE',  ( 0.0000000000000000000, 1.000000000000000000, 0.0000000000000000000 ) ) ;
#10197 = LINE ( 'NONE', #749, #9460 ) ;
#10198 = VERTEX_POINT ( 'NONE', #2775 ) ;
#10199 = CARTESIAN_POINT ( 'NONE',  ( -1.150000000000000133, 2.302902790585058312, -0.3750000000000000000 ) ) ;
#10200 = CARTESIAN_POINT ( 'NONE',  ( -3.219999999999999751, 3.449999999999999734, 0.3549999999999994271 ) ) ;
#10201 = EDGE_CURVE ( 'NONE', #4379, #8049, #6583, .T. ) ;
#10202 = LINE ( 'NONE', #6414, #866 ) ;
#10203 = VECTOR ( 'NONE', #170, 1000.000000000000000 ) ;
#10204 = LINE ( 'NONE', #564, #6494 ) ;
#10205 = CARTESIAN_POINT ( 'NONE',  ( 1.000000000000000000, 5.787332622142043803, -0.3750000000000000000 ) ) ;
#10206 = EDGE_CURVE ( 'NONE', #5714, #878, #12308, .T. ) ;
#10207 = EDGE_LOOP ( 'NONE', ( #9947, #10014, #7316, #7083 ) ) ;
#10208 = ORIENTED_EDGE ( 'NONE', *, *, #10925, .T. ) ;
#10209 = LINE ( 'NONE', #5483, #10877 ) ;
#10210 = LINE ( 'NONE', #4503, #8045 ) ;
#10211 = ORIENTED_EDGE ( 'NONE', *, *, #10526, .F. ) ;
#10212 = FACE_OUTER_BOUND ( 'NONE', #11562, .T. ) ;
#10213 = CARTESIAN_POINT ( 'NONE',  ( 3.219999999999999751, 1.349999999999999645, 1.405000000000000027 ) ) ;
#10214 = DIRECTION ( 'NONE',  ( 0.0000000000000000000, 1.000000000000000000, 0.0000000000000000000 ) ) ;
#10215 = DIRECTION ( 'NONE',  ( -1.000000000000000000, -0.0000000000000000000, -0.0000000000000000000 ) ) ;
#10216 = CARTESIAN_POINT ( 'NONE',  ( -4.469999999999999751, 7.299999999999999822, 1.604999999999999760 ) ) ;
#10217 = ORIENTED_EDGE ( 'NONE', *, *, #2999, .T. ) ;
#10218 = AXIS2_PLACEMENT_3D ( 'NONE', #4814, #1892, #11509 ) ;
#10219 = LINE ( 'NONE', #9239, #1622 ) ;
#10220 = ORIENTED_EDGE ( 'NONE', *, *, #10962, .T. ) ;
#10221 = ORIENTED_EDGE ( 'NONE', *, *, #2533, .T. ) ;
#10222 = ORIENTED_EDGE ( 'NONE', *, *, #10856, .T. ) ;
#10223 = CARTESIAN_POINT ( 'NONE',  ( -2.949999999999999734, -0.5999999999999993117, 1.604999999999999760 ) ) ;
#10224 = ORIENTED_EDGE ( 'NONE', *, *, #7611, .F. ) ;
#10225 = CARTESIAN_POINT ( 'NONE',  ( 4.469999999999999751, 3.575000000000000178, 0.1250000000000000000 ) ) ;
#10226 = VECTOR ( 'NONE', #2407, 1000.000000000000000 ) ;
#10227 = LINE ( 'NONE', #1714, #7058 ) ;
#10228 = VECTOR ( 'NONE', #6185, 1000.000000000000000 ) ;
#10229 = ORIENTED_EDGE ( 'NONE', *, *, #3416, .T. ) ;
#10230 = CARTESIAN_POINT ( 'NONE',  ( 2.750000000000000888, -0.5999999999999993117, 1.304999999999999494 ) ) ;
#10231 = EDGE_CURVE ( 'NONE', #10036, #8062, #1850, .T. ) ;
#10232 = EDGE_CURVE ( 'NONE', #2443, #9874, #5839, .T. ) ;
#10233 = DIRECTION ( 'NONE',  ( 0.0000000000000000000, 1.000000000000000000, 0.0000000000000000000 ) ) ;
#10234 = CARTESIAN_POINT ( 'NONE',  ( -2.000000000000000000, 2.302902790585058312, 0.3750000000000000000 ) ) ;
#10235 = CARTESIAN_POINT ( 'NONE',  ( -1.969999999999999085, 0.8914213562373102251, 1.504999999999999449 ) ) ;
#10236 = EDGE_LOOP ( 'NONE', ( #4545, #9747, #6943, #132 ) ) ;
#10237 = CARTESIAN_POINT ( 'NONE',  ( 4.469999999999999751, 5.350000000000000533, 0.3549999999999994271 ) ) ;
#10238 = VECTOR ( 'NONE', #12134, 1000.000000000000000 ) ;
#10239 = ORIENTED_EDGE ( 'NONE', *, *, #1461, .F. ) ;
#10240 = AXIS2_PLACEMENT_3D ( 'NONE', #12292, #4594, #10374 ) ;
#10241 =( GEOMETRIC_REPRESENTATION_CONTEXT ( 3 ) GLOBAL_UNCERTAINTY_ASSIGNED_CONTEXT ( ( #10752 ) ) GLOBAL_UNIT_ASSIGNED_CONTEXT ( ( #10340, #6659, #3672 ) ) REPRESENTATION_CONTEXT ( 'NONE', 'WORKASPACE' ) );
#10242 = AXIS2_PLACEMENT_3D ( 'NONE', #154, #8807, #9741 ) ;
#10243 = ORIENTED_EDGE ( 'NONE', *, *, #7927, .F. ) ;
#10244 = LINE ( 'NONE', #5514, #5773 ) ;
#10245 = DIRECTION ( 'NONE',  ( 0.0000000000000000000, 1.000000000000000000, 0.0000000000000000000 ) ) ;
#10246 = CARTESIAN_POINT ( 'NONE',  ( 0.0000000000000000000, 0.4000000000000003553, 1.304999999999999494 ) ) ;
#10247 = ORIENTED_EDGE ( 'NONE', *, *, #9068, .F. ) ;
#10248 = LINE ( 'NONE', #2703, #3011 ) ;
#10249 = CIRCLE ( 'NONE', #6476, 1.250000000000000000 ) ;
#10250 = VECTOR ( 'NONE', #1240, 1000.000000000000000 ) ;
#10251 = EDGE_CURVE ( 'NONE', #2332, #4517, #5777, .T. ) ;
#10252 = ADVANCED_FACE ( 'NONE', ( #294 ), #4898, .T. ) ;
#10253 = EDGE_CURVE ( 'NONE', #8135, #11852, #6937, .T. ) ;
#10254 = VECTOR ( 'NONE', #6611, 1000.000000000000000 ) ;
#10255 = ORIENTED_EDGE ( 'NONE', *, *, #3513, .F. ) ;
#10256 = DIRECTION ( 'NONE',  ( 0.0000000000000000000, 0.0000000000000000000, -1.000000000000000000 ) ) ;
#10257 = DIRECTION ( 'NONE',  ( 0.0000000000000000000, -1.000000000000000000, 0.0000000000000000000 ) ) ;
#10258 = EDGE_LOOP ( 'NONE', ( #11453, #7711, #12036, #8821 ) ) ;
#10259 = ORIENTED_EDGE ( 'NONE', *, *, #4421, .F. ) ;
#10260 = LINE ( 'NONE', #4546, #12298 ) ;
#10261 = VECTOR ( 'NONE', #7616, 1000.000000000000000 ) ;
#10262 = PLANE ( 'NONE',  #8103 ) ;
#10263 = UNCERTAINTY_MEASURE_WITH_UNIT (LENGTH_MEASURE( 1.000000000000000082E-05 ), #1519, 'distance_accuracy_value', 'NONE');
#10264 = ADVANCED_FACE ( 'NONE', ( #9699 ), #11539, .F. ) ;
#10265 = CARTESIAN_POINT ( 'NONE',  ( -1.952842712474619047, 1.449999999999998623, 1.304999999999999716 ) ) ;
#10266 = LINE ( 'NONE', #7688, #3048 ) ;
#10267 = ORIENTED_EDGE ( 'NONE', *, *, #12062, .F. ) ;
#10268 = EDGE_CURVE ( 'NONE', #8691, #5877, #10780, .T. ) ;
#10269 = ADVANCED_FACE ( 'NONE', ( #230 ), #4095, .F. ) ;
#10270 = LINE ( 'NONE', #12182, #6269 ) ;
#10271 = VECTOR ( 'NONE', #5611, 1000.000000000000000 ) ;
#10272 = DIRECTION ( 'NONE',  ( -0.0000000000000000000, 0.7071067811865421326, 0.7071067811865530128 ) ) ;
#10273 = LINE ( 'NONE', #4555, #2747 ) ;
#10274 = VERTEX_POINT ( 'NONE', #9761 ) ;
#10275 = DIRECTION ( 'NONE',  ( -1.000000000000000000, 0.0000000000000000000, -0.0000000000000000000 ) ) ;
#10276 =( BOUNDED_SURFACE ( )  B_SPLINE_SURFACE ( 3, 3, ( 
 ( #7679, #2923, #3820, #27 ),
 ( #10525, #5808, #9610, #7623 ),
 ( #6795, #10584, #11401, #2865 ),
 ( #2066, #6680, #5875, #9676 ) ),
 .UNSPECIFIED., .F., .F., .T. ) 
 B_SPLINE_SURFACE_WITH_KNOTS ( ( 4, 4 ),
 ( 4, 4 ),
 ( 0.0000000000000000000, 1.000000000000000000 ),
 ( 0.0000000000000000000, 1.000000000000000000 ),
 .UNSPECIFIED. ) 
 GEOMETRIC_REPRESENTATION_ITEM ( )  RATIONAL_B_SPLINE_SURFACE ( (
 ( 1.000000000000000000, 0.8047378541243640493, 0.8047378541243640493, 1.000000000000000000),
 ( 0.8047378541243646044, 0.6476030138606866382, 0.6476030138606866382, 0.8047378541243646044),
 ( 0.8047378541243646044, 0.6476030138606866382, 0.6476030138606866382, 0.8047378541243646044),
 ( 1.000000000000000000, 0.8047378541243640493, 0.8047378541243640493, 1.000000000000000000) ) ) 
 REPRESENTATION_ITEM ( '' )  SURFACE ( )  );
#10277 = DIRECTION ( 'NONE',  ( 1.000000000000000000, 0.0000000000000000000, 0.0000000000000000000 ) ) ;
#10278 = VERTEX_POINT ( 'NONE', #7886 ) ;
#10279 = LINE ( 'NONE', #5541, #5719 ) ;
#10280 = CIRCLE ( 'NONE', #8689, 0.1499999999999999667 ) ;
#10281 = ORIENTED_EDGE ( 'NONE', *, *, #2913, .T. ) ;
#10282 = ADVANCED_FACE ( 'NONE', ( #5013 ), #2220, .T. ) ;
#10283 = LINE ( 'NONE', #8595, #92 ) ;
#10284 = SURFACE_STYLE_FILL_AREA ( #12135 ) ;
#10285 = LINE ( 'NONE', #3604, #10271 ) ;
#10286 = DIRECTION ( 'NONE',  ( -0.0000000000000000000, -0.0000000000000000000, -1.000000000000000000 ) ) ;
#10287 = AXIS2_PLACEMENT_3D ( 'NONE', #10581, #2804, #9499 ) ;
#10288 = LINE ( 'NONE', #1767, #7575 ) ;
#10289 = ORIENTED_EDGE ( 'NONE', *, *, #81, .F. ) ;
#10290 = ORIENTED_EDGE ( 'NONE', *, *, #1292, .T. ) ;
#10291 = ORIENTED_EDGE ( 'NONE', *, *, #65, .T. ) ;
#10292 = EDGE_CURVE ( 'NONE', #8021, #10192, #8958, .T. ) ;
#10293 = DIRECTION ( 'NONE',  ( -0.0000000000000000000, -0.0000000000000000000, -1.000000000000000000 ) ) ;
#10294 = CIRCLE ( 'NONE', #9315, 0.1500000000397815059 ) ;
#10295 = CARTESIAN_POINT ( 'NONE',  ( 2.949999999999999734, 0.4000000000000004663, 1.304999999999999494 ) ) ;
#10296 = VERTEX_POINT ( 'NONE', #11914 ) ;
#10297 = CARTESIAN_POINT ( 'NONE',  ( -3.350000000000000977, 4.999999999999995559, 0.1000000000000000056 ) ) ;
#10298 = LINE ( 'NONE', #4759, #3480 ) ;
#10299 = CARTESIAN_POINT ( 'NONE',  ( -1.850000000000000533, 2.302902790585058312, -0.3750000000000000000 ) ) ;
#10300 = DIRECTION ( 'NONE',  ( 0.0000000000000000000, -0.0000000000000000000, 1.000000000000000000 ) ) ;
#10301 = DIRECTION ( 'NONE',  ( 0.0000000000000000000, 0.0000000000000000000, -1.000000000000000000 ) ) ;
#10302 = CLOSED_SHELL ( 'NONE', ( #11234, #5017, #10383, #993, #6154, #3078 ) ) ;
#10303 = VERTEX_POINT ( 'NONE', #420 ) ;
#10304 = ORIENTED_EDGE ( 'NONE', *, *, #11426, .T. ) ;
#10305 = ADVANCED_FACE ( 'NONE', ( #8075 ), #11788, .F. ) ;
#10306 = LINE ( 'NONE', #3632, #6975 ) ;
#10307 = DIRECTION ( 'NONE',  ( -1.000000000000000000, -0.0000000000000000000, 0.0000000000000000000 ) ) ;
#10308 = VERTEX_POINT ( 'NONE', #6159 ) ;
#10309 = DIRECTION ( 'NONE',  ( 1.000000000000000000, -0.0000000000000000000, 0.0000000000000000000 ) ) ;
#10310 = VECTOR ( 'NONE', #7410, 1000.000000000000000 ) ;
#10311 = CYLINDRICAL_SURFACE ( 'NONE', #4485, 0.1499999999999999667 ) ;
#10312 = EDGE_LOOP ( 'NONE', ( #8870, #8234, #3067, #7816 ) ) ;
#10313 = DIRECTION ( 'NONE',  ( 1.000000000000000000, 0.0000000000000000000, 0.0000000000000000000 ) ) ;
#10314 = DIRECTION ( 'NONE',  ( 0.0000000000000000000, 1.000000000000000000, 0.0000000000000000000 ) ) ;
#10315 = DIRECTION ( 'NONE',  ( -1.000000000000000000, -0.0000000000000000000, -0.0000000000000000000 ) ) ;
#10316 = VERTEX_POINT ( 'NONE', #11726 ) ;
#10317 = ORIENTED_EDGE ( 'NONE', *, *, #2481, .T. ) ;
#10318 = VECTOR ( 'NONE', #10442, 1000.000000000000000 ) ;
#10319 = ORIENTED_EDGE ( 'NONE', *, *, #579, .T. ) ;
#10320 = VECTOR ( 'NONE', #8599, 1000.000000000000000 ) ;
#10321 = EDGE_CURVE ( 'NONE', #4201, #5912, #4663, .T. ) ;
#10322 = ADVANCED_FACE ( 'NONE', ( #10002 ), #6454, .F. ) ;
#10323 = DIRECTION ( 'NONE',  ( 0.0000000000000000000, 0.0000000000000000000, 1.000000000000000000 ) ) ;
#10324 = CARTESIAN_POINT ( 'NONE',  ( 1.399999999999999689, 0.4000000000000002998, 1.604999999999999760 ) ) ;
#10325 = VERTEX_POINT ( 'NONE', #1732 ) ;
#10326 = CARTESIAN_POINT ( 'NONE',  ( -4.069999999999999396, 1.250000000000000000, 1.504999999999999449 ) ) ;
#10327 = DIRECTION ( 'NONE',  ( 1.000000000000000000, 0.0000000000000000000, 0.0000000000000000000 ) ) ;
#10328 =( GEOMETRIC_REPRESENTATION_CONTEXT ( 3 ) GLOBAL_UNCERTAINTY_ASSIGNED_CONTEXT ( ( #12111 ) ) GLOBAL_UNIT_ASSIGNED_CONTEXT ( ( #54, #11431, #2897 ) ) REPRESENTATION_CONTEXT ( 'NONE', 'WORKASPACE' ) );
#10329 = PLANE ( 'NONE',  #77 ) ;
#10330 = CARTESIAN_POINT ( 'NONE',  ( 3.917142272958029636, -0.0000000000000000000, -0.8476708597796525080 ) ) ;
#10331 = ORIENTED_EDGE ( 'NONE', *, *, #12222, .T. ) ;
#10332 = DIRECTION ( 'NONE',  ( -1.000000000000000000, -0.0000000000000000000, 0.0000000000000000000 ) ) ;
#10333 = ORIENTED_EDGE ( 'NONE', *, *, #3809, .F. ) ;
#10334 = ADVANCED_FACE ( 'NONE', ( #792 ), #3831, .T. ) ;
#10335 = EDGE_CURVE ( 'NONE', #8886, #1103, #8628, .T. ) ;
#10336 = AXIS2_PLACEMENT_3D ( 'NONE', #1471, #5255, #7122 ) ;
#10337 = DIRECTION ( 'NONE',  ( 0.0000000000000000000, 0.0000000000000000000, 1.000000000000000000 ) ) ;
#10338 = ORIENTED_EDGE ( 'NONE', *, *, #7647, .F. ) ;
#10339 = DIRECTION ( 'NONE',  ( 0.0000000000000000000, -0.0000000000000000000, 1.000000000000000000 ) ) ;
#10340 =( LENGTH_UNIT ( ) NAMED_UNIT ( * ) SI_UNIT ( .MILLI., .METRE. ) );
#10341 = CARTESIAN_POINT ( 'NONE',  ( -4.169999999999999929, 5.100000000000000533, 0.0000000000000000000 ) ) ;
#10342 = VECTOR ( 'NONE', #8106, 1000.000000000000000 ) ;
#10343 = EDGE_CURVE ( 'NONE', #10975, #5693, #11647, .T. ) ;
#10344 = VERTEX_POINT ( 'NONE', #4889 ) ;
#10345 = ORIENTED_EDGE ( 'NONE', *, *, #4117, .F. ) ;
#10346 = FACE_OUTER_BOUND ( 'NONE', #501, .T. ) ;
#10347 = EDGE_CURVE ( 'NONE', #10360, #9494, #1229, .T. ) ;
#10348 = EDGE_CURVE ( 'NONE', #2915, #10325, #7749, .T. ) ;
#10349 = ORIENTED_EDGE ( 'NONE', *, *, #12149, .F. ) ;
#10350 = LINE ( 'NONE', #5620, #93 ) ;
#10351 = CIRCLE ( 'NONE', #1015, 0.9500000000000002887 ) ;
#10352 = DIRECTION ( 'NONE',  ( 0.0000000000000000000, 1.000000000000000000, 0.0000000000000000000 ) ) ;
#10353 = CARTESIAN_POINT ( 'NONE',  ( 2.050446608846517638, 2.499999999999999556, 1.505000000000000115 ) ) ;
#10354 = DIRECTION ( 'NONE',  ( -1.000000000000000000, 0.0000000000000000000, 0.0000000000000000000 ) ) ;
#10355 = VERTEX_POINT ( 'NONE', #4942 ) ;
#10356 = VECTOR ( 'NONE', #10092, 1000.000000000000000 ) ;
#10357 = PLANE ( 'NONE',  #3687 ) ;
#10358 = DIRECTION ( 'NONE',  ( 0.0000000000000000000, 0.0000000000000000000, 1.000000000000000000 ) ) ;
#10359 = EDGE_CURVE ( 'NONE', #3639, #5294, #8565, .T. ) ;
#10360 = VERTEX_POINT ( 'NONE', #4008 ) ;
#10361 = VECTOR ( 'NONE', #9738, 1000.000000000000000 ) ;
#10362 = ORIENTED_EDGE ( 'NONE', *, *, #11017, .F. ) ;
#10363 = ORIENTED_EDGE ( 'NONE', *, *, #9282, .F. ) ;
#10364 = VECTOR ( 'NONE', #248, 1000.000000000000000 ) ;
#10365 = DIRECTION ( 'NONE',  ( -1.000000000000000000, -0.0000000000000000000, -0.0000000000000000000 ) ) ;
#10366 = CARTESIAN_POINT ( 'NONE',  ( 0.0000000000000000000, 0.0000000000000000000, 1.304999999999999494 ) ) ;
#10367 = DIRECTION ( 'NONE',  ( -0.0000000000000000000, -0.0000000000000000000, 1.000000000000000000 ) ) ;
#10368 = VERTEX_POINT ( 'NONE', #11581 ) ;
#10369 = LINE ( 'NONE', #5640, #8008 ) ;
#10370 = CIRCLE ( 'NONE', #4797, 1.250000000000000000 ) ;
#10371 = FACE_OUTER_BOUND ( 'NONE', #299, .T. ) ;
#10372 = ORIENTED_EDGE ( 'NONE', *, *, #11255, .T. ) ;
#10373 = EDGE_CURVE ( 'NONE', #9800, #11220, #11776, .T. ) ;
#10374 = DIRECTION ( 'NONE',  ( 1.000000000000000000, 0.0000000000000000000, -0.0000000000000000000 ) ) ;
#10375 = CARTESIAN_POINT ( 'NONE',  ( -1.050446608846517860, 1.999999999999999556, 2.595000000000000195 ) ) ;
#10376 = ORIENTED_EDGE ( 'NONE', *, *, #11529, .T. ) ;
#10377 = CARTESIAN_POINT ( 'NONE',  ( -2.069999999999999396, 1.391421356237308560, 1.305000000000000160 ) ) ;
#10378 = CIRCLE ( 'NONE', #12168, 0.1499999999999999667 ) ;
#10379 = ORIENTED_EDGE ( 'NONE', *, *, #7890, .T. ) ;
#10380 = CARTESIAN_POINT ( 'NONE',  ( -2.639999999972441724, 1.050000000000000044, 2.184999999999999165 ) ) ;
#10381 = VECTOR ( 'NONE', #8922, 1000.000000000000000 ) ;
#10382 = CARTESIAN_POINT ( 'NONE',  ( 0.0000000000000000000, 0.0000000000000000000, -1.305000000000001048 ) ) ;
#10383 = ADVANCED_FACE ( 'NONE', ( #2331 ), #11840, .T. ) ;
#10384 = EDGE_CURVE ( 'NONE', #3863, #2608, #6080, .T. ) ;
#10385 = DIRECTION ( 'NONE',  ( 0.0000000000000000000, 0.0000000000000000000, 1.000000000000000000 ) ) ;
#10386 = CARTESIAN_POINT ( 'NONE',  ( 1.500000000000000000, 2.302902790585047654, -0.3750000000000000000 ) ) ;
#10387 = EDGE_LOOP ( 'NONE', ( #11716, #2182, #10400, #418 ) ) ;
#10388 = COLOUR_RGB ( '',0.9686274509803921573, 0.8784313725490195957, 0.5999999999999999778 ) ;
#10389 = CARTESIAN_POINT ( 'NONE',  ( 3.140000000000000568, 1.050000000000000044, 1.604999999999999760 ) ) ;
#10390 = ORIENTED_EDGE ( 'NONE', *, *, #9771, .T. ) ;
#10391 = VECTOR ( 'NONE', #3575, 1000.000000000000000 ) ;
#10392 = CARTESIAN_POINT ( 'NONE',  ( 4.169999999999999929, 1.449999999999999734, 0.3549999999999994271 ) ) ;
#10393 = ORIENTED_EDGE ( 'NONE', *, *, #10489, .T. ) ;
#10394 = EDGE_CURVE ( 'NONE', #11950, #9773, #3311, .T. ) ;
#10395 = STYLED_ITEM ( 'NONE', ( #12117 ), #3735 ) ;
#10396 = SURFACE_STYLE_USAGE ( .BOTH. , #7536 ) ;
#10397 = EDGE_CURVE ( 'NONE', #11450, #1291, #6142, .T. ) ;
#10398 = EDGE_CURVE ( 'NONE', #10804, #8528, #3371, .T. ) ;
#10399 = LINE ( 'NONE', #1930, #8531 ) ;
#10400 = ORIENTED_EDGE ( 'NONE', *, *, #9337, .T. ) ;
#10401 = CARTESIAN_POINT ( 'NONE',  ( -2.069999999999999840, 1.349999999999999201, 1.504999999999999449 ) ) ;
#10402 = EDGE_CURVE ( 'NONE', #5524, #8686, #9832, .T. ) ;
#10403 = DIRECTION ( 'NONE',  ( 0.0000000000000000000, 0.0000000000000000000, -1.000000000000000000 ) ) ;
#10404 = CARTESIAN_POINT ( 'NONE',  ( 4.469999999999999751, 7.299999999999999822, 0.3549999999999994271 ) ) ;
#10405 = CARTESIAN_POINT ( 'NONE',  ( 2.949999999999999734, -0.5999999999999993117, 1.304999999999999494 ) ) ;
#10406 = VERTEX_POINT ( 'NONE', #4276 ) ;
#10407 =( NAMED_UNIT ( * ) PLANE_ANGLE_UNIT ( ) SI_UNIT ( $, .RADIAN. ) );
#10408 = CIRCLE ( 'NONE', #2838, 0.9500000000000002887 ) ;
#10409 = EDGE_CURVE ( 'NONE', #3122, #8021, #11899, .T. ) ;
#10410 = DIRECTION ( 'NONE',  ( -0.0000000000000000000, -0.0000000000000000000, -1.000000000000000000 ) ) ;
#10411 = ORIENTED_EDGE ( 'NONE', *, *, #5349, .F. ) ;
#10412 = FACE_OUTER_BOUND ( 'NONE', #730, .T. ) ;
#10413 = ORIENTED_EDGE ( 'NONE', *, *, #2402, .F. ) ;
#10414 = ORIENTED_EDGE ( 'NONE', *, *, #10926, .F. ) ;
#10415 = EDGE_LOOP ( 'NONE', ( #7737, #10229, #4288, #10924 ) ) ;
#10416 = CARTESIAN_POINT ( 'NONE',  ( -2.050446608846518082, 0.0000000000000000000, 1.304999999999999716 ) ) ;
#10417 = AXIS2_PLACEMENT_3D ( 'NONE', #3012, #10742, #5901 ) ;
#10418 = EDGE_CURVE ( 'NONE', #10958, #1241, #10913, .T. ) ;
#10419 = LINE ( 'NONE', #4883, #847 ) ;
#10420 = FACE_OUTER_BOUND ( 'NONE', #12099, .T. ) ;
#10421 = ORIENTED_EDGE ( 'NONE', *, *, #439, .T. ) ;
#10422 = DIRECTION ( 'NONE',  ( 0.0000000000000000000, 0.0000000000000000000, -1.000000000000000000 ) ) ;
#10423 = SURFACE_STYLE_USAGE ( .BOTH. , #12291 ) ;
#10424 = AXIS2_PLACEMENT_3D ( 'NONE', #8291, #572, #11945 ) ;
#10425 = VECTOR ( 'NONE', #8131, 1000.000000000000000 ) ;
#10426 = ORIENTED_EDGE ( 'NONE', *, *, #1353, .F. ) ;
#10427 = DIRECTION ( 'NONE',  ( 1.244625060509296168E-16, 1.000000000000000000, -0.0000000000000000000 ) ) ;
#10428 = DIRECTION ( 'NONE',  ( -1.100712865467517079E-16, 1.000000000000000000, 0.0000000000000000000 ) ) ;
#10429 = CARTESIAN_POINT ( 'NONE',  ( -4.469999999999999751, 7.299999999999999822, 1.604999999999999760 ) ) ;
#10430 = AXIS2_PLACEMENT_3D ( 'NONE', #8650, #7898, #7769 ) ;
#10431 = ORIENTED_EDGE ( 'NONE', *, *, #8888, .T. ) ;
#10432 = ORIENTED_EDGE ( 'NONE', *, *, #10037, .T. ) ;
#10433 = CARTESIAN_POINT ( 'NONE',  ( 0.1499999999999995781, 2.302902790585058312, -0.3750000000000000000 ) ) ;
#10434 = VECTOR ( 'NONE', #7465, 1000.000000000000000 ) ;
#10435 = CARTESIAN_POINT ( 'NONE',  ( -1.969999999999999529, 1.308578643762689619, 1.405000000000000027 ) ) ;
#10436 = VECTOR ( 'NONE', #11563, 1000.000000000000000 ) ;
#10437 = COLOUR_RGB ( '',0.9686274509803921573, 0.8784313725490195957, 0.5999999999999999778 ) ;
#10438 = AXIS2_PLACEMENT_3D ( 'NONE', #11818, #4440, #10893 ) ;
#10439 = VERTEX_POINT ( 'NONE', #589 ) ;
#10440 = LINE ( 'NONE', #5652, #281 ) ;
#10441 = LINE ( 'NONE', #9635, #2486 ) ;
#10442 = DIRECTION ( 'NONE',  ( -1.000000000000000000, -0.0000000000000000000, -0.0000000000000000000 ) ) ;
#10443 = FACE_OUTER_BOUND ( 'NONE', #5351, .T. ) ;
#10444 = VECTOR ( 'NONE', #6897, 1000.000000000000000 ) ;
#10445 = ORIENTED_EDGE ( 'NONE', *, *, #11188, .F. ) ;
#10446 = LINE ( 'NONE', #7828, #4751 ) ;
#10447 = ADVANCED_FACE ( 'NONE', ( #2393 ), #1468, .F. ) ;
#10448 = FACE_OUTER_BOUND ( 'NONE', #2292, .T. ) ;
#10449 = ORIENTED_EDGE ( 'NONE', *, *, #9700, .T. ) ;
#10450 = VECTOR ( 'NONE', #7418, 1000.000000000000000 ) ;
#10451 = CARTESIAN_POINT ( 'NONE',  ( -4.469999999999999751, 0.4000000000000001887, 1.604999999999999760 ) ) ;
#10452 = CARTESIAN_POINT ( 'NONE',  ( 1.849999999999999867, 2.302902790585044546, -0.3750000000000000000 ) ) ;
#10453 = DIRECTION ( 'NONE',  ( 0.0000000000000000000, -0.0000000000000000000, 1.000000000000000000 ) ) ;
#10454 = CARTESIAN_POINT ( 'NONE',  ( -4.469999999999999751, 0.7500000000000000000, 2.295000000000000817 ) ) ;
#10455 = ORIENTED_EDGE ( 'NONE', *, *, #2559, .F. ) ;
#10456 = CARTESIAN_POINT ( 'NONE',  ( 3.549999999999999822, 0.4000000000000004663, 1.304999999999999494 ) ) ;
#10457 = CARTESIAN_POINT ( 'NONE',  ( 1.899999999999999689, 0.4000000000000002998, 1.304999999999999494 ) ) ;
#10458 = EDGE_CURVE ( 'NONE', #8813, #9861, #11963, .T. ) ;
#10459 = EDGE_CURVE ( 'NONE', #7826, #10887, #11020, .T. ) ;
#10460 = ORIENTED_EDGE ( 'NONE', *, *, #3453, .F. ) ;
#10461 = DIRECTION ( 'NONE',  ( -0.0000000000000000000, 0.0000000000000000000, 1.000000000000000000 ) ) ;
#10462 = FACE_OUTER_BOUND ( 'NONE', #3392, .T. ) ;
#10463 = CARTESIAN_POINT ( 'NONE',  ( 4.121751057383287176, 1.364427670120165859, 0.7822220529576925374 ) ) ;
#10464 = ORIENTED_EDGE ( 'NONE', *, *, #1353, .T. ) ;
#10465 = DIRECTION ( 'NONE',  ( -1.000000000000000000, -0.0000000000000000000, -0.0000000000000000000 ) ) ;
#10466 = DIRECTION ( 'NONE',  ( 1.000000000000000000, 0.0000000000000000000, 0.0000000000000000000 ) ) ;
#10467 = ORIENTED_EDGE ( 'NONE', *, *, #5641, .F. ) ;
#10468 = DIRECTION ( 'NONE',  ( 0.0000000000000000000, 0.0000000000000000000, -1.000000000000000000 ) ) ;
#10469 = DIRECTION ( 'NONE',  ( -1.000000000000000000, 0.0000000000000000000, 0.0000000000000000000 ) ) ;
#10470 = EDGE_CURVE ( 'NONE', #10810, #6573, #7315, .T. ) ;
#10471 = ORIENTED_EDGE ( 'NONE', *, *, #7221, .T. ) ;
#10472 = LINE ( 'NONE', #1034, #5132 ) ;
#10473 = ADVANCED_FACE ( 'NONE', ( #653 ), #5100, .T. ) ;
#10474 = EDGE_CURVE ( 'NONE', #9948, #7945, #10957, .T. ) ;
#10475 = FACE_OUTER_BOUND ( 'NONE', #8047, .T. ) ;
#10476 = DIRECTION ( 'NONE',  ( 0.5000000000000022204, 0.8660254037844373753, 0.0000000000000000000 ) ) ;
#10477 = CARTESIAN_POINT ( 'NONE',  ( 4.469999999999999751, 1.049999999999999822, 2.295000000000000817 ) ) ;
#10478 = PLANE ( 'NONE',  #5887 ) ;
#10479 = VERTEX_POINT ( 'NONE', #11940 ) ;
#10480 = CARTESIAN_POINT ( 'NONE',  ( -1.599999999999999867, -0.5999999999999995337, 1.304999999999999494 ) ) ;
#10481 = CARTESIAN_POINT ( 'NONE',  ( -3.350000000000000533, 5.541421356237305140, -0.1000000000000000056 ) ) ;
#10482 =( NAMED_UNIT ( * ) PLANE_ANGLE_UNIT ( ) SI_UNIT ( $, .RADIAN. ) );
#10483 = CLOSED_SHELL ( 'NONE', ( #10085, #11058, #1206, #10920, #10828, #989 ) ) ;
#10484 = ORIENTED_EDGE ( 'NONE', *, *, #5005, .T. ) ;
#10485 = CARTESIAN_POINT ( 'NONE',  ( -1.599999999999999867, 0.4000000000000003553, 1.304999999999999494 ) ) ;
#10486 = DIRECTION ( 'NONE',  ( -0.0000000000000000000, -1.000000000000000000, -0.0000000000000000000 ) ) ;
#10487 = DIRECTION ( 'NONE',  ( 0.0000000000000000000, 1.000000000000000000, 0.0000000000000000000 ) ) ;
#10488 = ORIENTED_EDGE ( 'NONE', *, *, #7494, .T. ) ;
#10489 = EDGE_CURVE ( 'NONE', #2072, #9388, #9169, .T. ) ;
#10490 = LINE ( 'NONE', #4778, #1414 ) ;
#10491 = AXIS2_PLACEMENT_3D ( 'NONE', #8834, #2225, #2954 ) ;
#10492 = DIRECTION ( 'NONE',  ( 1.000000000000000000, -5.503564327337586626E-17, 0.0000000000000000000 ) ) ;
#10493 = ORIENTED_EDGE ( 'NONE', *, *, #1935, .T. ) ;
#10494 = LINE ( 'NONE', #108, #10041 ) ;
#10495 = DIRECTION ( 'NONE',  ( -1.244625060509296168E-16, -1.000000000000000000, 0.0000000000000000000 ) ) ;
#10496 = CARTESIAN_POINT ( 'NONE',  ( -2.949999999999999734, -0.5999999999999993117, 1.304999999999999494 ) ) ;
#10497 = ORIENTED_EDGE ( 'NONE', *, *, #9446, .T. ) ;
#10498 = CARTESIAN_POINT ( 'NONE',  ( -1.500000000000000000, 2.302902790585058312, -0.3750000000000000000 ) ) ;
#10499 = CARTESIAN_POINT ( 'NONE',  ( -4.469999999999999751, 5.350000000000000533, 1.604999999999999760 ) ) ;
#10500 = VECTOR ( 'NONE', #3309, 1000.000000000000000 ) ;
#10501 = FACE_OUTER_BOUND ( 'NONE', #4969, .T. ) ;
#10502 = ORIENTED_EDGE ( 'NONE', *, *, #3704, .F. ) ;
#10503 = CARTESIAN_POINT ( 'NONE',  ( 0.0000000000000000000, -0.5999999999999995337, 1.304999999999999494 ) ) ;
#10504 = FACE_OUTER_BOUND ( 'NONE', #8328, .T. ) ;
#10505 = FACE_OUTER_BOUND ( 'NONE', #4271, .T. ) ;
#10506 = CARTESIAN_POINT ( 'NONE',  ( -2.750000000000000000, 0.1000000000000000056, 1.504999999999999449 ) ) ;
#10507 = DIRECTION ( 'NONE',  ( -0.0000000000000000000, -0.0000000000000000000, -1.000000000000000000 ) ) ;
#10508 = DIRECTION ( 'NONE',  ( -1.000000000000000000, 0.0000000000000000000, -0.0000000000000000000 ) ) ;
#10509 = ORIENTED_EDGE ( 'NONE', *, *, #8195, .T. ) ;
#10510 = DIRECTION ( 'NONE',  ( 1.000000000000000000, 0.0000000000000000000, -0.0000000000000000000 ) ) ;
#10511 = ORIENTED_EDGE ( 'NONE', *, *, #8513, .F. ) ;
#10512 = VECTOR ( 'NONE', #5162, 1000.000000000000000 ) ;
#10513 = B_SPLINE_CURVE_WITH_KNOTS ( 'NONE', 3,
 ( #7351, #11144, #9910, #1395, #8992, #4256 ),
 .UNSPECIFIED., .F., .F.,
 ( 4, 2, 4 ),
 ( 0.0000000000000000000, 0.5000000000000001110, 1.000000000000000000 ),
 .UNSPECIFIED. ) ;
#10514 = CARTESIAN_POINT ( 'NONE',  ( -4.471000000000000973, 4.000000000000000000, 1.904999999999999361 ) ) ;
#10515 = VERTEX_POINT ( 'NONE', #6300 ) ;
#10516 = DIRECTION ( 'NONE',  ( 1.000000000000000000, -0.0000000000000000000, 0.0000000000000000000 ) ) ;
#10517 = CARTESIAN_POINT ( 'NONE',  ( 4.169999999999999929, 1.250000256909145957, 0.8619186190461280983 ) ) ;
#10518 = PLANE ( 'NONE',  #12023 ) ;
#10519 = CARTESIAN_POINT ( 'NONE',  ( -1.969999999999999973, 1.350000000000000089, 1.304999999999999716 ) ) ;
#10520 = ORIENTED_EDGE ( 'NONE', *, *, #11375, .F. ) ;
#10521 = DIRECTION ( 'NONE',  ( 0.0000000000000000000, 0.0000000000000000000, -1.000000000000000000 ) ) ;
#10522 = VECTOR ( 'NONE', #5631, 1000.000000000000000 ) ;
#10523 = CARTESIAN_POINT ( 'NONE',  ( -0.5999999999999997558, -0.5999999999999995337, 1.304999999999999494 ) ) ;
#10524 = ORIENTED_EDGE ( 'NONE', *, *, #6230, .T. ) ;
#10525 = CARTESIAN_POINT ( 'NONE',  ( -1.969999999999999973, 1.308578643762689619, 1.504999999999999227 ) ) ;
#10526 = EDGE_CURVE ( 'NONE', #11862, #7926, #1486, .T. ) ;
#10527 = EDGE_CURVE ( 'NONE', #3056, #9876, #11080, .T. ) ;
#10528 = FACE_OUTER_BOUND ( 'NONE', #2275, .T. ) ;
#10529 = ORIENTED_EDGE ( 'NONE', *, *, #9921, .T. ) ;
#10530 = VERTEX_POINT ( 'NONE', #7224 ) ;
#10531 = DIRECTION ( 'NONE',  ( 0.0000000000000000000, -1.000000000000000000, 0.0000000000000000000 ) ) ;
#10532 = VECTOR ( 'NONE', #2765, 1000.000000000000000 ) ;
#10533 = DIRECTION ( 'NONE',  ( 0.0000000000000000000, 1.000000000000000000, 0.0000000000000000000 ) ) ;
#10534 = EDGE_LOOP ( 'NONE', ( #1645, #10800, #2338, #9641 ) ) ;
#10535 = EDGE_CURVE ( 'NONE', #885, #8448, #7095, .T. ) ;
#10536 = LINE ( 'NONE', #5707, #8445 ) ;
#10537 = PLANE ( 'NONE',  #6626 ) ;
#10538 = AXIS2_PLACEMENT_3D ( 'NONE', #3301, #2384, #3167 ) ;
#10539 = ORIENTED_EDGE ( 'NONE', *, *, #1947, .T. ) ;
#10540 = EDGE_CURVE ( 'NONE', #7805, #4859, #1577, .T. ) ;
#10541 = ADVANCED_FACE ( 'NONE', ( #11754 ), #9970, .F. ) ;
#10542 = DIRECTION ( 'NONE',  ( 1.000000000000000000, 1.457991652501129353E-17, -2.525315619143248191E-17 ) ) ;
#10543 = CARTESIAN_POINT ( 'NONE',  ( -1.099999999999999867, 0.4000000000000003553, 1.304999999999999494 ) ) ;
#10544 = ORIENTED_EDGE ( 'NONE', *, *, #4569, .T. ) ;
#10545 = VECTOR ( 'NONE', #217, 1000.000000000000000 ) ;
#10546 = ORIENTED_EDGE ( 'NONE', *, *, #6938, .T. ) ;
#10547 = VECTOR ( 'NONE', #2094, 1000.000000000000000 ) ;
#10548 = DIRECTION ( 'NONE',  ( 0.0000000000000000000, -1.000000000000000000, 1.224646799147353207E-16 ) ) ;
#10549 = EDGE_CURVE ( 'NONE', #7168, #10810, #3864, .T. ) ;
#10550 = VECTOR ( 'NONE', #5537, 1000.000000000000000 ) ;
#10551 = CARTESIAN_POINT ( 'NONE',  ( -3.780664687720350692, 1.391421356237309448, 1.304999999999999716 ) ) ;
#10552 = FACE_OUTER_BOUND ( 'NONE', #12063, .T. ) ;
#10553 = DIRECTION ( 'NONE',  ( 0.0000000000000000000, 1.000000000000000000, 0.0000000000000000000 ) ) ;
#10554 = DIRECTION ( 'NONE',  ( 1.000000000000000000, 0.0000000000000000000, 0.0000000000000000000 ) ) ;
#10555 = CIRCLE ( 'NONE', #9190, 0.2999999999999999334 ) ;
#10556 = ORIENTED_EDGE ( 'NONE', *, *, #11927, .F. ) ;
#10557 = VERTEX_POINT ( 'NONE', #4435 ) ;
#10558 = CARTESIAN_POINT ( 'NONE',  ( -0.9504466088465185480, 2.599999999999999645, -1.605000000000000870 ) ) ;
#10559 = DIRECTION ( 'NONE',  ( 1.000000000000000000, 0.0000000000000000000, 0.0000000000000000000 ) ) ;
#10560 = PLANE ( 'NONE',  #8446 ) ;
#10561 = EDGE_LOOP ( 'NONE', ( #6351, #5180, #11081 ) ) ;
#10562 = VECTOR ( 'NONE', #10646, 1000.000000000000000 ) ;
#10563 = CARTESIAN_POINT ( 'NONE',  ( 2.291421356237309137, 6.599999999999999645, 0.1000000000000000056 ) ) ;
#10564 = SURFACE_STYLE_FILL_AREA ( #6949 ) ;
#10565 = CARTESIAN_POINT ( 'NONE',  ( 1.599999999999999867, -0.5999999999999995337, 1.304999999999999494 ) ) ;
#10566 = DIRECTION ( 'NONE',  ( 0.0000000000000000000, 0.0000000000000000000, 1.000000000000000000 ) ) ;
#10567 = CARTESIAN_POINT ( 'NONE',  ( -0.3500000000000004219, 2.302902790585058312, -0.3750000000000000000 ) ) ;
#10568 = ADVANCED_FACE ( 'NONE', ( #5350 ), #2493, .T. ) ;
#10569 = DIRECTION ( 'NONE',  ( -0.0000000000000000000, 1.000000000000000000, 0.0000000000000000000 ) ) ;
#10570 = DIRECTION ( 'NONE',  ( 0.0000000000000000000, 0.0000000000000000000, 1.000000000000000000 ) ) ;
#10571 = ORIENTED_EDGE ( 'NONE', *, *, #1903, .F. ) ;
#10572 = CARTESIAN_POINT ( 'NONE',  ( -2.750000000000000888, -0.5999999999999993117, 1.604999999999999760 ) ) ;
#10573 = AXIS2_PLACEMENT_3D ( 'NONE', #2579, #12166, #665 ) ;
#10574 = SURFACE_SIDE_STYLE ('',( #1077 ) ) ;
#10575 = COLOUR_RGB ( '',0.9686274509803921573, 0.8784313725490195957, 0.5999999999999999778 ) ;
#10576 = EDGE_LOOP ( 'NONE', ( #6564, #2041, #9093, #797 ) ) ;
#10577 = PLANE ( 'NONE',  #3458 ) ;
#10578 = DIRECTION ( 'NONE',  ( 0.0000000000000000000, -1.000000000000000000, 0.0000000000000000000 ) ) ;
#10579 = DIRECTION ( 'NONE',  ( -1.000000000000000000, -0.0000000000000000000, -0.0000000000000000000 ) ) ;
#10580 = DIRECTION ( 'NONE',  ( -0.0000000000000000000, 1.000000000000000000, -0.0000000000000000000 ) ) ;
#10581 = CARTESIAN_POINT ( 'NONE',  ( 0.5000000000000000000, 5.787332622142047356, -0.3750000000000000000 ) ) ;
#10582 = DIRECTION ( 'NONE',  ( -0.0000000000000000000, -0.0000000000000000000, -1.000000000000000000 ) ) ;
#10583 = ORIENTED_EDGE ( 'NONE', *, *, #6217, .F. ) ;
#10584 = CARTESIAN_POINT ( 'NONE',  ( -2.011421356237309332, 1.349999999999999645, 1.563578643762689957 ) ) ;
#10585 = CARTESIAN_POINT ( 'NONE',  ( -1.969999999999999973, 1.350000000000000089, 0.1499999999999999944 ) ) ;
#10586 = ORIENTED_EDGE ( 'NONE', *, *, #1308, .F. ) ;
#10587 = ORIENTED_EDGE ( 'NONE', *, *, #10458, .F. ) ;
#10588 = DIRECTION ( 'NONE',  ( 0.0000000000000000000, -1.000000000000000000, 0.0000000000000000000 ) ) ;
#10589 = EDGE_CURVE ( 'NONE', #2935, #9835, #2545, .T. ) ;
#10590 = DIRECTION ( 'NONE',  ( -0.0000000000000000000, -1.000000000000000000, -0.0000000000000000000 ) ) ;
#10591 = DIRECTION ( 'NONE',  ( 0.0000000000000000000, -1.000000000000000000, -0.0000000000000000000 ) ) ;
#10592 = EDGE_LOOP ( 'NONE', ( #6462, #1838, #4603, #2154 ) ) ;
#10593 =( LENGTH_UNIT ( ) NAMED_UNIT ( * ) SI_UNIT ( .MILLI., .METRE. ) );
#10594 = PLANE ( 'NONE',  #5025 ) ;
#10595 = ORIENTED_EDGE ( 'NONE', *, *, #7957, .F. ) ;
#10596 = DIRECTION ( 'NONE',  ( 0.0000000000000000000, 0.0000000000000000000, -1.000000000000000000 ) ) ;
#10597 = LINE ( 'NONE', #1105, #5778 ) ;
#10598 = PLANE ( 'NONE',  #5766 ) ;
#10599 = DIRECTION ( 'NONE',  ( 1.000000000000000000, 0.0000000000000000000, 0.0000000000000000000 ) ) ;
#10600 = ORIENTED_EDGE ( 'NONE', *, *, #11452, .F. ) ;
#10601 = AXIS2_PLACEMENT_3D ( 'NONE', #332, #4491, #3159 ) ;
#10602 = ORIENTED_EDGE ( 'NONE', *, *, #1461, .T. ) ;
#10603 = LINE ( 'NONE', #937, #6760 ) ;
#10604 = EDGE_CURVE ( 'NONE', #4466, #3810, #452, .T. ) ;
#10605 = DIRECTION ( 'NONE',  ( 0.0000000000000000000, 1.000000000000000000, 0.0000000000000000000 ) ) ;
#10606 = ORIENTED_EDGE ( 'NONE', *, *, #7627, .F. ) ;
#10607 = VECTOR ( 'NONE', #9206, 1000.000000000000000 ) ;
#10608 = CARTESIAN_POINT ( 'NONE',  ( -4.216891778957878145, 1.350000000000000089, 0.9307406942551579299 ) ) ;
#10609 = CARTESIAN_POINT ( 'NONE',  ( 2.890000000000000124, 1.050000000000000044, 2.185000000054060365 ) ) ;
#10610 = CARTESIAN_POINT ( 'NONE',  ( -4.170000000000001705, 1.377210440567172567, 0.5683295391614668901 ) ) ;
#10611 = VECTOR ( 'NONE', #10941, 1000.000000000000000 ) ;
#10612 = FILL_AREA_STYLE_COLOUR ( '', #1303 ) ;
#10613 = DIRECTION ( 'NONE',  ( 0.0000000000000000000, -0.0000000000000000000, -1.000000000000000000 ) ) ;
#10614 = FACE_OUTER_BOUND ( 'NONE', #1842, .T. ) ;
#10615 = ORIENTED_EDGE ( 'NONE', *, *, #8804, .F. ) ;
#10616 = EDGE_CURVE ( 'NONE', #1980, #10816, #3351, .T. ) ;
#10617 = VECTOR ( 'NONE', #242, 1000.000000000000000 ) ;
#10618 = LINE ( 'NONE', #6829, #7925 ) ;
#10619 = AXIS2_PLACEMENT_3D ( 'NONE', #5559, #9372, #7428 ) ;
#10620 = MECHANICAL_DESIGN_GEOMETRIC_PRESENTATION_REPRESENTATION (  '', ( #3474 ), #11607 ) ;
#10621 = PRODUCT_DEFINITION_CONTEXT ( 'detailed design', #6391, 'design' ) ;
#10622 = AXIS2_PLACEMENT_3D ( 'NONE', #470, #3497, #11035 ) ;
#10623 = DIRECTION ( 'NONE',  ( -1.000000000000000000, 0.0000000000000000000, -0.0000000000000000000 ) ) ;
#10624 = ADVANCED_FACE ( 'NONE', ( #385 ), #4372, .T. ) ;
#10625 = CARTESIAN_POINT ( 'NONE',  ( 4.270000000000000462, 1.349999999999999423, 0.3549999999999994271 ) ) ;
#10626 = ORIENTED_EDGE ( 'NONE', *, *, #10231, .F. ) ;
#10627 = PLANE ( 'NONE',  #250 ) ;
#10628 = CARTESIAN_POINT ( 'NONE',  ( 4.169999999999999929, 3.700000000000000178, 1.304999999999999494 ) ) ;
#10629 = CARTESIAN_POINT ( 'NONE',  ( 1.149999999999999911, 5.787332622142043803, -0.3750000000000000000 ) ) ;
#10630 = CONICAL_SURFACE ( 'NONE', #913, 0.2499999999578360332, 0.7853981636816653733 ) ;
#10631 = VECTOR ( 'NONE', #8702, 1000.000000000000000 ) ;
#10632 = FACE_OUTER_BOUND ( 'NONE', #6288, .T. ) ;
#10633 = CIRCLE ( 'NONE', #12034, 0.1000000000000002554 ) ;
#10634 = ORIENTED_EDGE ( 'NONE', *, *, #7765, .F. ) ;
#10635 = LINE ( 'NONE', #956, #9721 ) ;
#10636 = ORIENTED_EDGE ( 'NONE', *, *, #10852, .F. ) ;
#10637 = CARTESIAN_POINT ( 'NONE',  ( -4.069999999999999396, 1.899999999999999911, 0.3550000000000002598 ) ) ;
#10638 = VERTEX_POINT ( 'NONE', #11320 ) ;
#10639 = EDGE_CURVE ( 'NONE', #2054, #7023, #5665, .T. ) ;
#10640 = CARTESIAN_POINT ( 'NONE',  ( -3.250000000000001776, 4.999999999999995559, 0.1000000000000000056 ) ) ;
#10641 = VECTOR ( 'NONE', #9792, 1000.000000000000000 ) ;
#10642 = VECTOR ( 'NONE', #6731, 1000.000000000000000 ) ;
#10643 = ADVANCED_FACE ( 'NONE', ( #953 ), #6423, .T. ) ;
#10644 = EDGE_LOOP ( 'NONE', ( #7789, #6737, #3665, #9187, #7948 ) ) ;
#10645 = CARTESIAN_POINT ( 'NONE',  ( -4.170000000000000817, 0.06568542494923808317, 1.563578643762689513 ) ) ;
#10646 = DIRECTION ( 'NONE',  ( -0.7071067811865463515, 0.7071067811865487940, -0.0000000000000000000 ) ) ;
#10647 = DIRECTION ( 'NONE',  ( 0.0000000000000000000, -1.000000000000000000, 0.0000000000000000000 ) ) ;
#10648 = CARTESIAN_POINT ( 'NONE',  ( 1.899999999999999689, -0.5999999999999995337, 1.304999999999999494 ) ) ;
#10649 = DIRECTION ( 'NONE',  ( 1.000000000000000000, 0.0000000000000000000, 0.0000000000000000000 ) ) ;
#10650 = CARTESIAN_POINT ( 'NONE',  ( -4.394049177309269535E-17, 7.040192378864668754, -1.305000000000001048 ) ) ;
#10651 = ORIENTED_EDGE ( 'NONE', *, *, #11113, .T. ) ;
#10652 = ORIENTED_EDGE ( 'NONE', *, *, #11795, .T. ) ;
#10653 = CARTESIAN_POINT ( 'NONE',  ( 0.3499999999999999778, 5.787332622142047356, -0.3750000000000000000 ) ) ;
#10654 = EDGE_LOOP ( 'NONE', ( #11958, #199, #8614, #2208 ) ) ;
#10655 = EDGE_CURVE ( 'NONE', #10479, #9800, #10210, .T. ) ;
#10656 = ORIENTED_EDGE ( 'NONE', *, *, #7896, .T. ) ;
#10657 =( BOUNDED_SURFACE ( )  B_SPLINE_SURFACE ( 3, 3, ( 
 ( #3953, #9692, #6016, #2149 ),
 ( #5254, #8184, #11778, #10797 ),
 ( #10106, #1470, #5376, #9195 ),
 ( #11966, #9074, #409, #6144 ) ),
 .UNSPECIFIED., .F., .F., .T. ) 
 B_SPLINE_SURFACE_WITH_KNOTS ( ( 4, 4 ),
 ( 4, 4 ),
 ( 0.0000000000000000000, 1.000000000000000000 ),
 ( 0.0000000000000000000, 1.000000000000000000 ),
 .UNSPECIFIED. ) 
 GEOMETRIC_REPRESENTATION_ITEM ( )  RATIONAL_B_SPLINE_SURFACE ( (
 ( 1.000000000000000000, 0.8047378541243647154, 0.8047378541243647154, 1.000000000000000000),
 ( 0.8047378541243646044, 0.6476030138606871933, 0.6476030138606871933, 0.8047378541243646044),
 ( 0.8047378541243646044, 0.6476030138606871933, 0.6476030138606871933, 0.8047378541243646044),
 ( 1.000000000000000000, 0.8047378541243647154, 0.8047378541243647154, 1.000000000000000000) ) ) 
 REPRESENTATION_ITEM ( '' )  SURFACE ( )  );
#10658 = EDGE_LOOP ( 'NONE', ( #4223, #6437 ) ) ;
#10659 = VECTOR ( 'NONE', #11352, 1000.000000000000000 ) ;
#10660 = LINE ( 'NONE', #6194, #5604 ) ;
#10661 = DIRECTION ( 'NONE',  ( -0.0000000000000000000, 1.000000000000000000, -0.0000000000000000000 ) ) ;
#10662 = EDGE_LOOP ( 'NONE', ( #6618, #4593, #1488, #8136 ) ) ;
#10663 = CARTESIAN_POINT ( 'NONE',  ( -4.169999999999999929, 3.700000000000000178, 1.304999999999999494 ) ) ;
#10664 = PLANE ( 'NONE',  #716 ) ;
#10665 = DIRECTION ( 'NONE',  ( -1.000000000000000000, -0.0000000000000000000, 0.0000000000000000000 ) ) ;
#10666 = EDGE_LOOP ( 'NONE', ( #3401, #3193, #3766, #3525, #10376, #12169, #2233, #9555, #9057, #8097, #2603, #11874, #4436, #11395, #570, #8490 ) ) ;
#10667 = DIRECTION ( 'NONE',  ( 0.0000000000000000000, 0.0000000000000000000, 1.000000000000000000 ) ) ;
#10668 = VECTOR ( 'NONE', #5745, 1000.000000000000000 ) ;
#10669 = EDGE_LOOP ( 'NONE', ( #2398, #1469, #2003, #1776 ) ) ;
#10670 = EDGE_CURVE ( 'NONE', #5275, #3694, #493, .T. ) ;
#10671 = VERTEX_POINT ( 'NONE', #819 ) ;
#10672 = LINE ( 'NONE', #4222, #11617 ) ;
#10673 = ORIENTED_EDGE ( 'NONE', *, *, #7648, .F. ) ;
#10674 = PRESENTATION_LAYER_ASSIGNMENT (  '', '', ( #11078 ) ) ;
#10675 = CARTESIAN_POINT ( 'NONE',  ( -4.211377324348630324, 1.350000000000000311, 0.3456562121825669243 ) ) ;
#10676 = CARTESIAN_POINT ( 'NONE',  ( 1.869999999999999662, 1.249999999999999556, 1.405000000000000027 ) ) ;
#10677 = CARTESIAN_POINT ( 'NONE',  ( -4.169999999999999929, 1.402425641453269201, 0.4530795044341042743 ) ) ;
#10678 = CARTESIAN_POINT ( 'NONE',  ( -1.099999999999999867, 0.4000000000000003553, 1.304999999999999494 ) ) ;
#10679 = CARTESIAN_POINT ( 'NONE',  ( -2.291421356237309137, 6.599999999999999645, 0.1000000000000000056 ) ) ;
#10680 = DIRECTION ( 'NONE',  ( -0.0000000000000000000, 0.0000000000000000000, 1.000000000000000000 ) ) ;
#10681 = CARTESIAN_POINT ( 'NONE',  ( -1.099999999999999423, 0.0000000000000000000, 1.504999999999999449 ) ) ;
#10682 = EDGE_CURVE ( 'NONE', #1182, #12218, #8473, .T. ) ;
#10683 = EDGE_CURVE ( 'NONE', #9108, #4152, #4739, .T. ) ;
#10684 = CLOSED_SHELL ( 'NONE', ( #1148, #11844, #4793, #7436, #3811, #8298 ) ) ;
#10685 = DIRECTION ( 'NONE',  ( 0.0000000000000000000, -1.000000000000000000, -0.0000000000000000000 ) ) ;
#10686 = CARTESIAN_POINT ( 'NONE',  ( -1.750000000000000222, 0.0000000000000000000, -0.1000000000000000056 ) ) ;
#10687 = DIRECTION ( 'NONE',  ( -0.5000000000000022204, -0.8660254037844373753, -4.747053798287484740E-16 ) ) ;
#10688 = ORIENTED_EDGE ( 'NONE', *, *, #699, .F. ) ;
#10689 = CARTESIAN_POINT ( 'NONE',  ( 2.949999999999999734, 0.4000000000000004663, 1.304999999999999494 ) ) ;
#10690 = LINE ( 'NONE', #3084, #9255 ) ;
#10691 = CARTESIAN_POINT ( 'NONE',  ( -4.069999999999999396, 1.899999999999999911, -0.3550000000000003153 ) ) ;
#10692 = AXIS2_PLACEMENT_3D ( 'NONE', #10067, #8082, #10812 ) ;
#10693 = EDGE_CURVE ( 'NONE', #3440, #1997, #8406, .T. ) ;
#10694 = CARTESIAN_POINT ( 'NONE',  ( -1.899999999999999689, 0.4000000000000003553, 1.304999999999999494 ) ) ;
#10695 = DIRECTION ( 'NONE',  ( 0.0000000000000000000, -0.0000000000000000000, -1.000000000000000000 ) ) ;
#10696 = VERTEX_POINT ( 'NONE', #2731 ) ;
#10697 = DIRECTION ( 'NONE',  ( 0.0000000000000000000, 0.0000000000000000000, 1.000000000000000000 ) ) ;
#10698 = ORIENTED_EDGE ( 'NONE', *, *, #5448, .T. ) ;
#10699 = ADVANCED_FACE ( 'NONE', ( #12127 ), #3794, .T. ) ;
#10700 = EDGE_CURVE ( 'NONE', #5389, #1542, #9414, .T. ) ;
#10701 = ORIENTED_EDGE ( 'NONE', *, *, #6848, .T. ) ;
#10702 = PLANE ( 'NONE',  #165 ) ;
#10703 = CIRCLE ( 'NONE', #6542, 0.1499999999999999667 ) ;
#10704 = AXIS2_PLACEMENT_3D ( 'NONE', #11679, #2427, #7020 ) ;
#10705 = ORIENTED_EDGE ( 'NONE', *, *, #340, .T. ) ;
#10706 = DIRECTION ( 'NONE',  ( 1.000000000000000000, 0.0000000000000000000, -0.0000000000000000000 ) ) ;
#10707 = LINE ( 'NONE', #9909, #9200 ) ;
#10708 = DIRECTION ( 'NONE',  ( 1.000000000000000000, 0.0000000000000000000, 0.0000000000000000000 ) ) ;
#10709 = EDGE_CURVE ( 'NONE', #8552, #9241, #4, .T. ) ;
#10710 = LINE ( 'NONE', #1342, #523 ) ;
#10711 = VERTEX_POINT ( 'NONE', #7531 ) ;
#10712 = DIRECTION ( 'NONE',  ( -1.000000000000000000, 0.0000000000000000000, 0.0000000000000000000 ) ) ;
#10713 = VECTOR ( 'NONE', #9210, 1000.000000000000000 ) ;
#10714 = ORIENTED_EDGE ( 'NONE', *, *, #3357, .T. ) ;
#10715 = ADVANCED_FACE ( 'NONE', ( #6594 ), #7651, .F. ) ;
#10716 = DIRECTION ( 'NONE',  ( 0.0000000000000000000, 0.0000000000000000000, 1.000000000000000000 ) ) ;
#10717 = VERTEX_POINT ( 'NONE', #7657 ) ;
#10718 = VERTEX_POINT ( 'NONE', #8839 ) ;
#10719 = VERTEX_POINT ( 'NONE', #11671 ) ;
#10720 = DIRECTION ( 'NONE',  ( 0.0000000000000000000, 0.0000000000000000000, 1.000000000000000000 ) ) ;
#10721 = VECTOR ( 'NONE', #607, 1000.000000000000114 ) ;
#10722 = CARTESIAN_POINT ( 'NONE',  ( 4.169999999999999929, 1.249999999999999334, 0.9714414002968977391 ) ) ;
#10723 = ORIENTED_EDGE ( 'NONE', *, *, #8130, .T. ) ;
#10724 = CARTESIAN_POINT ( 'NONE',  ( 2.000000000000000000, 5.787332622142036698, 0.3750000000000000000 ) ) ;
#10725 = FACE_OUTER_BOUND ( 'NONE', #5296, .T. ) ;
#10726 = DIRECTION ( 'NONE',  ( 1.244625060509296168E-16, 1.000000000000000000, -0.0000000000000000000 ) ) ;
#10727 = EDGE_LOOP ( 'NONE', ( #10484, #12277, #6027, #10220 ) ) ;
#10728 = CARTESIAN_POINT ( 'NONE',  ( 1.500000000000000000, 2.302902790585047654, -0.3750000000000000000 ) ) ;
#10729 = CIRCLE ( 'NONE', #11913, 0.1000000000000000472 ) ;
#10730 = VECTOR ( 'NONE', #9629, 1000.000000000000000 ) ;
#10731 = ORIENTED_EDGE ( 'NONE', *, *, #2730, .F. ) ;
#10732 = ORIENTED_EDGE ( 'NONE', *, *, #3147, .T. ) ;
#10733 = CARTESIAN_POINT ( 'NONE',  ( -1.969999999999999973, 0.9500000000000000666, 1.405000000000000027 ) ) ;
#10734 = ORIENTED_EDGE ( 'NONE', *, *, #7897, .F. ) ;
#10735 = LINE ( 'NONE', #2341, #2602 ) ;
#10736 = CARTESIAN_POINT ( 'NONE',  ( 0.0000000000000000000, 0.0000000000000000000, 1.604999999999999760 ) ) ;
#10737 = ORIENTED_EDGE ( 'NONE', *, *, #200, .T. ) ;
#10738 = VECTOR ( 'NONE', #7503, 1000.000000000000000 ) ;
#10739 = SURFACE_STYLE_USAGE ( .BOTH. , #5720 ) ;
#10740 = DIRECTION ( 'NONE',  ( -0.0000000000000000000, -0.0000000000000000000, 1.000000000000000000 ) ) ;
#10741 = CARTESIAN_POINT ( 'NONE',  ( -4.121750233649832396, 1.364428222799072499, 0.7822221101040138791 ) ) ;
#10742 = DIRECTION ( 'NONE',  ( -1.000000000000000000, 0.0000000000000000000, 0.0000000000000000000 ) ) ;
#10743 = VECTOR ( 'NONE', #10542, 1000.000000000000000 ) ;
#10744 = LINE ( 'NONE', #2161, #7654 ) ;
#10745 = CARTESIAN_POINT ( 'NONE',  ( 2.890000000000000124, 1.050000000000000044, 2.284999999999999698 ) ) ;
#10746 = CARTESIAN_POINT ( 'NONE',  ( 4.169999999999999929, 5.225000000000000533, 0.1250000000000000000 ) ) ;
#10747 = EDGE_LOOP ( 'NONE', ( #922, #5882, #995, #524 ) ) ;
#10748 = VERTEX_POINT ( 'NONE', #2904 ) ;
#10749 = DIRECTION ( 'NONE',  ( 0.0000000000000000000, 0.0000000000000000000, 1.000000000000000000 ) ) ;
#10750 = AXIS2_PLACEMENT_3D ( 'NONE', #8327, #8270, #9281 ) ;
#10751 = CARTESIAN_POINT ( 'NONE',  ( 2.050446608846518082, 1.999999999999999556, -1.505000000000002780 ) ) ;
#10752 = UNCERTAINTY_MEASURE_WITH_UNIT (LENGTH_MEASURE( 1.000000000000000082E-05 ), #10340, 'distance_accuracy_value', 'NONE');
#10753 = DIRECTION ( 'NONE',  ( -1.000000000000000000, 0.0000000000000000000, 0.0000000000000000000 ) ) ;
#10754 = AXIS2_PLACEMENT_3D ( 'NONE', #4314, #7022, #4113 ) ;
#10755 = VERTEX_POINT ( 'NONE', #1009 ) ;
#10756 = DIRECTION ( 'NONE',  ( 1.000000000000000000, -1.244625060509296168E-16, 0.0000000000000000000 ) ) ;
#10757 = EDGE_CURVE ( 'NONE', #1723, #7118, #4962, .T. ) ;
#10758 = ADVANCED_FACE ( 'NONE', ( #7833 ), #3079, .T. ) ;
#10759 = SURFACE_SIDE_STYLE ('',( #10564 ) ) ;
#10760 = ORIENTED_EDGE ( 'NONE', *, *, #6273, .F. ) ;
#10761 = DIRECTION ( 'NONE',  ( -0.0000000000000000000, 1.000000000000000000, -0.0000000000000000000 ) ) ;
#10762 =( NAMED_UNIT ( * ) SI_UNIT ( $, .STERADIAN. ) SOLID_ANGLE_UNIT ( ) );
#10763 = AXIS2_PLACEMENT_3D ( 'NONE', #11470, #1095, #10476 ) ;
#10764 = CARTESIAN_POINT ( 'NONE',  ( 0.0000000000000000000, 6.500000000000000888, 0.1000000000000000056 ) ) ;
#10765 = FACE_OUTER_BOUND ( 'NONE', #7087, .T. ) ;
#10766 = ORIENTED_EDGE ( 'NONE', *, *, #10253, .T. ) ;
#10767 = STYLED_ITEM ( 'NONE', ( #8260 ), #2334 ) ;
#10768 = DIRECTION ( 'NONE',  ( -1.000000000000000000, 0.0000000000000000000, 0.0000000000000000000 ) ) ;
#10769 = VECTOR ( 'NONE', #11098, 1000.000000000000000 ) ;
#10770 = ORIENTED_EDGE ( 'NONE', *, *, #5135, .F. ) ;
#10771 = DIRECTION ( 'NONE',  ( -1.000000000000000000, -0.0000000000000000000, -0.0000000000000000000 ) ) ;
#10772 = DIRECTION ( 'NONE',  ( -0.0000000000000000000, 0.0000000000000000000, 1.000000000000000000 ) ) ;
#10773 = EDGE_CURVE ( 'NONE', #2243, #4859, #4104, .T. ) ;
#10774 = CIRCLE ( 'NONE', #3195, 0.1499999999999999944 ) ;
#10775 = EDGE_CURVE ( 'NONE', #12218, #1925, #7253, .T. ) ;
#10776 = CARTESIAN_POINT ( 'NONE',  ( -2.150446608846515506, 1.900000000000001243, 1.604999999999999760 ) ) ;
#10777 = CARTESIAN_POINT ( 'NONE',  ( -3.249999999999998668, 6.500000000000000888, 0.3499999999999999223 ) ) ;
#10778 = CARTESIAN_POINT ( 'NONE',  ( 0.5999999999999997558, -0.5999999999999995337, 1.604999999999999760 ) ) ;
#10779 = DIRECTION ( 'NONE',  ( -1.000000000000000000, 0.0000000000000000000, 0.0000000000000000000 ) ) ;
#10780 = CIRCLE ( 'NONE', #282, 0.1000000000000000472 ) ;
#10781 = ORIENTED_EDGE ( 'NONE', *, *, #4344, .F. ) ;
#10782 = CARTESIAN_POINT ( 'NONE',  ( -0.09999999999999978351, 0.0000000000000000000, 1.304999999999999494 ) ) ;
#10783 = FACE_OUTER_BOUND ( 'NONE', #10142, .T. ) ;
#10784 = EDGE_LOOP ( 'NONE', ( #4077, #9462, #2724, #2952 ) ) ;
#10785 = ORIENTED_EDGE ( 'NONE', *, *, #3019, .F. ) ;
#10786 = EDGE_CURVE ( 'NONE', #11321, #1326, #710, .T. ) ;
#10787 = PLANE ( 'NONE',  #419 ) ;
#10788 = CARTESIAN_POINT ( 'NONE',  ( -3.219999999999999751, 1.958578643762690641, 1.304999999999999716 ) ) ;
#10789 = ADVANCED_FACE ( 'NONE', ( #10448 ), #6265, .F. ) ;
#10790 = ADVANCED_FACE ( 'NONE', ( #9537 ), #10560, .F. ) ;
#10791 = CARTESIAN_POINT ( 'NONE',  ( 0.0000000000000000000, -0.5999999999999995337, 1.304999999999999494 ) ) ;
#10792 = ORIENTED_EDGE ( 'NONE', *, *, #1132, .F. ) ;
#10793 = CARTESIAN_POINT ( 'NONE',  ( -3.219999999999999751, 1.449999999999999956, 1.304999999999999716 ) ) ;
#10794 = PRESENTATION_LAYER_ASSIGNMENT (  '', '', ( #10395 ) ) ;
#10795 = CARTESIAN_POINT ( 'NONE',  ( -1.150000000000000355, 5.787332622142050909, -0.3750000000000000000 ) ) ;
#10796 = ORIENTED_EDGE ( 'NONE', *, *, #4344, .T. ) ;
#10797 = CARTESIAN_POINT ( 'NONE',  ( 4.128578643762690348, -7.415971530979564484E-17, -0.3549999999999994826 ) ) ;
#10798 = DIRECTION ( 'NONE',  ( -1.000000000000000000, 0.0000000000000000000, 3.367087492191007655E-17 ) ) ;
#10799 = EDGE_LOOP ( 'NONE', ( #3804, #6481, #9390, #10411 ) ) ;
#10800 = ORIENTED_EDGE ( 'NONE', *, *, #5697, .F. ) ;
#10801 = CARTESIAN_POINT ( 'NONE',  ( -4.469999999999999751, 4.000000000000000000, 1.604999999999999538 ) ) ;
#10802 = ADVANCED_FACE ( 'NONE', ( #10501 ), #8934, .F. ) ;
#10803 = FACE_OUTER_BOUND ( 'NONE', #8158, .T. ) ;
#10804 = VERTEX_POINT ( 'NONE', #1493 ) ;
#10805 = CARTESIAN_POINT ( 'NONE',  ( 3.219999999999999751, 0.1000000000000000333, -1.305000000000001048 ) ) ;
#10806 =( NAMED_UNIT ( * ) PLANE_ANGLE_UNIT ( ) SI_UNIT ( $, .RADIAN. ) );
#10807 = VECTOR ( 'NONE', #12155, 1000.000000000000000 ) ;
#10808 = CARTESIAN_POINT ( 'NONE',  ( -4.169999999999999929, 1.250000000000000000, 1.504999999999999227 ) ) ;
#10809 = FACE_OUTER_BOUND ( 'NONE', #1599, .T. ) ;
#10810 = VERTEX_POINT ( 'NONE', #3274 ) ;
#10811 = ORIENTED_EDGE ( 'NONE', *, *, #4691, .T. ) ;
#10812 = DIRECTION ( 'NONE',  ( 0.0000000000000000000, 1.000000000000000000, 0.0000000000000000000 ) ) ;
#10813 = DIRECTION ( 'NONE',  ( 0.0000000000000000000, 0.0000000000000000000, 1.000000000000000000 ) ) ;
#10814 = FACE_OUTER_BOUND ( 'NONE', #6732, .T. ) ;
#10815 = DIRECTION ( 'NONE',  ( 0.0000000000000000000, -0.0000000000000000000, -1.000000000000000000 ) ) ;
#10816 = VERTEX_POINT ( 'NONE', #7009 ) ;
#10817 = DIRECTION ( 'NONE',  ( 0.0000000000000000000, 1.000000000000000000, -0.0000000000000000000 ) ) ;
#10818 = CARTESIAN_POINT ( 'NONE',  ( -1.399999999999999467, 0.0000000000000000000, 1.304999999999999494 ) ) ;
#10819 = ORIENTED_EDGE ( 'NONE', *, *, #2807, .T. ) ;
#10820 = CARTESIAN_POINT ( 'NONE',  ( -0.8500000000000000888, 5.787332622142050909, -0.3750000000000000000 ) ) ;
#10821 = PLANE ( 'NONE',  #2087 ) ;
#10822 = LINE ( 'NONE', #2964, #5500 ) ;
#10823 = DIRECTION ( 'NONE',  ( 0.0000000000000000000, -1.000000000000000000, 0.0000000000000000000 ) ) ;
#10824 = VECTOR ( 'NONE', #7918, 1000.000000000000000 ) ;
#10825 = ORIENTED_EDGE ( 'NONE', *, *, #761, .T. ) ;
#10826 = AXIS2_PLACEMENT_3D ( 'NONE', #8361, #6434, #12146 ) ;
#10827 = CARTESIAN_POINT ( 'NONE',  ( -3.220000000000000195, -4.903860132723836668E-16, -1.263578643762691467 ) ) ;
#10828 = ADVANCED_FACE ( 'NONE', ( #10013 ), #3400, .F. ) ;
#10829 = CARTESIAN_POINT ( 'NONE',  ( -1.050446608846517860, 2.499999999999999556, 2.595000000000000195 ) ) ;
#10830 = ORIENTED_EDGE ( 'NONE', *, *, #8497, .T. ) ;
#10831 = FACE_OUTER_BOUND ( 'NONE', #7963, .T. ) ;
#10832 = DIRECTION ( 'NONE',  ( 1.000000000000000000, 0.0000000000000000000, 0.0000000000000000000 ) ) ;
#10833 = AXIS2_PLACEMENT_3D ( 'NONE', #3481, #9115, #6123 ) ;
#10834 = COLOUR_RGB ( '',0.9686274509803921573, 0.8784313725490195957, 0.5999999999999999778 ) ;
#10835 = LINE ( 'NONE', #7730, #9643 ) ;
#10836 = PLANE ( 'NONE',  #8792 ) ;
#10837 = AXIS2_PLACEMENT_3D ( 'NONE', #11085, #8042, #3484 ) ;
#10838 = LINE ( 'NONE', #4926, #11041 ) ;
#10839 = ORIENTED_EDGE ( 'NONE', *, *, #11387, .T. ) ;
#10840 = ORIENTED_EDGE ( 'NONE', *, *, #65, .F. ) ;
#10841 = VECTOR ( 'NONE', #7856, 1000.000000000000000 ) ;
#10842 = VERTEX_POINT ( 'NONE', #4233 ) ;
#10843 = VECTOR ( 'NONE', #532, 1000.000000000000000 ) ;
#10844 = ORIENTED_EDGE ( 'NONE', *, *, #1670, .F. ) ;
#10845 = DIRECTION ( 'NONE',  ( 0.0000000000000000000, 1.000000000000000000, 0.0000000000000000000 ) ) ;
#10846 = CARTESIAN_POINT ( 'NONE',  ( -4.069999999999999396, 2.000000000000000444, 0.8529184719828690753 ) ) ;
#10847 = DIRECTION ( 'NONE',  ( -1.000000000000000000, 5.503564327337586626E-17, -0.0000000000000000000 ) ) ;
#10848 = DIRECTION ( 'NONE',  ( 0.0000000000000000000, 1.000000000000000000, 0.0000000000000000000 ) ) ;
#10849 = EDGE_LOOP ( 'NONE', ( #7385, #6514, #8309, #1427 ) ) ;
#10850 = AXIS2_PLACEMENT_3D ( 'NONE', #5919, #377, #9837 ) ;
#10851 = CARTESIAN_POINT ( 'NONE',  ( 0.0000000000000000000, 7.299999999999999822, -1.455000000000001847 ) ) ;
#10852 = EDGE_CURVE ( 'NONE', #5347, #4578, #372, .T. ) ;
#10853 = DIRECTION ( 'NONE',  ( 0.0000000000000000000, 0.0000000000000000000, 1.000000000000000000 ) ) ;
#10854 = CARTESIAN_POINT ( 'NONE',  ( -0.3999999999999995226, 0.1000000000000001305, 1.604999999999999760 ) ) ;
#10855 = ORIENTED_EDGE ( 'NONE', *, *, #5169, .T. ) ;
#10856 = EDGE_CURVE ( 'NONE', #3044, #1664, #4170, .T. ) ;
#10857 = EDGE_CURVE ( 'NONE', #7974, #8113, #7463, .T. ) ;
#10858 = ORIENTED_EDGE ( 'NONE', *, *, #11017, .T. ) ;
#10859 = VECTOR ( 'NONE', #6294, 1000.000000000000000 ) ;
#10860 = PLANE ( 'NONE',  #5174 ) ;
#10861 = ORIENTED_EDGE ( 'NONE', *, *, #1314, .T. ) ;
#10862 = CARTESIAN_POINT ( 'NONE',  ( 4.069999999999999396, 1.249999999999999556, 1.604999999999999316 ) ) ;
#10863 = DIRECTION ( 'NONE',  ( 0.0000000000000000000, 0.0000000000000000000, -1.000000000000000000 ) ) ;
#10864 = VERTEX_POINT ( 'NONE', #7206 ) ;
#10865 = DIRECTION ( 'NONE',  ( -0.0000000000000000000, -1.000000000000000000, -0.0000000000000000000 ) ) ;
#10866 = DIRECTION ( 'NONE',  ( -4.565061778886333058E-16, -1.000000000000000000, 0.0000000000000000000 ) ) ;
#10867 = DIRECTION ( 'NONE',  ( -1.000000000000000000, 0.0000000000000000000, -0.0000000000000000000 ) ) ;
#10868 = CARTESIAN_POINT ( 'NONE',  ( -4.169999999999999929, 1.249999999999999556, 1.563578643762689513 ) ) ;
#10869 = DIRECTION ( 'NONE',  ( 0.0000000000000000000, 0.0000000000000000000, -1.000000000000000000 ) ) ;
#10870 = VERTEX_POINT ( 'NONE', #5337 ) ;
#10871 = ORIENTED_EDGE ( 'NONE', *, *, #4581, .F. ) ;
#10872 = EDGE_CURVE ( 'NONE', #7150, #8338, #8144, .T. ) ;
#10873 = ORIENTED_EDGE ( 'NONE', *, *, #3130, .T. ) ;
#10874 = CARTESIAN_POINT ( 'NONE',  ( 2.949999999999999734, -0.5999999999999993117, 1.304999999999999494 ) ) ;
#10875 = CARTESIAN_POINT ( 'NONE',  ( -2.890000000000000124, 1.050000000000000044, 1.604999999999999760 ) ) ;
#10876 = UNCERTAINTY_MEASURE_WITH_UNIT (LENGTH_MEASURE( 1.000000000000000082E-05 ), #5352, 'distance_accuracy_value', 'NONE');
#10877 = VECTOR ( 'NONE', #8472, 1000.000000000000000 ) ;
#10878 = LINE ( 'NONE', #6284, #2004 ) ;
#10879 = PLANE ( 'NONE',  #8053 ) ;
#10880 = DIRECTION ( 'NONE',  ( 0.0000000000000000000, 1.000000000000000000, -0.0000000000000000000 ) ) ;
#10881 = ORIENTED_EDGE ( 'NONE', *, *, #9378, .T. ) ;
#10882 = DIRECTION ( 'NONE',  ( 0.0000000000000000000, 0.0000000000000000000, -1.000000000000000000 ) ) ;
#10883 = LINE ( 'NONE', #438, #9410 ) ;
#10884 = EDGE_CURVE ( 'NONE', #228, #10638, #616, .T. ) ;
#10885 = DIRECTION ( 'NONE',  ( -0.0000000000000000000, -0.0000000000000000000, -1.000000000000000000 ) ) ;
#10886 = FACE_OUTER_BOUND ( 'NONE', #7783, .T. ) ;
#10887 = VERTEX_POINT ( 'NONE', #9892 ) ;
#10888 = CARTESIAN_POINT ( 'NONE',  ( -4.070000000000000284, 2.000000000000000000, -0.8529184719828695194 ) ) ;
#10889 = ORIENTED_EDGE ( 'NONE', *, *, #6604, .F. ) ;
#10890 = DIRECTION ( 'NONE',  ( 0.0000000000000000000, 1.000000000000000000, 0.0000000000000000000 ) ) ;
#10891 = VECTOR ( 'NONE', #1510, 1000.000000000000000 ) ;
#10892 = CARTESIAN_POINT ( 'NONE',  ( -3.717918471982868844, 2.000000000000000000, -1.205000000000000515 ) ) ;
#10893 = DIRECTION ( 'NONE',  ( 1.000000000000000000, 0.0000000000000000000, -0.0000000000000000000 ) ) ;
#10894 = CARTESIAN_POINT ( 'NONE',  ( -4.169999999999999929, 1.258346273176238483, 0.8514936433429275420 ) ) ;
#10895 = EDGE_CURVE ( 'NONE', #3440, #416, #1378, .T. ) ;
#10896 = DIRECTION ( 'NONE',  ( 0.0000000000000000000, 0.0000000000000000000, 1.000000000000000000 ) ) ;
#10897 = ORIENTED_EDGE ( 'NONE', *, *, #9430, .T. ) ;
#10898 = ORIENTED_EDGE ( 'NONE', *, *, #3402, .T. ) ;
#10899 = DIRECTION ( 'NONE',  ( 0.0000000000000000000, 0.0000000000000000000, -1.000000000000000000 ) ) ;
#10900 = AXIS2_PLACEMENT_3D ( 'NONE', #1950, #30, #5461 ) ;
#10901 = ORIENTED_EDGE ( 'NONE', *, *, #9723, .F. ) ;
#10902 = ORIENTED_EDGE ( 'NONE', *, *, #6099, .F. ) ;
#10903 = ORIENTED_EDGE ( 'NONE', *, *, #10999, .T. ) ;
#10904 = LINE ( 'NONE', #4991, #9174 ) ;
#10905 = LINE ( 'NONE', #5310, #10035 ) ;
#10906 = ORIENTED_EDGE ( 'NONE', *, *, #5933, .F. ) ;
#10907 = DIRECTION ( 'NONE',  ( -0.0000000000000000000, -0.0000000000000000000, -1.000000000000000000 ) ) ;
#10908 = AXIS2_PLACEMENT_3D ( 'NONE', #1862, #9474, #6765 ) ;
#10909 = EDGE_CURVE ( 'NONE', #12297, #6491, #2355, .T. ) ;
#10910 = ADVANCED_FACE ( 'NONE', ( #11798 ), #9157, .T. ) ;
#10911 = CARTESIAN_POINT ( 'NONE',  ( -4.469999999999999751, 0.4000000000000001887, 1.604999999999999760 ) ) ;
#10912 = DIRECTION ( 'NONE',  ( 0.0000000000000000000, 0.0000000000000000000, -1.000000000000000000 ) ) ;
#10913 = LINE ( 'NONE', #5315, #4473 ) ;
#10914 = DIRECTION ( 'NONE',  ( -1.000000000000000000, 0.0000000000000000000, 0.0000000000000000000 ) ) ;
#10915 = CARTESIAN_POINT ( 'NONE',  ( -2.750000000000000888, -0.5999999999999993117, 1.304999999999999494 ) ) ;
#10916 = ORIENTED_EDGE ( 'NONE', *, *, #8902, .F. ) ;
#10917 = ORIENTED_EDGE ( 'NONE', *, *, #1592, .T. ) ;
#10918 = AXIS2_PLACEMENT_3D ( 'NONE', #10543, #10487, #1961 ) ;
#10919 = CYLINDRICAL_SURFACE ( 'NONE', #5366, 0.9500000000000002887 ) ;
#10920 = ADVANCED_FACE ( 'NONE', ( #2420 ), #10879, .T. ) ;
#10921 = VERTEX_POINT ( 'NONE', #4306 ) ;
#10922 = DIRECTION ( 'NONE',  ( -0.0000000000000000000, -0.0000000000000000000, -1.000000000000000000 ) ) ;
#10923 = DIRECTION ( 'NONE',  ( 0.0000000000000000000, -0.0000000000000000000, -1.000000000000000000 ) ) ;
#10924 = ORIENTED_EDGE ( 'NONE', *, *, #3411, .T. ) ;
#10925 = EDGE_CURVE ( 'NONE', #2526, #5157, #8084, .T. ) ;
#10926 = EDGE_CURVE ( 'NONE', #10303, #9488, #5215, .T. ) ;
#10927 = DIRECTION ( 'NONE',  ( 1.000000000000000000, -0.0000000000000000000, 0.0000000000000000000 ) ) ;
#10928 = CARTESIAN_POINT ( 'NONE',  ( 0.5999999999999997558, -0.5999999999999995337, 1.304999999999999494 ) ) ;
#10929 = AXIS2_PLACEMENT_3D ( 'NONE', #3042, #4983, #5876 ) ;
#10930 = VERTEX_POINT ( 'NONE', #3587 ) ;
#10931 = DIRECTION ( 'NONE',  ( 1.000000000000000000, 0.0000000000000000000, 0.0000000000000000000 ) ) ;
#10932 = CARTESIAN_POINT ( 'NONE',  ( 3.219999999999999751, 7.299999999999999822, 0.3549999999999994271 ) ) ;
#10933 = ORIENTED_EDGE ( 'NONE', *, *, #6360, .T. ) ;
#10934 = EDGE_LOOP ( 'NONE', ( #6934, #10414, #11603, #4524 ) ) ;
#10935 = ORIENTED_EDGE ( 'NONE', *, *, #1446, .F. ) ;
#10936 = FACE_OUTER_BOUND ( 'NONE', #6132, .T. ) ;
#10937 = CARTESIAN_POINT ( 'NONE',  ( 1.599999999999999867, 0.1000000000000001305, 1.604999999999999760 ) ) ;
#10938 = EDGE_CURVE ( 'NONE', #1851, #11950, #10266, .T. ) ;
#10939 = AXIS2_PLACEMENT_3D ( 'NONE', #5131, #8951, #1475 ) ;
#10940 = CARTESIAN_POINT ( 'NONE',  ( 2.250000000000001332, 6.500000000000000888, 0.2499999999999996669 ) ) ;
#10941 = DIRECTION ( 'NONE',  ( 1.000000000000000000, 0.0000000000000000000, -0.0000000000000000000 ) ) ;
#10942 = ORIENTED_EDGE ( 'NONE', *, *, #9311, .F. ) ;
#10943 = VECTOR ( 'NONE', #2209, 1000.000000000000227 ) ;
#10944 = ADVANCED_FACE ( 'NONE', ( #2010 ), #1096, .T. ) ;
#10945 = PLANE ( 'NONE',  #7864 ) ;
#10946 = ORIENTED_EDGE ( 'NONE', *, *, #6921, .T. ) ;
#10947 = DIRECTION ( 'NONE',  ( -0.0000000000000000000, -0.0000000000000000000, -1.000000000000000000 ) ) ;
#10948 = DIRECTION ( 'NONE',  ( 0.0000000000000000000, -1.000000000000000000, 0.0000000000000000000 ) ) ;
#10949 =( LENGTH_UNIT ( ) NAMED_UNIT ( * ) SI_UNIT ( .MILLI., .METRE. ) );
#10950 = CARTESIAN_POINT ( 'NONE',  ( 0.3499999999999998113, 5.787332622142047356, 0.3750000000000000000 ) ) ;
#10951 = AXIS2_PLACEMENT_3D ( 'NONE', #11768, #10845, #11704 ) ;
#10952 = ORIENTED_EDGE ( 'NONE', *, *, #5979, .T. ) ;
#10953 = DIRECTION ( 'NONE',  ( 0.0000000000000000000, 1.000000000000000000, 0.0000000000000000000 ) ) ;
#10954 = VERTEX_POINT ( 'NONE', #12051 ) ;
#10955 = CARTESIAN_POINT ( 'NONE',  ( 1.869999999999999662, 0.7499999999999997780, 1.604999999999999538 ) ) ;
#10956 = ADVANCED_FACE ( 'NONE', ( #6690 ), #9343, .F. ) ;
#10957 = LINE ( 'NONE', #10081, #698 ) ;
#10958 = VERTEX_POINT ( 'NONE', #10477 ) ;
#10959 =( NAMED_UNIT ( * ) SI_UNIT ( $, .STERADIAN. ) SOLID_ANGLE_UNIT ( ) );
#10960 = AXIS2_PLACEMENT_3D ( 'NONE', #5262, #10000, #7946 ) ;
#10961 = DIRECTION ( 'NONE',  ( 0.0000000000000000000, -0.0000000000000000000, -1.000000000000000000 ) ) ;
#10962 = EDGE_CURVE ( 'NONE', #8037, #3674, #10197, .T. ) ;
#10963 = CARTESIAN_POINT ( 'NONE',  ( -4.169999999999999929, 1.450000000000000178, 0.3549999999999999267 ) ) ;
#10964 = FACE_OUTER_BOUND ( 'NONE', #7096, .T. ) ;
#10965 = VERTEX_POINT ( 'NONE', #2990 ) ;
#10966 = DIRECTION ( 'NONE',  ( 1.000000000000000000, -0.0000000000000000000, 0.0000000000000000000 ) ) ;
#10967 = LINE ( 'NONE', #6129, #3970 ) ;
#10968 = ORIENTED_EDGE ( 'NONE', *, *, #3625, .T. ) ;
#10969 = VECTOR ( 'NONE', #5943, 1000.000000000000000 ) ;
#10970 = EDGE_LOOP ( 'NONE', ( #8801, #6131, #1786, #4638, #1397, #3569, #6565, #7517, #10942, #10119, #5446, #7683, #4300, #10259, #6406, #3349, #11765, #1941, #7450, #6449, #10363, #1554, #939 ) ) ;
#10971 = CARTESIAN_POINT ( 'NONE',  ( 2.250000000000000444, 6.500000000000000888, 0.1000000000000000056 ) ) ;
#10972 = DIRECTION ( 'NONE',  ( -0.0000000000000000000, -0.0000000000000000000, -1.000000000000000000 ) ) ;
#10973 = CARTESIAN_POINT ( 'NONE',  ( -1.750000000000000222, 6.500000000000000888, 0.0000000000000000000 ) ) ;
#10974 = LINE ( 'NONE', #7112, #7068 ) ;
#10975 = VERTEX_POINT ( 'NONE', #2327 ) ;
#10976 = VECTOR ( 'NONE', #10772, 1000.000000000000000 ) ;
#10977 = DIRECTION ( 'NONE',  ( -1.000000000000000000, 0.0000000000000000000, -0.0000000000000000000 ) ) ;
#10978 = LINE ( 'NONE', #8413, #996 ) ;
#10979 = ORIENTED_EDGE ( 'NONE', *, *, #11157, .F. ) ;
#10980 = VECTOR ( 'NONE', #2675, 1000.000000000000000 ) ;
#10981 = CARTESIAN_POINT ( 'NONE',  ( -4.469999999999999751, 5.100000000000000533, 2.295000000000000817 ) ) ;
#10982 = DIRECTION ( 'NONE',  ( 0.0000000000000000000, 0.0000000000000000000, -1.000000000000000000 ) ) ;
#10983 = EDGE_LOOP ( 'NONE', ( #6501, #6540, #7124, #79 ) ) ;
#10984 = ORIENTED_EDGE ( 'NONE', *, *, #11665, .T. ) ;
#10985 = EDGE_CURVE ( 'NONE', #2405, #5615, #6804, .T. ) ;
#10986 = FACE_OUTER_BOUND ( 'NONE', #483, .T. ) ;
#10987 = AXIS2_PLACEMENT_3D ( 'NONE', #7748, #11411, #11522 ) ;
#10988 = ORIENTED_EDGE ( 'NONE', *, *, #11990, .T. ) ;
#10989 = SURFACE_STYLE_USAGE ( .BOTH. , #7193 ) ;
#10990 = CARTESIAN_POINT ( 'NONE',  ( -4.169999999999999929, 1.350000000000000089, 10.05355608965224157 ) ) ;
#10991 = VERTEX_POINT ( 'NONE', #1161 ) ;
#10992 = CARTESIAN_POINT ( 'NONE',  ( -4.069999999999999396, 1.250000000000000000, 1.604999999999999094 ) ) ;
#10993 = CARTESIAN_POINT ( 'NONE',  ( 1.099999999999999867, -0.5999999999999995337, 1.304999999999999494 ) ) ;
#10994 = ORIENTED_EDGE ( 'NONE', *, *, #12047, .F. ) ;
#10995 = ORIENTED_EDGE ( 'NONE', *, *, #1050, .T. ) ;
#10996 = VECTOR ( 'NONE', #3308, 1000.000000000000000 ) ;
#10997 = DIRECTION ( 'NONE',  ( -0.0000000000000000000, 0.0000000000000000000, 1.000000000000000000 ) ) ;
#10998 = EDGE_CURVE ( 'NONE', #2312, #11698, #4993, .T. ) ;
#10999 = EDGE_CURVE ( 'NONE', #5877, #6355, #6136, .T. ) ;
#11000 = LINE ( 'NONE', #5973, #3510 ) ;
#11001 = UNCERTAINTY_MEASURE_WITH_UNIT (LENGTH_MEASURE( 1.000000000000000082E-05 ), #8993, 'distance_accuracy_value', 'NONE');
#11002 = DIRECTION ( 'NONE',  ( -1.000000000000000000, 0.0000000000000000000, 0.0000000000000000000 ) ) ;
#11003 = DIRECTION ( 'NONE',  ( 1.000000000000000000, 0.0000000000000000000, 0.0000000000000000000 ) ) ;
#11004 = ORIENTED_EDGE ( 'NONE', *, *, #11859, .T. ) ;
#11005 = LINE ( 'NONE', #6287, #7831 ) ;
#11006 = ORIENTED_EDGE ( 'NONE', *, *, #3911, .T. ) ;
#11007 = LINE ( 'NONE', #3343, #9657 ) ;
#11008 = LINE ( 'NONE', #9038, #10859 ) ;
#11009 = CARTESIAN_POINT ( 'NONE',  ( 0.0000000000000000000, -0.5999999999999993117, 1.304999999999999494 ) ) ;
#11010 = ORIENTED_EDGE ( 'NONE', *, *, #2692, .F. ) ;
#11011 = DIRECTION ( 'NONE',  ( 1.000000000000000000, -1.244625060509296168E-16, 0.0000000000000000000 ) ) ;
#11012 = EDGE_CURVE ( 'NONE', #2583, #8818, #2077, .T. ) ;
#11013 = EDGE_LOOP ( 'NONE', ( #11841, #5814, #4135, #353 ) ) ;
#11014 = DIRECTION ( 'NONE',  ( -0.0000000000000000000, -1.000000000000000000, -0.0000000000000000000 ) ) ;
#11015 = DIRECTION ( 'NONE',  ( -0.0000000000000000000, -1.000000000000000000, -0.0000000000000000000 ) ) ;
#11016 = CIRCLE ( 'NONE', #9825, 0.1000000000000000472 ) ;
#11017 = EDGE_CURVE ( 'NONE', #2169, #773, #7049, .T. ) ;
#11018 = ADVANCED_FACE ( 'NONE', ( #1350 ), #7744, .F. ) ;
#11019 = AXIS2_PLACEMENT_3D ( 'NONE', #9220, #11251, #9403 ) ;
#11020 = CIRCLE ( 'NONE', #3655, 0.2500000000000002220 ) ;
#11021 = DIRECTION ( 'NONE',  ( -1.000000000000000000, 0.0000000000000000000, -0.0000000000000000000 ) ) ;
#11022 = VERTEX_POINT ( 'NONE', #5184 ) ;
#11023 = CARTESIAN_POINT ( 'NONE',  ( -0.8999999999999999112, -0.5999999999999995337, 1.304999999999999494 ) ) ;
#11024 = DIRECTION ( 'NONE',  ( 0.0000000000000000000, 0.0000000000000000000, -1.000000000000000000 ) ) ;
#11025 = CARTESIAN_POINT ( 'NONE',  ( 0.0000000000000000000, 4.999999999999995559, -0.1000000000000000056 ) ) ;
#11026 = AXIS2_PLACEMENT_3D ( 'NONE', #3009, #3961, #107 ) ;
#11027 = VECTOR ( 'NONE', #558, 1000.000000000000000 ) ;
#11028 = ORIENTED_EDGE ( 'NONE', *, *, #2481, .F. ) ;
#11029 = PLANE ( 'NONE',  #5571 ) ;
#11030 = ORIENTED_EDGE ( 'NONE', *, *, #5404, .F. ) ;
#11031 = EDGE_CURVE ( 'NONE', #1241, #11478, #6469, .T. ) ;
#11032 = CIRCLE ( 'NONE', #3062, 0.1000000000000002554 ) ;
#11033 =( GEOMETRIC_REPRESENTATION_CONTEXT ( 3 ) GLOBAL_UNCERTAINTY_ASSIGNED_CONTEXT ( ( #9769 ) ) GLOBAL_UNIT_ASSIGNED_CONTEXT ( ( #4575, #2625, #11392 ) ) REPRESENTATION_CONTEXT ( 'NONE', 'WORKASPACE' ) );
#11034 = VECTOR ( 'NONE', #11282, 1000.000000000000000 ) ;
#11035 = DIRECTION ( 'NONE',  ( 0.0000000000000000000, 0.0000000000000000000, -1.000000000000000000 ) ) ;
#11036 = CYLINDRICAL_SURFACE ( 'NONE', #11625, 0.1000000000000000472 ) ;
#11037 = EDGE_LOOP ( 'NONE', ( #318, #10071, #2449, #10239 ) ) ;
#11038 = SURFACE_STYLE_FILL_AREA ( #3618 ) ;
#11039 = SURFACE_STYLE_FILL_AREA ( #12154 ) ;
#11040 = CARTESIAN_POINT ( 'NONE',  ( 1.969999999999999973, 1.250000000000000000, 1.504999999999999449 ) ) ;
#11041 = VECTOR ( 'NONE', #331, 1000.000000000000000 ) ;
#11042 = EDGE_CURVE ( 'NONE', #9782, #1218, #2264, .T. ) ;
#11043 = CARTESIAN_POINT ( 'NONE',  ( -4.469999999999999751, 1.049999999999999822, 1.604999999999999760 ) ) ;
#11044 = AXIS2_PLACEMENT_3D ( 'NONE', #10736, #6152, #1173 ) ;
#11045 = ORIENTED_EDGE ( 'NONE', *, *, #1137, .T. ) ;
#11046 = FACE_OUTER_BOUND ( 'NONE', #4678, .T. ) ;
#11047 = CARTESIAN_POINT ( 'NONE',  ( 1.750000000000000222, 6.599999999999999645, 0.1000000000000000056 ) ) ;
#11048 = VECTOR ( 'NONE', #4308, 1000.000000000000000 ) ;
#11049 = VERTEX_POINT ( 'NONE', #9687 ) ;
#11050 = VERTEX_POINT ( 'NONE', #208 ) ;
#11051 = CARTESIAN_POINT ( 'NONE',  ( -3.219999999999999751, 1.899999999999999911, -1.305000000000001048 ) ) ;
#11052 = DIRECTION ( 'NONE',  ( 1.000000000000000000, -6.123233995736766036E-17, -0.0000000000000000000 ) ) ;
#11053 = VECTOR ( 'NONE', #6500, 1000.000000000000000 ) ;
#11054 = DIRECTION ( 'NONE',  ( 0.0000000000000000000, 0.0000000000000000000, -1.000000000000000000 ) ) ;
#11055 = ORIENTED_EDGE ( 'NONE', *, *, #10895, .F. ) ;
#11056 = PRESENTATION_STYLE_ASSIGNMENT (( #9087 ) ) ;
#11057 = ORIENTED_EDGE ( 'NONE', *, *, #9276, .T. ) ;
#11058 = ADVANCED_FACE ( 'NONE', ( #6073 ), #4001, .T. ) ;
#11059 = CARTESIAN_POINT ( 'NONE',  ( -4.169999999999999929, 1.308578643762690286, 1.504999999999999227 ) ) ;
#11060 = DIRECTION ( 'NONE',  ( 0.0000000000000000000, 0.0000000000000000000, 1.000000000000000000 ) ) ;
#11061 = CARTESIAN_POINT ( 'NONE',  ( -2.640000000000000124, 1.050000000000000044, 2.284999999999999698 ) ) ;
#11062 = ORIENTED_EDGE ( 'NONE', *, *, #7662, .F. ) ;
#11063 = ORIENTED_EDGE ( 'NONE', *, *, #10072, .T. ) ;
#11064 = LINE ( 'NONE', #10011, #7714 ) ;
#11065 = CARTESIAN_POINT ( 'NONE',  ( 4.169999999999999929, 0.0000000000000000000, -0.3550000000000001488 ) ) ;
#11066 = DIRECTION ( 'NONE',  ( 1.000000000000000000, -0.0000000000000000000, 0.0000000000000000000 ) ) ;
#11067 = DIRECTION ( 'NONE',  ( 0.0000000000000000000, 0.0000000000000000000, -1.000000000000000000 ) ) ;
#11068 = ORIENTED_EDGE ( 'NONE', *, *, #4848, .F. ) ;
#11069 =( GEOMETRIC_REPRESENTATION_CONTEXT ( 3 ) GLOBAL_UNCERTAINTY_ASSIGNED_CONTEXT ( ( #7397 ) ) GLOBAL_UNIT_ASSIGNED_CONTEXT ( ( #2508, #6560, #8426 ) ) REPRESENTATION_CONTEXT ( 'NONE', 'WORKASPACE' ) );
#11070 = ORIENTED_EDGE ( 'NONE', *, *, #3203, .F. ) ;
#11071 = CARTESIAN_POINT ( 'NONE',  ( 0.0000000000000000000, 6.599999999999999645, 0.1000000000000000056 ) ) ;
#11072 = EDGE_CURVE ( 'NONE', #2090, #6805, #11576, .T. ) ;
#11073 = EDGE_CURVE ( 'NONE', #5680, #5482, #5258, .T. ) ;
#11074 = CARTESIAN_POINT ( 'NONE',  ( 2.000000000000000000, 2.302902790585044546, 0.3750000000000000000 ) ) ;
#11075 = DIRECTION ( 'NONE',  ( -1.000000000000000000, 0.0000000000000000000, -0.0000000000000000000 ) ) ;
#11076 = CYLINDRICAL_SURFACE ( 'NONE', #3136, 0.2999999999999999334 ) ;
#11077 = EDGE_LOOP ( 'NONE', ( #759, #9478, #971, #4737 ) ) ;
#11078 = STYLED_ITEM ( 'NONE', ( #8222 ), #7613 ) ;
#11079 = DIRECTION ( 'NONE',  ( 1.244625060509296168E-16, 1.000000000000000000, -0.0000000000000000000 ) ) ;
#11080 = LINE ( 'NONE', #7980, #8438 ) ;
#11081 = ORIENTED_EDGE ( 'NONE', *, *, #5713, .F. ) ;
#11082 = EDGE_CURVE ( 'NONE', #9796, #5030, #9863, .T. ) ;
#11083 = CARTESIAN_POINT ( 'NONE',  ( 1.099999999999999867, 0.0000000000000000000, 1.604999999999999760 ) ) ;
#11084 = LINE ( 'NONE', #12130, #2816 ) ;
#11085 = CARTESIAN_POINT ( 'NONE',  ( -2.890000000000000124, 1.050000000000000044, 1.604999999999999760 ) ) ;
#11086 = CARTESIAN_POINT ( 'NONE',  ( -4.169999999999999041, 1.385691059590781649, 0.4875795911640828373 ) ) ;
#11087 = FILL_AREA_STYLE ('',( #5423 ) ) ;
#11088 = MECHANICAL_DESIGN_GEOMETRIC_PRESENTATION_REPRESENTATION (  '', ( #11078 ), #9890 ) ;
#11089 = CARTESIAN_POINT ( 'NONE',  ( 2.000000000000000000, 5.787332622142036698, -0.3750000000000000000 ) ) ;
#11090 = ADVANCED_FACE ( 'NONE', ( #2201 ), #6009, .T. ) ;
#11091 = EDGE_CURVE ( 'NONE', #5440, #7437, #6982, .T. ) ;
#11092 = EDGE_CURVE ( 'NONE', #3289, #4152, #8175, .T. ) ;
#11093 = ORIENTED_EDGE ( 'NONE', *, *, #8558, .F. ) ;
#11094 = CARTESIAN_POINT ( 'NONE',  ( 4.069999999999999396, 0.1000000000000000056, 1.504999999999999449 ) ) ;
#11095 = EDGE_LOOP ( 'NONE', ( #5830, #4423, #4309, #249 ) ) ;
#11096 = CARTESIAN_POINT ( 'NONE',  ( 4.469999999999999751, 1.200000000000000178, 0.1499999999999999944 ) ) ;
#11097 = ADVANCED_FACE ( 'NONE', ( #9064 ), #2388, .T. ) ;
#11098 = DIRECTION ( 'NONE',  ( -0.0000000000000000000, -1.000000000000000000, 0.0000000000000000000 ) ) ;
#11099 = LINE ( 'NONE', #6376, #4293 ) ;
#11100 = ORIENTED_EDGE ( 'NONE', *, *, #983, .T. ) ;
#11101 = ADVANCED_FACE ( 'NONE', ( #1531 ), #9245, .T. ) ;
#11102 = CARTESIAN_POINT ( 'NONE',  ( -0.9504466088465202134, 7.299999999999999822, 1.604999999999999760 ) ) ;
#11103 = ORIENTED_EDGE ( 'NONE', *, *, #10347, .T. ) ;
#11104 = EDGE_CURVE ( 'NONE', #3217, #9609, #10905, .T. ) ;
#11105 = FACE_OUTER_BOUND ( 'NONE', #647, .T. ) ;
#11106 = VECTOR ( 'NONE', #3452, 1000.000000000000000 ) ;
#11107 = CARTESIAN_POINT ( 'NONE',  ( -2.069999999999999840, 0.9500000000000002887, 1.604999999999999538 ) ) ;
#11108 = VERTEX_POINT ( 'NONE', #6435 ) ;
#11109 = DIRECTION ( 'NONE',  ( -1.000000000000000000, 0.0000000000000000000, -0.0000000000000000000 ) ) ;
#11110 = ORIENTED_EDGE ( 'NONE', *, *, #3131, .T. ) ;
#11111 = PLANE ( 'NONE',  #6374 ) ;
#11112 = VECTOR ( 'NONE', #3916, 1000.000000000000000 ) ;
#11113 = EDGE_CURVE ( 'NONE', #2072, #10991, #2507, .T. ) ;
#11114 = ORIENTED_EDGE ( 'NONE', *, *, #1205, .T. ) ;
#11115 = CARTESIAN_POINT ( 'NONE',  ( 4.394049177309263988E-17, 1.350000000000000089, 1.304999999999999716 ) ) ;
#11116 = FACE_OUTER_BOUND ( 'NONE', #9818, .T. ) ;
#11117 = CARTESIAN_POINT ( 'NONE',  ( 0.0000000000000000000, 0.0000000000000000000, 1.304999999999999494 ) ) ;
#11118 = VERTEX_POINT ( 'NONE', #645 ) ;
#11119 = CARTESIAN_POINT ( 'NONE',  ( -1.869999999999999662, 0.8499999999999999778, 1.305000000000000160 ) ) ;
#11120 = DIRECTION ( 'NONE',  ( -0.0000000000000000000, 0.0000000000000000000, 1.000000000000000000 ) ) ;
#11121 = DIRECTION ( 'NONE',  ( 0.0000000000000000000, 1.000000000000000000, 0.0000000000000000000 ) ) ;
#11122 = AXIS2_PLACEMENT_3D ( 'NONE', #5273, #9091, #8133 ) ;
#11123 = ORIENTED_EDGE ( 'NONE', *, *, #12077, .T. ) ;
#11124 = EDGE_LOOP ( 'NONE', ( #8203, #2980, #929, #4653 ) ) ;
#11125 = DIRECTION ( 'NONE',  ( 1.000000000000000000, 0.0000000000000000000, 0.0000000000000000000 ) ) ;
#11126 = DIRECTION ( 'NONE',  ( -3.367087492191007655E-17, 0.0000000000000000000, -1.000000000000000000 ) ) ;
#11127 = UNCERTAINTY_MEASURE_WITH_UNIT (LENGTH_MEASURE( 1.000000000000000082E-05 ), #7324, 'distance_accuracy_value', 'NONE');
#11128 = DIRECTION ( 'NONE',  ( 1.000000000000000000, 0.0000000000000000000, 0.0000000000000000000 ) ) ;
#11129 = CIRCLE ( 'NONE', #11319, 0.1000000000000000472 ) ;
#11130 = ORIENTED_EDGE ( 'NONE', *, *, #2561, .F. ) ;
#11131 = CARTESIAN_POINT ( 'NONE',  ( -3.350000000000000977, 5.541421356237306028, 0.1000000000000000056 ) ) ;
#11132 = CARTESIAN_POINT ( 'NONE',  ( -4.169999999999999929, 7.040192378864668754, 0.0000000000000000000 ) ) ;
#11133 = CARTESIAN_POINT ( 'NONE',  ( 2.890000000000000124, 1.050000000000000044, 1.604999999999999760 ) ) ;
#11134 = ORIENTED_EDGE ( 'NONE', *, *, #6816, .F. ) ;
#11135 = ORIENTED_EDGE ( 'NONE', *, *, #1523, .T. ) ;
#11136 = CARTESIAN_POINT ( 'NONE',  ( -4.469999999999999751, 3.449999999999999734, 0.3549999999999994271 ) ) ;
#11137 = VECTOR ( 'NONE', #6624, 1000.000000000000000 ) ;
#11138 = ORIENTED_EDGE ( 'NONE', *, *, #1962, .T. ) ;
#11139 = EDGE_CURVE ( 'NONE', #7106, #1122, #5368, .T. ) ;
#11140 = AXIS2_PLACEMENT_3D ( 'NONE', #10728, #5763, #4078 ) ;
#11141 = CARTESIAN_POINT ( 'NONE',  ( 2.750000000000000888, 0.0000000000000000000, 1.304999999999999494 ) ) ;
#11142 = ORIENTED_EDGE ( 'NONE', *, *, #3572, .F. ) ;
#11143 = CARTESIAN_POINT ( 'NONE',  ( -2.050446608846518082, 1.999999999999999556, 2.595000000000000195 ) ) ;
#11144 = CARTESIAN_POINT ( 'NONE',  ( -4.095945632836064831, 1.350000000000000089, 0.8810731492461164605 ) ) ;
#11145 = CARTESIAN_POINT ( 'NONE',  ( -3.219999999999999751, 1.349999999999999645, 0.3549999999999994271 ) ) ;
#11146 =( GEOMETRIC_REPRESENTATION_CONTEXT ( 3 ) GLOBAL_UNCERTAINTY_ASSIGNED_CONTEXT ( ( #9889 ) ) GLOBAL_UNIT_ASSIGNED_CONTEXT ( ( #9123, #7235, #527 ) ) REPRESENTATION_CONTEXT ( 'NONE', 'WORKASPACE' ) );
#11147 = CARTESIAN_POINT ( 'NONE',  ( 1.969999999999999973, 0.0000000000000000000, 1.304999999999999716 ) ) ;
#11148 = ORIENTED_EDGE ( 'NONE', *, *, #2632, .T. ) ;
#11149 = CIRCLE ( 'NONE', #7979, 0.1499999999417557517 ) ;
#11150 = CARTESIAN_POINT ( 'NONE',  ( 3.219999999999999751, 0.0000000000000000000, 1.504999999999999449 ) ) ;
#11151 = VERTEX_POINT ( 'NONE', #9003 ) ;
#11152 = ORIENTED_EDGE ( 'NONE', *, *, #4784, .F. ) ;
#11153 = VECTOR ( 'NONE', #1967, 1000.000000000000000 ) ;
#11154 = ADVANCED_FACE ( 'NONE', ( #4387 ), #11834, .T. ) ;
#11155 = EDGE_CURVE ( 'NONE', #784, #10355, #9186, .T. ) ;
#11156 = FACE_OUTER_BOUND ( 'NONE', #9914, .T. ) ;
#11157 = EDGE_CURVE ( 'NONE', #3984, #9046, #3428, .T. ) ;
#11158 = DIRECTION ( 'NONE',  ( -0.0000000000000000000, 0.0000000000000000000, 1.000000000000000000 ) ) ;
#11159 = CYLINDRICAL_SURFACE ( 'NONE', #10622, 0.9500000000000002887 ) ;
#11160 = ORIENTED_EDGE ( 'NONE', *, *, #2927, .T. ) ;
#11161 = CARTESIAN_POINT ( 'NONE',  ( -2.249999999999998668, 6.499999999999999112, 0.0000000000000000000 ) ) ;
#11162 = CARTESIAN_POINT ( 'NONE',  ( -0.6500000000000001332, 2.302902790585058312, -0.3750000000000000000 ) ) ;
#11163 = LINE ( 'NONE', #2568, #8828 ) ;
#11164 = CARTESIAN_POINT ( 'NONE',  ( -1.952842712474619047, 0.8085786437626907297, 1.604999999999999538 ) ) ;
#11165 = EDGE_LOOP ( 'NONE', ( #8380, #7549, #2859, #9444 ) ) ;
#11166 = CARTESIAN_POINT ( 'NONE',  ( 0.0000000000000000000, 0.0000000000000000000, 1.304999999999999494 ) ) ;
#11167 = EDGE_CURVE ( 'NONE', #4298, #5524, #7365, .T. ) ;
#11168 = ORIENTED_EDGE ( 'NONE', *, *, #4102, .F. ) ;
#11169 = VECTOR ( 'NONE', #1484, 1000.000000000000000 ) ;
#11170 = ORIENTED_EDGE ( 'NONE', *, *, #8949, .T. ) ;
#11171 = EDGE_CURVE ( 'NONE', #3984, #10479, #5245, .T. ) ;
#11172 = ADVANCED_FACE ( 'NONE', ( #12084 ), #531, .F. ) ;
#11173 = CARTESIAN_POINT ( 'NONE',  ( -0.3999999999999996891, -0.5999999999999995337, 1.304999999999999494 ) ) ;
#11174 = VECTOR ( 'NONE', #10832, 1000.000000000000000 ) ;
#11175 = PLANE ( 'NONE',  #1440 ) ;
#11176 = VERTEX_POINT ( 'NONE', #7179 ) ;
#11177 = CARTESIAN_POINT ( 'NONE',  ( -0.8999999999999998002, 0.0000000000000000000, 1.504999999999999449 ) ) ;
#11178 = AXIS2_PLACEMENT_3D ( 'NONE', #11145, #4744, #8536 ) ;
#11179 = CARTESIAN_POINT ( 'NONE',  ( 4.169999999999999929, 1.958578643762690197, 0.9114971157455593609 ) ) ;
#11180 = LINE ( 'NONE', #8443, #5371 ) ;
#11181 = PLANE ( 'NONE',  #2179 ) ;
#11182 = ADVANCED_FACE ( 'NONE', ( #6252 ), #11159, .T. ) ;
#11183 = AXIS2_PLACEMENT_3D ( 'NONE', #9530, #9472, #1004 ) ;
#11184 = ORIENTED_EDGE ( 'NONE', *, *, #2931, .T. ) ;
#11185 = ORIENTED_EDGE ( 'NONE', *, *, #10394, .T. ) ;
#11186 = ORIENTED_EDGE ( 'NONE', *, *, #5787, .F. ) ;
#11187 = CARTESIAN_POINT ( 'NONE',  ( 4.128578643762691236, 0.04142135623730948402, 1.604999999999999316 ) ) ;
#11188 = EDGE_CURVE ( 'NONE', #1167, #8135, #11099, .T. ) ;
#11189 = CARTESIAN_POINT ( 'NONE',  ( -4.394049177309269535E-17, 0.0000000000000000000, -1.305000000000001048 ) ) ;
#11190 = CARTESIAN_POINT ( 'NONE',  ( -2.150000000000000355, -0.5999999999999993117, 1.304999999999999494 ) ) ;
#11191 = DIRECTION ( 'NONE',  ( -0.0000000000000000000, 0.0000000000000000000, 1.000000000000000000 ) ) ;
#11192 = ORIENTED_EDGE ( 'NONE', *, *, #8967, .F. ) ;
#11193 = CARTESIAN_POINT ( 'NONE',  ( 1.349999999999999645, 5.787332622142040250, 0.3750000000000000000 ) ) ;
#11194 = FACE_OUTER_BOUND ( 'NONE', #7062, .T. ) ;
#11195 = FACE_OUTER_BOUND ( 'NONE', #2148, .T. ) ;
#11196 = AXIS2_PLACEMENT_3D ( 'NONE', #8129, #2408, #6158 ) ;
#11197 = DIRECTION ( 'NONE',  ( 0.0000000000000000000, 1.000000000000000000, 0.0000000000000000000 ) ) ;
#11198 = CARTESIAN_POINT ( 'NONE',  ( 1.899999999999999689, 0.0000000000000000000, -0.3550000000000007039 ) ) ;
#11199 = ORIENTED_EDGE ( 'NONE', *, *, #3764, .F. ) ;
#11200 = DIRECTION ( 'NONE',  ( 1.000000000000000000, 0.0000000000000000000, 0.0000000000000000000 ) ) ;
#11201 = DIRECTION ( 'NONE',  ( 0.0000000000000000000, -1.000000000000000000, 0.0000000000000000000 ) ) ;
#11202 = DIRECTION ( 'NONE',  ( -1.000000000000000000, 0.0000000000000000000, 0.0000000000000000000 ) ) ;
#11203 = CONICAL_SURFACE ( 'NONE', #5840, 0.2499999999578360332, 0.7853981636816653733 ) ;
#11204 = CARTESIAN_POINT ( 'NONE',  ( -4.069999999999999396, 1.250000000000000000, -0.3550000000000001488 ) ) ;
#11205 = CARTESIAN_POINT ( 'NONE',  ( 3.219999999999999751, 0.0000000000000000000, 1.304999999999999494 ) ) ;
#11206 = CARTESIAN_POINT ( 'NONE',  ( -4.169999999999999929, 5.225000000000000533, 0.1250000000000000000 ) ) ;
#11207 =( NAMED_UNIT ( * ) SI_UNIT ( $, .STERADIAN. ) SOLID_ANGLE_UNIT ( ) );
#11208 = DIRECTION ( 'NONE',  ( 1.000000000000000000, 0.0000000000000000000, 0.0000000000000000000 ) ) ;
#11209 = AXIS2_PLACEMENT_3D ( 'NONE', #2450, #2329, #5122 ) ;
#11210 = EDGE_CURVE ( 'NONE', #1241, #5518, #8301, .T. ) ;
#11211 = DIRECTION ( 'NONE',  ( 1.000000000000000000, 0.0000000000000000000, 0.0000000000000000000 ) ) ;
#11212 = DIRECTION ( 'NONE',  ( -0.0000000000000000000, 0.0000000000000000000, 1.000000000000000000 ) ) ;
#11213 = LINE ( 'NONE', #3495, #9566 ) ;
#11214 = ORIENTED_EDGE ( 'NONE', *, *, #6748, .T. ) ;
#11215 = CARTESIAN_POINT ( 'NONE',  ( -1.750000000000000222, 6.599999999999999645, 0.1000000000000000056 ) ) ;
#11216 = VECTOR ( 'NONE', #9745, 1000.000000000000000 ) ;
#11217 = DIRECTION ( 'NONE',  ( -1.244625060509296168E-16, -1.000000000000000000, 0.0000000000000000000 ) ) ;
#11218 = CARTESIAN_POINT ( 'NONE',  ( 0.8999999999999998002, 7.299999999999999822, 1.604999999999999760 ) ) ;
#11219 = VECTOR ( 'NONE', #8881, 1000.000000000000000 ) ;
#11220 = VERTEX_POINT ( 'NONE', #2626 ) ;
#11221 = FILL_AREA_STYLE_COLOUR ( '', #6697 ) ;
#11222 = DIRECTION ( 'NONE',  ( 0.0000000000000000000, 1.000000000000000000, 0.0000000000000000000 ) ) ;
#11223 = DIRECTION ( 'NONE',  ( 0.0000000000000000000, 0.0000000000000000000, -1.000000000000000000 ) ) ;
#11224 = VERTEX_POINT ( 'NONE', #8111 ) ;
#11225 = EDGE_CURVE ( 'NONE', #7470, #11520, #10227, .T. ) ;
#11226 = EDGE_CURVE ( 'NONE', #9981, #9675, #5742, .T. ) ;
#11227 = LINE ( 'NONE', #2697, #10522 ) ;
#11228 = CIRCLE ( 'NONE', #9468, 0.9500000000000002887 ) ;
#11229 = VECTOR ( 'NONE', #10815, 1000.000000000000000 ) ;
#11230 = ORIENTED_EDGE ( 'NONE', *, *, #11387, .F. ) ;
#11231 = CARTESIAN_POINT ( 'NONE',  ( -0.8999999999999999112, -0.5999999999999995337, 1.304999999999999494 ) ) ;
#11232 = EDGE_LOOP ( 'NONE', ( #3226, #90, #4550, #9754, #5940, #6001, #9520, #10995, #793, #5961, #11799, #9339 ) ) ;
#11233 = CARTESIAN_POINT ( 'NONE',  ( 3.219999999999999751, 5.350000000000000533, 0.3549999999999994271 ) ) ;
#11234 = ADVANCED_FACE ( 'NONE', ( #7430 ), #9374, .F. ) ;
#11235 = VECTOR ( 'NONE', #51, 1000.000000000000000 ) ;
#11236 = AXIS2_PLACEMENT_3D ( 'NONE', #9171, #4437, #12068 ) ;
#11237 = DIRECTION ( 'NONE',  ( 0.0000000000000000000, 0.0000000000000000000, 1.000000000000000000 ) ) ;
#11238 = CIRCLE ( 'NONE', #10837, 0.2500000000000002220 ) ;
#11239 = ORIENTED_EDGE ( 'NONE', *, *, #5539, .F. ) ;
#11240 = ADVANCED_FACE ( 'NONE', ( #2857 ), #10518, .F. ) ;
#11241 = EDGE_CURVE ( 'NONE', #4042, #9046, #8363, .T. ) ;
#11242 = FACE_OUTER_BOUND ( 'NONE', #2868, .T. ) ;
#11243 = DIRECTION ( 'NONE',  ( 1.000000000000000000, 0.0000000000000000000, 0.0000000000000000000 ) ) ;
#11244 = VERTEX_POINT ( 'NONE', #7491 ) ;
#11245 = ORIENTED_EDGE ( 'NONE', *, *, #12007, .F. ) ;
#11246 = VERTEX_POINT ( 'NONE', #1775 ) ;
#11247 = AXIS2_PLACEMENT_3D ( 'NONE', #5806, #6616, #7552 ) ;
#11248 = DIRECTION ( 'NONE',  ( 0.0000000000000000000, -0.0000000000000000000, -1.000000000000000000 ) ) ;
#11249 = CARTESIAN_POINT ( 'NONE',  ( -1.869999999999999885, 1.367157287525379905, 1.304999999999999716 ) ) ;
#11250 = EDGE_LOOP ( 'NONE', ( #4461, #5920, #6385, #3107 ) ) ;
#11251 = DIRECTION ( 'NONE',  ( 0.0000000000000000000, 0.0000000000000000000, -1.000000000000000000 ) ) ;
#11252 = SURFACE_SIDE_STYLE ('',( #8273 ) ) ;
#11253 = AXIS2_PLACEMENT_3D ( 'NONE', #8294, #3548, #7354 ) ;
#11254 = CARTESIAN_POINT ( 'NONE',  ( 0.8999999999999998002, 0.0000000000000000000, 1.504999999999999449 ) ) ;
#11255 = EDGE_CURVE ( 'NONE', #1481, #5632, #20, .T. ) ;
#11256 = DIRECTION ( 'NONE',  ( 1.000000000000000000, -0.0000000000000000000, -0.0000000000000000000 ) ) ;
#11257 = CARTESIAN_POINT ( 'NONE',  ( -1.750000000000000222, 6.500000000000000888, 0.1000000000000000056 ) ) ;
#11258 = DIRECTION ( 'NONE',  ( 0.0000000000000000000, -0.7071067811865475727, -0.7071067811865475727 ) ) ;
#11259 = LINE ( 'NONE', #6536, #6591 ) ;
#11260 = ORIENTED_EDGE ( 'NONE', *, *, #3927, .T. ) ;
#11261 = DIRECTION ( 'NONE',  ( -0.0000000000000000000, -0.0000000000000000000, -1.000000000000000000 ) ) ;
#11262 = VERTEX_POINT ( 'NONE', #6499 ) ;
#11263 =( LENGTH_UNIT ( ) NAMED_UNIT ( * ) SI_UNIT ( .MILLI., .METRE. ) );
#11264 = CARTESIAN_POINT ( 'NONE',  ( 0.0000000000000000000, 0.0000000000000000000, 1.604999999999999760 ) ) ;
#11265 = ORIENTED_EDGE ( 'NONE', *, *, #3713, .F. ) ;
#11266 = EDGE_CURVE ( 'NONE', #7125, #980, #6557, .T. ) ;
#11267 = CARTESIAN_POINT ( 'NONE',  ( 2.150000000000000355, -0.5999999999999993117, 1.304999999999999494 ) ) ;
#11268 = LINE ( 'NONE', #5730, #4498 ) ;
#11269 = DIRECTION ( 'NONE',  ( -0.0000000000000000000, -0.0000000000000000000, 1.000000000000000000 ) ) ;
#11270 = FACE_OUTER_BOUND ( 'NONE', #7094, .T. ) ;
#11271 = DIRECTION ( 'NONE',  ( 0.0000000000000000000, 0.0000000000000000000, -1.000000000000000000 ) ) ;
#11272 = PLANE ( 'NONE',  #2936 ) ;
#11273 = MECHANICAL_DESIGN_GEOMETRIC_PRESENTATION_REPRESENTATION (  '', ( #8697 ), #11069 ) ;
#11274 = VERTEX_POINT ( 'NONE', #5622 ) ;
#11275 = CARTESIAN_POINT ( 'NONE',  ( -2.150000000000000355, 0.4000000000000005218, 1.304999999999999494 ) ) ;
#11276 = EDGE_LOOP ( 'NONE', ( #1029, #9557, #611, #252 ) ) ;
#11277 = LINE ( 'NONE', #8357, #2914 ) ;
#11278 = LINE ( 'NONE', #835, #3166 ) ;
#11279 = CIRCLE ( 'NONE', #1158, 0.1499999999999999667 ) ;
#11280 = VERTEX_POINT ( 'NONE', #10353 ) ;
#11281 = ADVANCED_FACE ( 'NONE', ( #9435 ), #2801, .T. ) ;
#11282 = DIRECTION ( 'NONE',  ( -0.0000000000000000000, -1.000000000000000000, 0.0000000000000000000 ) ) ;
#11283 = CARTESIAN_POINT ( 'NONE',  ( 4.469999999999999751, 3.700000000000000178, 1.304999999999999494 ) ) ;
#11284 = EDGE_LOOP ( 'NONE', ( #2979, #8784, #11631, #10467 ) ) ;
#11285 = LINE ( 'NONE', #5691, #8094 ) ;
#11286 = PLANE ( 'NONE',  #5035 ) ;
#11287 = EDGE_LOOP ( 'NONE', ( #7242, #9902, #5660, #4048 ) ) ;
#11288 = DIRECTION ( 'NONE',  ( -1.000000000000000000, 0.0000000000000000000, -0.0000000000000000000 ) ) ;
#11289 = VECTOR ( 'NONE', #6847, 1000.000000000000000 ) ;
#11290 = ORIENTED_EDGE ( 'NONE', *, *, #340, .F. ) ;
#11291 = ORIENTED_EDGE ( 'NONE', *, *, #6767, .F. ) ;
#11292 = DIRECTION ( 'NONE',  ( 0.0000000000000000000, -0.0000000000000000000, -1.000000000000000000 ) ) ;
#11293 = DIRECTION ( 'NONE',  ( -0.7071067811865436870, 0.0000000000000000000, 0.7071067811865513475 ) ) ;
#11294 = ADVANCED_FACE ( 'NONE', ( #10462 ), #3814, .T. ) ;
#11295 = EDGE_CURVE ( 'NONE', #5511, #4429, #7472, .T. ) ;
#11296 = CARTESIAN_POINT ( 'NONE',  ( 1.969999999999999973, 3.449999999999999734, 1.604999999999999760 ) ) ;
#11297 = EDGE_LOOP ( 'NONE', ( #1779, #3393, #2111, #10511 ) ) ;
#11298 = DIRECTION ( 'NONE',  ( -1.000000000000000000, 0.0000000000000000000, -0.0000000000000000000 ) ) ;
#11299 =( NAMED_UNIT ( * ) PLANE_ANGLE_UNIT ( ) SI_UNIT ( $, .RADIAN. ) );
#11300 = CARTESIAN_POINT ( 'NONE',  ( 0.8500000000000000888, 5.787332622142043803, -0.3750000000000000000 ) ) ;
#11301 = EDGE_LOOP ( 'NONE', ( #4062, #8340, #3758, #816 ) ) ;
#11302 = LINE ( 'NONE', #4999, #7965 ) ;
#11303 = DIRECTION ( 'NONE',  ( -1.000000000000000000, 0.0000000000000000000, -0.0000000000000000000 ) ) ;
#11304 = ORIENTED_EDGE ( 'NONE', *, *, #7756, .T. ) ;
#11305 = AXIS2_PLACEMENT_3D ( 'NONE', #1894, #4763, #4706 ) ;
#11306 = ORIENTED_EDGE ( 'NONE', *, *, #3147, .F. ) ;
#11307 = CIRCLE ( 'NONE', #5543, 0.1000000000000000472 ) ;
#11308 = ADVANCED_FACE ( 'NONE', ( #7672 ), #2918, .T. ) ;
#11309 = CARTESIAN_POINT ( 'NONE',  ( -2.069999999999999840, 1.449999999999998845, 1.304999999999999938 ) ) ;
#11310 = ORIENTED_EDGE ( 'NONE', *, *, #3202, .T. ) ;
#11311 = DIRECTION ( 'NONE',  ( 1.000000000000000000, 0.0000000000000000000, 0.0000000000000000000 ) ) ;
#11312 = DIRECTION ( 'NONE',  ( -1.000000000000000000, 0.0000000000000000000, -0.0000000000000000000 ) ) ;
#11313 = VECTOR ( 'NONE', #11732, 1000.000000000000000 ) ;
#11314 = DIRECTION ( 'NONE',  ( 0.0000000000000000000, 1.000000000000000000, 0.0000000000000000000 ) ) ;
#11315 = CARTESIAN_POINT ( 'NONE',  ( -1.599999999999999867, 0.4000000000000001887, 1.604999999999999760 ) ) ;
#11316 = FACE_OUTER_BOUND ( 'NONE', #4362, .T. ) ;
#11317 = EDGE_CURVE ( 'NONE', #8049, #1109, #5269, .T. ) ;
#11318 = LINE ( 'NONE', #2780, #8919 ) ;
#11319 = AXIS2_PLACEMENT_3D ( 'NONE', #8444, #10315, #8515 ) ;
#11320 = CARTESIAN_POINT ( 'NONE',  ( -1.850000000000000089, 5.787332622142050909, -0.3750000000000000000 ) ) ;
#11321 = VERTEX_POINT ( 'NONE', #12150 ) ;
#11322 = CARTESIAN_POINT ( 'NONE',  ( -4.469999999999999751, 0.1000000000000002554, 1.604999999999999760 ) ) ;
#11323 = FACE_OUTER_BOUND ( 'NONE', #1705, .T. ) ;
#11324 = CARTESIAN_POINT ( 'NONE',  ( -1.050446608846517860, 2.499999999999999556, -1.505000000000002780 ) ) ;
#11325 = CARTESIAN_POINT ( 'NONE',  ( 0.3999999999999996891, -0.5999999999999995337, 1.604999999999999760 ) ) ;
#11326 = DIRECTION ( 'NONE',  ( 0.0000000000000000000, 0.0000000000000000000, -1.000000000000000000 ) ) ;
#11327 = CARTESIAN_POINT ( 'NONE',  ( 4.469999999999999751, 7.299999999999999822, 1.604999999999999760 ) ) ;
#11328 = VECTOR ( 'NONE', #4516, 1000.000000000000000 ) ;
#11329 = AXIS2_PLACEMENT_3D ( 'NONE', #4766, #8555, #1035 ) ;
#11330 = ORIENTED_EDGE ( 'NONE', *, *, #10348, .F. ) ;
#11331 = CARTESIAN_POINT ( 'NONE',  ( -2.750000000000000888, 0.4000000000000005218, 1.304999999999999494 ) ) ;
#11332 = ORIENTED_EDGE ( 'NONE', *, *, #6451, .F. ) ;
#11333 = EDGE_CURVE ( 'NONE', #4633, #12241, #904, .T. ) ;
#11334 = CARTESIAN_POINT ( 'NONE',  ( 0.5999999999999997558, 0.0000000000000000000, 1.304999999999999494 ) ) ;
#11335 = VERTEX_POINT ( 'NONE', #2743 ) ;
#11336 = CARTESIAN_POINT ( 'NONE',  ( -0.5999999999999997558, -0.5999999999999995337, 1.304999999999999494 ) ) ;
#11337 = CARTESIAN_POINT ( 'NONE',  ( 1.599999999999999867, 0.4000000000000002998, 1.304999999999999494 ) ) ;
#11338 = DIRECTION ( 'NONE',  ( 0.0000000000000000000, 0.0000000000000000000, 1.000000000000000000 ) ) ;
#11339 = LINE ( 'NONE', #74, #5695 ) ;
#11340 = ORIENTED_EDGE ( 'NONE', *, *, #3318, .F. ) ;
#11341 = CARTESIAN_POINT ( 'NONE',  ( -1.050446608846517860, 1.999999999999999556, 2.595000000000000195 ) ) ;
#11342 = EDGE_LOOP ( 'NONE', ( #1202, #6734, #3040, #10247 ) ) ;
#11343 = ORIENTED_EDGE ( 'NONE', *, *, #270, .F. ) ;
#11344 = AXIS2_PLACEMENT_3D ( 'NONE', #6219, #10012, #10753 ) ;
#11345 = VERTEX_POINT ( 'NONE', #4697 ) ;
#11346 = ORIENTED_EDGE ( 'NONE', *, *, #11859, .F. ) ;
#11347 = AXIS2_PLACEMENT_3D ( 'NONE', #6664, #2053, #5859 ) ;
#11348 = CARTESIAN_POINT ( 'NONE',  ( 0.0000000000000000000, 0.4000000000000004663, 1.304999999999999494 ) ) ;
#11349 = DIRECTION ( 'NONE',  ( -1.000000000000000000, 0.0000000000000000000, -0.0000000000000000000 ) ) ;
#11350 = CARTESIAN_POINT ( 'NONE',  ( -0.3999999999999997446, 0.0000000000000000000, -0.3550000000000007039 ) ) ;
#11351 = ORIENTED_EDGE ( 'NONE', *, *, #2509, .F. ) ;
#11352 = DIRECTION ( 'NONE',  ( 0.0000000000000000000, 0.0000000000000000000, -1.000000000000000000 ) ) ;
#11353 = VECTOR ( 'NONE', #7203, 1000.000000000000000 ) ;
#11354 = DIRECTION ( 'NONE',  ( 0.0000000000000000000, 0.0000000000000000000, 1.000000000000000000 ) ) ;
#11355 = CARTESIAN_POINT ( 'NONE',  ( 3.776497115745559796, 1.958578643762690197, 1.304999999999999494 ) ) ;
#11356 = VERTEX_POINT ( 'NONE', #12272 ) ;
#11357 = VECTOR ( 'NONE', #8817, 1000.000000000000000 ) ;
#11358 = LINE ( 'NONE', #738, #11807 ) ;
#11359 = CARTESIAN_POINT ( 'NONE',  ( -4.169999999999999929, 2.000000000000000000, 1.504999999999999449 ) ) ;
#11360 = CARTESIAN_POINT ( 'NONE',  ( 1.050446608846517860, 1.999999999999999556, 2.595000000000000195 ) ) ;
#11361 = VECTOR ( 'NONE', #7764, 1000.000000000000000 ) ;
#11362 = ORIENTED_EDGE ( 'NONE', *, *, #7741, .T. ) ;
#11363 = EDGE_CURVE ( 'NONE', #11708, #3689, #3748, .T. ) ;
#11364 = ORIENTED_EDGE ( 'NONE', *, *, #9646, .T. ) ;
#11365 = PRESENTATION_STYLE_ASSIGNMENT (( #11420 ) ) ;
#11366 = CARTESIAN_POINT ( 'NONE',  ( -2.011421356237309332, 1.349999999999998979, 1.405000000000000027 ) ) ;
#11367 = CIRCLE ( 'NONE', #11178, 1.250000000000000000 ) ;
#11368 = FACE_OUTER_BOUND ( 'NONE', #1136, .T. ) ;
#11369 = DIRECTION ( 'NONE',  ( 1.000000000000000000, -4.565061778886333058E-16, 0.0000000000000000000 ) ) ;
#11370 = VECTOR ( 'NONE', #7490, 1000.000000000000000 ) ;
#11371 = CARTESIAN_POINT ( 'NONE',  ( -0.8500000000000000888, 5.787332622142050909, -0.3750000000000000000 ) ) ;
#11372 = PLANE ( 'NONE',  #4959 ) ;
#11373 = DIRECTION ( 'NONE',  ( 1.000000000000000000, 0.0000000000000000000, 0.0000000000000000000 ) ) ;
#11374 = VERTEX_POINT ( 'NONE', #1886 ) ;
#11375 = EDGE_CURVE ( 'NONE', #4363, #980, #5688, .T. ) ;
#11376 = CIRCLE ( 'NONE', #655, 0.1499999999999999667 ) ;
#11377 = EDGE_CURVE ( 'NONE', #7268, #4903, #2186, .T. ) ;
#11378 = VERTEX_POINT ( 'NONE', #192 ) ;
#11379 = CIRCLE ( 'NONE', #9600, 1.250000000000000000 ) ;
#11380 = VERTEX_POINT ( 'NONE', #2130 ) ;
#11381 = MECHANICAL_DESIGN_GEOMETRIC_PRESENTATION_REPRESENTATION (  '', ( #9809 ), #6815 ) ;
#11382 =( LENGTH_UNIT ( ) NAMED_UNIT ( * ) SI_UNIT ( .MILLI., .METRE. ) );
#11383 = EDGE_CURVE ( 'NONE', #1937, #4913, #4869, .T. ) ;
#11384 = DIRECTION ( 'NONE',  ( 0.0000000000000000000, 1.000000000000000000, 0.0000000000000000000 ) ) ;
#11385 = DIRECTION ( 'NONE',  ( -0.0000000000000000000, -0.0000000000000000000, 1.000000000000000000 ) ) ;
#11386 = VERTEX_POINT ( 'NONE', #6966 ) ;
#11387 = EDGE_CURVE ( 'NONE', #2820, #3741, #9725, .T. ) ;
#11388 = EDGE_CURVE ( 'NONE', #878, #682, #5802, .T. ) ;
#11389 = LINE ( 'NONE', #6845, #5793 ) ;
#11390 = DIRECTION ( 'NONE',  ( 0.0000000000000000000, 0.0000000000000000000, -1.000000000000000000 ) ) ;
#11391 = ORIENTED_EDGE ( 'NONE', *, *, #5195, .T. ) ;
#11392 =( NAMED_UNIT ( * ) SI_UNIT ( $, .STERADIAN. ) SOLID_ANGLE_UNIT ( ) );
#11393 = CARTESIAN_POINT ( 'NONE',  ( 4.169999999999999929, 1.449999999999999512, 0.3549999999999994271 ) ) ;
#11394 = CARTESIAN_POINT ( 'NONE',  ( 4.158991407618498393, 1.402336762659750269, 0.5738811909989846027 ) ) ;
#11395 = ORIENTED_EDGE ( 'NONE', *, *, #5449, .F. ) ;
#11396 = DIRECTION ( 'NONE',  ( 1.000000000000000000, -4.565061778886333058E-16, 0.0000000000000000000 ) ) ;
#11397 = EDGE_CURVE ( 'NONE', #11500, #3138, #5996, .T. ) ;
#11398 = CIRCLE ( 'NONE', #10601, 0.1000000000000002554 ) ;
#11399 = CARTESIAN_POINT ( 'NONE',  ( -2.050446608846518082, 1.999999999999999556, 2.595000000000000195 ) ) ;
#11400 = EDGE_LOOP ( 'NONE', ( #11138, #3214, #10217, #1438 ) ) ;
#11401 = CARTESIAN_POINT ( 'NONE',  ( -2.011421356237309332, 1.308578643762690064, 1.604999999999999538 ) ) ;
#11402 = EDGE_CURVE ( 'NONE', #7118, #4298, #7031, .T. ) ;
#11403 = VERTEX_POINT ( 'NONE', #4121 ) ;
#11404 = ORIENTED_EDGE ( 'NONE', *, *, #1612, .F. ) ;
#11405 = CARTESIAN_POINT ( 'NONE',  ( 4.128578643762691236, -1.270221856575269460E-16, 1.563578643762689513 ) ) ;
#11406 = CARTESIAN_POINT ( 'NONE',  ( 1.969999999999999973, 3.449999999999999734, 0.0000000000000000000 ) ) ;
#11407 = VECTOR ( 'NONE', #7013, 1000.000000000000000 ) ;
#11408 = VECTOR ( 'NONE', #4527, 1000.000000000000000 ) ;
#11409 = ORIENTED_EDGE ( 'NONE', *, *, #7252, .T. ) ;
#11410 = DIRECTION ( 'NONE',  ( -1.000000000000000000, 0.0000000000000000000, -0.0000000000000000000 ) ) ;
#11411 = DIRECTION ( 'NONE',  ( 0.0000000000000000000, 0.0000000000000000000, -1.000000000000000000 ) ) ;
#11412 = VECTOR ( 'NONE', #5981, 1000.000000000000000 ) ;
#11413 = VECTOR ( 'NONE', #10495, 1000.000000000000000 ) ;
#11414 = ORIENTED_EDGE ( 'NONE', *, *, #6243, .T. ) ;
#11415 = DIRECTION ( 'NONE',  ( -1.000000000000000000, 0.0000000000000000000, -0.0000000000000000000 ) ) ;
#11416 = PLANE ( 'NONE',  #8143 ) ;
#11417 = COLOUR_RGB ( '',0.9686274509803921573, 0.8784313725490195957, 0.5999999999999999778 ) ;
#11418 = AXIS2_PLACEMENT_3D ( 'NONE', #3365, #11956, #3304 ) ;
#11419 = ORIENTED_EDGE ( 'NONE', *, *, #3203, .T. ) ;
#11420 = SURFACE_STYLE_USAGE ( .BOTH. , #224 ) ;
#11421 = VECTOR ( 'NONE', #9897, 1000.000000000000000 ) ;
#11422 = DIRECTION ( 'NONE',  ( 0.0000000000000000000, -1.000000000000000000, 0.0000000000000000000 ) ) ;
#11423 =( GEOMETRIC_REPRESENTATION_CONTEXT ( 3 ) GLOBAL_UNCERTAINTY_ASSIGNED_CONTEXT ( ( #10876 ) ) GLOBAL_UNIT_ASSIGNED_CONTEXT ( ( #5352, #8225, #10959 ) ) REPRESENTATION_CONTEXT ( 'NONE', 'WORKASPACE' ) );
#11424 = CIRCLE ( 'NONE', #1319, 0.1000000000000000472 ) ;
#11425 = ORIENTED_EDGE ( 'NONE', *, *, #3319, .F. ) ;
#11426 = EDGE_CURVE ( 'NONE', #1481, #6905, #6084, .T. ) ;
#11427 = SURFACE_SIDE_STYLE ('',( #4022 ) ) ;
#11428 = CARTESIAN_POINT ( 'NONE',  ( -1.050446608846517860, 2.499999999999999556, -1.505000000000002780 ) ) ;
#11429 = CARTESIAN_POINT ( 'NONE',  ( -0.6500000000000001332, 5.787332622142050909, -0.3750000000000000000 ) ) ;
#11430 = CARTESIAN_POINT ( 'NONE',  ( -1.500000000000000000, 2.302902790585058312, -0.3750000000000000000 ) ) ;
#11431 =( NAMED_UNIT ( * ) PLANE_ANGLE_UNIT ( ) SI_UNIT ( $, .RADIAN. ) );
#11432 = CIRCLE ( 'NONE', #2304, 0.2999999999999999334 ) ;
#11433 = ORIENTED_EDGE ( 'NONE', *, *, #4106, .F. ) ;
#11434 = VECTOR ( 'NONE', #5946, 1000.000000000000000 ) ;
#11435 = EDGE_LOOP ( 'NONE', ( #1, #7347, #4220, #9843 ) ) ;
#11436 = CARTESIAN_POINT ( 'NONE',  ( -1.050446608846517860, 2.499999999999999556, 2.595000000000000195 ) ) ;
#11437 = CARTESIAN_POINT ( 'NONE',  ( 4.211421356237309510, 1.349999999999998979, 0.3549999999999994271 ) ) ;
#11438 = ORIENTED_EDGE ( 'NONE', *, *, #8507, .F. ) ;
#11439 = AXIS2_PLACEMENT_3D ( 'NONE', #5857, #2051, #7776 ) ;
#11440 = CARTESIAN_POINT ( 'NONE',  ( -4.469999999999999751, 1.049999999999999822, 2.295000000000000817 ) ) ;
#11441 = EDGE_CURVE ( 'NONE', #3643, #9665, #3154, .T. ) ;
#11442 = EDGE_CURVE ( 'NONE', #8551, #8592, #1269, .T. ) ;
#11443 = CYLINDRICAL_SURFACE ( 'NONE', #12234, 0.1250000000000000000 ) ;
#11444 = DIRECTION ( 'NONE',  ( -0.0000000000000000000, -0.0000000000000000000, -1.000000000000000000 ) ) ;
#11445 = PRESENTATION_STYLE_ASSIGNMENT (( #8410 ) ) ;
#11446 = PLANE ( 'NONE',  #8484 ) ;
#11447 = CARTESIAN_POINT ( 'NONE',  ( -1.099999999999999867, 0.4000000000000001887, 1.604999999999999760 ) ) ;
#11448 = ORIENTED_EDGE ( 'NONE', *, *, #11813, .T. ) ;
#11449 = CARTESIAN_POINT ( 'NONE',  ( 4.469999999999999751, 3.700000000000000178, 0.1250000000000000278 ) ) ;
#11450 = VERTEX_POINT ( 'NONE', #10776 ) ;
#11451 = DIRECTION ( 'NONE',  ( 1.000000000000000000, -0.0000000000000000000, 0.0000000000000000000 ) ) ;
#11452 = EDGE_CURVE ( 'NONE', #3721, #11151, #1508, .T. ) ;
#11453 = ORIENTED_EDGE ( 'NONE', *, *, #11397, .T. ) ;
#11454 = EDGE_CURVE ( 'NONE', #9664, #3900, #4303, .T. ) ;
#11455 = DIRECTION ( 'NONE',  ( 0.0000000000000000000, -1.000000000000000000, -0.0000000000000000000 ) ) ;
#11456 = CARTESIAN_POINT ( 'NONE',  ( 3.250000000000001776, 6.500000000000000888, 0.3499999999999999223 ) ) ;
#11457 = ORIENTED_EDGE ( 'NONE', *, *, #4709, .T. ) ;
#11458 = FACE_OUTER_BOUND ( 'NONE', #9538, .T. ) ;
#11459 = VECTOR ( 'NONE', #3817, 1000.000000000000114 ) ;
#11460 = CARTESIAN_POINT ( 'NONE',  ( 0.5000000000000000000, 5.787332622142047356, 0.3750000000000000000 ) ) ;
#11461 = ORIENTED_EDGE ( 'NONE', *, *, #1604, .T. ) ;
#11462 = CARTESIAN_POINT ( 'NONE',  ( 1.399999999999999689, 0.0000000000000000000, -0.3550000000000007039 ) ) ;
#11463 = EDGE_LOOP ( 'NONE', ( #5, #364, #12201, #7811, #1055, #1585, #7489, #11656 ) ) ;
#11464 = ORIENTED_EDGE ( 'NONE', *, *, #9617, .T. ) ;
#11465 = ORIENTED_EDGE ( 'NONE', *, *, #9112, .T. ) ;
#11466 = CARTESIAN_POINT ( 'NONE',  ( 4.169999999999999929, 0.04142135623730965749, 1.504999999999999227 ) ) ;
#11467 = AXIS2_PLACEMENT_3D ( 'NONE', #10875, #9029, #6167 ) ;
#11468 = EDGE_CURVE ( 'NONE', #4705, #8021, #6176, .T. ) ;
#11469 = CARTESIAN_POINT ( 'NONE',  ( -1.599999999999999867, 0.0000000000000000000, -0.3550000000000007039 ) ) ;
#11470 = CARTESIAN_POINT ( 'NONE',  ( 4.169999999999999929, 7.040192378864668754, 0.0000000000000000000 ) ) ;
#11471 = ADVANCED_FACE ( 'NONE', ( #3096 ), #3990, .T. ) ;
#11472 = ORIENTED_EDGE ( 'NONE', *, *, #4833, .F. ) ;
#11473 = CARTESIAN_POINT ( 'NONE',  ( -4.169999999999999929, 4.599999999999999645, 2.295000000000000817 ) ) ;
#11474 = ORIENTED_EDGE ( 'NONE', *, *, #3985, .T. ) ;
#11475 = PLANE ( 'NONE',  #10826 ) ;
#11476 = FACE_OUTER_BOUND ( 'NONE', #4686, .T. ) ;
#11477 = CARTESIAN_POINT ( 'NONE',  ( 4.169999999999999929, 3.449999999999999734, 0.0000000000000000000 ) ) ;
#11478 = VERTEX_POINT ( 'NONE', #9604 ) ;
#11479 = ORIENTED_EDGE ( 'NONE', *, *, #7958, .F. ) ;
#11480 = EDGE_CURVE ( 'NONE', #3138, #8605, #8713, .T. ) ;
#11481 = DIRECTION ( 'NONE',  ( -0.0000000000000000000, -0.0000000000000000000, 1.000000000000000000 ) ) ;
#11482 = CARTESIAN_POINT ( 'NONE',  ( 3.219999999999999751, 498999.9999999999418, 288095.0246686601895 ) ) ;
#11483 = FACE_OUTER_BOUND ( 'NONE', #12145, .T. ) ;
#11484 = ORIENTED_EDGE ( 'NONE', *, *, #1065, .F. ) ;
#11485 = DIRECTION ( 'NONE',  ( 0.0000000000000000000, 0.0000000000000000000, -1.000000000000000000 ) ) ;
#11486 = CARTESIAN_POINT ( 'NONE',  ( -0.5000000000000000000, 2.302902790585058312, 0.3750000000000000000 ) ) ;
#11487 = AXIS2_PLACEMENT_3D ( 'NONE', #3240, #12200, #10912 ) ;
#11488 = VERTEX_POINT ( 'NONE', #8737 ) ;
#11489 = VERTEX_POINT ( 'NONE', #8923 ) ;
#11490 = PLANE ( 'NONE',  #10491 ) ;
#11491 = CARTESIAN_POINT ( 'NONE',  ( 1.870000000000000107, 0.8499999999999997558, 1.305000000000000160 ) ) ;
#11492 = CARTESIAN_POINT ( 'NONE',  ( 1.869999999999999662, 1.367157287525380571, 1.304999999999999938 ) ) ;
#11493 = VERTEX_POINT ( 'NONE', #138 ) ;
#11494 = DIRECTION ( 'NONE',  ( 0.0000000000000000000, 1.000000000000000000, 0.0000000000000000000 ) ) ;
#11495 = DIRECTION ( 'NONE',  ( -0.0000000000000000000, 1.000000000000000000, 0.0000000000000000000 ) ) ;
#11496 = CARTESIAN_POINT ( 'NONE',  ( 4.070000000000000284, 2.000000000000000000, -0.8529184719828696304 ) ) ;
#11497 = DIRECTION ( 'NONE',  ( -1.000000000000000000, 0.0000000000000000000, -0.0000000000000000000 ) ) ;
#11498 = FACE_OUTER_BOUND ( 'NONE', #60, .T. ) ;
#11499 = DIRECTION ( 'NONE',  ( -1.000000000000000000, -0.0000000000000000000, -0.0000000000000000000 ) ) ;
#11500 = VERTEX_POINT ( 'NONE', #6056 ) ;
#11501 = ORIENTED_EDGE ( 'NONE', *, *, #5580, .F. ) ;
#11502 = VECTOR ( 'NONE', #6991, 1000.000000000000000 ) ;
#11503 = ORIENTED_EDGE ( 'NONE', *, *, #5906, .F. ) ;
#11504 = EDGE_CURVE ( 'NONE', #11626, #8528, #389, .T. ) ;
#11505 = VERTEX_POINT ( 'NONE', #2060 ) ;
#11506 = CARTESIAN_POINT ( 'NONE',  ( 2.750000000000000888, -0.5999999999999993117, 1.304999999999999494 ) ) ;
#11507 = LINE ( 'NONE', #7677, #9475 ) ;
#11508 = ORIENTED_EDGE ( 'NONE', *, *, #4630, .T. ) ;
#11509 = DIRECTION ( 'NONE',  ( 0.7071067811865462405, 0.7071067811865489050, 0.0000000000000000000 ) ) ;
#11510 = CARTESIAN_POINT ( 'NONE',  ( -4.394049177309269535E-17, 1.999999999999999556, -1.305000000000001048 ) ) ;
#11511 = ORIENTED_EDGE ( 'NONE', *, *, #6052, .F. ) ;
#11512 = VERTEX_POINT ( 'NONE', #7227 ) ;
#11513 = EDGE_CURVE ( 'NONE', #3689, #7991, #457, .T. ) ;
#11514 = ORIENTED_EDGE ( 'NONE', *, *, #2770, .T. ) ;
#11515 = CONICAL_SURFACE ( 'NONE', #5578, 0.2499999999166536979, 0.7853981636816653733 ) ;
#11516 = DIRECTION ( 'NONE',  ( 0.0000000000000000000, 0.0000000000000000000, -1.000000000000000000 ) ) ;
#11517 = CARTESIAN_POINT ( 'NONE',  ( 3.219999999999999751, 2.000000000000000000, -1.305000000000001048 ) ) ;
#11518 = VECTOR ( 'NONE', #9503, 1000.000000000000000 ) ;
#11519 = DIRECTION ( 'NONE',  ( 0.0000000000000000000, 0.0000000000000000000, -1.000000000000000000 ) ) ;
#11520 = VERTEX_POINT ( 'NONE', #12070 ) ;
#11521 = FILL_AREA_STYLE_COLOUR ( '', #8456 ) ;
#11522 = DIRECTION ( 'NONE',  ( -1.000000000000000000, 0.0000000000000000000, 0.0000000000000000000 ) ) ;
#11523 = ADVANCED_FACE ( 'NONE', ( #10147 ), #10087, .F. ) ;
#11524 = VECTOR ( 'NONE', #5784, 1000.000000000000000 ) ;
#11525 = CARTESIAN_POINT ( 'NONE',  ( -1.099999999999999867, -0.5999999999999995337, 1.604999999999999760 ) ) ;
#11526 = CARTESIAN_POINT ( 'NONE',  ( 4.169999999999999929, 3.700000000000000178, 0.0000000000000000000 ) ) ;
#11527 = VERTEX_POINT ( 'NONE', #2437 ) ;
#11528 = EDGE_CURVE ( 'NONE', #1402, #8303, #11238, .T. ) ;
#11529 = EDGE_CURVE ( 'NONE', #4543, #5311, #3292, .T. ) ;
#11530 = EDGE_LOOP ( 'NONE', ( #2852, #9364, #10571, #1157 ) ) ;
#11531 = CARTESIAN_POINT ( 'NONE',  ( -1.399999999999999467, 0.1000000000000001305, 1.604999999999999760 ) ) ;
#11532 = VECTOR ( 'NONE', #7758, 1000.000000000000000 ) ;
#11533 = LINE ( 'NONE', #7880, #5597 ) ;
#11534 = EDGE_LOOP ( 'NONE', ( #8946, #8271, #9764, #7419 ) ) ;
#11535 = CARTESIAN_POINT ( 'NONE',  ( -3.780664687720350692, 1.450000000000000178, 1.304999999999999938 ) ) ;
#11536 = FACE_OUTER_BOUND ( 'NONE', #10669, .T. ) ;
#11537 = FACE_OUTER_BOUND ( 'NONE', #10561, .T. ) ;
#11538 = ADVANCED_FACE ( 'NONE', ( #6305 ), #7099, .F. ) ;
#11539 = CYLINDRICAL_SURFACE ( 'NONE', #10417, 0.1499999999999999944 ) ;
#11540 = DIRECTION ( 'NONE',  ( 1.000000000000000000, 0.0000000000000000000, 0.0000000000000000000 ) ) ;
#11541 = EDGE_CURVE ( 'NONE', #9114, #4307, #4685, .T. ) ;
#11542 = VERTEX_POINT ( 'NONE', #1453 ) ;
#11543 = DIRECTION ( 'NONE',  ( -0.0000000000000000000, -0.0000000000000000000, 1.000000000000000000 ) ) ;
#11544 = VECTOR ( 'NONE', #8925, 1000.000000000000000 ) ;
#11545 = CARTESIAN_POINT ( 'NONE',  ( 2.640000000042164174, 1.050000000000000044, 2.185000000054060365 ) ) ;
#11546 = DIRECTION ( 'NONE',  ( 0.0000000000000000000, 0.0000000000000000000, 1.000000000000000000 ) ) ;
#11547 = AXIS2_PLACEMENT_3D ( 'NONE', #8991, #4254, #7850 ) ;
#11548 = DIRECTION ( 'NONE',  ( 0.7071067811865463515, -0.7071067811865487940, 0.0000000000000000000 ) ) ;
#11549 = DIRECTION ( 'NONE',  ( 0.0000000000000000000, -1.000000000000000000, -0.0000000000000000000 ) ) ;
#11550 = DIRECTION ( 'NONE',  ( -0.7071067811865421326, 0.0000000000000000000, 0.7071067811865530128 ) ) ;
#11551 = CARTESIAN_POINT ( 'NONE',  ( 3.219999999999999751, 7.300000000043382897, -0.3550000000000007039 ) ) ;
#11552 = PRESENTATION_LAYER_ASSIGNMENT (  '', '', ( #4010 ) ) ;
#11553 = CARTESIAN_POINT ( 'NONE',  ( 0.5000000000000000000, 5.787332622142047356, -0.3750000000000000000 ) ) ;
#11554 = ORIENTED_EDGE ( 'NONE', *, *, #11504, .T. ) ;
#11555 = MANIFOLD_SOLID_BREP ( 'Boss-Extrude14[2]', #7317 ) ;
#11556 = ORIENTED_EDGE ( 'NONE', *, *, #5045, .T. ) ;
#11557 = DIRECTION ( 'NONE',  ( 1.000000000000000000, 0.0000000000000000000, -0.0000000000000000000 ) ) ;
#11558 = VERTEX_POINT ( 'NONE', #1696 ) ;
#11559 = CIRCLE ( 'NONE', #6222, 0.1000000000000000472 ) ;
#11560 = CARTESIAN_POINT ( 'NONE',  ( 4.169999999999999929, 4.599999999999999645, 2.295000000000000817 ) ) ;
#11561 = MECHANICAL_DESIGN_GEOMETRIC_PRESENTATION_REPRESENTATION (  '', ( #2635 ), #6426 ) ;
#11562 = EDGE_LOOP ( 'NONE', ( #1037, #744, #1504, #12180 ) ) ;
#11563 = DIRECTION ( 'NONE',  ( -0.0000000000000000000, -1.000000000000000000, -0.0000000000000000000 ) ) ;
#11564 = DIRECTION ( 'NONE',  ( -1.000000000000000000, -0.0000000000000000000, 0.0000000000000000000 ) ) ;
#11565 = EDGE_CURVE ( 'NONE', #6461, #12208, #10030, .T. ) ;
#11566 = DIRECTION ( 'NONE',  ( -1.000000000000000000, -0.0000000000000000000, -0.0000000000000000000 ) ) ;
#11567 = ORIENTED_EDGE ( 'NONE', *, *, #9995, .T. ) ;
#11568 = FACE_OUTER_BOUND ( 'NONE', #6800, .T. ) ;
#11569 = EDGE_LOOP ( 'NONE', ( #7750, #11952, #2525, #2383 ) ) ;
#11570 = VECTOR ( 'NONE', #6810, 1000.000000000000000 ) ;
#11571 = CARTESIAN_POINT ( 'NONE',  ( 2.069999999999999840, 1.249999999999999778, 1.504999999999999449 ) ) ;
#11572 = ORIENTED_EDGE ( 'NONE', *, *, #4117, .T. ) ;
#11573 = ORIENTED_EDGE ( 'NONE', *, *, #11541, .T. ) ;
#11574 = DIRECTION ( 'NONE',  ( -1.000000000000000000, 0.0000000000000000000, 0.0000000000000000000 ) ) ;
#11575 = LINE ( 'NONE', #8504, #10168 ) ;
#11576 = LINE ( 'NONE', #3051, #293 ) ;
#11577 = ORIENTED_EDGE ( 'NONE', *, *, #5300, .T. ) ;
#11578 = ADVANCED_FACE ( 'NONE', ( #12133 ), #7534, .T. ) ;
#11579 = EDGE_CURVE ( 'NONE', #5690, #907, #11268, .T. ) ;
#11580 = CARTESIAN_POINT ( 'NONE',  ( -0.5999999999999997558, -0.5999999999999995337, 1.304999999999999494 ) ) ;
#11581 = CARTESIAN_POINT ( 'NONE',  ( -1.599999999999999867, 0.4000000000000002998, 1.304999999999999494 ) ) ;
#11582 = EDGE_LOOP ( 'NONE', ( #1555, #8676, #7994, #2538 ) ) ;
#11583 = FILL_AREA_STYLE ('',( #2882 ) ) ;
#11584 = DIRECTION ( 'NONE',  ( -0.0000000000000000000, -1.000000000000000000, -0.0000000000000000000 ) ) ;
#11585 = VERTEX_POINT ( 'NONE', #9420 ) ;
#11586 = AXIS2_PLACEMENT_3D ( 'NONE', #810, #11256, #10385 ) ;
#11587 = AXIS2_PLACEMENT_3D ( 'NONE', #6223, #3340, #9158 ) ;
#11588 = VECTOR ( 'NONE', #2671, 1000.000000000000000 ) ;
#11589 = ORIENTED_EDGE ( 'NONE', *, *, #9263, .T. ) ;
#11590 = EDGE_CURVE ( 'NONE', #3350, #8104, #5492, .T. ) ;
#11591 = DIRECTION ( 'NONE',  ( 0.0000000000000000000, -1.000000000000000000, 0.0000000000000000000 ) ) ;
#11592 = CARTESIAN_POINT ( 'NONE',  ( 1.050446608846517860, 1.999999999999999556, 2.595000000000000195 ) ) ;
#11593 = ORIENTED_EDGE ( 'NONE', *, *, #4407, .F. ) ;
#11594 = ADVANCED_FACE ( 'NONE', ( #5668, #61 ), #9483, .F. ) ;
#11595 = ADVANCED_FACE ( 'NONE', ( #2841 ), #11443, .F. ) ;
#11596 = VECTOR ( 'NONE', #9511, 1000.000000000000000 ) ;
#11597 = CARTESIAN_POINT ( 'NONE',  ( 0.0000000000000000000, 5.787332622142050909, -0.3750000000000000000 ) ) ;
#11598 = VECTOR ( 'NONE', #10687, 1000.000000000000000 ) ;
#11599 = CARTESIAN_POINT ( 'NONE',  ( 2.069999999999999840, 1.249999999999999778, 10.05355608965224157 ) ) ;
#11600 = LINE ( 'NONE', #3127, #11717 ) ;
#11601 = DIRECTION ( 'NONE',  ( -1.000000000000000000, 0.0000000000000000000, -0.0000000000000000000 ) ) ;
#11602 = ORIENTED_EDGE ( 'NONE', *, *, #427, .F. ) ;
#11603 = ORIENTED_EDGE ( 'NONE', *, *, #11901, .F. ) ;
#11604 = MECHANICAL_DESIGN_GEOMETRIC_PRESENTATION_REPRESENTATION (  '', ( #714 ), #1514 ) ;
#11605 = LINE ( 'NONE', #4031, #7524 ) ;
#11606 = VECTOR ( 'NONE', #11980, 1000.000000000000114 ) ;
#11607 =( GEOMETRIC_REPRESENTATION_CONTEXT ( 3 ) GLOBAL_UNCERTAINTY_ASSIGNED_CONTEXT ( ( #4302 ) ) GLOBAL_UNIT_ASSIGNED_CONTEXT ( ( #2554, #12075, #8163 ) ) REPRESENTATION_CONTEXT ( 'NONE', 'WORKASPACE' ) );
#11608 = EDGE_CURVE ( 'NONE', #11335, #1685, #241, .T. ) ;
#11609 = CARTESIAN_POINT ( 'NONE',  ( 0.5999999999999997558, 0.4000000000000002998, 1.304999999999999494 ) ) ;
#11610 = CARTESIAN_POINT ( 'NONE',  ( 3.219999999999999307, 1.349999999999999423, 1.405000000000000471 ) ) ;
#11611 = ORIENTED_EDGE ( 'NONE', *, *, #5978, .T. ) ;
#11612 = FILL_AREA_STYLE_COLOUR ( '', #7403 ) ;
#11613 = ADVANCED_FACE ( 'NONE', ( #10504 ), #1982, .F. ) ;
#11614 = CARTESIAN_POINT ( 'NONE',  ( 0.3999999999999996891, 0.4000000000000002998, 1.304999999999999494 ) ) ;
#11615 = CARTESIAN_POINT ( 'NONE',  ( 3.219999999999999751, 1.899999999999999911, -1.305000000000001048 ) ) ;
#11616 = VECTOR ( 'NONE', #8955, 1000.000000000000000 ) ;
#11617 = VECTOR ( 'NONE', #9940, 1000.000000000000000 ) ;
#11618 = LINE ( 'NONE', #3087, #11633 ) ;
#11619 = VECTOR ( 'NONE', #11494, 1000.000000000000000 ) ;
#11620 = ORIENTED_EDGE ( 'NONE', *, *, #12142, .T. ) ;
#11621 = PLANE ( 'NONE',  #11347 ) ;
#11622 = EDGE_LOOP ( 'NONE', ( #1893, #11998, #10897, #3872, #3501, #8586, #2410, #1711 ) ) ;
#11623 = FACE_OUTER_BOUND ( 'NONE', #7571, .T. ) ;
#11624 = ADVANCED_FACE ( 'NONE', ( #4909 ), #3022, .F. ) ;
#11625 = AXIS2_PLACEMENT_3D ( 'NONE', #10101, #1023, #2690 ) ;
#11626 = VERTEX_POINT ( 'NONE', #1191 ) ;
#11627 = FACE_OUTER_BOUND ( 'NONE', #737, .T. ) ;
#11628 = CARTESIAN_POINT ( 'NONE',  ( 4.069999999999999396, 2.000000000000000000, 1.504999999999999449 ) ) ;
#11629 = DIRECTION ( 'NONE',  ( 0.0000000000000000000, 0.0000000000000000000, -1.000000000000000000 ) ) ;
#11630 = DIRECTION ( 'NONE',  ( -1.244625060509296168E-16, -1.000000000000000000, 0.0000000000000000000 ) ) ;
#11631 = ORIENTED_EDGE ( 'NONE', *, *, #568, .T. ) ;
#11632 = DIRECTION ( 'NONE',  ( 0.0000000000000000000, 0.0000000000000000000, 1.000000000000000000 ) ) ;
#11633 = VECTOR ( 'NONE', #1134, 1000.000000000000000 ) ;
#11634 = EDGE_LOOP ( 'NONE', ( #8450, #1525, #11871, #11602 ) ) ;
#11635 = LINE ( 'NONE', #9612, #1799 ) ;
#11636 = ORIENTED_EDGE ( 'NONE', *, *, #6078, .T. ) ;
#11637 = ORIENTED_EDGE ( 'NONE', *, *, #684, .T. ) ;
#11638 = ORIENTED_EDGE ( 'NONE', *, *, #7976, .F. ) ;
#11639 = EDGE_CURVE ( 'NONE', #7670, #3997, #3912, .T. ) ;
#11640 = CARTESIAN_POINT ( 'NONE',  ( -2.050446608846518082, 1.999999999999999556, 2.595000000000000195 ) ) ;
#11641 = VECTOR ( 'NONE', #9005, 1000.000000000000000 ) ;
#11642 = CARTESIAN_POINT ( 'NONE',  ( -1.500000000000000000, 2.302902790585058312, 0.3750000000000000000 ) ) ;
#11643 = DIRECTION ( 'NONE',  ( -1.244625060509296168E-16, -1.000000000000000000, 0.0000000000000000000 ) ) ;
#11644 = ORIENTED_EDGE ( 'NONE', *, *, #11687, .F. ) ;
#11645 = LINE ( 'NONE', #9175, #4497 ) ;
#11646 = DIRECTION ( 'NONE',  ( 3.367087492191007655E-17, -0.0000000000000000000, 1.000000000000000000 ) ) ;
#11647 = LINE ( 'NONE', #986, #6460 ) ;
#11648 = ORIENTED_EDGE ( 'NONE', *, *, #6484, .F. ) ;
#11649 = LINE ( 'NONE', #8753, #11729 ) ;
#11650 = CARTESIAN_POINT ( 'NONE',  ( -4.169999999999999929, 4.000000000000000000, 1.604999999999999538 ) ) ;
#11651 = VECTOR ( 'NONE', #2729, 1000.000000000000000 ) ;
#11652 = ORIENTED_EDGE ( 'NONE', *, *, #9434, .T. ) ;
#11653 = ORIENTED_EDGE ( 'NONE', *, *, #3005, .T. ) ;
#11654 = EDGE_CURVE ( 'NONE', #5552, #11766, #9594, .T. ) ;
#11655 = DIRECTION ( 'NONE',  ( -0.0000000000000000000, 1.000000000000000000, -0.0000000000000000000 ) ) ;
#11656 = ORIENTED_EDGE ( 'NONE', *, *, #11157, .T. ) ;
#11657 = CARTESIAN_POINT ( 'NONE',  ( 4.170000000000000817, 1.284314575050761187, 1.563578643762688847 ) ) ;
#11658 = CYLINDRICAL_SURFACE ( 'NONE', #4694, 0.1499999999999999667 ) ;
#11659 = VERTEX_POINT ( 'NONE', #11673 ) ;
#11660 = CARTESIAN_POINT ( 'NONE',  ( -4.469999999999999751, 4.000000000000000000, 1.304999999999999494 ) ) ;
#11661 = CARTESIAN_POINT ( 'NONE',  ( -4.169999999999999929, 1.250000256909134411, 0.8619186190461376462 ) ) ;
#11662 =( NAMED_UNIT ( * ) SI_UNIT ( $, .STERADIAN. ) SOLID_ANGLE_UNIT ( ) );
#11663 = DIRECTION ( 'NONE',  ( 0.0000000000000000000, -1.000000000000000000, 0.0000000000000000000 ) ) ;
#11664 = DIRECTION ( 'NONE',  ( 1.000000000000000000, 0.0000000000000000000, 0.0000000000000000000 ) ) ;
#11665 = EDGE_CURVE ( 'NONE', #6327, #7230, #3139, .T. ) ;
#11666 = ORIENTED_EDGE ( 'NONE', *, *, #8164, .T. ) ;
#11667 = VERTEX_POINT ( 'NONE', #5854 ) ;
#11668 = EDGE_CURVE ( 'NONE', #6907, #6782, #4965, .T. ) ;
#11669 = EDGE_CURVE ( 'NONE', #4382, #5410, #8777, .T. ) ;
#11670 = CARTESIAN_POINT ( 'NONE',  ( -0.3999999999999996891, -0.5999999999999995337, 1.304999999999999494 ) ) ;
#11671 = CARTESIAN_POINT ( 'NONE',  ( 1.399999999999999911, 0.1000000000000001305, 1.604999999999999760 ) ) ;
#11672 = ORIENTED_EDGE ( 'NONE', *, *, #2126, .F. ) ;
#11673 = CARTESIAN_POINT ( 'NONE',  ( 4.069999999999999396, 2.000000000000000000, -0.3549999999999998157 ) ) ;
#11674 = ORIENTED_EDGE ( 'NONE', *, *, #4796, .F. ) ;
#11675 = DIRECTION ( 'NONE',  ( 0.0000000000000000000, 0.0000000000000000000, 1.000000000000000000 ) ) ;
#11676 = FACE_OUTER_BOUND ( 'NONE', #750, .T. ) ;
#11677 = AXIS2_PLACEMENT_3D ( 'NONE', #10498, #10749, #1063 ) ;
#11678 = CARTESIAN_POINT ( 'NONE',  ( 0.0000000000000000000, 0.0000000000000000000, 1.604999999999999760 ) ) ;
#11679 = CARTESIAN_POINT ( 'NONE',  ( -4.469999999999999751, 3.575000000000000178, 0.1250000000000000000 ) ) ;
#11680 = EDGE_CURVE ( 'NONE', #8929, #8073, #312, .T. ) ;
#11681 = MANIFOLD_SOLID_BREP ( 'Boss-Extrude14[10]', #12281 ) ;
#11682 = ORIENTED_EDGE ( 'NONE', *, *, #6217, .T. ) ;
#11683 = CARTESIAN_POINT ( 'NONE',  ( 1.969999999999999973, 0.9499999999999998446, 1.405000000000000027 ) ) ;
#11684 = ORIENTED_EDGE ( 'NONE', *, *, #4899, .T. ) ;
#11685 = PRESENTATION_STYLE_ASSIGNMENT (( #7723 ) ) ;
#11686 = EDGE_CURVE ( 'NONE', #7694, #11920, #676, .T. ) ;
#11687 = EDGE_CURVE ( 'NONE', #6997, #7865, #9958, .T. ) ;
#11688 = VECTOR ( 'NONE', #9215, 1000.000000000000000 ) ;
#11689 = ORIENTED_EDGE ( 'NONE', *, *, #12002, .T. ) ;
#11690 = CARTESIAN_POINT ( 'NONE',  ( -4.070000000000000284, -1.270221856575269460E-16, 1.563578643762689735 ) ) ;
#11691 = CARTESIAN_POINT ( 'NONE',  ( -2.149999999999999911, 2.302902790585058312, -0.3750000000000000000 ) ) ;
#11692 = CARTESIAN_POINT ( 'NONE',  ( -1.869999999999999662, 0.8499999999999999778, 1.305000000000000160 ) ) ;
#11693 = CYLINDRICAL_SURFACE ( 'NONE', #1101, 0.1000000000000000472 ) ;
#11694 = ORIENTED_EDGE ( 'NONE', *, *, #5557, .T. ) ;
#11695 = FACE_OUTER_BOUND ( 'NONE', #1045, .T. ) ;
#11696 = CIRCLE ( 'NONE', #3562, 0.1000000000000002554 ) ;
#11697 = ADVANCED_FACE ( 'NONE', ( #11929 ), #10945, .F. ) ;
#11698 = VERTEX_POINT ( 'NONE', #8028 ) ;
#11699 = DIRECTION ( 'NONE',  ( 0.0000000000000000000, 0.0000000000000000000, 1.000000000000000000 ) ) ;
#11700 = VERTEX_POINT ( 'NONE', #10818 ) ;
#11701 = ORIENTED_EDGE ( 'NONE', *, *, #10009, .F. ) ;
#11702 = ADVANCED_BREP_SHAPE_REPRESENTATION ( 'D29E0DC9-5068-4971-9B44-6074E5159228', ( #12167, #3626, #7613, #12206, #3775, #11935, #12101, #3356, #11555, #3735, #11910, #3420, #7474, #3522, #7693, #3799, #11890, #3374, #7569, #12188, #3670, #11681, #7872, #3438, #520 ), #5279 ) ;
#11703 = ORIENTED_EDGE ( 'NONE', *, *, #8719, .T. ) ;
#11704 = DIRECTION ( 'NONE',  ( 0.0000000000000000000, -0.0000000000000000000, 1.000000000000000000 ) ) ;
#11705 = AXIS2_PLACEMENT_3D ( 'NONE', #850, #1780, #8369 ) ;
#11706 = LINE ( 'NONE', #2386, #235 ) ;
#11707 = DIRECTION ( 'NONE',  ( 0.0000000000000000000, -0.0000000000000000000, 1.000000000000000000 ) ) ;
#11708 = VERTEX_POINT ( 'NONE', #11870 ) ;
#11709 = CARTESIAN_POINT ( 'NONE',  ( -4.169999999999999929, 1.050000000000000044, 2.295000000000000817 ) ) ;
#11710 = SURFACE_STYLE_USAGE ( .BOTH. , #4377 ) ;
#11711 = DIRECTION ( 'NONE',  ( 0.0000000000000000000, 1.000000000000000000, 0.0000000000000000000 ) ) ;
#11712 = ORIENTED_EDGE ( 'NONE', *, *, #10693, .F. ) ;
#11713 = DIRECTION ( 'NONE',  ( -1.000000000000000000, 4.565061778886333058E-16, 6.123233995736766036E-17 ) ) ;
#11714 = VECTOR ( 'NONE', #164, 1000.000000000000000 ) ;
#11715 = ORIENTED_EDGE ( 'NONE', *, *, #667, .T. ) ;
#11716 = ORIENTED_EDGE ( 'NONE', *, *, #7927, .T. ) ;
#11717 = VECTOR ( 'NONE', #3966, 1000.000000000000000 ) ;
#11718 = ORIENTED_EDGE ( 'NONE', *, *, #7047, .T. ) ;
#11719 = CARTESIAN_POINT ( 'NONE',  ( 1.349999999999999867, 2.302902790585047654, 0.3750000000000000000 ) ) ;
#11720 = FACE_OUTER_BOUND ( 'NONE', #12295, .T. ) ;
#11721 = ORIENTED_EDGE ( 'NONE', *, *, #9297, .T. ) ;
#11722 = VECTOR ( 'NONE', #338, 1000.000000000000000 ) ;
#11723 =( LENGTH_UNIT ( ) NAMED_UNIT ( * ) SI_UNIT ( .MILLI., .METRE. ) );
#11724 = DIRECTION ( 'NONE',  ( -0.0000000000000000000, 1.000000000000000000, 0.0000000000000000000 ) ) ;
#11725 = SURFACE_STYLE_FILL_AREA ( #5204 ) ;
#11726 = CARTESIAN_POINT ( 'NONE',  ( 2.150446608846515506, 2.599999999999997424, 1.604999999999999760 ) ) ;
#11727 = EDGE_CURVE ( 'NONE', #3461, #6863, #11995, .T. ) ;
#11728 = EDGE_CURVE ( 'NONE', #8772, #10036, #2422, .T. ) ;
#11729 = VECTOR ( 'NONE', #10486, 1000.000000000000000 ) ;
#11730 = CARTESIAN_POINT ( 'NONE',  ( 2.149999999999999911, 5.787332622142036698, -0.3750000000000000000 ) ) ;
#11731 = LINE ( 'NONE', #3906, #9198 ) ;
#11732 = DIRECTION ( 'NONE',  ( 0.0000000000000000000, -0.0000000000000000000, 1.000000000000000000 ) ) ;
#11733 = VERTEX_POINT ( 'NONE', #5156 ) ;
#11734 = FACE_OUTER_BOUND ( 'NONE', #1046, .T. ) ;
#11735 = AXIS2_PLACEMENT_3D ( 'NONE', #4726, #11422, #2888 ) ;
#11736 = UNCERTAINTY_MEASURE_WITH_UNIT (LENGTH_MEASURE( 1.000000000000000082E-05 ), #5608, 'distance_accuracy_value', 'NONE');
#11737 = DIRECTION ( 'NONE',  ( 0.0000000000000000000, 0.0000000000000000000, 1.000000000000000000 ) ) ;
#11738 = VECTOR ( 'NONE', #7287, 1000.000000000000000 ) ;
#11739 = DIRECTION ( 'NONE',  ( -1.000000000000000000, 0.0000000000000000000, -0.0000000000000000000 ) ) ;
#11740 = ORIENTED_EDGE ( 'NONE', *, *, #7910, .T. ) ;
#11741 = DIRECTION ( 'NONE',  ( 0.0000000000000000000, 0.0000000000000000000, 1.000000000000000000 ) ) ;
#11742 = PLANE ( 'NONE',  #11587 ) ;
#11743 = VERTEX_POINT ( 'NONE', #9033 ) ;
#11744 = DIRECTION ( 'NONE',  ( 1.048990684667788966E-15, -0.0000000000000000000, -1.000000000000000000 ) ) ;
#11745 = CARTESIAN_POINT ( 'NONE',  ( -0.09999999999999982514, 0.0000000000000000000, 1.504999999999999449 ) ) ;
#11746 = EDGE_CURVE ( 'NONE', #640, #8799, #2478, .T. ) ;
#11747 = DIRECTION ( 'NONE',  ( 1.000000000000000000, 0.0000000000000000000, 0.0000000000000000000 ) ) ;
#11748 = PLANE ( 'NONE',  #6543 ) ;
#11749 = ORIENTED_EDGE ( 'NONE', *, *, #10895, .T. ) ;
#11750 = CARTESIAN_POINT ( 'NONE',  ( -4.128578643762690348, -4.903860132723835682E-16, -0.8872330470336315944 ) ) ;
#11751 = ORIENTED_EDGE ( 'NONE', *, *, #8206, .T. ) ;
#11752 = LINE ( 'NONE', #9719, #9329 ) ;
#11753 = AXIS2_PLACEMENT_3D ( 'NONE', #5929, #5107, #6965 ) ;
#11754 = FACE_OUTER_BOUND ( 'NONE', #8855, .T. ) ;
#11755 = VERTEX_POINT ( 'NONE', #560 ) ;
#11756 = ADVANCED_FACE ( 'NONE', ( #2359 ), #11742, .F. ) ;
#11757 = DIRECTION ( 'NONE',  ( 0.0000000000000000000, 0.0000000000000000000, 1.000000000000000000 ) ) ;
#11758 = DIRECTION ( 'NONE',  ( -1.000000000000000000, 0.0000000000000000000, 0.0000000000000000000 ) ) ;
#11759 = CARTESIAN_POINT ( 'NONE',  ( -0.8500000000000000888, 5.787332622142050909, -0.3750000000000000000 ) ) ;
#11760 = DIRECTION ( 'NONE',  ( 0.0000000000000000000, 0.0000000000000000000, 1.000000000000000000 ) ) ;
#11761 =( NAMED_UNIT ( * ) SI_UNIT ( $, .STERADIAN. ) SOLID_ANGLE_UNIT ( ) );
#11762 = EDGE_CURVE ( 'NONE', #8980, #2716, #6177, .T. ) ;
#11763 = CARTESIAN_POINT ( 'NONE',  ( 4.469999999999999751, 5.350000000000000533, 0.0000000000000000000 ) ) ;
#11764 = CARTESIAN_POINT ( 'NONE',  ( -0.09999999999999971412, -0.5999999999999995337, 1.604999999999999760 ) ) ;
#11765 = ORIENTED_EDGE ( 'NONE', *, *, #10099, .T. ) ;
#11766 = VERTEX_POINT ( 'NONE', #1437 ) ;
#11767 = ORIENTED_EDGE ( 'NONE', *, *, #7724, .T. ) ;
#11768 = CARTESIAN_POINT ( 'NONE',  ( 0.09999999999999971412, 0.4000000000000003553, 1.304999999999999494 ) ) ;
#11769 = CARTESIAN_POINT ( 'NONE',  ( -4.169999999999999929, 1.050000000000000044, 0.0000000000000000000 ) ) ;
#11770 = DIRECTION ( 'NONE',  ( 0.0000000000000000000, 0.0000000000000000000, -1.000000000000000000 ) ) ;
#11771 = ORIENTED_EDGE ( 'NONE', *, *, #2345, .F. ) ;
#11772 = CARTESIAN_POINT ( 'NONE',  ( 3.250000000000001776, 4.999999999999995559, 0.3499999999999999223 ) ) ;
#11773 = AXIS2_PLACEMENT_3D ( 'NONE', #7325, #11237, #736 ) ;
#11774 = EDGE_CURVE ( 'NONE', #9247, #9017, #7149, .T. ) ;
#11775 = CARTESIAN_POINT ( 'NONE',  ( 4.170000000000527507, 7.040192378858034061, 0.3549999999999996492 ) ) ;
#11776 = LINE ( 'NONE', #346, #9044 ) ;
#11777 = EDGE_LOOP ( 'NONE', ( #7770, #6196, #3554, #4748 ) ) ;
#11778 = CARTESIAN_POINT ( 'NONE',  ( 4.128578643762692124, -7.415971530979562019E-17, -0.8872330470336313724 ) ) ;
#11779 = DIRECTION ( 'NONE',  ( -0.7071067811865487940, -0.7071067811865463515, 0.0000000000000000000 ) ) ;
#11780 = ORIENTED_EDGE ( 'NONE', *, *, #5145, .F. ) ;
#11781 = EDGE_LOOP ( 'NONE', ( #11472, #3251 ) ) ;
#11782 = DIRECTION ( 'NONE',  ( 0.0000000000000000000, 0.0000000000000000000, -1.000000000000000000 ) ) ;
#11783 = EDGE_LOOP ( 'NONE', ( #4714, #2502, #5758, #9904 ) ) ;
#11784 = DIRECTION ( 'NONE',  ( 0.0000000000000000000, 0.0000000000000000000, -1.000000000000000000 ) ) ;
#11785 = CARTESIAN_POINT ( 'NONE',  ( -1.969999999999999973, 3.449999999999999734, 1.304999999999999716 ) ) ;
#11786 = EDGE_LOOP ( 'NONE', ( #7061, #12080, #2556, #10488 ) ) ;
#11787 = DIRECTION ( 'NONE',  ( 0.0000000000000000000, 0.0000000000000000000, 1.000000000000000000 ) ) ;
#11788 = PLANE ( 'NONE',  #5044 ) ;
#11789 = AXIS2_PLACEMENT_3D ( 'NONE', #9855, #3531, #1567 ) ;
#11790 = CARTESIAN_POINT ( 'NONE',  ( 1.869999999999999885, 0.9499999999999998446, 10.05355608965224157 ) ) ;
#11791 = ORIENTED_EDGE ( 'NONE', *, *, #55, .T. ) ;
#11792 = CARTESIAN_POINT ( 'NONE',  ( 0.0000000000000000000, 0.0000000000000000000, 1.304999999999999494 ) ) ;
#11793 = FACE_OUTER_BOUND ( 'NONE', #11250, .T. ) ;
#11794 = CARTESIAN_POINT ( 'NONE',  ( -0.5999999999999997558, -0.5999999999999995337, 1.304999999999999494 ) ) ;
#11795 = EDGE_CURVE ( 'NONE', #4831, #10368, #11005, .T. ) ;
#11796 = STYLED_ITEM ( 'NONE', ( #2461 ), #11975 ) ;
#11797 = VECTOR ( 'NONE', #7027, 1000.000000000000000 ) ;
#11798 = FACE_OUTER_BOUND ( 'NONE', #4089, .T. ) ;
#11799 = ORIENTED_EDGE ( 'NONE', *, *, #3675, .T. ) ;
#11800 = VERTEX_POINT ( 'NONE', #10199 ) ;
#11801 = CARTESIAN_POINT ( 'NONE',  ( 2.150000000000000355, -0.5999999999999993117, 1.604999999999999760 ) ) ;
#11802 = DIRECTION ( 'NONE',  ( 0.0000000000000000000, 0.0000000000000000000, -1.000000000000000000 ) ) ;
#11803 = DIRECTION ( 'NONE',  ( 0.0000000000000000000, 1.000000000000000000, 0.0000000000000000000 ) ) ;
#11804 = FACE_OUTER_BOUND ( 'NONE', #626, .T. ) ;
#11805 = VECTOR ( 'NONE', #5731, 1000.000000000000000 ) ;
#11806 = VERTEX_POINT ( 'NONE', #1745 ) ;
#11807 = VECTOR ( 'NONE', #10427, 1000.000000000000000 ) ;
#11808 = CARTESIAN_POINT ( 'NONE',  ( 0.5999999999999997558, 0.4000000000000003553, 1.304999999999999494 ) ) ;
#11809 = AXIS2_PLACEMENT_3D ( 'NONE', #5356, #8229, #12013 ) ;
#11810 = VECTOR ( 'NONE', #4034, 1000.000000000000000 ) ;
#11811 = EDGE_LOOP ( 'NONE', ( #3228, #7608, #10819, #1107 ) ) ;
#11812 = CARTESIAN_POINT ( 'NONE',  ( 1.970000000000000417, 0.9499999999999998446, 1.504999999999999449 ) ) ;
#11813 = EDGE_CURVE ( 'NONE', #4957, #11500, #894, .T. ) ;
#11814 = VERTEX_POINT ( 'NONE', #12181 ) ;
#11815 = CIRCLE ( 'NONE', #7660, 1.250000000000000000 ) ;
#11816 = CARTESIAN_POINT ( 'NONE',  ( -4.069999999999999396, 2.000000000000000000, -0.3550000000000002598 ) ) ;
#11817 = AXIS2_PLACEMENT_3D ( 'NONE', #6910, #7786, #8672 ) ;
#11818 = CARTESIAN_POINT ( 'NONE',  ( 0.0000000000000000000, 0.0000000000000000000, 1.304999999999999494 ) ) ;
#11819 = CARTESIAN_POINT ( 'NONE',  ( 1.399999999999999689, -0.5999999999999995337, 1.304999999999999494 ) ) ;
#11820 = SURFACE_STYLE_USAGE ( .BOTH. , #3419 ) ;
#11821 = LINE ( 'NONE', #10778, #10841 ) ;
#11822 = VERTEX_POINT ( 'NONE', #10380 ) ;
#11823 = CARTESIAN_POINT ( 'NONE',  ( 2.291421356237309581, 6.599999999999999645, -0.1000000000000000056 ) ) ;
#11824 = DIRECTION ( 'NONE',  ( 1.000000000000000000, 0.0000000000000000000, 0.0000000000000000000 ) ) ;
#11825 = VERTEX_POINT ( 'NONE', #12304 ) ;
#11826 = ADVANCED_FACE ( 'NONE', ( #1801 ), #12246, .T. ) ;
#11827 = VERTEX_POINT ( 'NONE', #1857 ) ;
#11828 = AXIS2_PLACEMENT_3D ( 'NONE', #733, #12098, #1728 ) ;
#11829 = VERTEX_POINT ( 'NONE', #872 ) ;
#11830 = EDGE_CURVE ( 'NONE', #8085, #5690, #10440, .T. ) ;
#11831 = DIRECTION ( 'NONE',  ( 1.244625060509296168E-16, 1.000000000000000000, 0.0000000000000000000 ) ) ;
#11832 = EDGE_CURVE ( 'NONE', #9664, #335, #9471, .T. ) ;
#11833 = DIRECTION ( 'NONE',  ( -0.0000000000000000000, -0.0000000000000000000, -1.000000000000000000 ) ) ;
#11834 = PLANE ( 'NONE',  #11418 ) ;
#11835 = ORIENTED_EDGE ( 'NONE', *, *, #7423, .F. ) ;
#11836 = CARTESIAN_POINT ( 'NONE',  ( 4.469999999999999751, 3.449999999999999734, 0.1250000000000000000 ) ) ;
#11837 = VECTOR ( 'NONE', #10885, 1000.000000000000000 ) ;
#11838 = CARTESIAN_POINT ( 'NONE',  ( 2.011421356237309332, 1.349999999999999423, 1.563578643762689735 ) ) ;
#11839 = LINE ( 'NONE', #9362, #7336 ) ;
#11840 = CYLINDRICAL_SURFACE ( 'NONE', #12005, 0.1499999999999999667 ) ;
#11841 = ORIENTED_EDGE ( 'NONE', *, *, #4030, .T. ) ;
#11842 = CARTESIAN_POINT ( 'NONE',  ( 0.5999999999999997558, -0.5999999999999995337, 1.304999999999999494 ) ) ;
#11843 = FACE_OUTER_BOUND ( 'NONE', #8927, .T. ) ;
#11844 = ADVANCED_FACE ( 'NONE', ( #8272 ), #2719, .F. ) ;
#11845 = DIRECTION ( 'NONE',  ( 0.0000000000000000000, 0.0000000000000000000, -1.000000000000000000 ) ) ;
#11846 = ORIENTED_EDGE ( 'NONE', *, *, #9081, .F. ) ;
#11847 = ORIENTED_EDGE ( 'NONE', *, *, #2875, .F. ) ;
#11848 = EDGE_CURVE ( 'NONE', #2532, #4587, #8837, .T. ) ;
#11849 = FACE_OUTER_BOUND ( 'NONE', #4071, .T. ) ;
#11850 = EDGE_LOOP ( 'NONE', ( #11573, #10673, #8048, #4782 ) ) ;
#11851 = CARTESIAN_POINT ( 'NONE',  ( 1.599999999999999867, -0.5999999999999995337, 1.304999999999999494 ) ) ;
#11852 = VERTEX_POINT ( 'NONE', #3526 ) ;
#11853 = FACE_OUTER_BOUND ( 'NONE', #288, .T. ) ;
#11854 = DIRECTION ( 'NONE',  ( 0.0000000000000000000, 0.0000000000000000000, -1.000000000000000000 ) ) ;
#11855 = CIRCLE ( 'NONE', #9508, 0.1250000000000000000 ) ;
#11856 = EDGE_LOOP ( 'NONE', ( #3000, #2885, #9394, #1800, #4707, #12160, #7154, #8313 ) ) ;
#11857 = LINE ( 'NONE', #4355, #10425 ) ;
#11858 = LINE ( 'NONE', #3449, #639 ) ;
#11859 = EDGE_CURVE ( 'NONE', #9398, #1187, #8458, .T. ) ;
#11860 = VERTEX_POINT ( 'NONE', #8520 ) ;
#11861 = ORIENTED_EDGE ( 'NONE', *, *, #829, .F. ) ;
#11862 = VERTEX_POINT ( 'NONE', #9286 ) ;
#11863 = DIRECTION ( 'NONE',  ( 0.0000000000000000000, 0.0000000000000000000, -1.000000000000000000 ) ) ;
#11864 = EDGE_CURVE ( 'NONE', #2138, #654, #4551, .T. ) ;
#11865 =( NAMED_UNIT ( * ) PLANE_ANGLE_UNIT ( ) SI_UNIT ( $, .RADIAN. ) );
#11866 =( GEOMETRIC_REPRESENTATION_CONTEXT ( 3 ) GLOBAL_UNCERTAINTY_ASSIGNED_CONTEXT ( ( #6168 ) ) GLOBAL_UNIT_ASSIGNED_CONTEXT ( ( #7579, #2092, #4725 ) ) REPRESENTATION_CONTEXT ( 'NONE', 'WORKASPACE' ) );
#11867 = DIRECTION ( 'NONE',  ( 0.0000000000000000000, 0.0000000000000000000, -1.000000000000000000 ) ) ;
#11868 = CARTESIAN_POINT ( 'NONE',  ( 1.970000000000000417, 1.308578643762689842, 1.405000000000000027 ) ) ;
#11869 = ORIENTED_EDGE ( 'NONE', *, *, #9313, .T. ) ;
#11870 = CARTESIAN_POINT ( 'NONE',  ( -2.249999999999996891, 6.500000000000000888, -0.2499999999999990286 ) ) ;
#11871 = ORIENTED_EDGE ( 'NONE', *, *, #445, .T. ) ;
#11872 =( NAMED_UNIT ( * ) SI_UNIT ( $, .STERADIAN. ) SOLID_ANGLE_UNIT ( ) );
#11873 = DIRECTION ( 'NONE',  ( 1.000000000000000000, 0.0000000000000000000, -0.0000000000000000000 ) ) ;
#11874 = ORIENTED_EDGE ( 'NONE', *, *, #10527, .F. ) ;
#11875 = LINE ( 'NONE', #3282, #11887 ) ;
#11876 = EDGE_LOOP ( 'NONE', ( #179, #8916, #6603, #12 ) ) ;
#11877 = CARTESIAN_POINT ( 'NONE',  ( -4.069999999999999396, -7.792703114739563119E-17, 1.504999999999999449 ) ) ;
#11878 = ORIENTED_EDGE ( 'NONE', *, *, #8227, .F. ) ;
#11879 = LINE ( 'NONE', #3410, #6718 ) ;
#11880 = AXIS2_PLACEMENT_3D ( 'NONE', #815, #760, #3597 ) ;
#11881 = ORIENTED_EDGE ( 'NONE', *, *, #7801, .T. ) ;
#11882 = DIRECTION ( 'NONE',  ( 1.000000000000000000, -5.503564327337586626E-17, 0.0000000000000000000 ) ) ;
#11883 = CARTESIAN_POINT ( 'NONE',  ( -4.170000000000000817, 1.307337157913847081, 0.6794856728187503858 ) ) ;
#11884 = EDGE_CURVE ( 'NONE', #8998, #1614, #7401, .T. ) ;
#11885 = ADVANCED_FACE ( 'NONE', ( #9758 ), #7901, .F. ) ;
#11886 = AXIS2_PLACEMENT_3D ( 'NONE', #10496, #6643, #2833 ) ;
#11887 = VECTOR ( 'NONE', #3348, 1000.000000000000000 ) ;
#11888 = ORIENTED_EDGE ( 'NONE', *, *, #6740, .F. ) ;
#11889 = ORIENTED_EDGE ( 'NONE', *, *, #2792, .F. ) ;
#11890 = MANIFOLD_SOLID_BREP ( 'Boss-Extrude14[12]', #12073 ) ;
#11891 = CARTESIAN_POINT ( 'NONE',  ( -3.219999999999999751, 7.300000000043382897, 0.3549999999999994271 ) ) ;
#11892 = DIRECTION ( 'NONE',  ( -1.000000000000000000, 0.0000000000000000000, -0.0000000000000000000 ) ) ;
#11893 = DIRECTION ( 'NONE',  ( 0.0000000000000000000, -0.0000000000000000000, 1.000000000000000000 ) ) ;
#11894 = FACE_OUTER_BOUND ( 'NONE', #10658, .T. ) ;
#11895 = ORIENTED_EDGE ( 'NONE', *, *, #2903, .F. ) ;
#11896 = DIRECTION ( 'NONE',  ( -0.5773502691896202910, 0.5773502691896228445, -0.5773502691896341688 ) ) ;
#11897 = DIRECTION ( 'NONE',  ( -1.000000000000000000, -0.0000000000000000000, -0.0000000000000000000 ) ) ;
#11898 = CARTESIAN_POINT ( 'NONE',  ( 1.149999999999999911, 5.787332622142043803, 0.3750000000000000000 ) ) ;
#11899 = LINE ( 'NONE', #6260, #10026 ) ;
#11900 = ORIENTED_EDGE ( 'NONE', *, *, #4258, .F. ) ;
#11901 = EDGE_CURVE ( 'NONE', #2472, #10303, #291, .T. ) ;
#11902 = DIRECTION ( 'NONE',  ( 0.0000000000000000000, 0.0000000000000000000, 1.000000000000000000 ) ) ;
#11903 = FACE_OUTER_BOUND ( 'NONE', #12286, .T. ) ;
#11904 = ORIENTED_EDGE ( 'NONE', *, *, #70, .F. ) ;
#11905 = ORIENTED_EDGE ( 'NONE', *, *, #8405, .F. ) ;
#11906 = VECTOR ( 'NONE', #6083, 1000.000000000000000 ) ;
#11907 = DIRECTION ( 'NONE',  ( 1.000000000000000000, 0.0000000000000000000, 0.0000000000000000000 ) ) ;
#11908 = DIRECTION ( 'NONE',  ( 0.0000000000000000000, 0.0000000000000000000, -1.000000000000000000 ) ) ;
#11909 = EDGE_CURVE ( 'NONE', #4354, #2312, #7035, .T. ) ;
#11910 = MANIFOLD_SOLID_BREP ( 'Mirror2', #3521 ) ;
#11911 = FILL_AREA_STYLE ('',( #551 ) ) ;
#11912 = FACE_OUTER_BOUND ( 'NONE', #9014, .T. ) ;
#11913 = AXIS2_PLACEMENT_3D ( 'NONE', #11571, #7924, #6973 ) ;
#11914 = CARTESIAN_POINT ( 'NONE',  ( 2.150000000000000355, 0.0000000000000000000, 1.504999999999999449 ) ) ;
#11915 = ORIENTED_EDGE ( 'NONE', *, *, #9882, .T. ) ;
#11916 = EDGE_CURVE ( 'NONE', #8974, #5330, #7454, .T. ) ;
#11917 = ADVANCED_FACE ( 'NONE', ( #5203 ), #2346, .F. ) ;
#11918 = CARTESIAN_POINT ( 'NONE',  ( 1.599999999999999867, 0.4000000000000002998, 1.604999999999999760 ) ) ;
#11919 = ORIENTED_EDGE ( 'NONE', *, *, #11031, .F. ) ;
#11920 = VERTEX_POINT ( 'NONE', #5267 ) ;
#11921 = ORIENTED_EDGE ( 'NONE', *, *, #9313, .F. ) ;
#11922 = CARTESIAN_POINT ( 'NONE',  ( 0.0000000000000000000, 7.299999999999999822, 1.604999999999999760 ) ) ;
#11923 = DIRECTION ( 'NONE',  ( -0.0000000000000000000, -1.000000000000000000, 0.0000000000000000000 ) ) ;
#11924 =( BOUNDED_CURVE ( )  B_SPLINE_CURVE ( 3, ( #1887, #5689, #11394, #10463, #5743, #8610 ),
 .UNSPECIFIED., .F., .T. ) 
 B_SPLINE_CURVE_WITH_KNOTS ( ( 4, 2, 4 ),
 ( 0.0000000000000000000, 0.5000000000000000000, 1.000000000000000000 ),
 .UNSPECIFIED. ) 
 CURVE ( )  GEOMETRIC_REPRESENTATION_ITEM ( )  RATIONAL_B_SPLINE_CURVE ( ( 1.000000000000000000, 1.000000002240320152, 0.9999994794556694711, 0.9999975057161365477, 0.9999960632283760864, 0.9999942691270311546 ) ) 
 REPRESENTATION_ITEM ( '' )  );
#11925 = CARTESIAN_POINT ( 'NONE',  ( -1.050446608846517860, 0.0000000000000000000, -1.305000000000001048 ) ) ;
#11926 = VERTEX_POINT ( 'NONE', #10061 ) ;
#11927 = EDGE_CURVE ( 'NONE', #8886, #5522, #358, .T. ) ;
#11928 = VECTOR ( 'NONE', #12140, 1000.000000000000000 ) ;
#11929 = FACE_OUTER_BOUND ( 'NONE', #10258, .T. ) ;
#11930 = ORIENTED_EDGE ( 'NONE', *, *, #9802, .F. ) ;
#11931 = CARTESIAN_POINT ( 'NONE',  ( -0.5000000000000000000, 2.302902790585058312, -0.3750000000000000000 ) ) ;
#11932 = EDGE_CURVE ( 'NONE', #4238, #4466, #6028, .T. ) ;
#11933 = LINE ( 'NONE', #8215, #7084 ) ;
#11934 = DIRECTION ( 'NONE',  ( -1.000000000000000000, -0.0000000000000000000, -0.0000000000000000000 ) ) ;
#11935 = MANIFOLD_SOLID_BREP ( 'Boss-Extrude14[11]', #5926 ) ;
#11936 = VECTOR ( 'NONE', #2560, 1000.000000000000000 ) ;
#11937 = ORIENTED_EDGE ( 'NONE', *, *, #10775, .T. ) ;
#11938 = CARTESIAN_POINT ( 'NONE',  ( 4.469999999999999751, 3.700000000000000178, 1.604999999999999760 ) ) ;
#11939 = AXIS2_PLACEMENT_3D ( 'NONE', #1506, #7157, #5988 ) ;
#11940 = CARTESIAN_POINT ( 'NONE',  ( -2.349999999999996980, 6.399999999999999467, 0.3500000000000001443 ) ) ;
#11941 = ORIENTED_EDGE ( 'NONE', *, *, #7376, .T. ) ;
#11942 = ADVANCED_FACE ( 'NONE', ( #4153 ), #7949, .F. ) ;
#11943 = PLANE ( 'NONE',  #103 ) ;
#11944 = DIRECTION ( 'NONE',  ( 1.000000000000000000, 0.0000000000000000000, -0.0000000000000000000 ) ) ;
#11945 = DIRECTION ( 'NONE',  ( 0.0000000000000000000, 0.0000000000000000000, -1.000000000000000000 ) ) ;
#11946 = FACE_OUTER_BOUND ( 'NONE', #10666, .T. ) ;
#11947 = AXIS2_PLACEMENT_3D ( 'NONE', #5582, #10428, #6632 ) ;
#11948 = EDGE_LOOP ( 'NONE', ( #3812, #5767, #9121, #11306 ) ) ;
#11949 = DIRECTION ( 'NONE',  ( -1.000000000000000000, 0.0000000000000000000, 0.0000000000000000000 ) ) ;
#11950 = VERTEX_POINT ( 'NONE', #9020 ) ;
#11951 = VECTOR ( 'NONE', #7631, 1000.000000000000000 ) ;
#11952 = ORIENTED_EDGE ( 'NONE', *, *, #9954, .T. ) ;
#11953 = DIRECTION ( 'NONE',  ( 1.000000000000000000, -0.0000000000000000000, 0.0000000000000000000 ) ) ;
#11954 = CARTESIAN_POINT ( 'NONE',  ( -2.750000000000000888, 0.0000000000000000000, -0.3550000000000007039 ) ) ;
#11955 = EDGE_CURVE ( 'NONE', #8799, #6613, #9086, .T. ) ;
#11956 = DIRECTION ( 'NONE',  ( 0.0000000000000000000, 0.0000000000000000000, 1.000000000000000000 ) ) ;
#11957 = DIRECTION ( 'NONE',  ( 0.0000000000000000000, -0.8660254037844373753, -0.5000000000000022204 ) ) ;
#11958 = ORIENTED_EDGE ( 'NONE', *, *, #5379, .F. ) ;
#11959 = SURFACE_STYLE_USAGE ( .BOTH. , #4454 ) ;
#11960 = VECTOR ( 'NONE', #7429, 1000.000000000000000 ) ;
#11961 = CARTESIAN_POINT ( 'NONE',  ( 2.069999999999999840, 1.249999999999999334, 1.604999999999999094 ) ) ;
#11962 = DIRECTION ( 'NONE',  ( 0.0000000000000000000, 0.0000000000000000000, -1.000000000000000000 ) ) ;
#11963 = LINE ( 'NONE', #11043, #6060 ) ;
#11964 = ORIENTED_EDGE ( 'NONE', *, *, #11383, .T. ) ;
#11965 = PRESENTATION_LAYER_ASSIGNMENT (  '', '', ( #5008 ) ) ;
#11966 = CARTESIAN_POINT ( 'NONE',  ( 3.219999999999999751, 0.1000000000000000472, -1.305000000000001048 ) ) ;
#11967 = CARTESIAN_POINT ( 'NONE',  ( 0.8500000000000000888, 2.302902790585051207, -0.3750000000000000000 ) ) ;
#11968 = ORIENTED_EDGE ( 'NONE', *, *, #3901, .T. ) ;
#11969 = ORIENTED_EDGE ( 'NONE', *, *, #3066, .F. ) ;
#11970 = VECTOR ( 'NONE', #2759, 1000.000000000000000 ) ;
#11971 = CARTESIAN_POINT ( 'NONE',  ( 2.250000000000000444, 6.500000000000000888, -0.09999999999999999167 ) ) ;
#11972 = CARTESIAN_POINT ( 'NONE',  ( -4.469999999999999751, 2.599999999999997424, 1.604999999999999760 ) ) ;
#11973 = ADVANCED_FACE ( 'NONE', ( #4292 ), #8074, .T. ) ;
#11974 =( GEOMETRIC_REPRESENTATION_CONTEXT ( 3 ) GLOBAL_UNCERTAINTY_ASSIGNED_CONTEXT ( ( #4032 ) ) GLOBAL_UNIT_ASSIGNED_CONTEXT ( ( #8015, #10806, #601 ) ) REPRESENTATION_CONTEXT ( 'NONE', 'WORKASPACE' ) );
#11975 = ADVANCED_FACE ( 'NONE', ( #11853 ), #3327, .F. ) ;
#11976 = CARTESIAN_POINT ( 'NONE',  ( 3.219999999999999751, 2.000000000000000000, -1.205000000000000959 ) ) ;
#11977 = ORIENTED_EDGE ( 'NONE', *, *, #9263, .F. ) ;
#11978 = FILL_AREA_STYLE_COLOUR ( '', #8020 ) ;
#11979 = ORIENTED_EDGE ( 'NONE', *, *, #1219, .F. ) ;
#11980 = DIRECTION ( 'NONE',  ( -0.5773502691896260641, -0.5773502691896311712, 0.5773502691896199579 ) ) ;
#11981 = DIRECTION ( 'NONE',  ( 0.0000000000000000000, 0.0000000000000000000, -1.000000000000000000 ) ) ;
#11982 = CARTESIAN_POINT ( 'NONE',  ( 0.0000000000000000000, -0.5999999999999995337, 1.304999999999999494 ) ) ;
#11983 = VERTEX_POINT ( 'NONE', #12102 ) ;
#11984 = VERTEX_POINT ( 'NONE', #7383 ) ;
#11985 = EDGE_LOOP ( 'NONE', ( #6684, #10760, #8560, #3394, #8218, #453, #5199, #6518 ) ) ;
#11986 = ADVANCED_FACE ( 'NONE', ( #11116 ), #10311, .T. ) ;
#11987 = LINE ( 'NONE', #11922, #11106 ) ;
#11988 = LINE ( 'NONE', #10068, #6517 ) ;
#11989 = UNCERTAINTY_MEASURE_WITH_UNIT (LENGTH_MEASURE( 1.000000000000000082E-05 ), #193, 'distance_accuracy_value', 'NONE');
#11990 = EDGE_CURVE ( 'NONE', #9108, #5863, #10182, .T. ) ;
#11991 = ADVANCED_FACE ( 'NONE', ( #2521 ), #4715, .T. ) ;
#11992 = DIRECTION ( 'NONE',  ( 0.0000000000000000000, 1.000000000000000000, 0.0000000000000000000 ) ) ;
#11993 = ORIENTED_EDGE ( 'NONE', *, *, #7449, .F. ) ;
#11994 = VECTOR ( 'NONE', #10358, 1000.000000000000000 ) ;
#11995 = LINE ( 'NONE', #1381, #6833 ) ;
#11996 = ORIENTED_EDGE ( 'NONE', *, *, #4502, .T. ) ;
#11997 = CARTESIAN_POINT ( 'NONE',  ( 3.219999999999999751, 0.0000000000000000000, -1.305000000000001048 ) ) ;
#11998 = ORIENTED_EDGE ( 'NONE', *, *, #855, .T. ) ;
#11999 = CARTESIAN_POINT ( 'NONE',  ( 2.250000000000000888, 6.500000000000000888, 0.0000000000000000000 ) ) ;
#12000 = ORIENTED_EDGE ( 'NONE', *, *, #530, .F. ) ;
#12001 = DIRECTION ( 'NONE',  ( 0.0000000000000000000, 0.0000000000000000000, -1.000000000000000000 ) ) ;
#12002 = EDGE_CURVE ( 'NONE', #8592, #5347, #1667, .T. ) ;
#12003 = LINE ( 'NONE', #3476, #5534 ) ;
#12004 = AXIS2_PLACEMENT_3D ( 'NONE', #10326, #7335, #5470 ) ;
#12005 = AXIS2_PLACEMENT_3D ( 'NONE', #3241, #5251, #3434 ) ;
#12006 = EDGE_CURVE ( 'NONE', #4930, #11489, #5450, .T. ) ;
#12007 = EDGE_CURVE ( 'NONE', #11512, #6695, #6628, .T. ) ;
#12008 = CARTESIAN_POINT ( 'NONE',  ( -0.5000000000000000000, 5.787332622142050909, -0.3750000000000000000 ) ) ;
#12009 = ORIENTED_EDGE ( 'NONE', *, *, #9419, .T. ) ;
#12010 = CARTESIAN_POINT ( 'NONE',  ( 2.750000000000000888, 0.0000000000000000000, 1.304999999999999494 ) ) ;
#12011 = LINE ( 'NONE', #7165, #3256 ) ;
#12012 = DIRECTION ( 'NONE',  ( 0.0000000000000000000, 0.0000000000000000000, -1.000000000000000000 ) ) ;
#12013 = DIRECTION ( 'NONE',  ( 0.0000000000000000000, 0.0000000000000000000, -1.000000000000000000 ) ) ;
#12014 = LINE ( 'NONE', #8165, #5694 ) ;
#12015 = VECTOR ( 'NONE', #5283, 1000.000000000000000 ) ;
#12016 = ORIENTED_EDGE ( 'NONE', *, *, #4346, .F. ) ;
#12017 = LINE ( 'NONE', #11150, #9957 ) ;
#12018 = CARTESIAN_POINT ( 'NONE',  ( 1.599999999999999867, -0.5999999999999995337, 1.304999999999999494 ) ) ;
#12019 = EDGE_CURVE ( 'NONE', #4764, #3516, #8810, .T. ) ;
#12020 = VECTOR ( 'NONE', #9287, 1000.000000000000000 ) ;
#12021 = AXIS2_PLACEMENT_3D ( 'NONE', #7131, #9820, #1420 ) ;
#12022 = DIRECTION ( 'NONE',  ( 0.0000000000000000000, 1.000000000000000000, 0.0000000000000000000 ) ) ;
#12023 = AXIS2_PLACEMENT_3D ( 'NONE', #5561, #4754, #8547 ) ;
#12024 = DIRECTION ( 'NONE',  ( 1.000000000000000000, 0.0000000000000000000, 0.0000000000000000000 ) ) ;
#12025 = DIRECTION ( 'NONE',  ( 1.000000000000000000, -0.0000000000000000000, 0.0000000000000000000 ) ) ;
#12026 = VERTEX_POINT ( 'NONE', #1227 ) ;
#12027 = LINE ( 'NONE', #1596, #7300 ) ;
#12028 = CARTESIAN_POINT ( 'NONE',  ( -4.169999999999999929, 2.000000000000000000, 0.3550000000000004263 ) ) ;
#12029 = LINE ( 'NONE', #3564, #4054 ) ;
#12030 = CARTESIAN_POINT ( 'NONE',  ( -2.011421356237309332, 0.8671572875253815704, 1.604999999999999538 ) ) ;
#12031 = CIRCLE ( 'NONE', #3880, 0.1000000000000002554 ) ;
#12032 = VERTEX_POINT ( 'NONE', #2879 ) ;
#12033 = CARTESIAN_POINT ( 'NONE',  ( 0.0000000000000000000, 5.787332622142050909, 0.3750000000000000000 ) ) ;
#12034 = AXIS2_PLACEMENT_3D ( 'NONE', #182, #5918, #2050 ) ;
#12035 = ORIENTED_EDGE ( 'NONE', *, *, #9383, .F. ) ;
#12036 = ORIENTED_EDGE ( 'NONE', *, *, #1646, .F. ) ;
#12037 = CARTESIAN_POINT ( 'NONE',  ( -2.150000000000000355, -0.5999999999999993117, 1.604999999999999760 ) ) ;
#12038 = VECTOR ( 'NONE', #10307, 1000.000000000000000 ) ;
#12039 = LINE ( 'NONE', #7321, #6094 ) ;
#12040 = EDGE_LOOP ( 'NONE', ( #9780, #9252, #2571, #11004 ) ) ;
#12041 = CARTESIAN_POINT ( 'NONE',  ( 4.169999999999999929, 1.050000000000000044, 2.295000000000000817 ) ) ;
#12042 = ORIENTED_EDGE ( 'NONE', *, *, #3675, .F. ) ;
#12043 = CARTESIAN_POINT ( 'NONE',  ( -4.070000000000000284, 1.308578643762690286, 1.604999999999998872 ) ) ;
#12044 = DIRECTION ( 'NONE',  ( -0.0000000000000000000, -0.0000000000000000000, -1.000000000000000000 ) ) ;
#12045 = EDGE_LOOP ( 'NONE', ( #2293, #12104, #1399, #2257 ) ) ;
#12046 = VERTEX_POINT ( 'NONE', #10481 ) ;
#12047 = EDGE_CURVE ( 'NONE', #3517, #8600, #271, .T. ) ;
#12048 = DIRECTION ( 'NONE',  ( -0.0000000000000000000, -0.0000000000000000000, 1.000000000000000000 ) ) ;
#12049 = CARTESIAN_POINT ( 'NONE',  ( 4.469999999999999751, 3.575000000000000178, 0.0000000000000000000 ) ) ;
#12050 = CARTESIAN_POINT ( 'NONE',  ( 3.219999999999999751, 0.0000000000000000000, 1.304999999999999494 ) ) ;
#12051 = CARTESIAN_POINT ( 'NONE',  ( -4.469999999999999751, 4.599999999999999645, 2.595000000000000195 ) ) ;
#12052 = VECTOR ( 'NONE', #5312, 1000.000000000000000 ) ;
#12053 =( NAMED_UNIT ( * ) SI_UNIT ( $, .STERADIAN. ) SOLID_ANGLE_UNIT ( ) );
#12054 = DIRECTION ( 'NONE',  ( 0.0000000000000000000, 0.0000000000000000000, 1.000000000000000000 ) ) ;
#12055 = CARTESIAN_POINT ( 'NONE',  ( 0.8999999999999999112, -0.5999999999999995337, 1.604999999999999760 ) ) ;
#12056 = LINE ( 'NONE', #1344, #683 ) ;
#12057 = ORIENTED_EDGE ( 'NONE', *, *, #7958, .T. ) ;
#12058 = CARTESIAN_POINT ( 'NONE',  ( 4.471000000000000973, 4.000000000000000000, 1.904999999999999361 ) ) ;
#12059 = ORIENTED_EDGE ( 'NONE', *, *, #1446, .T. ) ;
#12060 = EDGE_CURVE ( 'NONE', #3534, #5157, #9565, .T. ) ;
#12061 = DIRECTION ( 'NONE',  ( 0.0000000000000000000, 0.0000000000000000000, -1.000000000000000000 ) ) ;
#12062 = EDGE_CURVE ( 'NONE', #7254, #7777, #12210, .T. ) ;
#12063 = EDGE_LOOP ( 'NONE', ( #514, #9510, #4129, #408 ) ) ;
#12064 = CARTESIAN_POINT ( 'NONE',  ( 2.070000000000000284, 0.9499999999999998446, 1.504999999999999449 ) ) ;
#12065 = ORIENTED_EDGE ( 'NONE', *, *, #2846, .T. ) ;
#12066 = DIRECTION ( 'NONE',  ( -1.000000000000000000, -0.0000000000000000000, -0.0000000000000000000 ) ) ;
#12067 = VERTEX_POINT ( 'NONE', #8751 ) ;
#12068 = DIRECTION ( 'NONE',  ( 1.000000000000000000, 0.0000000000000000000, -0.0000000000000000000 ) ) ;
#12069 = DIRECTION ( 'NONE',  ( -1.000000000000000000, -0.0000000000000000000, -0.0000000000000000000 ) ) ;
#12070 = CARTESIAN_POINT ( 'NONE',  ( -1.969999999999999973, 0.8499999999999996447, 1.604999999999999760 ) ) ;
#12071 = DIRECTION ( 'NONE',  ( -0.0000000000000000000, -1.000000000000000000, 0.0000000000000000000 ) ) ;
#12072 = DIRECTION ( 'NONE',  ( 0.0000000000000000000, 0.0000000000000000000, 1.000000000000000000 ) ) ;
#12073 = CLOSED_SHELL ( 'NONE', ( #6888, #4857, #3547, #6389, #7675, #11294 ) ) ;
#12074 = EDGE_CURVE ( 'NONE', #9800, #8756, #10536, .T. ) ;
#12075 =( NAMED_UNIT ( * ) PLANE_ANGLE_UNIT ( ) SI_UNIT ( $, .RADIAN. ) );
#12076 = ADVANCED_FACE ( 'NONE', ( #7692 ), #7567, .F. ) ;
#12077 = EDGE_CURVE ( 'NONE', #1163, #10439, #4887, .T. ) ;
#12078 = LINE ( 'NONE', #1703, #1223 ) ;
#12079 = ORIENTED_EDGE ( 'NONE', *, *, #12019, .F. ) ;
#12080 = ORIENTED_EDGE ( 'NONE', *, *, #8405, .T. ) ;
#12081 =( GEOMETRIC_REPRESENTATION_CONTEXT ( 3 ) GLOBAL_UNCERTAINTY_ASSIGNED_CONTEXT ( ( #8023 ) ) GLOBAL_UNIT_ASSIGNED_CONTEXT ( ( #3215, #8917, #2181 ) ) REPRESENTATION_CONTEXT ( 'NONE', 'WORKASPACE' ) );
#12082 = DIRECTION ( 'NONE',  ( 0.0000000000000000000, 0.0000000000000000000, 1.000000000000000000 ) ) ;
#12083 = ORIENTED_EDGE ( 'NONE', *, *, #4961, .F. ) ;
#12084 = FACE_OUTER_BOUND ( 'NONE', #4358, .T. ) ;
#12085 = EDGE_CURVE ( 'NONE', #2240, #3339, #4826, .T. ) ;
#12086 = DIRECTION ( 'NONE',  ( 3.942553354416397572E-16, 1.000000000000000000, 0.0000000000000000000 ) ) ;
#12087 = CARTESIAN_POINT ( 'NONE',  ( 2.150000000000000355, 0.4000000000000005218, 1.304999999999999494 ) ) ;
#12088 = VECTOR ( 'NONE', #5921, 1000.000000000000000 ) ;
#12089 = VERTEX_POINT ( 'NONE', #11580 ) ;
#12090 = ADVANCED_FACE ( 'NONE', ( #8626 ), #10664, .T. ) ;
#12091 = LINE ( 'NONE', #849, #4207 ) ;
#12092 = LINE ( 'NONE', #4278, #1199 ) ;
#12093 = ORIENTED_EDGE ( 'NONE', *, *, #7942, .F. ) ;
#12094 = EDGE_LOOP ( 'NONE', ( #11968, #8243, #6507, #5583 ) ) ;
#12095 = CARTESIAN_POINT ( 'NONE',  ( 1.599999999999999867, 0.4000000000000003553, 1.304999999999999494 ) ) ;
#12096 = AXIS2_PLACEMENT_3D ( 'NONE', #8217, #11934, #4492 ) ;
#12097 = CARTESIAN_POINT ( 'NONE',  ( 1.969999999999999973, 0.9499999999999998446, 1.504999999999999449 ) ) ;
#12098 = DIRECTION ( 'NONE',  ( 1.000000000000000000, 0.0000000000000000000, 0.0000000000000000000 ) ) ;
#12099 = EDGE_LOOP ( 'NONE', ( #150, #7876, #3224, #6555 ) ) ;
#12100 = CARTESIAN_POINT ( 'NONE',  ( 4.169999999999999929, 1.050000000000000044, 2.295000000000000817 ) ) ;
#12101 = MANIFOLD_SOLID_BREP ( 'Boss-Extrude14[8]', #5327 ) ;
#12102 = CARTESIAN_POINT ( 'NONE',  ( -1.850000000000000533, 2.302902790585058312, 0.3750000000000000000 ) ) ;
#12103 = CARTESIAN_POINT ( 'NONE',  ( 3.219999999999999751, 0.0000000000000000000, 0.3549999999999994271 ) ) ;
#12104 = ORIENTED_EDGE ( 'NONE', *, *, #3477, .T. ) ;
#12105 = LINE ( 'NONE', #864, #10532 ) ;
#12106 = DIRECTION ( 'NONE',  ( 1.000000000000000000, 0.0000000000000000000, 0.0000000000000000000 ) ) ;
#12107 = EDGE_LOOP ( 'NONE', ( #4532, #1988, #4670, #2065 ) ) ;
#12108 = ORIENTED_EDGE ( 'NONE', *, *, #3157, .F. ) ;
#12109 = CARTESIAN_POINT ( 'NONE',  ( 4.169999999999999929, 0.1000000000000000194, 1.563578643762689735 ) ) ;
#12110 = CARTESIAN_POINT ( 'NONE',  ( -0.09999999999999982514, 0.0000000000000000000, -0.3550000000000007039 ) ) ;
#12111 = UNCERTAINTY_MEASURE_WITH_UNIT (LENGTH_MEASURE( 1.000000000000000082E-05 ), #54, 'distance_accuracy_value', 'NONE');
#12112 = CIRCLE ( 'NONE', #8355, 0.1000000000000000472 ) ;
#12113 = ORIENTED_EDGE ( 'NONE', *, *, #4146, .T. ) ;
#12114 = EDGE_CURVE ( 'NONE', #2444, #6482, #5871, .T. ) ;
#12115 = DIRECTION ( 'NONE',  ( 0.0000000000000000000, 1.000000000000000000, 0.0000000000000000000 ) ) ;
#12116 = LINE ( 'NONE', #9404, #3878 ) ;
#12117 = PRESENTATION_STYLE_ASSIGNMENT (( #8331 ) ) ;
#12118 = CARTESIAN_POINT ( 'NONE',  ( -4.471000000000000973, 4.299999999999999822, 2.595000000000000195 ) ) ;
#12119 = CARTESIAN_POINT ( 'NONE',  ( -2.015142088675762277, 1.449999999999999067, 1.304999999999999716 ) ) ;
#12120 = FACE_OUTER_BOUND ( 'NONE', #10934, .T. ) ;
#12121 = EDGE_LOOP ( 'NONE', ( #71, #5225, #6261, #3212 ) ) ;
#12122 = CARTESIAN_POINT ( 'NONE',  ( -2.149999999999999911, 2.302902790585058312, 0.3750000000000000000 ) ) ;
#12123 = CARTESIAN_POINT ( 'NONE',  ( 1.350000000000000089, 5.787332622142040250, -0.3750000000000000000 ) ) ;
#12124 = EDGE_LOOP ( 'NONE', ( #4918, #8848, #9135, #10903 ) ) ;
#12125 = DIRECTION ( 'NONE',  ( 1.000000000000000000, 0.0000000000000000000, 0.0000000000000000000 ) ) ;
#12126 = VECTOR ( 'NONE', #10314, 1000.000000000000000 ) ;
#12127 = FACE_OUTER_BOUND ( 'NONE', #11634, .T. ) ;
#12128 = ORIENTED_EDGE ( 'NONE', *, *, #6243, .F. ) ;
#12129 = DIRECTION ( 'NONE',  ( 1.000000000000000000, 0.0000000000000000000, 0.0000000000000000000 ) ) ;
#12130 = CARTESIAN_POINT ( 'NONE',  ( 0.09999999999999971412, 0.4000000000000002998, 1.304999999999999494 ) ) ;
#12131 = ADVANCED_FACE ( 'NONE', ( #11946, #406, #9810 ), #8879, .F. ) ;
#12132 = EDGE_CURVE ( 'NONE', #5698, #4350, #4074, .T. ) ;
#12133 = FACE_OUTER_BOUND ( 'NONE', #917, .T. ) ;
#12134 = DIRECTION ( 'NONE',  ( 1.244625060509296168E-16, 1.000000000000000000, -0.0000000000000000000 ) ) ;
#12135 = FILL_AREA_STYLE ('',( #6488 ) ) ;
#12136 = AXIS2_PLACEMENT_3D ( 'NONE', #11096, #7361, #6193 ) ;
#12137 = FACE_OUTER_BOUND ( 'NONE', #9440, .T. ) ;
#12138 = ORIENTED_EDGE ( 'NONE', *, *, #8893, .T. ) ;
#12139 = AXIS2_PLACEMENT_3D ( 'NONE', #6324, #6262, #3436 ) ;
#12140 = DIRECTION ( 'NONE',  ( 0.0000000000000000000, 1.000000000000000000, 0.0000000000000000000 ) ) ;
#12141 = ORIENTED_EDGE ( 'NONE', *, *, #6184, .F. ) ;
#12142 = EDGE_CURVE ( 'NONE', #8802, #6491, #11424, .T. ) ;
#12143 = AXIS2_PLACEMENT_3D ( 'NONE', #102, #8759, #5962 ) ;
#12144 = CARTESIAN_POINT ( 'NONE',  ( -1.870000000000000107, 0.7500000000000000000, 1.604999999999999760 ) ) ;
#12145 = EDGE_LOOP ( 'NONE', ( #836, #3297, #2624, #5246 ) ) ;
#12146 = DIRECTION ( 'NONE',  ( 1.000000000000000000, 0.0000000000000000000, -0.0000000000000000000 ) ) ;
#12147 = ADVANCED_FACE ( 'NONE', ( #1354 ), #3421, .T. ) ;
#12148 = AXIS2_PLACEMENT_3D ( 'NONE', #2969, #8540, #4749 ) ;
#12149 = EDGE_CURVE ( 'NONE', #9689, #5294, #11645, .T. ) ;
#12150 = CARTESIAN_POINT ( 'NONE',  ( 4.469999999999999751, 4.000000000000000000, 1.604999999999999316 ) ) ;
#12151 = PLANE ( 'NONE',  #935 ) ;
#12152 = EDGE_LOOP ( 'NONE', ( #75, #6237, #2413, #6868 ) ) ;
#12153 = CARTESIAN_POINT ( 'NONE',  ( 3.219999999999999751, 0.0000000000000000000, 1.304999999999999494 ) ) ;
#12154 = FILL_AREA_STYLE ('',( #7244 ) ) ;
#12155 = DIRECTION ( 'NONE',  ( -1.000000000000000000, 0.0000000000000000000, 3.367087492191007655E-17 ) ) ;
#12156 = VECTOR ( 'NONE', #5382, 1000.000000000000000 ) ;
#12157 = ORIENTED_EDGE ( 'NONE', *, *, #5626, .T. ) ;
#12158 = VERTEX_POINT ( 'NONE', #1642 ) ;
#12159 = STYLED_ITEM ( 'NONE', ( #6203 ), #3356 ) ;
#12160 = ORIENTED_EDGE ( 'NONE', *, *, #6205, .F. ) ;
#12161 = EDGE_CURVE ( 'NONE', #4152, #10718, #8052, .T. ) ;
#12162 = AXIS2_PLACEMENT_3D ( 'NONE', #4506, #8290, #7349 ) ;
#12163 = PLANE ( 'NONE',  #7395 ) ;
#12164 = EDGE_CURVE ( 'NONE', #6907, #1851, #8293, .T. ) ;
#12165 = ORIENTED_EDGE ( 'NONE', *, *, #7817, .F. ) ;
#12166 = DIRECTION ( 'NONE',  ( -1.000000000000000000, -0.0000000000000000000, -0.0000000000000000000 ) ) ;
#12167 = MANIFOLD_SOLID_BREP ( 'NONE', #10483 ) ;
#12168 = AXIS2_PLACEMENT_3D ( 'NONE', #3038, #6855, #10649 ) ;
#12169 = ORIENTED_EDGE ( 'NONE', *, *, #3233, .F. ) ;
#12170 = CARTESIAN_POINT ( 'NONE',  ( -1.350000000000000089, 5.787332622142050909, 0.3750000000000000000 ) ) ;
#12171 = LINE ( 'NONE', #11477, #3771 ) ;
#12172 = CIRCLE ( 'NONE', #5625, 0.2500000000000002220 ) ;
#12173 = ORIENTED_EDGE ( 'NONE', *, *, #8451, .F. ) ;
#12174 = EDGE_LOOP ( 'NONE', ( #4063, #6627, #5331, #5046 ) ) ;
#12175 = ORIENTED_EDGE ( 'NONE', *, *, #4484, .F. ) ;
#12176 = ADVANCED_FACE ( 'NONE', ( #6307 ), #2268, .F. ) ;
#12177 = PRESENTATION_LAYER_ASSIGNMENT (  '', '', ( #5222 ) ) ;
#12178 = CARTESIAN_POINT ( 'NONE',  ( -0.09999999999999971412, -0.5999999999999995337, 1.304999999999999494 ) ) ;
#12179 = CARTESIAN_POINT ( 'NONE',  ( -1.869999999999999885, 1.249999999999999112, 1.304999999999999938 ) ) ;
#12180 = ORIENTED_EDGE ( 'NONE', *, *, #6302, .T. ) ;
#12181 = CARTESIAN_POINT ( 'NONE',  ( -0.5999999999999997558, -0.5999999999999995337, 1.604999999999999760 ) ) ;
#12182 = CARTESIAN_POINT ( 'NONE',  ( 4.169999999999999929, 5.100000000000000533, 0.0000000000000000000 ) ) ;
#12183 = CARTESIAN_POINT ( 'NONE',  ( -4.469999999999999751, 2.499999999999999556, 1.505000000000000338 ) ) ;
#12184 = COLOUR_RGB ( '',0.9686274509803921573, 0.8784313725490195957, 0.5999999999999999778 ) ;
#12185 = CARTESIAN_POINT ( 'NONE',  ( -4.169999999999999929, 0.0000000000000000000, -0.3550000000000001488 ) ) ;
#12186 = FACE_OUTER_BOUND ( 'NONE', #2619, .T. ) ;
#12187 = CARTESIAN_POINT ( 'NONE',  ( 1.969999999999999973, 0.8499999999999998668, 10.05355608965224157 ) ) ;
#12188 = MANIFOLD_SOLID_BREP ( 'Boss-Extrude14[9]', #3734 ) ;
#12189 = ORIENTED_EDGE ( 'NONE', *, *, #8758, .T. ) ;
#12190 = DIRECTION ( 'NONE',  ( 0.0000000000000000000, 0.0000000000000000000, 1.000000000000000000 ) ) ;
#12191 = LINE ( 'NONE', #3663, #6340 ) ;
#12192 = EDGE_CURVE ( 'NONE', #3289, #7719, #12223, .T. ) ;
#12193 = ORIENTED_EDGE ( 'NONE', *, *, #10398, .T. ) ;
#12194 = DIRECTION ( 'NONE',  ( 0.0000000000000000000, -0.0000000000000000000, 1.000000000000000000 ) ) ;
#12195 = VERTEX_POINT ( 'NONE', #6548 ) ;
#12196 = FACE_OUTER_BOUND ( 'NONE', #3471, .T. ) ;
#12197 = CARTESIAN_POINT ( 'NONE',  ( -2.890000000000000124, 1.050000000000000044, 1.604999999999999760 ) ) ;
#12198 = CARTESIAN_POINT ( 'NONE',  ( 3.350000000000000977, 5.541421356237306028, 0.1000000000000000056 ) ) ;
#12199 = CARTESIAN_POINT ( 'NONE',  ( -3.549999999999999822, 0.4000000000000005218, 1.304999999999999494 ) ) ;
#12200 = DIRECTION ( 'NONE',  ( -1.000000000000000000, -0.0000000000000000000, -0.0000000000000000000 ) ) ;
#12201 = ORIENTED_EDGE ( 'NONE', *, *, #6474, .T. ) ;
#12202 = AXIS2_PLACEMENT_3D ( 'NONE', #9224, #7922, #5474 ) ;
#12203 = ORIENTED_EDGE ( 'NONE', *, *, #10925, .F. ) ;
#12204 = VECTOR ( 'NONE', #5061, 1000.000000000000000 ) ;
#12205 = EDGE_CURVE ( 'NONE', #7805, #1226, #11228, .T. ) ;
#12206 = MANIFOLD_SOLID_BREP ( 'Boss-Extrude14[4]', #1763 ) ;
#12207 = CARTESIAN_POINT ( 'NONE',  ( -2.149999999999999911, 0.0000000000000000000, 1.504999999999999449 ) ) ;
#12208 = VERTEX_POINT ( 'NONE', #9360 ) ;
#12209 = LINE ( 'NONE', #5687, #11370 ) ;
#12210 = CIRCLE ( 'NONE', #1491, 0.1250000000000000000 ) ;
#12211 = LINE ( 'NONE', #9375, #10261 ) ;
#12212 = AXIS2_PLACEMENT_3D ( 'NONE', #5022, #6894, #308 ) ;
#12213 = ORIENTED_EDGE ( 'NONE', *, *, #12192, .F. ) ;
#12214 = DIRECTION ( 'NONE',  ( 0.0000000000000000000, 0.0000000000000000000, -1.000000000000000000 ) ) ;
#12215 = FACE_OUTER_BOUND ( 'NONE', #2637, .T. ) ;
#12216 = CARTESIAN_POINT ( 'NONE',  ( 1.849999999999999867, 5.787332622142036698, 0.3750000000000000000 ) ) ;
#12217 = EDGE_CURVE ( 'NONE', #11822, #399, #2678, .T. ) ;
#12218 = VERTEX_POINT ( 'NONE', #4682 ) ;
#12219 = AXIS2_PLACEMENT_3D ( 'NONE', #6898, #2048, #2171 ) ;
#12220 = ORIENTED_EDGE ( 'NONE', *, *, #5834, .T. ) ;
#12221 = MECHANICAL_DESIGN_GEOMETRIC_PRESENTATION_REPRESENTATION (  '', ( #6649 ), #2083 ) ;
#12222 = EDGE_CURVE ( 'NONE', #9652, #11274, #7537, .T. ) ;
#12223 = CIRCLE ( 'NONE', #4291, 0.1499999999999999667 ) ;
#12224 = EDGE_CURVE ( 'NONE', #9461, #9428, #1870, .T. ) ;
#12225 = PRESENTATION_LAYER_ASSIGNMENT (  '', '', ( #7261 ) ) ;
#12226 = ORIENTED_EDGE ( 'NONE', *, *, #2854, .T. ) ;
#12227 = FACE_OUTER_BOUND ( 'NONE', #6277, .T. ) ;
#12228 = CARTESIAN_POINT ( 'NONE',  ( 1.050446608846517860, 1.999999999999999556, -1.505000000000002780 ) ) ;
#12229 = ORIENTED_EDGE ( 'NONE', *, *, #1066, .T. ) ;
#12230 = CARTESIAN_POINT ( 'NONE',  ( -3.560026948684450687, -0.0000000000000000000, -1.134163336219580431 ) ) ;
#12231 = VECTOR ( 'NONE', #3277, 1000.000000000000114 ) ;
#12232 = CIRCLE ( 'NONE', #7055, 0.1499999999999999667 ) ;
#12233 = CARTESIAN_POINT ( 'NONE',  ( -4.469999999999999751, 1.900000000000001465, 1.604999999999999760 ) ) ;
#12234 = AXIS2_PLACEMENT_3D ( 'NONE', #3974, #4854, #3083 ) ;
#12235 = ADVANCED_FACE ( 'NONE', ( #5983 ), #3208, .F. ) ;
#12236 = VERTEX_POINT ( 'NONE', #3086 ) ;
#12237 = LINE ( 'NONE', #11359, #3606 ) ;
#12238 = ORIENTED_EDGE ( 'NONE', *, *, #5917, .T. ) ;
#12239 = ORIENTED_EDGE ( 'NONE', *, *, #8736, .T. ) ;
#12240 = ADVANCED_FACE ( 'NONE', ( #7970 ), #10821, .F. ) ;
#12241 = VERTEX_POINT ( 'NONE', #8781 ) ;
#12242 = VECTOR ( 'NONE', #5627, 1000.000000000000000 ) ;
#12243 = DIRECTION ( 'NONE',  ( -0.0000000000000000000, -0.0000000000000000000, -1.000000000000000000 ) ) ;
#12244 = DIRECTION ( 'NONE',  ( 1.000000000000000000, -0.0000000000000000000, 0.0000000000000000000 ) ) ;
#12245 = VERTEX_POINT ( 'NONE', #10567 ) ;
#12246 = PLANE ( 'NONE',  #11019 ) ;
#12247 = DIRECTION ( 'NONE',  ( 0.0000000000000000000, 0.0000000000000000000, 1.000000000000000000 ) ) ;
#12248 = CARTESIAN_POINT ( 'NONE',  ( 3.219999999999999751, 1.899999999999999911, -1.305000000000001048 ) ) ;
#12249 = EDGE_CURVE ( 'NONE', #2470, #5679, #1133, .T. ) ;
#12250 = DIRECTION ( 'NONE',  ( -1.000000000000000000, 0.0000000000000000000, 0.0000000000000000000 ) ) ;
#12251 = CARTESIAN_POINT ( 'NONE',  ( 0.3999999999999997446, 0.0000000000000000000, 1.304999999999999494 ) ) ;
#12252 = CARTESIAN_POINT ( 'NONE',  ( 3.353530787201005392, -0.0000000000000000000, -1.197540006987884320 ) ) ;
#12253 = CARTESIAN_POINT ( 'NONE',  ( 2.750000000000000888, 0.4000000000000005218, 1.304999999999999494 ) ) ;
#12254 = EDGE_CURVE ( 'NONE', #2243, #464, #303, .T. ) ;
#12255 = ORIENTED_EDGE ( 'NONE', *, *, #3367, .F. ) ;
#12256 = LINE ( 'NONE', #12123, #8723 ) ;
#12257 = CARTESIAN_POINT ( 'NONE',  ( 1.500000000000000000, 5.787332622142040250, 0.3750000000000000000 ) ) ;
#12258 = DIRECTION ( 'NONE',  ( -0.0000000000000000000, -0.0000000000000000000, 1.000000000000000000 ) ) ;
#12259 = ORIENTED_EDGE ( 'NONE', *, *, #8950, .T. ) ;
#12260 = DIRECTION ( 'NONE',  ( 0.0000000000000000000, -0.0000000000000000000, 1.000000000000000000 ) ) ;
#12261 = CARTESIAN_POINT ( 'NONE',  ( 1.099999999999999867, 0.4000000000000003553, 1.304999999999999494 ) ) ;
#12262 = CARTESIAN_POINT ( 'NONE',  ( 4.469999999999999751, 7.299999999999999822, -0.3550000000000001488 ) ) ;
#12263 = FACE_OUTER_BOUND ( 'NONE', #5274, .T. ) ;
#12264 = EDGE_LOOP ( 'NONE', ( #10935, #2711, #3163, #5843 ) ) ;
#12265 = CARTESIAN_POINT ( 'NONE',  ( 0.8999999999999999112, -0.5999999999999995337, 1.604999999999999760 ) ) ;
#12266 = ORIENTED_EDGE ( 'NONE', *, *, #594, .F. ) ;
#12267 = CARTESIAN_POINT ( 'NONE',  ( -0.6500000000000001332, 5.787332622142050909, 0.3750000000000000000 ) ) ;
#12268 = VECTOR ( 'NONE', #678, 1000.000000000000000 ) ;
#12269 = EDGE_LOOP ( 'NONE', ( #1560, #11771, #10115, #9996, #4560 ) ) ;
#12270 = CARTESIAN_POINT ( 'NONE',  ( 0.0000000000000000000, 2.000000000000000000, -0.3500000000000000333 ) ) ;
#12271 = LINE ( 'NONE', #2974, #2224 ) ;
#12272 = CARTESIAN_POINT ( 'NONE',  ( 4.169999999999999929, 3.449999999999999734, 0.1250000000000000000 ) ) ;
#12273 = LINE ( 'NONE', #11218, #11053 ) ;
#12274 = ORIENTED_EDGE ( 'NONE', *, *, #3625, .F. ) ;
#12275 = EDGE_CURVE ( 'NONE', #3122, #8691, #8845, .T. ) ;
#12276 = DIRECTION ( 'NONE',  ( 0.0000000000000000000, 0.0000000000000000000, 1.000000000000000000 ) ) ;
#12277 = ORIENTED_EDGE ( 'NONE', *, *, #2951, .T. ) ;
#12278 = CARTESIAN_POINT ( 'NONE',  ( -4.169999999999999929, 2.000000000000000000, -0.3550000000000001488 ) ) ;
#12279 = VERTEX_POINT ( 'NONE', #2117 ) ;
#12280 = DIRECTION ( 'NONE',  ( 0.0000000000000000000, -0.0000000000000000000, -1.000000000000000000 ) ) ;
#12281 = CLOSED_SHELL ( 'NONE', ( #3941, #1430, #2878, #1363, #5118, #11973 ) ) ;
#12282 = ORIENTED_EDGE ( 'NONE', *, *, #10884, .T. ) ;
#12283 = EDGE_LOOP ( 'NONE', ( #7858, #9736, #2079, #10039 ) ) ;
#12284 = CARTESIAN_POINT ( 'NONE',  ( 2.050446608846518082, 2.499999999999999556, 1.505000000000000115 ) ) ;
#12285 = DIRECTION ( 'NONE',  ( -0.5773502691896279515, -0.5773502691896302830, -0.5773502691896191807 ) ) ;
#12286 = EDGE_LOOP ( 'NONE', ( #11644, #1356, #1590, #8637 ) ) ;
#12287 = DIRECTION ( 'NONE',  ( 1.000000000000000000, 0.0000000000000000000, 0.0000000000000000000 ) ) ;
#12288 = VECTOR ( 'NONE', #1374, 1000.000000000000114 ) ;
#12289 = EDGE_CURVE ( 'NONE', #10748, #2278, #126, .T. ) ;
#12290 = EDGE_CURVE ( 'NONE', #3753, #9214, #10633, .T. ) ;
#12291 = SURFACE_SIDE_STYLE ('',( #927 ) ) ;
#12292 = CARTESIAN_POINT ( 'NONE',  ( -3.219999999999999751, 2.000000000000000000, 1.304999999999999716 ) ) ;
#12293 = CARTESIAN_POINT ( 'NONE',  ( 2.750000000000000888, 0.0000000000000000000, -0.3550000000000007039 ) ) ;
#12294 = CARTESIAN_POINT ( 'NONE',  ( -4.469999999999999751, 7.299999999999999822, 0.3549999999999994271 ) ) ;
#12295 = EDGE_LOOP ( 'NONE', ( #3332, #1040, #10732, #546 ) ) ;
#12296 = VECTOR ( 'NONE', #262, 1000.000000000000000 ) ;
#12297 = VERTEX_POINT ( 'NONE', #2305 ) ;
#12298 = VECTOR ( 'NONE', #8325, 1000.000000000000000 ) ;
#12299 = EDGE_CURVE ( 'NONE', #5194, #640, #315, .T. ) ;
#12300 = CYLINDRICAL_SURFACE ( 'NONE', #11735, 0.1000000000000000472 ) ;
#12301 = VERTEX_POINT ( 'NONE', #10694 ) ;
#12302 = EDGE_CURVE ( 'NONE', #11493, #1891, #9659, .T. ) ;
#12303 = EDGE_CURVE ( 'NONE', #9470, #11378, #4911, .T. ) ;
#12304 = CARTESIAN_POINT ( 'NONE',  ( -2.750000000000000444, 0.0000000000000000000, 1.504999999999999449 ) ) ;
#12305 = LINE ( 'NONE', #3781, #5476 ) ;
#12306 = CARTESIAN_POINT ( 'NONE',  ( -4.169999999999999929, 1.250000000000000000, 1.504999999999999449 ) ) ;
#12307 = AXIS2_PLACEMENT_3D ( 'NONE', #2585, #1485, #10121 ) ;
#12308 = LINE ( 'NONE', #11371, #9413 ) ;
#12309 = LINE ( 'NONE', #2895, #5244 ) ;
#12310 = CARTESIAN_POINT ( 'NONE',  ( 4.069999999999999396, 0.0000000000000000000, -0.4632661440940740172 ) ) ;
#12311 = FACE_OUTER_BOUND ( 'NONE', #9213, .T. ) ;
ENDSEC;
END-ISO-10303-21;
